poi_id,name,region,locality,address,postcode,longitude,latitude,category_level1,category_level2,category_level3,business_status,phone,website_domain,rating,rating_count,traffic_score,time_spent,update_month
07eb7e21e004e7b58650639748d88132,SHREDS®️Gym,Sindh,Karachi,"SHREDS®️: 2nd Floor, Plot# 37C, Khayaban-e-Muslim, D.H.A Phase 6 Bukhari Commercial Area Phase 6 Defence Housing Authority, Karachi, 75500, Pakistan",75500.0,67.06361923,24.7919115,Sports & Fitness,Gyms & Studios,Gym,Open 24 hours,+92 300 0204944,facebook.com,4.4,74.0,37.83,People typically spend up to 2 hours here,03-2025
fe826357b171af80ffc3e6041272632d,BODYTECH,Punjab,Lahore,"18-22-D Commercial, Phase 12 DHA EME Sector, Lahore, 53711, Pakistan",53711.0,74.2130689,31.4348545,Sports & Fitness,Gyms & Studios,Gym,Open,+92 300 4492851,bodytechpk.com,4.6,176.0,51.0,People typically spend up to 1.5 hours here,03-2025
39d10ece3129ce1a2ca68ca47349a598,Pak Arms store,Federally Administered Tribal Area,Dara Adamkhel,"Abdul Samad Plaza Shop no B18 Main Dara Bazar, Dara Adamkhel, 26100, Pakistan",26100,71.51664492,33.68373064,Sports & Fitness,Shooting & Gun Ranges,Gun shop,Open,+92 332 9506090,pakarms.co,4.5,88.0,75.83,People typically spend up to 4 hours here,03-2025
5718d2d7d46040eb1d14ce62866ba75b,SportX,Islamabad Capital Territory,Islamabad,"Street 689, near Dr AQ Khan School system, G-13/3 G-12, Islamabad, 44100, Pakistan",44100.0,72.96617778,33.65939837,Sports & Fitness,Recreation Centers,Sports complex,Open 24 hours,+92 336 1336133,sportxpakistan.com,4.3,283.0,30.71,People typically spend up to 2 hours here,03-2025
ce7cbaf25efdd3dfd9e7815993e6215a,Butt Power Gym,Punjab,Jhelum,"Kinari Bazar, Toya Mohallah, Jhelum, 49600, Pakistan",49600.0,73.73142445,32.9294245,Sports & Fitness,Gyms & Studios,Gym,Open,+92 321 5449642,facebook.com,4.5,29.0,38.17,People typically spend up to 4 hours here,03-2025
0fee73c80e17c4abf76fe04036a1d4ec,Fitness Planet Gym & Crossfit,Pakistan,Lahore,"Round About, DHA Phase 8 - Ex Air Avenue Eden City, Lahore, 54810, Pakistan",54810.0,74.42791012,31.51092246,Sports & Fitness,Gyms & Studios,Gym,Open,+92 332 4105597,instagram.com,4.3,177.0,66.33,People typically spend up to 1 hour here,03-2025
de998edbb1553f3f59334ae3c4d9cfe5,Prime Fitness,Satellite Town,Rawalpindi,"Commercial Market Rd, B-Block Block B Satellite Town, Rawalpindi, 46300, Pakistan",46300.0,73.06827981,33.63301769,Sports & Fitness,Gyms & Studios,Fitness center,Open 24 hours,+92 311 1777773,theprimefitness.com,4.8,388.0,44.14,People typically spend up to 1.5 hours here,03-2025
733e4f5479c3d77147fa1f8d9aed506b,BHALWAL POWER GYM,Punjab,Bhalwal,"Mander Road, 3 Block Bhalwal, 40410, Pakistan",40410.0,72.90106398,32.26816685,Sports & Fitness,Gyms & Studios,Gym,Open,+92 306 6062220,24.24.100.144,3.9,110.0,43.71,People typically spend up to 1.5 hours here,03-2025
338467bf323637d75be9c871d23b89c2,Lions Gold Gym,Pakistan,Faisalabad,"1 Officers Colony Rd, Madina Town, Faisalabad, 38000, Pakistan",38000.0,73.11597692,31.42346159,Sports & Fitness,Gyms & Studios,Gym,Open,+92 322 6601330,facebook.com,4.5,166.0,59.67,People typically spend up to 1 hour here,03-2025
7472aff8631b9343350ccf65bf8d5c55,Fit Track Gym,Rawalpindi Tehsil,Rawalpindi,"Khayaban Sir Syed Rd, Khayaban e Sir Syed, Rawalpindi, 46000, Pakistan",46000.0,73.04767597,33.62981866,Sports & Fitness,Gyms & Studios,Gym,Open,+92 333 0093157,fittrackgym.com,4.6,54.0,40.67,People typically spend up to 2 hours here,03-2025
700cde2d677353bcc4e8171689f00bb0,Ultimate Fitness Gym,Pakistan,Lahore,"Sutlej Ave, Block C2 Block C 2 Nespak Housing Scheme, Lahore, 54770, Pakistan",54770.0,74.28239077,31.43868141,Sports & Fitness,Gyms & Studios,Gym,Open,+92 334 4704224,facebook.com,4.6,70.0,41.17,People typically spend up to 1.5 hours here,03-2025
06387d508a09eafce02eaeca23f62686,The Good Life by Sukh Chan Wellness Club,Sector FF,Lahore,"Plot C 198, Sector FF Dha Phase 4, FF, Lahore, 54000, Pakistan",54000.0,74.38552714,31.46430338,Sports & Fitness,Gyms & Studios,Gym,Open,+92 42 37309781,sukhchanclub.pk,4.5,41.0,33.14,People typically spend up to 1.5 hours here,03-2025
e72a735ea2124e340bf5f09febbe4adc,GORGEOUS GYM,UC-1 Model Colony,Karachi,"2nd floor, Liberty market, Main Liaquat Ali Khan Rd, Tina Square, Karachi, 75100, Pakistan",75100.0,67.18346249,24.90302554,Sports & Fitness,Gyms & Studios,Gym,Open,+92 336 0660676,facebook.com,4.3,95.0,39.83,People typically spend up to 1.5 hours here,03-2025
2a58cf0dae42afeec0cd3987c50426eb,Liaquat Gymnasium,Islamabad Capital Territory,Islamabad,"Islamabad Sports Complex, Islamabad, 44000, Pakistan",44000.0,73.09198254,33.70356688,Sports & Fitness,Recreation Centers,Sports complex,Open,+92 51 9202410,sports.gov.pk,4.5,155.0,28.43,People typically spend up to 2 hours here,03-2025
7ee73013248e86806fccd4eb64b3aedf,Fitnation Fitness Center Workout Studio GYM DHA Lahore,Sector C,Lahore,"147, CCA, Sector C Phase 5 D.H.A, Lahore, 54792, Pakistan",54792.0,74.41371141,31.46261315,Sports & Fitness,Gyms & Studios,Gym,Open,+92 333 1111951,fitnation.com.pk,4.5,53.0,33.0,People typically spend up to 3 hours here,03-2025
03501f63376c20cb0fbaa8d9ef34182b,Pure Gym,Punjab,Lahore,"Fazal Elahi Rd, Rehmanpura Colony, Lahore, 54000, Pakistan",54000.0,74.31873635,31.52536149,Sports & Fitness,Gyms & Studios,Gym,Open,+92 300 4122383,facebook.com,4.8,114.0,53.67,People typically spend up to 1 hour here,03-2025
f3cd3782a4b6f41cc5f33b11b89145c2,Signs of Spring,Sui Northern Officers Co-Operative Housing Society Phase 1,Lahore,"DHA Flyover, near Sui Gas Society, Block B Phase 1 Enterance, Lahore, 54000, Pakistan",54000.0,74.39148777,31.45247521,Sports & Fitness,Gyms & Studios,Gymnastics center,Open,+92 321 4600985,facebook.com,4.4,25.0,47.71,People typically spend up to 1 hour here,03-2025
45ed4bb520f6d2c21598aa832cad9ad6,Body second,Rahim Yar Khan Tehsil,Rahim Yar Khan,"Mall 786 11-A trust colony road، Near dawod pull, Rahim Yar Khan, 64200, Pakistan",64200,70.30886459,28.4267999,Sports & Fitness,Gyms & Studios,Gym,Open,+92 335 3555175,facebook.com,4.1,19.0,52.83,People typically spend up to 1.5 hours here,03-2025
793b0315c602f0233866f799d6231766,Velocity X,UC-1 Dehli Mercantile,Karachi,"D91, Tipu Sultan Rd, KDA Scheme #1 KDA Scheme 1, Karachi, 75350, Pakistan",75350,67.08573935,24.87988588,Sports & Fitness,Gyms & Studios,Gym,Open,+92 21 34550068,velocityx.com,4.4,226.0,54.67,People typically spend up to 2 hours here,03-2025
13730773b7ec90ea6c716e2efc55a74e,Next Level Fitness,Rawalpindi Tehsil,Islamabad,"Enigys Plaza, Plot 174, Block A, Central Ave, O-9 Police Foundation, Islamabad, 45710, Pakistan",45710.0,73.13127166,33.56416352,Sports & Fitness,Gyms & Studios,Fitness center,Open,+92 326 1555653,nextlevelfitness.pk,4.5,61.0,47.33,People typically spend up to 2 hours here,03-2025
009c171b7421f69a88e18d2ccdc99085,Sky Fitness gym,Civic Center Bahria Town,Islamabad,"Plot # 34, Lower Ground Floor, Civic Center Phase, 4, Bahria town, Islamabad, 46220, Pakistan",46220.0,73.1197094,33.55038868,Sports & Fitness,Gyms & Studios,Gym,Open 24 hours,+92 51 2711313,skyfitness.pk,4.5,45.0,31.57,People typically spend up to 1.5 hours here,03-2025
c0f23421c8d48723c31e403e5696145d,U Fitness Islamabad,Block J,Islamabad,"23rd floor, Ufone Towers, Jinnah Ave, F-7 F 7/1 Blue Area, Islamabad, 44000, Pakistan",44000.0,73.05457356,33.71156329,Sports & Fitness,Gyms & Studios,Fitness center,Open,+92 334 5555999,ufitness.pk,4.2,58.0,25.83,People typically spend up to 2.5 hours here,03-2025
6954c65a2bae8e39af43216f68de2268,IACTIVE F-6,Islamabad Capital Territory,Islamabad,"Ground Floor, Shaukat Plaza, Markaz School Rd, F-6 Markaz F 6 F-6, Islamabad, 44000, Pakistan",44000.0,73.07164076,33.72909517,Sports & Fitness,Gyms & Studios,Gym,Open 24 hours,+92 311 4997881,iactive.pk,3.7,51.0,32.0,People typically spend up to 2 hours here,03-2025
bb481cdc4ba18a54c2832a48e3c20f1c,F45 Training Gulberg II,Pakistan,Lahore,"18 Main Blvd Shop # 14, 15 & 16, First Floor, Gulberg Galleria, Gulberg III, Lahore, 54660, Pakistan",54660,74.34898931,31.53171748,Sports & Fitness,Gyms & Studios,Gym,Open,+92 319 1125667,f45training.pk,4.9,32.0,44.67,People typically spend up to 4 hours here,03-2025
699cebcb77acd12288275ba5b769837e,World Gym (Ladies and Gents),Punjab,Rawalpindi,"Makkah Plaza, Main Pindora Chungi, Mehmood Abad Satellite Town, Rawalpindi, 46000, Pakistan",46000,73.0624924,33.65168071,Sports & Fitness,Gyms & Studios,Fitness center,Open,+92 310 5899548,facebook.com,5.0,21.0,36.33,People typically spend up to 2 hours here,03-2025
1d79016f3e2192a06c95760da909e183,Vostro World G-13,Islamabad Capital Territory,Islamabad,"Plot 3 Bazar 4, G-13/2 G 13/2 G-13, Islamabad, 44000, Pakistan",44000,72.95654325,33.65373168,Sports & Fitness,Gyms & Studios,Gym,Open,+92 51 8733386,vostroworld.com,4.8,257.0,61.83,People typically spend up to 2 hours here,03-2025
b6f86872d34933387cabc1b227a28dcc,Gym Buddies,Rawalpindi Tehsil,Rawalpindi,"near Shehdi Fabrics, Chaklala Railway Scheme 1 Chaklala Cantt., Rawalpindi, 46000, Pakistan",46000,73.09921329,33.60186989,Sports & Fitness,Gyms & Studios,Gym,Open,+92 340 1999911,gymbuddies.com.pk,4.9,79.0,54.5,People typically spend up to 1 hour here,03-2025
8e868759c6960319197597cf89ed7c2f,Beast Gym,Bahria Town,Rawalpindi,"114.I/J, Sector E1 Commercial, Phase 8 Bahria Town, Rawalpindi, 46220, Pakistan",46220,73.09521439,33.47855898,Sports & Fitness,Gyms & Studios,Gym,Open,+92 311 5247979,beastgym.pk,4.7,133.0,49.0,People typically spend up to 1.5 hours here,03-2025
b4c27a42e68cdedd6f46873c4e2f363d,Minimos Play Cafe,UC-1 Dehli Mercantile,Karachi,"D 45 KDA Scheme #1, Karachi, 74600, Pakistan",74600,67.08765364,24.87550474,Sports & Fitness,Recreation Centers,Indoor playground,Open,+92 343 0230680,instagram.com,4.7,42.0,29.43,People typically spend up to 1.5 hours here,03-2025
d41785484a0879ba9176f2b2e2544a57,"Hashtag Sports for Box Cricket , Futsal",Islamabad Capital Territory,Islamabad,"Malik Aurangzeb Road Near NUST, University Gate#6, opposite Motor Expert, H-13, Islamabad, 44000, Pakistan",44000.0,72.97955478,33.63870029,Sports & Fitness,Recreation Centers,Sports complex,Open 24 hours,+92 322 5524517,facebook.com,4.6,123.0,22.29,People typically spend up to 2.5 hours here,03-2025
e281c427df63a0b7781f88b8dc3a28fb,Malik Sports Arena,Punjab,Lahore,"1099 C Block, Plot, 1 Raiwind Rd, Lda Avenue, Lahore, 42000, Pakistan",42000,74.2153927,31.42107678,Sports & Fitness,Recreation Centers,Sports complex,Open 24 hours,+92 300 2220935,instagram.com,4.4,34.0,40.29,People typically spend up to 2.5 hours here,03-2025
bc4b39f10ca702de97b8a72e437f0bf4,Futsalrange Wapda Town,WAPDA Town,Lahore,"Wapda, 89, Block H1 Town, Lahore, 54000, Pakistan",54000,74.26709794,31.42998888,Sports & Fitness,Ball Sports,Futsal court,Open 24 hours,+92 331 3333011,futsalrange.com,4.4,140.0,27.86,People typically spend up to 2.5 hours here,03-2025
b18fab635501ceb635fd451a51553285,Epic Arena,UC-10 Clifton,Karachi,"Block, 9 Forum St, Block 9 Clifton, Karachi, 75600, Pakistan",75600,67.03563989,24.82687727,Sports & Fitness,Recreation Centers,Indoor playground,Open 24 hours,+92 311 1103742,epicarena.pk,4.9,23.0,17.43,People typically spend up to 3 hours here,03-2025
87616451a50b8965c51141335f66623e,Legends Arena,Stadium Commercial Area,Karachi,"Stadium Lane 3, Khayaban-e-Mujahid, DHA Phase 5 Defence Housing Authority, Karachi, 75500, Pakistan",75500,67.04816227,24.81292194,Sports & Fitness,Recreation Centers,Sports complex,Open,+92 300 1127362,legendsarena.pk,4.7,361.0,43.0,People typically spend up to 2 hours here,03-2025
d37927a781bb9ae83460b058e2f1d48c,The Kings Way Wellness Studio,Sector A,Lahore,"47, A-Block Commercial DHA, Phase VI, Lahore, 54000, Pakistan",54000,74.43690398,31.46914758,Sports & Fitness,Saunas & Spas,Spa and health club,Open,+92 300 0207582,kingswaywellnessstudio.com,4.8,104.0,50.57,People typically spend up to 2 hours here,03-2025
01afecef4359def764b85c6bbd8d0386,"Falcon Sports Complex, AFOHS New Malir",Sector 44,Karachi,"Falcon Sports Complex, on the road, opposite to Administrator's office, Sector 44 Gulzar E Hijri Scheme 33, Karachi, 75080, Pakistan",75080.0,67.17267254,24.95451979,Sports & Fitness,Recreation Centers,Sports complex,Open,+92 21 33414730,falconsportscomplex.com,4.7,41.0,42.0,People typically spend up to 2 hours here,03-2025
76515a982c1ba1a99e023e1c493df98f,The Legacy Court - Indoor Cricket & Futsal Arena,UC-12 Gulzar-e-hiijri,Karachi,"B-9 Hijri Rd, Gulshan-e-Kaneez Fatima Gulshan e Kaneez Fatima Gulzar E Hijri Scheme 33, Karachi, 75300, Pakistan",75300.0,67.11455861,24.95285356,Sports & Fitness,Recreation Centers,Sports complex,Open 24 hours,+92 312 6628197,linktr.ee,4.8,126.0,20.57,People typically spend up to 2 hours here,03-2025
4951141a98ad5d453fb0476605fad4f1,Inswing Sports Complex & Academy,UC-10 Pehalwan Goth,Karachi,"Plot # C1 & C2, Main Karachi University Road, Karachi, Block 7 Gulistan-e-Johar, Karachi, 75290, Pakistan",75290.0,67.14638837,24.93719198,Sports & Fitness,Recreation Centers,Sports complex,Open 24 hours,+92 334 3062480,linktr.ee,4.7,129.0,29.29,People typically spend up to 2.5 hours here,03-2025
179c9234a0efa3c50da6e17e7248815f,PANTHERS FOOTBALL CLUB,Rawalpindi Tehsil,Rawalpindi,"44, 3, Phase Bahria Town, Rawalpindi, 44000, Pakistan",44000.0,73.11186162,33.54772767,Sports & Fitness,Recreation Centers,Sports complex,Open,+92 331 6663111,panthersfc.club,4.3,41.0,56.67,People typically spend up to 2.5 hours here,03-2025
da34343a5002a13f315e0d9e137ecb25,FISICO FITNESS GYM,Quetta,Quetta,"Gulshan-eSufyan, Samungli Rd, Arbab Town Quetta, 83700, Pakistan",83700.0,66.98033016,30.21797085,Sports & Fitness,Gyms & Studios,Gym,Open,+92 341 2386871,facebook.com,4.5,51.0,44.33,People typically spend up to 3 hours here,03-2025
085c7a1fb64fd2bb7305ee96e14eeace,BOX SPORTS,Pakistan,Lahore,"1 Service Road, Ring Road Interchange, near Harbnspura, adjacent Goga jee, Lahore, 54000, Pakistan",54000.0,74.43331911,31.57137586,Sports & Fitness,Recreation Centers,Sports complex,Open 24 hours,+92 339 4846756,facebook.com,4.5,255.0,35.14,People typically spend up to 2.5 hours here,03-2025
ae8b10aa7505669c008b277ce643a693,Sketchone Sports Arena,Sialkot,Sialkot,"Mahsolian di hawaily Road, Daska Rd, Pakki Kotli Sialkot, 51310, Pakistan",51310.0,74.51103494,32.46325737,Sports & Fitness,Recreation Centers,Indoor playground,Open 24 hours,+92 334 8666150,facebook.com,4.4,42.0,32.0,People typically spend up to 3 hours here,03-2025
8661bceb9b4742628071f9a3001ac299,Pro Gym Multan,Shalimar Colony,Multan,"city, 16 New, New Shalimar Colony center, Multan, 60000, Pakistan",60000.0,71.48989142,30.23999919,Sports & Fitness,Gyms & Studios,Gym,Open,+92 313 6494187,youtube.com,4.8,39.0,41.67,People typically spend up to 1.5 hours here,03-2025
4228789a8d1b536936a9e80b8b3008bb,United Sports Arena,Punjab,Lahore,"80 Foot Road, Alrafai Abad, Band Road, road, near Justice A. R. Kayani Bridge, Lahore, 54000, Pakistan",54000.0,74.27450161,31.57073975,Sports & Fitness,Recreation Centers,Indoor playground,Open 24 hours,+92 303 7864833,facebook.com,4.1,78.0,40.57,People typically spend up to 2 hours here,03-2025
eefd0ba23111736a6b1bce16f69a86e6,Fitness Formula Chapter 1,Karachi City,Karachi,"6, Block-1 Gulshan e Kaneez Fatima Gulzar E Hijri Scheme 33, Karachi, 75330, Pakistan",75330,67.10777066,24.95054441,Sports & Fitness,Gyms & Studios,Gym,Open,+92 333 3806371,facebook.com,5.0,80.0,40.0,People typically spend up to 1.5 hours here,03-2025
8a4180433910c354674375b3a3408097,Fitlytics Gym And Fitness Center,Muzaffarabad,Muzaffarabad,"First Floor, Ahmed Plaza, LowerPlate, above Limelight, Muzaffarabad, 13100",13100,73.46221431,34.37688941,Sports & Fitness,Gyms & Studios,Fitness center,Open,+92 334 2923333,facebook.com,4.3,11.0,33.14,People typically spend up to 2 hours here,03-2025
6f5a6bc367266f615f22abd0d3613545,Total Fitness,Sector C,Lahore,"CCA, Basement, Building 176, Lahore, 54810, Pakistan",54810.0,74.44723094,31.46830551,Sports & Fitness,Gyms & Studios,Gym,Open,+92 333 1751388,facebook.com,4.8,44.0,24.5,People typically spend up to 1 hour here,03-2025
218b5a876fb9f7e271610f0b726625f8,Titan Fitness Gym,UC-10 Clifton,Karachi,"Shop No m1, teen talwar, Yousuf Grand Square, Khayaban-e-Iqbal Rd, Block 8 Clifton, Karachi, 75600, Pakistan",75600,67.03183063,24.83137247,Sports & Fitness,Gyms & Studios,Gym,Open,+92 331 2072217,m.facebook.com,4.7,104.0,36.33,People typically spend up to 2 hours here,03-2025
1da809241c99f2c4d6239a358c542c18,United Karate Academy,Pakistan,Faisalabad,"1st Floor Eman Plaza, Rehman Chock, Madina Town, Faisalabad, 38000, Pakistan",38000,73.12206016,31.41960162,Sports & Fitness,Martial Arts & Dojos,Karate school,Open,+92 331 7567592,unitedkarateacademy.com,4.0,29.0,51.86,People typically spend up to 2 hours here,03-2025
16e736045c1621f465af918f0f60a0f7,Shadow Fitness,Karachi City,Karachi,"Plot#120, Sky Comforts, opposite Del Frio, Sindhi Muslim Cooperative Housing Society Block A Sindhi Muslim CHS (SMCHS), Karachi, 75400, Pakistan",75400,67.05231834,24.86362071,Sports & Fitness,Gyms & Studios,Gym,Open,+92 314 7731314,instagram.com,4.2,87.0,32.0,People typically spend up to 2 hours here,03-2025
98584fe88185cebb67681930a10b5809,Hanma Fitness Studio,UC-10 Pehalwan Goth,Karachi,"Manzoor St, Block 2 Block 1 A Gulistan-e-Johar, Karachi, 35400, Pakistan",35400,67.12664588,24.93124011,Sports & Fitness,Gyms & Studios,Gym,Open,+92 316 7911505,hanmapk.wixsite.com,4.9,86.0,54.67,People typically spend up to 1.5 hours here,03-2025
b68dc7cb4038de32bb74e232b6af8ce9,Shoaib Gym,Township,Lahore,"Sector C2 Block 14 Sector B 1 Lahore, 54770, Pakistan",54770,74.30110736,31.46044241,Sports & Fitness,Gyms & Studios,Gym,Open,+92 321 4026235,shoaibgym.com,4.4,110.0,39.5,People typically spend up to 1.5 hours here,03-2025
41e88080ada84acc39d9f13b6cb6ebd2,Maisha Spa & Health Club,Islamabad Capital Territory,Islamabad,"Khayaban-e-Suhrwardy Rd, G-5/1 G-5, Islamabad, 44000, Pakistan",44000,73.09757259,33.71523915,Sports & Fitness,Saunas & Spas,Spa and health club,Open,+92 51 2005249,serenahotels.com,4.5,95.0,37.0,People typically spend up to 1 hour here,03-2025
04298f5aea684ad552b0d1f6b8703d80,M-Fit,Karachi City,Karachi,"Plot No 11, Callachi Cooperative Housing Society Block 10 A Gulshan-e-Iqbal, Karachi, 75300, Pakistan",75300,67.10203317,24.90547777,Sports & Fitness,Gyms & Studios,Gym,Open,+92 319 0541709,mfit.com.pk,4.8,61.0,47.5,People typically spend up to 1.5 hours here,03-2025
794b694118c19bcd16622b72e3cf04cc,Muscle Bar,Punjab,Lahore,"Faisal Ghuman Rd, N B Villas, Lahore, 54800, Pakistan",54800,74.38477126,31.49212988,Sports & Fitness,Gyms & Studios,Fitness center,Open,+92 301 1114567,musclebarfitness.com,4.3,68.0,42.17,People typically spend up to 1.5 hours here,03-2025
a58e8192e44f936c56de4466f6aaf12f,Mega Arena,Pakistan,Lahore,"Jammu Chowk, E 40 Bedian Rd, Jamun, Lahore, 54000, Pakistan",54000.0,74.42599991,31.47260415,Sports & Fitness,Recreation Centers,Indoor playground,Open 24 hours,+92 325 6904488,instagram.com,4.5,137.0,44.43,People typically spend up to 2.5 hours here,03-2025
97e4f85ea1d35696d35b983d3a50111f,OXYGEN MUSCLE FACTORY SIALKOT,Sialkot Cantonment,Sialkot,"3rd floor, Standard chartered Bank, Aziz Bhati Shaheed Road, opposite Ethinic, Sadar Bazar Saddar Cantt Sialkot Cantonment, Sialkot, 51300, Pakistan",51300.0,74.55622884,32.51680364,Sports & Fitness,Gyms & Studios,Gym,Open,+92 303 4567433,oxygen.pk,4.7,59.0,43.83,People typically spend up to 2 hours here,03-2025
a925e09984706feb4c83e052df94facf,The Yoga Bliss Studio & School,Sindh,Karachi,"4th Floor, 34 C Khayaban-e-Muslim, D.H.A Phase 6 Bukhari Commercial Phase 6, Karachi, 75300, Pakistan",75300.0,67.0625582,24.79142274,Sports & Fitness,Gyms & Studios,Yoga studio,Open,+92 330 1977777,yogabliss.pk,5.0,50.0,26.57,People typically spend up to 2 hours here,03-2025
f089c4bd819382f4758751e8b7423a60,Nitrogen Fitness and Wellness,Karachi City,Karachi,"Plot No.2 /1 ,block 3A Nazimbad No.3, near Nazimabad Eid Gah Ground, Block 3 Nazimabad, Karachi, 74600, Pakistan",74600.0,67.02782938,24.91231783,Sports & Fitness,Gyms & Studios,Gym,Open,+92 336 2585318,nitrogen.com.pk,4.4,101.0,45.0,People typically spend up to 2 hours here,03-2025
f102fc6dadd47daa7782adf7c488f6de,Oxygen Gym,Punjab,Gujranwala,"Saharan St, Mohalla Kashmir Park Khokhar Ke, Gujranwala, 52250, Pakistan",52250,74.20059222,32.17689942,Sports & Fitness,Gyms & Studios,Gym,Open,+92 300 6254883,facebook.com,4.7,160.0,63.67,People typically spend up to 1 hour here,03-2025
9f991afee182d815782da4ec78c72e5c,CORE,UC-10 Clifton,Karachi,"14th floor, OceanTower. Plot G-3, Block 9, Scheme #5. Main Clifton Road, Block 9 Clifton, Karachi, 77550, Pakistan",77550.0,67.03293724,24.82392517,Sports & Fitness,Gyms & Studios,Gym,Open,+92 21 35166554,corekarachi.pk,4.5,164.0,48.29,People typically spend up to 2.5 hours here,03-2025
b053e6dea18ad5c726fa3fc7ace5dc53,Times Fitness Gym,Sector Q,Lahore,"285 Q Block Airport road Near Clinix medical store Bank DHA, phase 2، 8 Commercial lane Q block, Cantt, Lahore, 54000, Pakistan",54000.0,74.40605551,31.48359711,Sports & Fitness,Gyms & Studios,Gym,Open 24 hours,+92 345 4033303,timesfitness.pk,4.5,177.0,49.71,People typically spend up to 1.5 hours here,03-2025
7b020360e8366521082050b41e87c5f4,OX gym and Fitness centre,Wah Cantt,Wah Cantt,"Al-Rehman Plaza, near Gelani Ave, in front of HBL, Nawababad, Wah Cantt, 44000, Pakistan",44000,72.77549571,33.74484895,Sports & Fitness,Gyms & Studios,Gym,Open,+92 300 0070073,m.facebook.com,4.6,204.0,34.33,People typically spend up to 2.5 hours here,03-2025
d0167b8c64f0054c71775926e5e2c9e9,Sargodha Gymkhana Club,Sargodha,Sargodha,"404 Club Road, Sargodha, 40100, Pakistan",40100,72.67187922,32.07718237,Sports & Fitness,Gyms & Studios,Fitness center,Open 24 hours,+92 48 9230731,sargodhagymkhana.com,4.3,1297.0,39.57,People typically spend up to 2 hours here,03-2025
ae1c6158824e72c3f87be72c17dbe55b,Shahid International Gym,Shakrial,Rawalpindi,"Shakrial, Rawalpindi, 46000, Pakistan",46000.0,73.10373294,33.62931614,Sports & Fitness,Gyms & Studios,Gym,Open,+92 333 5290944,facebook.com,4.6,151.0,43.57,People typically spend up to 30 min here,03-2025
f4374a314a92d145d636f5e7fdcf0a92,Royal Massage centre Faisalabad,Pakistan,Faisalabad,"Chak 208 Rd, opposite @model city1, Eden garden Ittefaq, commercial Faisalabad, 38860, Pakistan",38860.0,73.14938567,31.42714029,Sports & Fitness,Saunas & Spas,Spa and health club,Open 24 hours,+92 317 4114494,goodlookspa.pk,3.9,59.0,34.86,People typically spend up to 1.5 hours here,03-2025
02a0d999fd7327b36fd2c0636b0f6ae2,Crossfit Gym DHA Phase 4 Branch,Sector CCA,Lahore,"138 DD, Commercial CCA Dha Phase 4, Lahore, 54000, Pakistan",54000.0,74.38260733,31.46296322,Sports & Fitness,Gyms & Studios,Gym,Open,+92 322 2262888,facebook.com,4.6,220.0,44.17,People typically spend up to 2 hours here,03-2025
982565094e3f2d20de501841bbe8d082,Vortex Gym,UC-3 Gadap,Karachi,"Plot 377, Commercial Lane 23, 5th & 6th Floor, Old Commercial, Precinct 10A Karachi, 75340, Pakistan",75340,67.30652553,25.05961622,Sports & Fitness,Gyms & Studios,Gym,Open 24 hours,+92 301 0024616,vortexgym.net,4.9,123.0,33.0,People typically spend up to 1.5 hours here,03-2025
a5f440c5740a7bef6e808832c7f53256,Rose Palace Gym (Gulberg),Pakistan,Lahore,"55-N Gurumangat Rd, Block N Gulberg 2, Lahore, 54000, Pakistan",54000,74.35301485,31.52259814,Sports & Fitness,Gyms & Studios,Gym,Open 24 hours,+92 335 4337172,rosepalacegym.com,4.4,551.0,42.86,People typically spend up to 45 min here,03-2025
098858811032c1ec744ef50eaf010f31,Go Lean 360 Gym / Physical Fitness Center,UC-5 Gulshan-e-iqbal 1,Karachi,"Plot C-11, Block, 13D, near Mochi Mor, Block 13D Block 13 D Gulshan-e-Iqbal, Karachi, 75300, Pakistan",75300.0,67.08366191,24.91998057,Sports & Fitness,Gyms & Studios,Fitness center,Open,+92 21 33514203,instagram.com,4.7,221.0,40.67,People typically spend up to 1.5 hours here,03-2025
8fd7ecaead8f4f65eccb6fad31721bbb,Cross-Fit Gym & Fitness Center MDA Branch,Shadab Colony,Multan,"1st Floor of Bank Alfalah Islamic, kutchehry road, chowk, near MDA, Shadab Colony, Multan, 60000, Pakistan",60000.0,71.44857987,30.20897751,Sports & Fitness,Gyms & Studios,Fitness center,Open,+92 313 6336769,crossfitmultan.com,4.4,224.0,52.83,People typically spend up to 1 hour here,03-2025
033a0b4f1758a7d927d51b3217efc26b,Shapes Health Club / Gym & Fitness Centre,Sindh,Karachi,"139 McNeil Rd, near Old Race course ground, Karachi Cantonment, Karachi, 92021, Pakistan",92021.0,67.03812624,24.8418682,Sports & Fitness,Gyms & Studios,Fitness center,Open,+92 21 35655973,shapes.pk,4.3,920.0,47.17,People typically spend up to 2 hours here,03-2025
2903569888cd39bf83828f2bafc3df5c,Rumanza Golf & Country Club,Pakistan,Multan,"Rumanza, Multan, 48000, Pakistan",48000.0,71.53270044,30.32509682,Sports & Fitness,Golf & Driving Ranges,Golf course,Open,+92 323 5890400,rumanza.golf,4.6,567.0,59.86,People typically spend up to 4 hours here,03-2025
c38a1660ae8a6d73c27fcd441da78356,Metafitnosis,Islamabad Capital Territory,Islamabad,"Plot 17, above HBL, F-6 Markaz F 6 Markaz F-6, Islamabad, 44000, Pakistan",44000.0,73.07571716,33.7309306,Sports & Fitness,Gyms & Studios,Gym,Open,+92 300 8555628,metafitnosis.com,4.9,434.0,40.67,People typically spend up to 1.5 hours here,03-2025
8fdcb625d0095d384eb029c204b9585b,Cross-Fit Gym & Fitness Center Gulgasht Branch,Taraf Mubarik Doim,Multan,"1st Floor of Urdu Bazar plaza near Goal Bagh Mall, Gulgasht Colony, Multan, 60000, Pakistan",60000.0,71.47044745,30.22238624,Sports & Fitness,Gyms & Studios,Gym,Open,+92 313 6336769,crossfitmultan.com,4.7,168.0,34.5,People typically spend up to 1.5 hours here,03-2025
6130d12d4726b11a4ee21930182e7866,Health and Fitness Center Jacaranda Family Club,Sector E,Islamabad,"Club Avenue, Sector E DHA Phase II, Islamabad, 74600, Pakistan",74600.0,73.1596424,33.53405572,Sports & Fitness,Gyms & Studios,Gym,Open,+92 51 2311001,jacarandadha.com,4.5,191.0,50.5,People typically spend up to 1.5 hours here,03-2025
9f22ca26b54fe14a4421f6534c35f1f1,Oxygen Spa,Sindh,Karachi,"Building 5c, Lane 6, D.H.A Phase 6 Bukhari Commercial Area Phase 6 Defence Housing Authority, Karachi, 75500, Pakistan",75500,67.06183938,24.7954584,Sports & Fitness,Saunas & Spas,Spa,Open,+92 303 8222055,m.facebook.com,4.0,548.0,63.29,People typically spend up to 2 hours here,03-2025
b0ad15be1da004077233ef9c27678379,Hamza Fitness Club,Pakistan,Faisalabad,"Chowk, Khatam-e-Nabuwat Plaza, Millat Rd, Green Town, Faisalabad, 38000, Pakistan",38000,73.09939384,31.46082936,Sports & Fitness,Gyms & Studios,Gym,Open,+92 305 7050399,hamzafitnessclub.com,4.7,46.0,45.17,People typically spend up to 1 hour here,03-2025
0ea9ecf4f8a646b29aad2a689627e08d,Body Fitness Gym,Rahim Yar Khan Tehsil,Rahim Yar Khan,"Jugnoo chock, Rahim Yar Khan, 64200, Pakistan",64200.0,70.31660659,28.4087514,Sports & Fitness,Gyms & Studios,Gym,Open 24 hours,+92 301 7622046,youtube.com,4.9,151.0,33.29,People typically spend up to 45 min here,03-2025
5c481bb033862e6f75c422bd99d5e7c0,Structure Health & Fitness DHA Lahore,Sector CCA,Lahore,"186, Block Phase 4C, Sector CCA DHA Phase 3, Lahore, 54000, Pakistan",54000.0,74.38365511,31.46420121,Sports & Fitness,Gyms & Studios,Gym,Open,+92 322 2255591,structure.com.pk,4.2,127.0,57.5,People typically spend up to 1.5 hours here,03-2025
cb527a6526ddfe7064e1371f57927014,StayFit Fitness,Satellite Town,Rawalpindi,"D-817, D Block Block D Satellite Town, Rawalpindi, 46000, Pakistan",46000.0,73.06456832,33.63803047,Sports & Fitness,Gyms & Studios,Gym,Open,+92 333 0711555,stayfit.pk,4.8,310.0,34.33,People typically spend up to 2 hours here,03-2025
c3db1aa48f9947550e11d5c5498b45f4,Get Smart Gym Ph1,Sindh,Karachi,"Golden Tower, Main Korangi Road, DHA phase 1, Phase 1 Defence Housing Authority, Karachi, 75500, Pakistan",75500.0,67.06351543,24.83836142,Sports & Fitness,Gyms & Studios,Fitness center,Open,+92 21 35397849,chainofgetsmartgym.com,4.2,462.0,41.33,People typically spend up to 1.5 hours here,03-2025
5668ac8887d6c92f436937a841558a67,Fitness Xpose,PMCHS,Islamabad,"1st Floor, Paris Heights, Main Double Rd, PMCHS E 11/2 E-11, Islamabad, 44000, Pakistan",44000.0,72.96450559,33.6956574,Sports & Fitness,Gyms & Studios,Gym,Open,+92 333 1948338,facebook.com,4.6,102.0,33.0,People typically spend up to 1.5 hours here,03-2025
a87b4caff0198d2244e8452bbb5d4a92,Get Smart Gym Ph5,Stadium Commercial Area,Karachi,"Plot # C-12, First Floor, Stadium Lane 1, Khayaban-e-Shamsheer, DHA Phase 5 Stadium Commercial Area Defence V Defence Housing Authority, Karachi, 75500, Pakistan",75500,67.04728842,24.81453134,Sports & Fitness,Gyms & Studios,Gym,Open,+92 21 35849739,chainofgetsmartgym.com,4.2,63.0,30.5,People typically spend up to 2 hours here,03-2025
ce7404871ee1e399c5dc674415eb1d16,Bodyzone Gym,Pakistan,Lahore,"7k Commercial Market, near alfateh store, Block K Model Town, Lahore, 54000, Pakistan",54000,74.31143064,31.47997915,Sports & Fitness,Gyms & Studios,Gym,Open,+92 42 32087298,highrevenuegate.com,4.4,109.0,31.67,People typically spend up to 1.5 hours here,03-2025
45fdab4b043c00bf343ce836653eaba4,Body Reshaping Studio,Shalley Valley,Rawalpindi,"Range Rd, Shalley Valley, Rawalpindi, 44000, Pakistan",44000,73.01592131,33.59846563,Sports & Fitness,Gyms & Studios,Gym,Open 24 hours,+92 305 8562226,facebook.com,4.7,179.0,32.43,People typically spend up to 1.5 hours here,03-2025
6e287f51882fff0da3c2949321b6f531,Total Football Ayub Park,Ayub National Park,Rawalpindi,"AHF Sports complex Ayub Park, GT Rd, Rawalpindi, 45000, Pakistan",45000,73.07937777,33.56464587,Sports & Fitness,Ball Sports,Futsal court,Open 24 hours,+92 345 5009201,facebook.com,4.5,118.0,18.14,People typically spend up to 3 hours here,03-2025
bf6a9246e672dd41b1efca3fd20fa6ee,The Fitness Hub,Punjab,Islamabad,"Block A, Street 1 Soan Ave, Soan Gardens Block A Islamabad, 44000, Pakistan",44000.0,73.15191677,33.56747152,Sports & Fitness,Gyms & Studios,Gym,Open,+92 300 1111168,instagram.com,4.5,91.0,42.67,People typically spend up to 2.5 hours here,03-2025
72788ccd6e2daed28d5f28878c9896a2,Velocity Health & Fitness,Punjab,Lahore,"5th Floor, Amanah Mall, Model Town Link Rd, G.E.C.H.S. Phase 2 Muhammadpura, Lahore, 54700, Pakistan",54700.0,74.31328221,31.46714241,Sports & Fitness,Gyms & Studios,Gym,Open,+92 322 4966664,velocityfitness.pk,4.6,235.0,34.5,People typically spend up to 1.5 hours here,03-2025
955e4a0c697c0f9b82a452d85dea15b8,Power Muscles Gym,Pakistan,Lahore,"Building Bank Al-Habib, Ferozepur Rd, Kahna Nau, Lahore, 53100, Pakistan",53100.0,74.36205362,31.37481452,Sports & Fitness,Gyms & Studios,Gym,Open,+92 321 4890302,facebook.com,4.7,152.0,44.67,People typically spend up to 1.5 hours here,03-2025
5b58dbc0321ff71478a52414da90ef9e,AimFit Fitness Studio,Pakistan,Lahore,"Plaza 23, Ali Block, Main boulevard Garden Town, Ali Block Garden Town, Lahore, 54000, Pakistan",54000.0,74.31912256,31.50197195,Sports & Fitness,Gyms & Studios,Fitness center,Open,+92 315 4246348,aimfit.com,4.5,203.0,37.17,People typically spend up to 1.5 hours here,03-2025
45deaf7a182f3b883dd665e4f5ae744b,Obee’s fitness center,Rawalpindi Tehsil,Rawalpindi,"8 Tulsa Rd, Lalazar, Rawalpindi, 46000, Pakistan",46000,73.05703828,33.57028325,Sports & Fitness,Gyms & Studios,Gym,Open,+92 313 4448545,facebook.com,4.5,115.0,47.33,People typically spend up to 1.5 hours here,03-2025
9717a384344f8e546c2e2873b7d4ddd2,Al Fahd Spa & Fitness Club,Pakistan,Faisalabad,"Al Fahd Plaza, Jaranwala Rd, Kohinoor City Faisalabad, 38000, Pakistan",38000,73.11327454,31.41273413,Sports & Fitness,Gyms & Studios,Gym,Open,+92 41 8533007,alfahd.com.pk,4.2,303.0,33.29,People typically spend up to 2 hours here,03-2025
22d15956677b1656702c5ea74703a6e9,Ayub Bally Total Fitness,Punjab,Gujrat,"1st Floor, Jannat centre, Gharib Pura Rd, near vaternity hospital, Khwajgan, Gujrat, 50700, Pakistan",50700,74.07380048,32.58155853,Sports & Fitness,Gyms & Studios,Fitness center,Open,+92 322 6455550,ayubballyfitness.com,4.4,93.0,41.83,People typically spend up to 2 hours here,03-2025
0ecf629d3ab15bf6392a2c094933ee32,Activo Fitness Gym/Studio in DHA Lahore,Sector FF,Lahore,"199-FF (1st Floor), Commercial Area, DHA،, Phase IV Lahore, 54200, Pakistan",54200,74.38570286,31.46440944,Sports & Fitness,Gyms & Studios,Gym,Open,+92 300 4409888,activofitness.co,4.3,320.0,72.17,People typically spend up to 1.5 hours here,03-2025
f14d5d04bef38ac8f37e1655db2e2d8f,Faisal Fitness Gym (for male and female) فیصل فٹنس جیم,UC-5 Madina Colony,Karachi,"Main Iqbal Market Road Street 33, Islam Nagar Block D Aziz Nagar, Karachi, 75800, Pakistan",75800,66.98169537,24.95571029,Sports & Fitness,Gyms & Studios,Gym,Open,+92 341 2257436,youtube.com,4.9,72.0,31.29,People typically spend up to 1.5 hours here,03-2025
aa1ee71ee4a7adb6437a57030c2e16ca,Muscle Build Gym,Pakistan,Jhelum,"Machine Mohalla No.2 Machine Mohalla 2, Jhelum, 49600, Pakistan",49600.0,73.72405923,32.93417423,Sports & Fitness,Gyms & Studios,Gym,Open,+92 333 5777381,musclebuildgyms.com,4.5,133.0,39.17,People typically spend up to 1 hour here,03-2025
f696e6f49c7523c4678fdeab5e497424,City Sports Gym,Shaheenabad,Gujranwala,"Mustafa Colony Shaheenabad, Gujranwala, 52250, Pakistan",52250.0,74.17663934,32.19150912,Sports & Fitness,Gyms & Studios,Gym,Open,+92 303 0606090,facebook.com,3.0,2.0,33.67,People typically spend up to 4 hours here,03-2025
f5851f2d005b274f7ed81114f1bf9d9d,Crossfit Gym,Punjab,Lahore,"Munir complex basement, Ghazi Rd، opposite China sale mela Millat chowk, Gul Colony, Lahore, 54000, Pakistan",54000.0,74.35389151,31.45989635,Sports & Fitness,Gyms & Studios,Gym,Open,+92 301 8444699,facebook.com,4.4,182.0,54.67,People typically spend up to 1 hour here,03-2025
e802ad4dd1b12d0ba4d0b81592a30321,Fit Monster Gym,UC-10 Nazimabad No.1,Karachi,"nazimabad number 1, Block 1 Usmania Colony Liaquatabad, Karachi, 74600, Pakistan",74600.0,67.02797591,24.90887677,Sports & Fitness,Gyms & Studios,Fitness center,Open,+92 344 1070495,instagram.com,4.3,22.0,29.0,People typically spend up to 1.5 hours here,03-2025
a2369c035fb6669ee3579a2d53203123,Function,Zulfiqar & Al Murtaza Commercial Area,Karachi,"2nd Floor, 3, C Main Zulfiqar Ave, D.H.A. Phase 8 Zulfiqar & Al Murtaza Commercial Area Phase 8 Defence Housing Authority, Karachi, 75500, Pakistan",75500.0,67.0746657,24.79208562,Sports & Fitness,Gyms & Studios,Gym,Open,+92 300 8205070,function.pk,4.7,65.0,35.17,People typically spend up to 1.5 hours here,03-2025
715a72b1607fd96a4649ae718fd3a15c,Oxygen Fitness,Punjab,Lahore,"272-H2, Johar Town, Lahore, 54770, Pakistan",54770.0,74.26412466,31.46865049,Sports & Fitness,Gyms & Studios,Gym,Open,+92 324 4661694,facebook.com,4.6,150.0,39.17,People typically spend up to 1.5 hours here,03-2025
f80ac10ffc78197bc66aa30905fd5330,Bodyzone Gym,WAPDA Town,Lahore,"Plot 395, WAPDA Town Block D 3 Wapda Town Phase 1 Lahore, 54770, Pakistan",54770.0,74.27201214,31.44097393,Sports & Fitness,Gyms & Studios,Gym,Open,+92 42 32187752,highrevenuegate.com,3.8,53.0,30.0,People typically spend up to 2 hours here,03-2025
6b6988daebea2370daca59b2704db8a8,Muscle Zone gym,UC-5 Sakhi Hassan,Karachi,"house no, Farhana Sqaure, b235 Street Number 4, Block L Block M North Nazimabad Town, Karachi, 74600, Pakistan",74600,67.05146215,24.94580269,Sports & Fitness,Gyms & Studios,Gym,Open,+92 304 2356837,fitnesstrainer.com,4.5,109.0,51.17,People typically spend up to 1.5 hours here,03-2025
3f677d4ca4bc412548942af8f46a35ad,Shapes DHA,Sector G,Lahore,"275, Shapes Fitness Center DHA, 1 St 13, Sector G Phase 5 D.H.A, Lahore, 54000, Pakistan",54000,74.39733983,31.46983345,Sports & Fitness,Gyms & Studios,Gym,Open,+92 42 37177961,shapes.pk,4.4,753.0,57.0,People typically spend up to 1.5 hours here,03-2025
2e27d0226f7f0311a61f6f4efe98d023,TRIFIT FITNESS CLUB (COM 1),UC-11 Kehkeshan,Karachi,"COM 1, Block 3 Clifton, Karachi, 75600, Pakistan",75600,67.0180581,24.81463766,Sports & Fitness,Gyms & Studios,Fitness center,Open,+92 335 8743481,trifit.com.pk,4.9,1065.0,49.71,People typically spend up to 2 hours here,03-2025
23081d2b49e494e1dac86d37be6ba619,Fitness Extreme,Sindh,Karachi,"no 9، 12/C Sunset Ln, Phase 2 Ext Defence Housing Authority, Karachi, 75500, Pakistan",75500.0,67.06483598,24.83142294,Sports & Fitness,Gyms & Studios,Gym,Open 24 hours,+92 300 9293948,facebook.com,4.6,92.0,35.5,People typically spend up to 1.5 hours here,03-2025
973331651962076c7443cca9dc9ffdb8,FitLytics Gym,Satellite Town,Rawalpindi,"Shaheen Chemist, FitLytics Gym, Ahmed Arcade, Commercial Market Rd, B-Block Rawalpindi, 46300, Pakistan",46300.0,73.06826177,33.6349162,Sports & Fitness,Gyms & Studios,Gym,Open 24 hours,+92 304 1663333,facebook.com,4.7,635.0,39.86,People typically spend up to 1.5 hours here,03-2025
99db7d1bd89291864bb2ef12e4ad546b,4hunters hunting store,Rahim Yar Khan,Rahim Yar Khan,"1 ameen garh road, Basti Hakeemabad, Rahim Yar Khan, 64200, Pakistan",64200.0,70.30254349,28.4429316,Sports & Fitness,Fishing & Hunting,Hunting and fishing store,Open,+92 300 6720184,4hunterspk.com,4.4,35.0,43.5,People typically spend up to 3 hours here,03-2025
6e2a6aa89d63a35585959726d34c4df7,Good Shot Snooker Club,Punjab,Lahore,"779D Maulana Shaukat Ali Rd, Muhammadpura, Lahore, 54600, Pakistan",54600.0,74.31085242,31.46541744,Sports & Fitness,Recreation Centers,Sports complex,Open 24 hours,+92 315 1243456,m.facebook.com,4.5,348.0,27.86,People typically spend up to 3 hours here,03-2025
5d8ac3300d96d9edb44fef12c749a57b,Mehr Swimming Pool,Pakistan,Lahore,"Kroal ghati, nursery Lahore Ring Rd, opposite china scheme, Lahore, 54000, Pakistan",54000,74.36764378,31.61422436,Sports & Fitness,Recreation Centers,Public swimming pool,Open,+92 322 8222624,facebook.com,3.8,37.0,59.57,People typically spend up to 2.5 hours here,03-2025
73d734055ac3433af59c0f37df06b2b3,Muscle Monster Gym,Rawalpindi Tehsil,Rawalpindi,"Afzal Town Rawalpindi, 46000, Pakistan",46000,73.01804485,33.59837947,Sports & Fitness,Gyms & Studios,Gym,Open,+92 311 5136284,facebook.com,4.5,178.0,48.33,People typically spend up to 1.5 hours here,03-2025
29aa290d82ac4d0a91d51910f1890e17,Cross-Fit Gym & Fitness Center Rasheed Abad Branch,Taraf Mubarik Doim,Multan,"1st floor of، UBL Bank، opposite Doctor pharmacy, Rasheed Abad Mehmoodabad, Multan, 60000, Pakistan",60000.0,71.49107519,30.20978093,Sports & Fitness,Gyms & Studios,Gym,Open,+92 313 6336769,crossfitmultan.com,4.9,114.0,56.17,People typically spend up to 1 hour here,03-2025
809ce5af3b413f145b3ab83f1c2af50b,IRONBOX DHA Z Block,Sector Z,Lahore,"28-z Commercial Area Sector Z DHA Phase 3, Lahore, Punjab 54810, Lahore, 54000, Pakistan",54000,74.37643593,31.47465693,Sports & Fitness,Gyms & Studios,Gym,Open,+92 321 4766269,ironbox963.com,4.6,148.0,50.67,People typically spend up to 2 hours here,03-2025
f01a677298628b8e2ce876f6ae299c8f,Murtaza Health Gym North Nazimabad Karachi,UC-4 Hyderi,Karachi,"Burhani Cir Rd, Block E North Nazimabad Town, Karachi, 74700, Pakistan",74700,67.0392821,24.93709126,Sports & Fitness,Gyms & Studios,Gym,Open,+92 300 2789796,facebook.com,4.0,126.0,51.67,People typically spend up to 1.5 hours here,03-2025
df38413e632f8a6ee3fa2818ce53142d,Motivation Fitness Studio (MFS-Gym),UC-1 Model Colony,Karachi,"First Floor, House No.22, Bata Store, Sweet Home Land, Model Colony Sheet 26 Model Colony, Karachi, 75100, Pakistan",75100.0,67.18442139,24.90336597,Sports & Fitness,Gyms & Studios,Gym,Open,+92 331 3384409,facebook.com,4.7,63.0,37.0,People typically spend up to 1.5 hours here,03-2025
a222e571acd65703b0e2b2e91de3c85d,Fitness Zone,Punjab,Lahore,"Allama Iqbal Rd, Garhi Shahu, Lahore, 54000, Pakistan",54000.0,74.34679379,31.56085294,Sports & Fitness,Gyms & Studios,Gym,Open 24 hours,+92 324 4900875,fitnesszonepk.com,4.4,148.0,28.17,People typically spend up to 1.5 hours here,03-2025
42f5d924d14ce1b4345772a8ce1362bb,Fitness 360 Female Section,Punjab,Bahawalpur,"Railway chowk, Ashraf Colony, Bahawalpur, 63100, Pakistan",63100.0,71.65234385,29.40135592,Sports & Fitness,Gyms & Studios,Gym,Open,+92 319 7780360,facebook.com,4.1,102.0,52.67,People typically spend up to 2.5 hours here,03-2025
cb05ba1137f95afbda2b54de643e4ddf,Guns & Accessories,Zamzama Commercial Area,Karachi,"Guns & Accessories, 3rd Commercial Lane Zamzama Blvd, DHA Phase 5 Zamzama Commercial Area Defence V Karachi, 75500, Pakistan",75500.0,67.03933273,24.81606322,Sports & Fitness,Shooting & Gun Ranges,Gun shop,Open,+92 331 7500002,guns-accessories.com,4.3,37.0,42.0,People typically spend up to 1.5 hours here,03-2025
5251ed8637014ca6bd949a6389a07979,Get Smart Gym Madni Mall,UC-4 Hyderi,Karachi,"4th Floor, Plot No. S Madni Mall E 5, Karachi, 74600, Pakistan",74600.0,67.04015895,24.93603071,Sports & Fitness,Gyms & Studios,Gym,Open,+92 21 36722020,chainofgetsmartgym.com,4.3,207.0,36.83,People typically spend up to 2 hours here,03-2025
55c10e82737e8a8524d5a4e47275f8d9,THE WORKOUTS,Islamabad Capital Territory,Islamabad,"Street 54, G-13/2 G 13/2 G-13, Islamabad, 45230, Pakistan",45230.0,72.95050924,33.65078489,Sports & Fitness,Gyms & Studios,Fitness center,Open 24 hours,+92 318 5149468,instagram.com,4.7,281.0,38.0,People typically spend up to 1.5 hours here,03-2025
4daa9ee76d279113b6e2ea7f38db1275,Solid Gym Branch 1 Abbottabad,Khyber Pakhtunkhwa,Abbottabad,"2nd Floor، Habib Bank Building, Link Rd، near Altaf Hospital, Kehal, Abbottabad, 22010, Pakistan",22010.0,73.2160507,34.14513833,Sports & Fitness,Gyms & Studios,Gym,Open,+92 312 9090100,facebook.com,4.6,120.0,52.0,People typically spend up to 2 hours here,03-2025
a5bb458a5c4d2826de995b922fd971b5,Sam's Fitness Ladies Gym,Karachi City,Karachi,"H # R, 680, near Hyder Foods, Shadman Town Sector 14 A Shadman Town, Karachi, 74600, Pakistan",74600.0,67.05116518,24.9613074,Sports & Fitness,Gyms & Studios,Gym,Open,+92 315 4184055,facebook.com,4.5,125.0,50.6,People typically spend up to 2 hours here,03-2025
c67bb4b1dbfedc7a807b1e7b4c137049,The 42DC clifton studio,UC-10 Clifton,Karachi,"Block 8 Clifton, Karachi, 75600, Pakistan",75600.0,67.03260788,24.82869288,Sports & Fitness,Gyms & Studios,Gym,Open,+92 316 6360825,facebook.com,4.3,25.0,35.67,People typically spend up to 1 hour here,03-2025
1aaa59b869676ab45954e12f69f3a64e,Jacked Fitness Arena,Islamabad Capital Territory,Islamabad,"Main Margalla Rd, Golra E-11, Islamabad, 44000, Pakistan",44000.0,72.97544371,33.68903972,Sports & Fitness,Gyms & Studios,Fitness center,Open,+92 330 5695690,jackednutrition.pk,4.6,338.0,36.0,People typically spend up to 2 hours here,03-2025
1bd07b01864b134a7a6e91fd6bca7c41,Xtreme Fitness Gym,Rawalpindi Tehsil,Islamabad,"First Floor, Zong / Telenor Franchise, Main PWD Rd, behind Al-Noor Chemist, Block A Police Foundation, Islamabad, 44000, Pakistan",44000.0,73.13582175,33.56712628,Sports & Fitness,Gyms & Studios,Gym,Open,+92 312 9108545,facebook.com,4.8,356.0,40.67,People typically spend up to 1.5 hours here,03-2025
6782ac14cfa7223be59962190b27341f,EVOKE FITNESS ARENA - GYM,Punjab,Lahore,"A Road, Block C Block B 1 pia housing society, Lahore, 54770, Pakistan",54770.0,74.28258285,31.45097137,Sports & Fitness,Gyms & Studios,Gym,Open,+92 304 4976288,evokefitnes.com,4.8,207.0,66.17,People typically spend up to 1.5 hours here,03-2025
9aa2e84f2d187564a4370f1550ddb301,Vostro World,Islamabad Capital Territory,Islamabad,"2nd Floor , Plot 14، Banks Square Plaza, F-11 Markaz F 11 Markaz F-11, Islamabad, 44000, Pakistan",44000.0,72.98645617,33.68470289,Sports & Fitness,Gyms & Studios,Gym,Open,+92 51 8733383,facebook.com,4.5,455.0,62.67,People typically spend up to 2 hours here,03-2025
0cd96de413512cab11e59d752f81f401,Mazhar Fitness Den,Tauheed Commercial Area,Karachi,"37th St, DHA Phase 5 Tauheed Commercial Area Defence V Defence Housing Authority, Karachi, 75500, Pakistan",75500.0,67.03455921,24.80807711,Sports & Fitness,Gyms & Studios,Gym,Open,+92 301 2349929,m.facebook.com,4.4,32.0,31.83,People typically spend up to 1.5 hours here,03-2025
dbe7ca5edceb36ef4f2ba02cbf075e85,Safa Fitness Club,Islamabad Capital Territory,Islamabad,"Safa Gold mall, College Road, F-7 Markaz, Jinnah Super, Islamabad, 46000, 44000, Pakistan",44000.0,73.05298148,33.72033078,Sports & Fitness,Gyms & Studios,Fitness center,Open,+92 311 5156949,safafitnessclub.com,4.2,246.0,46.33,People typically spend up to 1 hour here,03-2025
483023720d4d454b8b8adbc4e0886fc4,Zaman Khan Bodybuilding Club,UC-1 Pak Colony,Karachi,"Manghopir Rd, Pak Colony Asif Colony, Karachi, 75700, Pakistan",75700,67.01438723,24.89397172,Sports & Fitness,Gyms & Studios,Gym,Open,+92 343 2215631,facebook.com,4.9,15.0,44.0,People typically spend up to 1.5 hours here,03-2025
a98af899493fba7f2244a9734d3f89aa,Legacy Fitness,UC-3 Aisha Manzil,Karachi,"C-257, Block 10 Karachi, 75950, Pakistan",75950.0,67.05963695,24.93031971,Sports & Fitness,Gyms & Studios,Gym,Open,+92 318 1053536,legacyfitness.com.pk,4.5,117.0,45.67,People typically spend up to 1.5 hours here,03-2025
0d057f40fadd9749dec336cf54f11e3c,Platinum Fitness پلاٹینیم فٹنس,UC-10 Clifton,Karachi,"4th Floor, Emerald Tower, Block 5 Clifton, Karachi, 75500, Pakistan",75500.0,67.03144455,24.82188278,Sports & Fitness,Gyms & Studios,Gym,Open,+92 334 1110496,platinumfitnesspk.com,4.5,201.0,44.0,People typically spend up to 3 hours here,03-2025
e377cdc062356f68b092792b2f78e150,Absolute Fitness Gym,Islamabad Capital Territory,Residencia,"D Markaz, Green Arcade, Gulberg Residencia Block D Markaz Gulberg, Residencia, 44000, Pakistan",44000.0,73.20718222,33.59961444,Sports & Fitness,Gyms & Studios,Gym,Open,+92 335 7776777,facebook.com,4.4,59.0,48.33,People typically spend up to 2 hours here,03-2025
f3e2d96c0f1e5c0b86e02a2bc9a0dddf,Momentum Fitness (Gym & Supplements Store),Punjab,Lahore,"2nd Floor, 287 H-2 Abdul Haque Rd, opp. Emporium Mall, Block H-2 Block H 2 Phase 2 Johar Town, Lahore, 54782, Pakistan",54782.0,74.26209446,31.46821435,Sports & Fitness,Gyms & Studios,Gym,Open,+92 302 4123454,momentumfitnesslahore.com,4.3,107.0,63.83,People typically spend up to 2 hours here,03-2025
76bee045edeaf647f705f305a10e78f0,LUMS Sports Complex,Punjab,Lahore,"Punjab Small Industries Housing Society, Lahore, 54792, Pakistan",54792,74.40826135,31.46958986,Sports & Fitness,Recreation Centers,Sports complex,Open,+92 307 1590406,sports.lums.edu.pk,4.7,91.0,36.0,People typically spend up to 2 hours here,03-2025
cd29c42a5678034b24ef42fdcd75c614,Hard Stone Gym,Satellite Town,Rawalpindi,"Satellite Shopping Centre, 6th Rd, Block A Satellite Town, Rawalpindi, 46000, Pakistan",46000,73.07591491,33.64121437,Sports & Fitness,Gyms & Studios,Gym,Open 24 hours,+92 321 5109905,facebook.com,4.1,157.0,44.83,People typically spend up to 1.5 hours here,03-2025
3781f87a774e44e6e843159d17108aee,Dynamik Training Systems,UC-10 Clifton,Karachi,"F, 78, Block 5 Kehkashan Block 5 Clifton, Karachi, 75500, Pakistan",75500.0,67.02664725,24.82031271,Sports & Fitness,Gyms & Studios,Gym,Open,+92 336 1118854,instagram.com,4.8,50.0,27.33,People typically spend up to 2 hours here,03-2025
a276e559a28c3a87669c2ab63a065c5b,Health and Fitness Club,Samanabad,Lahore,"134 Main Samanabad, Near 2nd Round About, Samanabad Town, Lahore, 54000, Pakistan",54000.0,74.30316755,31.53873588,Sports & Fitness,Gyms & Studios,Gym,Open,+92 300 4250021,fb.com,4.5,82.0,54.33,People typically spend up to 1 hour here,03-2025
ded125c0340a0499ef4c82fa215dc3fa,Studio X,Sindh,Karachi,"22-C Main Saba Avenue, Corner with Chota Bukhari, Phase 6 Defence Housing Authority, Karachi, 75500, Pakistan",75500,67.05506456,24.78623448,Sports & Fitness,Gyms & Studios,Gym,Open,+92 307 2336539,studiox.com.pk,4.5,69.0,41.6,People typically spend up to 1.5 hours here,03-2025
71f172fcf003977919900a3a43806ce2,Get Smart Gym Tariq Road,UC-6 P.e.c.h.s 1,Karachi,"3rd Floor، Glamour One Mall، Block 3 Tariq Rd, Block 3 P.E.C.H.S., Karachi, 75400, Pakistan",75400.0,67.05977386,24.87591055,Sports & Fitness,Gyms & Studios,Fitness center,Open,+92 21 34557137,chainofgetsmartgym.com,4.1,484.0,47.17,People typically spend up to 1.5 hours here,03-2025
5a9e7663e35dd600b7003e721686ada2,Dar's Fitness Arena,Rawalpindi Tehsil,Rawalpindi,"Dars fitness arena, High Ct Rd, opposite zildar house, near Gulrez Housing Society Gate 2, Gulrez Housing Scheme, Rawalpindi, 46000, Pakistan",46000,73.10280134,33.56951384,Sports & Fitness,Gyms & Studios,Gym,Open 24 hours,+92 312 5810152,instagram.com,4.5,25.0,35.0,People typically spend up to 1.5 hours here,03-2025
58166157127bc28488d21dd502bc91d9,Arammish Spa & Salon,Pakistan,Lahore,"66-B Syed Maratib Ali Road, F.C.C., Lahore, 54000, Pakistan",54000.0,74.33378578,31.52751225,Sports & Fitness,Saunas & Spas,Spa,Open,+92 321 4793003,arammish.co,4.1,273.0,67.71,People typically spend up to 2.5 hours here,03-2025
9309cc950f84672edd707c3713703425,Body Evolution,UC-2 Civic Center,Karachi,"Shop No.10, Al Bari Exclusive Towers, Bahadurabad Bahadur Yar Jang CHS, Karachi, 74400, Pakistan",74400.0,67.06558879,24.8823045,Sports & Fitness,Gyms & Studios,Gym,Open,+92 306 6667817,bodyevolution.net,4.9,450.0,43.67,People typically spend up to 1.5 hours here,03-2025
f36c2792b19870930a95b4988797feec,MH Fitness Zone,UC-9 Gulshan-e-iqbal 2,Karachi,"B-11 Adnan Khalil St, Block 4 Gulshan-e-Iqbal, Karachi, 75300, Pakistan",75300,67.09483226,24.92976933,Sports & Fitness,Gyms & Studios,Gym,Open,+92 300 8735457,facebook.com,4.2,17.0,32.0,People typically spend up to 2 hours here,03-2025
89b5d7e43ab6b63e1db76557ac409b6a,Fitcon,UC-9 Gulshan-e-iqbal 2,Karachi,"Off Main University Rd, Block 6 Gulshan-e-Iqbal, Karachi, 75300, Pakistan",75300,67.09779559,24.9211658,Sports & Fitness,Gyms & Studios,Fitness center,Open,+92 320 3739361,fitconofficial.com,4.5,90.0,38.0,People typically spend up to 2 hours here,03-2025
5bf90f509de15f2160137f74bcb78a91,Balance Lifestyle,UC-5 Gulshan-e-iqbal 1,Karachi,"1st Floor, of Karachi Broast, A-293, Block 2 Gulshan-e-Iqbal, Karachi, 74400, Pakistan",74400,67.0847149,24.92141741,Sports & Fitness,Gyms & Studios,Fitness center,Open,+92 330 0009288,balancelifestylepk.com,4.8,178.0,39.17,People typically spend up to 1.5 hours here,03-2025
2e7c3cb21ba9deeae359956ec2a2222d,Fitness Emporium - Best Gym In Gulshan,UC-5 Gulshan-e-iqbal 1,Karachi,"B-12, Block 1 Gulshan-e-Iqbal, Karachi, 75300, Pakistan",75300,67.08030169,24.9179391,Sports & Fitness,Gyms & Studios,Gym,Open,+92 339 2120444,facebook.com,4.8,141.0,43.0,People typically spend up to 1.5 hours here,03-2025
5314bcdc03ed8e9258013b01a8c299ee,KHS Sports Arena,Islamabad Capital Territory,Islamabad,"Street 94, G-11/3 G 11/3 G-11, Islamabad, 46000, Pakistan",46000.0,72.99279572,33.67323915,Sports & Fitness,Recreation Centers,Sports complex,Open 24 hours,+92 317 5002631,hazarapoolsystem.com,4.5,87.0,41.57,People typically spend up to 3 hours here,03-2025
defc528a69953d25bd6a8d5b793861f3,Momentum Fitness,Zulfiqar & Al Murtaza Commercial Area,Karachi,"1st floor, 116-C Khayaban-e-Iqbal, D.H.A. Phase 8 Zulfiqar & Al Murtaza Commercial Area Phase 8 Defence Housing Authority, Karachi, 75500, Pakistan",75500.0,67.07370959,24.78757441,Sports & Fitness,Gyms & Studios,Gym,Open,+92 300 1175123,facebook.com,4.9,17.0,36.0,People typically spend up to 1.5 hours here,03-2025
b8178e91540cdf4e7740e94efc334782,DayBreaker Gym & Fitness Club (Ladies & Gents),Sector 4,Rawalpindi,"Al Mustafa Plaza, New Civic Center, Sector 4, Airport Housing Society, Gulzar e Quaid, 46000, Pakistan",46000.0,73.12029414,33.58790282,Sports & Fitness,Gyms & Studios,Gym,Open,+92 335 5583511,facebook.com,4.1,109.0,59.17,People typically spend up to 1.5 hours here,03-2025
9e8c7a00c75bd621275591038ae95238,oxfit gym,Sadiqabad Tehsil,Sadiqabad,"Al Falah Town, Sadiqabad, 64350, Pakistan",64350.0,70.13356638,28.30212918,Sports & Fitness,Gyms & Studios,Fitness center,Open,+92 312 6711386,instagram.com,4.8,29.0,36.0,People typically spend up to 2 hours here,03-2025
353d4cd141c89a270d6b24954edc0ce2,Beard Brothers Gym And Mobile Shop Bahawalpur,Pakistan,Bahawalpur,"Rohi Plaza Basement Shop # 14,15,16,17,18 CMH Chowk, Islamia Colony, Bahawalpur, 63100, Pakistan",63100.0,71.69038428,29.37362461,Sports & Fitness,Gyms & Studios,Gym,Open,+92 312 2183548,facebook.com,4.5,57.0,64.67,People typically spend up to 1 hour here,03-2025
bef71d28f5e998a725b77aa36ad7ecc3,Indoor Cricket Ground,Punjab,Multan,"Nawab pur Road Taheem, chowk, Multan, 60000, Pakistan",60000.0,71.46212951,30.25532293,Sports & Fitness,Ball Sports,Cricket ground,Open 24 hours,+92 313 1725625,facebook.com,4.9,48.0,33.14,People typically spend up to 2 hours here,03-2025
90c773af9453bcd104a07b63f7220899,Sports Spirit Gate 1,UC-11 Metroville Colony,Karachi,"BLOCK, Gulshan-e-iqbal block 4-A ,Plot No A-1R GULSHAN, 4 A, Karachi, 75300, Pakistan",75300.0,67.09242933,24.93653312,Sports & Fitness,Team Sports & Fields,Soccer field,Open 24 hours,+92 323 8283392,facebook.com,4.2,76.0,32.71,People typically spend up to 2.5 hours here,03-2025
5e1ce1163894761e4a5bfb40c13a4ad0,TORO FITNESS,UC-10 Pehalwan Goth,Karachi,"house no A-6, Long Life Bungalows, Block 17 Gulistan-e-Johar, Karachi, 07599, Pakistan",7599.0,67.11519643,24.91145821,Sports & Fitness,Gyms & Studios,Gym,Open,+92 303 2813646,instagram.com,4.5,119.0,50.17,People typically spend up to 1.5 hours here,03-2025
71723ac41e4247b4f42d588737c8c048,Titans Fitness Hub Gym Mukka Chowk,UC-5 Naseerabad,Karachi,"A12, Federal B Area Dastagir Block 9 Gulberg Town, Karachi, 75950, Pakistan",75950.0,67.06640243,24.92264538,Sports & Fitness,Gyms & Studios,Gym,Open,+92 343 3007875,facebook.com,4.6,29.0,45.33,People typically spend up to 1.5 hours here,03-2025
1a698a4b4b79020916e9ab77c63c1692,Urban Fitness,UC-6 Farooq-e-Azam,Karachi,"between 5 Star and, SB/53, Block 'K' North Nazimabad, next to Agha Khan Laboratory, Sakhi Hassan Chowrangi, Karachi, 74700, Pakistan",74700.0,67.05053474,24.94988775,Sports & Fitness,Gyms & Studios,Gym,Open,+92 312 2282056,facebook.com,4.7,120.0,30.33,People typically spend up to 1.5 hours here,03-2025
ad38466f360ac09dd4bde919c1c7f7d5,Soul Fitness,UC-4 Ancholi,Karachi,"B-4, Federal B Area Block 12 Gulberg Town, Karachi, 75950, Pakistan",75950.0,67.06356322,24.93847818,Sports & Fitness,Gyms & Studios,Gym,Open,+92 346 2459535,facebook.com,4.7,68.0,37.83,People typically spend up to 1.5 hours here,03-2025
b2cc546cbfc91502b4222274f5f35edd,Nitrogen Fitness and Wellness,UC-4 Hyderi,Karachi,"Block, Euro Hi-Tech Residency, F North, Block F Nazimabad, Karachi, 74600, Pakistan",74600.0,67.03837181,24.93457844,Sports & Fitness,Gyms & Studios,Gym,Open,+92 316 3028103,nitrogen.com.pk,4.6,41.0,35.33,People typically spend up to 1.5 hours here,03-2025
d8ed927c091c3032576a7b6fb7101ffa,Smart Gym By ZOHAIB,Pakistan,Faisalabad,"1st Floor, Bank Alfalah, Chak 208 Rd, opposite to Main Gate of, Model City 1 Eden Valley, Faisalabad, 38000, Pakistan",38000,73.14932759,31.42778029,Sports & Fitness,Gyms & Studios,Gym,Open,+92 333 9946801,instagram.com,4.9,160.0,55.83,People typically spend up to 1 hour here,03-2025
1a107011e27340cc021e7b085e4c8b58,WISDOM GYM & Fitness Centre,Shahdara Town,Shahdara,"Lahore shahdra, makbara jahangeer, Shahdara Town, Lahore, Shahdara, 54950, Pakistan",54950,74.29683584,31.62051717,Sports & Fitness,Gyms & Studios,Gym,Open 24 hours,+92 302 4777225,youtube.com,4.8,74.0,40.83,People typically spend up to 1 hour here,03-2025
6ea5f510d9d755edcb98349ff8cca0c8,X Freak Fitness,Punjab,Lahore,"Wadhat, Link Road, Lahore, 54000, Pakistan",54000,74.31223532,31.52042367,Sports & Fitness,Gyms & Studios,Gym,Open,+92 318 0425362,xfreakfitness.com,4.9,48.0,33.17,People typically spend up to 1 hour here,03-2025
131ea8565fe6f77fe361547a3cf2b956,Invictus,Islamabad Capital Territory,Islamabad,"Second Floor, Zarpar Arcade, Major Rd 2, D-12 Markaz D 12 Markaz D-12, Islamabad, 44000, Pakistan",44000,72.94511762,33.70387865,Sports & Fitness,Gyms & Studios,Gym,Open,+92 51 8740870,instagram.com,4.4,37.0,40.86,People typically spend up to 1.5 hours here,03-2025
3a3da0f1b62616d05f4791a4bccdd233,Sports Pavilion Karachi,UC-10 Pehalwan Goth,Karachi,"Plot number, SB 3 Main University Rd, Block 1-A Block 1 A Gulistan-e-Johar, Karachi, 74200, Pakistan",74200,67.12485243,24.93311588,Sports & Fitness,Gyms & Studios,Fitness center,Open,+92 321 8755734,facebook.com,4.0,448.0,60.17,People typically spend up to 2 hours here,03-2025
f9102be664c0e99c604ad3ff2e96bcc8,Sportswing,UC-6 P.e.c.h.s 1,Karachi,"171-B, Block 3 P.E.C.H.S., Karachi, 75000, Pakistan",75000,67.05901663,24.87647238,Sports & Fitness,Ball Sports,Futsal court,Open,+92 324 1541163,docs.google.com,4.2,210.0,35.57,People typically spend up to 2.5 hours here,03-2025
285a043448081efff40ee6676ca086bc,Muscles and Fitness gym Shikarpur,Shikarpur,Shikarpur,"Circular Rd, siddique maari, Shikarpur, 78100, Pakistan",78100,68.62525673,27.95453645,Sports & Fitness,Gyms & Studios,Gym,Open,+92 333 7277064,musclesandfitness.pk,4.9,74.0,53.33,People typically spend up to 1.5 hours here,03-2025
1ba254bce4d3d195b533c4fb6ad8372a,Get Smart Gym Malir Cantt,Sindh,Karachi,"New Air Defence Mart Complex, Malir Cantonment, Karachi, 75080, Pakistan",75080.0,67.1796365,24.93300293,Sports & Fitness,Gyms & Studios,Gym,Open,+92 21 34900300,chainofgetsmartgym.com,4.3,22.0,34.33,People typically spend up to 2 hours here,03-2025
4bb531f211db195130888121d0ea0f6e,The Marksman Arena,Sindh,Karachi,"Plot # 2 & 2A, Survey 86 Korangi Creek Rd, Korangi Creek, Karachi, 75190, Pakistan",75190,67.11891721,24.81007781,Sports & Fitness,Paintball & Laser,Paintball center,Open,+92 333 1114536,marksman.pk,4.0,105.0,32.43,People typically spend up to 2.5 hours here,03-2025
61f6366fdb791a190bc09524397d2793,Irtiqa Fitness Club (Ladies Gym | Female Staff),Pakistan,Lahore,"Jamal Chowk, 13-C, Johar Town, Lahore, 54000, Pakistan",54000,74.29618242,31.45589288,Sports & Fitness,Gyms & Studios,Fitness center,Open,+92 333 4285134,facebook.com,4.8,88.0,39.17,People typically spend up to 1.5 hours here,03-2025
49b0153fd810ea03b5ff39e1560dce79,Fitness Republic Gym,Sector M,Lahore,"Building No 35, Defence Raya Golf Resort Sector M DHA Phase 6, Lahore, 54000, Pakistan",54000,74.46677577,31.47334498,Sports & Fitness,Gyms & Studios,Gym,Open,+92 326 4014269,instagram.com,4.7,80.0,42.0,People typically spend up to 3 hours here,03-2025
27ad08ee4ea070b6c0dd573fc2eab333,Karve Gym,Sector M,Lahore,"Dha Phase 6 Fairways Raya Commercial | Plaza 25,26 Raya Fairways Commercial, DHA VI Lahore, 54000, Pakistan",54000,74.46635082,31.47336664,Sports & Fitness,Gyms & Studios,Fitness center,Open,+92 322 8000020,karvegym.com,4.4,30.0,47.0,People typically spend up to 1.5 hours here,03-2025
c9afb1af5425eab02bc219afc701f094,Fitness Garage,Taj Bagh,Lahore,"Tajpura Scheme Rd, opposite PSO Petrol Pump, Tajpura, Lahore, 54000, Pakistan",54000,74.3982693,31.56269162,Sports & Fitness,Gyms & Studios,Gym,Open,+92 312 4377077,fitness17.odoo.com,4.8,46.0,32.17,People typically spend up to 4 hours here,03-2025
ce726bd7ff6bb28d637fe1b557aace92,zero,Sector B2,Lahore,"House No 4, Block No.1, Sector B2, Hafiz Ali Rd, Township Lahore, 54770, Pakistan",54770.0,74.29984865,31.45502195,Sports & Fitness,Gyms & Studios,Exercise equipment store,Open,+92 307 9349007,zerohealthcare.com.pk,4.6,95.0,54.57,People typically spend up to 4 hours here,03-2025
de37e2aeae9da0c1e09cae3b706e18ed,Kinetic Fitness Studio,Punjab,Lahore,"Stulj Block, Moon Market, Basement Sidhu Trade Center, Allama Iqbal Town, Lahore, 56000, Pakistan",56000,74.28914795,31.52114397,Sports & Fitness,Gyms & Studios,Gym,Open,+92 308 4447322,kineticfitnesslhr.com,4.9,120.0,36.17,People typically spend up to 3 hours here,03-2025
71ccbefe0ca61e2b156efc031bbb9adc,Fitness 360º,Pakistan,Lahore,"C-25, Block E PGECHS 2, Lahore, 54770, Pakistan",54770.0,74.2744155,31.4214187,Sports & Fitness,Gyms & Studios,Gym,Open,+92 303 4801901,instagram.com,4.6,243.0,47.0,People typically spend up to 1 hour here,03-2025
a2be0acb6a137085647d9ac75fc17062,Fitness Guru Gym,Rangeel Pur,Multan,"Al Tamash Rd, gujjar khady shafat Colony, Multan, 60000, Pakistan",60000.0,71.44195289,30.18733357,Sports & Fitness,Gyms & Studios,Gym,Open,+92 332 6353535,instagram.com,4.7,39.0,38.29,People typically spend up to 1.5 hours here,03-2025
e2d515d46a158de33d347024771fb36a,Matrix Health & Fitness,Pakistan,Lahore,"72-77 Bank Square Market, Model Town, Model Town, Lahore, 54700, Pakistan",54700.0,74.32277458,31.48872585,Sports & Fitness,Gyms & Studios,Gym,Open,+92 42 35881272,facebook.com,4.3,143.0,61.17,People typically spend up to 1.5 hours here,03-2025
6da7d9b40c7306b9444da18f411b0ba7,Gym Box,South Asia,Mirpur,"Allama Iqbal Road, Nangi Chock, Mirpur A.K Mirpur azad kashimr, 10250",10250.0,73.73133616,33.14850218,Sports & Fitness,Gyms & Studios,Gym,Open,+92 300 5565067,facebook.com,4.2,94.0,39.83,People typically spend up to 1 hour here,03-2025
8439979ebde4c2712e09f2ad7a003612,TRIFIT Plus (Seaview),Sindh,Karachi,"63C Khayaban-e-Muslim, D.H.A Phase 6 Muslim Commercial Area Phase 6 Defence Housing Authority, Karachi, 75500, Pakistan",75500.0,67.05167767,24.77960182,Sports & Fitness,Gyms & Studios,Gym,Open,+92 333 1874348,trifit.com.pk,4.7,962.0,46.71,People typically spend up to 1.5 hours here,03-2025
ad4ac4a43224eb93d92bbe5cbc7ea3fc,Anatomy Health Club,Islamabad Capital Territory,Islamabad,"GROUND FLOOR AND BASEMENT, EXECUTIVE, HB TOWER, BLOCK, Gulberg Greens Islamabad, 45720, Pakistan",45720.0,73.14780716,33.60220764,Sports & Fitness,Saunas & Spas,Spa and health club,Open 24 hours,+92 337 0007111,anatomy.pk,4.9,35.0,40.67,People typically spend up to 2 hours here,03-2025
3623e0b7c2aa5a120a6f04200db50e54,Shan Gym,Punjab,Lahore,"a، 26 Queen's Road, Mozang Chungi, Lahore, 54000, Pakistan",54000,74.31641789,31.55225238,Sports & Fitness,Gyms & Studios,Gym,Open,+92 322 8881080,facebook.com,3.9,73.0,28.14,People typically spend up to 1 hour here,03-2025
1968a5b72c1fcd917f9a8bce10b5c774,Derma Roller in Pakistan,Punjab,Lahore,"Shalimar Larechs Colony, Lahore, 54840, Pakistan",54840,74.37721361,31.56471929,Sports & Fitness,Gyms & Studios,Gym,Open,+92 345 1110956,codshopping.pk,4.3,21.0,39.14,People typically spend up to 2 hours here,03-2025
5bc15cab91ca3a4edbcf9bc96b17579c,CricBox Indoor Cricket Rooftop,Township,Lahore,"CricBox Indoor Cricket Rooftop, Sector B-1 Block 10 Sector B 1 Lahore, 54700, Pakistan",54700.0,74.30827477,31.46585595,Sports & Fitness,Recreation Centers,Indoor playground,Open 24 hours,+92 300 7722543,facebook.com,4.7,20.0,22.71,People typically spend up to 3 hours here,03-2025
b9b729fb9e0f072c1140f4f55615bdae,The Royal Rodale,Sindh,Karachi,"TC-V 34th St, Off Khayaban - e - Seher Phase V Defence V Defence Housing Authority, Karachi, 75500, Pakistan",75500.0,67.04396055,24.79195656,Sports & Fitness,Recreation Centers,Recreation center,Open,+92 21 35856825,royalrodale.com,4.0,1858.0,40.29,People typically spend up to 3 hours here,03-2025
7e9463adbc4fa7e4a83de01c14cdfea2,Marrakech SB,Pakistan,Lahore,"16 Ghalib Rd, Block C Gulberg 2, Lahore, 54000, Pakistan",54000.0,74.33708774,31.52089386,Sports & Fitness,Saunas & Spas,Spa and health club,Open,+92 333 8490555,facebook.com,4.0,408.0,59.43,People typically spend up to 2 hours here,03-2025
fe5eb64670c09a9689ac19423586a8e5,Muscle Matters,Sindh,Karachi,"D.H.A Phase 6 Bukhari Commercial Area Phase 6 Defence Housing Authority, Karachi, 74800, Pakistan",74800.0,67.06434356,24.79222568,Sports & Fitness,Gyms & Studios,Gym,Open,+92 308 3608888,musclematters.co,4.9,24.0,32.5,People typically spend up to 2 hours here,03-2025
ebc33debad4cde0df46f9f94d3334d62,Activated Gym,Punjab,Multan,"Masood METRO Mall, Bosan Rd, opposite BZU, Multan, 60000, Pakistan",60000.0,71.48957625,30.26659963,Sports & Fitness,Gyms & Studios,Gym,Open,+92 306 7299922,theactivatedfitness.com,4.5,80.0,54.5,People typically spend up to 1.5 hours here,03-2025
420e38a371c2f6225c5c67c9aa6e27ca,Vibe Gym Lake City,Pakistan,Lahore,"Business Bay, Block M 1 Lake City, Lahore, 54000, Pakistan",54000.0,74.23621064,31.35494543,Sports & Fitness,Gyms & Studios,Gym,Open,+92 326 4120003,vibegym.pk,4.3,35.0,35.33,People typically spend up to 1.5 hours here,03-2025
c7b2e941fc0235c53abd11f2f4e886e0,Fitness Nation,UC-3 Aisha Manzil,Karachi,"C 15, Block 10 Gulberg Town, Karachi, 75950, Pakistan",75950.0,67.0652426,24.93096884,Sports & Fitness,Gyms & Studios,Gym,Open,+92 300 9248027,facebook.com,4.1,27.0,28.5,People typically spend up to 1.5 hours here,03-2025
5af954d6c7c284f44d45f99f77aa3495,T20 CAFE,Pakistan,Bahawalpur,"Bahawalpur, 63100, Pakistan",63100.0,71.71248279,29.41044294,Sports & Fitness,Recreation Centers,Indoor playground,Open,+92 329 7252209,facebook.com,4.0,30.0,42.71,People typically spend up to 2.5 hours here,03-2025
d5240d60849a92381bdc9190995ea4a1,B Smart Gym,UC-7 P.e.c.h.s 2,Karachi,"Nazrul Islam Rd, Block 2 P.E.C.H.S., Karachi, 79500, Pakistan",79500.0,67.04940411,24.87335545,Sports & Fitness,Gyms & Studios,Gym,Open,+92 333 8800337,facebook.com,4.8,23.0,64.0,People typically spend up to 1 hour here,03-2025
11d03d2cc2f3bb25cddb94afafc9daac,Edge Physique Fitness & Health Care Center,UC-3 Khandu Goth,Karachi,"1st Floor, KDA Chowrangi, Plot no:D9, First Floor, Block A North Nazimabad Town, Karachi, 74601, Pakistan",74601,67.03228859,24.92916934,Sports & Fitness,Gyms & Studios,Gym,Open,+92 333 1155535,facebook.com,4.5,347.0,47.0,People typically spend up to 1.5 hours here,03-2025
ce3ec1324b022a22f35d25d68ee721e7,"BODYTECH, DHA Phase XI (Rahbar) Sports Complex",Pakistan,Lahore,"Bodytech Sports Complex C block Sector 1 DHA Phase 11 (Rahbar 1, Lahore, 54000, Pakistan",54000.0,74.25040972,31.38693178,Sports & Fitness,Recreation Centers,Sports complex,Open,+92 306 0440966,bodytechpk.com,4.4,40.0,43.5,People typically spend up to 1.5 hours here,03-2025
e93a71b58a1f174005f609a4d32ca497,Maxfit Health & Fitness Club,Faisal Town,Islamabad,"Lower Ground, Faisal Square, F-18 A-Block Block A Faisal Town, Islamabad, 44000, Pakistan",44000.0,72.86531055,33.61237365,Sports & Fitness,Gyms & Studios,Gym,Open,+92 51 2720551,maxfit.pk,4.0,83.0,49.5,People typically spend up to 1.5 hours here,03-2025
1e39ceedc395f6d6196298cef37b4ce6,Ra'ad Arena,Rawalpindi Tehsil,Rawalpindi,"Street # 7 Karimpura, Askari X Askari 10 Chaklala Cantt., Rawalpindi, 46000, Pakistan",46000.0,73.07581843,33.58959288,Sports & Fitness,Recreation Centers,Sports complex,Open,+92 302 8939345,facebook.com,4.3,69.0,35.14,People typically spend up to 1.5 hours here,03-2025
1f698c0894a93de7a588e39039028043,Legacy Arena Iqbal Town Lahore,Zeenat Block,Lahore,"Bari Studios, Zeenat Block Allama Iqbal Town, Lahore, 54590, Pakistan",54590.0,74.28054283,31.51885973,Sports & Fitness,Recreation Centers,Sports complex,Open 24 hours,+92 336 4422883,facebook.com,4.1,513.0,27.86,People typically spend up to 1 hour here,03-2025
95d17077fddc2274342130e7bfa38fad,AimFit Fitness Studio,Sector C,Lahore,"Plaza Number 144, sector CCA Phase 5 DHA, Sector C Phase 5 D.H.A, Lahore, 54000, Pakistan",54000.0,74.41332448,31.46291865,Sports & Fitness,Gyms & Studios,Gym,Open,+92 333 3246348,aimfit.com,4.6,123.0,49.0,People typically spend up to 1.5 hours here,03-2025
d918810acca546fcc7d871c127e56e71,Reshape Ladies Fitness Club,Punjab,Lahore,"2, Rehmat market, 2nd floor, Usmania tower, WAPDA Town Lahore, 54770, Pakistan",54770,74.26239436,31.4191222,Sports & Fitness,Gyms & Studios,Gym,Open,+92 315 8046177,facebook.com,4.9,625.0,39.17,People typically spend up to 2 hours here,03-2025
27a9a0d725c5b2cec2f9b0dc3faadab2,ABS Wellness Club,Pakistan,Lahore,"79, Babar Block Garden Town, Lahore, 54000, Pakistan",54000,74.32067626,31.49972759,Sports & Fitness,Gyms & Studios,Fitness center,Open,+92 307 0148821,abswellnessclub.com,4.2,274.0,40.0,People typically spend up to 1.5 hours here,03-2025
46f060abc559e1c5ab21c27d0f4af424,Fitness Fort Gym,Sialkot,Daska,"House of Brands, Nisbat Rd, Daska, 51010, Pakistan",51010,74.34924091,32.33011147,Sports & Fitness,Gyms & Studios,Gym,Open,+92 321 1400000,facebook.com,4.9,139.0,33.29,People typically spend up to 2 hours here,03-2025
063bbfe73b7c49dc0b236f9687ce6f32,Rescue 1122 Swimming Pool,Punjab,Gopi Rai,"Lahore-Islamabad Mtwy, Gopi Rai, 54000, Pakistan",54000.0,74.22236774,31.47157293,Sports & Fitness,Recreation Centers,Indoor swimming pool,Open,+92 333 3331122,rescue.gov.pk,4.7,140.0,75.83,People typically spend up to 2.5 hours here,03-2025
3a61c4f6f3faae0147ee6d1eadd01db0,BodyStation Pakistan,Sindh,Karachi,"Plot No, 64-C Lane 13, D.H.A Phase 6 Bukhari Commercial Area Phase 6 DHA City, Karachi, 75350, Pakistan",75350.0,67.06277529,24.79068828,Sports & Fitness,Gyms & Studios,Gym,Open,+92 21 35161003,m.facebook.com,4.7,167.0,40.33,People typically spend up to 1.5 hours here,03-2025
6339784c7640d2b8ea8b10188e75e12c,Beats Fitness 24/7,Pakistan,Lahore,"24, Ali Block Garden Town, Lahore, 54000, Pakistan",54000.0,74.31868173,31.50183757,Sports & Fitness,Gyms & Studios,Gym,Open 24 hours,+92 320 4027607,highrevenuegate.com,4.6,75.0,36.83,People typically spend up to 1 hour here,03-2025
7d26fd9958b5895ad72ad3c374618943,Fitness Planet Dha Phase 2,Sector T,Lahore,"Civic Commercial Area Sector T DHA Phase 2, Lahore, 54000, Pakistan",54000.0,74.40048281,31.47481794,Sports & Fitness,Gyms & Studios,Gym,Open,+92 306 7269316,instagram.com,4.9,41.0,34.5,People typically spend up to 2.5 hours here,03-2025
89e8ccf8ee67b1dcf6f4f80d3c769bd3,Structure Health & Fitness Gulberg Lahore,Pakistan,Lahore,"39-A Zafar Ali Rd, Gulberg V, Lahore, 54660, Pakistan",54660.0,74.34747134,31.53926511,Sports & Fitness,Gyms & Studios,Gym,Open,+92 322 2295555,structure.com.pk,4.5,410.0,55.29,People typically spend up to 2 hours here,03-2025
b0e5e8b14cd78237a89f00dc3dad2dae,5th Generation Sports Complex,Pakistan,Lahore,"5th Generation, Sports Complex, Sector Y DHA Phase 8, Lahore, 54810, Pakistan",54810.0,74.43094385,31.47325525,Sports & Fitness,Recreation Centers,Sports complex,Open,+92 333 0001333,5thgenerationlahore.com,4.4,850.0,57.14,People typically spend up to 2 hours here,03-2025
3485873c2ea2f0390adcfff9a63c21a4,PREMIUM FITNESS CHAPTER 1.O,UC-2 Sir Syed,Karachi,"2nd Floor, Plot No:A, 901 Shahrah-e-Usman, Sector 11-A North Karachi Twp, Karachi, 75850, Pakistan",75850,67.06303192,24.9811137,Sports & Fitness,Gyms & Studios,Gym,Open,+92 313 2229925,facebook.com,4.4,91.0,36.83,People typically spend up to 1.5 hours here,03-2025
f37d8567eaa4a26f9d99ea140f7510da,AimFit Fitness Studio,Sector Y,Lahore,"167 Street 11, Sector Y DHA Phase 3, Lahore, 54810, Pakistan",54810,74.37517336,31.4724682,Sports & Fitness,Gyms & Studios,Fitness center,Open,+92 331 4661159,aimfit.com,4.7,99.0,47.5,People typically spend up to 2 hours here,03-2025
70a3727283382b6edddb5538fc254a22,Genesis Fitness Club,Punjab,Lahore,"4 R2، Khayaban-e-Firdousi, Block R 2 Phase 2 Johar Town, Lahore, 54770, Pakistan",54770.0,74.27278131,31.45431944,Sports & Fitness,Gyms & Studios,Gym,Open,+92 304 4190009,facebook.com,4.2,290.0,44.67,People typically spend up to 1.5 hours here,03-2025
08f93520c1cafe8ee5ae39a4b5c553f6,XnF Health Center,Pakistan,Lahore,"150 A, New Muslim Town Ahmed Block Lahore, 54600, Pakistan",54600.0,74.31702635,31.50715074,Sports & Fitness,Gyms & Studios,Gym,Open,+92 42 35913022,facebook.com,4.1,192.0,50.5,People typically spend up to 1.5 hours here,03-2025
7bd3e48228ee7b13c4614e963fe51b34,Physiques Fitness Gym,Punjab,Lahore,"315, H3, Expo Center Rd, Block H 3 Phase 2 Johar Town, Lahore, 54000, Pakistan",54000.0,74.25796833,31.46855463,Sports & Fitness,Gyms & Studios,Gym,Open,+92 42 35311200,physiques.fit,4.5,651.0,57.17,People typically spend up to 1.5 hours here,03-2025
5657106800ea34b4474c32121c883256,"Fitness 360 Male Section - Model Town, Bahawalpur",Punjab,Bahawalpur,"Main Railway Rd، opposite Junaid Jamshed, Model Town, Bahawalpur, 63100, Pakistan",63100.0,71.6526795,29.40044651,Sports & Fitness,Gyms & Studios,Gym,Open,+92 319 7780360,youtu.be,4.6,91.0,56.57,People typically spend up to 1.5 hours here,03-2025
0ba43e42c6bf914f5d2dcf4a46ec4010,Xfitness Gym,Pakistan,Lahore,"2nd floor, Ali hajvery market, Allah Hoo Chowk, Block E Phase 1 Johar Town, Lahore, 54782, Pakistan",54782.0,74.29570044,31.46935614,Sports & Fitness,Gyms & Studios,Gym,Open 24 hours,+92 321 3733836,xfitnesspakistan.com,4.5,95.0,41.29,People typically spend up to 1.5 hours here,03-2025
fb6ae110dc56597763c6dfd58fbf9e04,MY GYM By Bikku,Sindh,Karachi,"15-C MAIN NISHAT, D.H.A Phase 6 Ittehad Commercial Area Phase 6 ROAD, Karachi, 75500, Pakistan",75500.0,67.07212116,24.8008437,Sports & Fitness,Gyms & Studios,Gym,Open,+92 309 3300011,bikkumygym.com,4.5,403.0,47.57,People typically spend up to 1.5 hours here,03-2025
96d5b2b0af2b869305fb1afcc46c413e,Fitness Must,Sindh,Karachi,"101-C, Off Khy-e-Jami, 103-C Jami Commercial Street 11, D.H.A. Phase 7 Phase 7 Karachi, 75500, Pakistan",75500,67.06853626,24.82968512,Sports & Fitness,Gyms & Studios,Gym,Open,+92 300 2246623,facebook.com,4.6,67.0,51.17,People typically spend up to 1.5 hours here,03-2025
125feb257b2f0f744dbbf2a8225463f4,BODYLINE GYM SAMANABAD,Samanabad,Lahore,"Samanabad Town, Lahore, 54600, Pakistan",54600,74.3023553,31.54053943,Sports & Fitness,Gyms & Studios,Gym,Open,+92 322 8888519,facebook.com,4.1,76.0,68.5,People typically spend up to 1.5 hours here,03-2025
100fc6d9400498b89c934b4b256b3ca3,Endurance Fitness Centre And Gym,Punjab,Multan,"B1, Chowk, Model Town Blvd, adjacent AdShare Pvt.Ltd, Model Town B Block B Model Town, Multan, 60000, Pakistan",60000,71.49464979,30.2439392,Sports & Fitness,Gyms & Studios,Gym,Open 24 hours,+92 309 2222101,endurance.com.pk,4.5,278.0,45.0,People typically spend up to 1.5 hours here,03-2025
f097e8eaf9360540f0015210c2cd0c12,Karachi Executive Gym for Ladies and Gents,UC-10 Pehalwan Goth,Karachi,"Block 10-A Block 10 A Gulshan-e-Iqbal, Karachi, 75300, Pakistan",75300,67.1094789,24.91200885,Sports & Fitness,Gyms & Studios,Gym,Open,+92 312 9090455,m.facebook.com,4.5,131.0,34.5,People typically spend up to 45 min here,03-2025
8910ec3b742acc42bb0d3e4a1d99334a,Moon Star Arms Company,Pakistan,Peshawar,"Industrial Estate, Kohat Rd, Akbar Colony, Peshawar, 25000, Pakistan",25000.0,71.55544386,33.98104174,Sports & Fitness,Shooting & Gun Ranges,Gun shop,Open,+92 300 9000093,facebook.com,4.2,113.0,69.17,People typically spend up to 2.5 hours here,03-2025
bdb9b7841d975978de293c271c9859d9,Kims indoor cricket academy,Rahim Yar Khan,Rahim Yar Khan,"Canal Rd, opposite unique academy, Rahim Yar Khan, 64200, Pakistan",64200,70.33296078,28.40213214,Sports & Fitness,Ball Sports,Cricket ground,Open 24 hours,+92 300 2019915,facebook.com,4.4,30.0,20.71,People typically spend up to 2.5 hours here,03-2025
3047fd256051b3a8d7bc715a8649993e,Brian47 Fitness Club,Punjab,Lahore,"49-A (REHS, Shadewal Chowk Main Blvd, Block A Revenue Society Block A Johar Town, Lahore, 54000, Pakistan",54000.0,74.27588662,31.45660236,Sports & Fitness,Gyms & Studios,Fitness center,Open 24 hours,+92 300 4432125,brian47.com,4.5,62.0,33.14,People typically spend up to 2 hours here,03-2025
098b01ae364bf18056fca0d386a5682e,C3 FITNESS,UC-11 Kehkeshan,Karachi,"Address BS, Gw tower building, 3, Block 2 Clifton, Karachi, 75600, Pakistan",75600,67.01703188,24.81447084,Sports & Fitness,Gyms & Studios,Gym,Open,+92 311 9678635,c3fitness.com.pk,4.6,60.0,35.86,People typically spend up to 2 hours here,03-2025
6ab47398d9f3a71cd7af79d47acd7584,Elixir Arena,UC-4 Hyderi,Karachi,"Street 1, Block G North Nazimabad Town, Karachi, 75950, Pakistan",75950,67.04554968,24.93255256,Sports & Fitness,Ball Sports,Cricket ground,Open 24 hours,+92 339 4120006,sportefyapp.com,4.7,73.0,16.86,People typically spend up to 3.5 hours here,03-2025
5e854868ffb53b8a0608b51ea6d650e0,Disney Club Sukkur,Sukkur,Sukkur,"Shop under, Hussian heights, near gosht market and fire brigade office, Sukkur, 65200, Pakistan",65200,68.86956123,27.69305848,Sports & Fitness,Recreation Centers,Indoor playground,Open,+92 300 3186585,facebook.com,4.2,27.0,62.43,People typically spend up to 1.5 hours here,03-2025
ff2a8bbc4b6b383c4c877e2d0a1de66a,T.A.P-Center 🏼‍ ️,Sindh,Karachi,"89/2/1, Lane, 15 Khayaban-e-Seher, D.H.A. Phase 7 Defence Housing Authority, Karachi, 74500, Pakistan",74500,67.07221426,24.81830774,Sports & Fitness,Gyms & Studios,Fitness center,Open,+92 322 2696073,forms.gle,4.9,26.0,28.71,People typically spend up to 2 hours here,03-2025
a749792af1062dc880f58364b133d5ee,Alphalete Fitness,Sector XX,Lahore,"6/1 Block X-B-XX (CCA) Phase 3, Khayaban-e-Iqbal, DHA Cantt, Lahore, 54792, Pakistan",54792.0,74.35505954,31.47241841,Sports & Fitness,Gyms & Studios,Gym,Open,+92 300 8886191,,4.5,73.0,53.6,People typically spend up to 2 hours here,03-2025
bf63822167cb925a6923a73a77a0dcab,German Fitness & Sports,Sahiwal Tehsil,Sahiwal,"68-A، Main Fateh Sher Road, Fateh Sher Colony, Sahiwal, Pakistan",,73.10603232,30.67379831,Sports & Fitness,Gyms & Studios,Gym,Open,+92 300 9692474,german.pk,4.2,150.0,40.86,People typically spend up to 2 hours here,03-2025
b970bf8efa1b97fe4b1f8f7f77ef755c,Imran Khan Cricket Ground,UC-9 Gulshan-e-iqbal 2,Karachi,"Plot ST 16, Block 6 Gulshan-e-Iqbal, Karachi, Pakistan",,67.09410686,24.92041177,Sports & Fitness,Ball Sports,Cricket ground,Open 24 hours,+92 312 8870614,facebook.com,4.3,354.0,30.0,People typically spend up to 4 hours here,03-2025
8a666a5eee725cdf7fcd62001f27a9c5,Atif Mehmood Power Fitness Gym,Punjab,Gujranwala,"Delta Rd, Khokhar Ke, Gujranwala, 55250, Pakistan",55250.0,74.20126547,32.17196743,Sports & Fitness,Gyms & Studios,Gym,Open,+92 307 6465761,,4.5,45.0,55.5,People typically spend up to 1 hour here,03-2025
9ea90672314bba1287ee80db05ac84ab,Fury MMA Club,Punjab,Lahore,"Plot 301, Block A1 Block A 1 Phase 1 Johar Town, Lahore, 54770, Pakistan",54770.0,74.30204418,31.46481239,Sports & Fitness,Ball Sports,Sports club,Open,+92 334 4539222,facebook.com,4.9,41.0,34.8,,03-2025
66ce311f8fb5be548dde112dc908b750,Junzi wellness and beauty center,Pakistan,Lahore,"43/1 Main Gulberg Rd, Main Gulberg, Lahore, Pakistan",,74.34177928,31.53087481,Sports & Fitness,Saunas & Spas,Spa,Open,+92 42 35752329,m.facebook.com,4.7,223.0,48.86,People typically spend up to 2.5 hours here,03-2025
dfd63ff621b22186f6708eb70a5b552c,Black Hawk۔ بلیک ہاک,UC-9 Mujahid Colony,Karachi,"Nazimabad Number 2 Block 2 Nazimabad, Karachi, 74600, Pakistan",74600.0,67.03135756,24.90294279,Sports & Fitness,Gyms & Studios,Gym,Open,+92 314 2361015,,4.4,81.0,43.67,People typically spend up to 1 hour here,03-2025
589ec54c56cc3476528f36cb8edd19f5,Khattak & Company,Rawalpindi Tehsil,Rawalpindi,"Shop G-241, Liaquat Rd Gawalmandi, Chowk, Naya Mohalla, Rawalpindi, 46000, Pakistan",46000.0,73.05775198,33.60906532,Sports & Fitness,Shooting & Gun Ranges,Gun shop,Open,+92 333 9871510,,4.1,14.0,40.67,People typically spend up to 1.5 hours here,03-2025
4595e222f55592c215f961ae5f4aa0f5,International Gym,Pakistan,Lahore,"‏Main Blvd Gulshan-e-Ravi, E Block Block E Gulshan-e-Ravi, Lahore, 54000, Pakistan",54000.0,74.27943469,31.55032594,Sports & Fitness,Gyms & Studios,Gym,Open,+92 300 4159778,wnbfpakistan.pk,4.3,41.0,43.86,,03-2025
22c49754953a2b8ad23e3cfde161495b,Play on Model Town,Pakistan,Lahore,"R Block Block R Model Town, Lahore, Pakistan",,74.32859652,31.47345251,Sports & Fitness,Recreation Centers,Sports complex,Open 24 hours,+92 302 8804976,facebook.com,4.2,1673.0,43.29,People typically spend up to 2 hours here,03-2025
19c39188f6ddcfca4f3dc1c8b7f43943,Body Fit Gym,Islamabad Capital Territory,Islamabad,"office 1 , ground floor rehman plaza, G-11 Markaz G 11 Markaz G-11, Islamabad, 44000, Pakistan",44000,72.99812228,33.66856744,Sports & Fitness,Gyms & Studios,Gym,Open,+92 304 1118313,,4.2,183.0,40.86,People typically spend up to 1.5 hours here,03-2025
7593eed72819026b0cac485a631b975b,House Of Pain Gym,Sadiqabad,Rawalpindi,"Plot # BIV 519, Muslim Town, Rawalpindi, 46000, Pakistan",46000,73.08841838,33.62970494,Sports & Fitness,Gyms & Studios,Gym,Open,+92 333 5727577,facebook.com,4.3,117.0,,People typically spend up to 1.5 hours here,03-2025
6e2595dfb238c0a46a7ecfa588c78169,Paragon Cricket Club,Pakistan,Lahore,"House 152 North Road, PR Griffin Ground, Mughalpura, Lahore, 54000, Pakistan",54000,74.36945454,31.56205928,Sports & Fitness,Ball Sports,Cricket club,Open,+92 307 4242089,wordpress.com,4.3,100.0,47.17,,03-2025
41ec860ea29e43d98991a3b3c51546df,Jalalpur United Football Ground,Punjab,Jalalpur Jattan,"Riaz Dar Street, Kharian - Jalalpur Jattan Rd, Jalalpur Jattan, 50780, Pakistan",50780,74.20986562,32.65030468,Sports & Fitness,Ball Sports,Football club,Open 24 hours,+92 342 6318916,facebook.com,4.3,30.0,37.43,,03-2025
2604f906944f89c367a115d9b3e565d9,Jhelum Municipal Cricket Stadium,Pakistan,Jhelum,"Stadium Road, Jhelum Cantt, Jhelum, 49600, Pakistan",49600,73.72571398,32.92377674,Sports & Fitness,Stadiums & Arenas,Stadium,Open,+92 544 9270098,punjab.gov.pk,4.1,275.0,30.14,,03-2025
f1d5ddb9b5593466bb6c3e3c26f3705b,Fitness Planet dha phase 6,Sector C,Lahore,"47 cca c, Sector C c block DHA Phase 6, Lahore, 54000, Pakistan",54000,74.44801096,31.46887513,Sports & Fitness,Gyms & Studios,Fitness center,Open,+92 306 7269316,instagram.com,4.5,36.0,34.17,,03-2025
3c94e1682c12702a6e094b0da706f513,The Power Gym,Pakistan,Faisalabad,"Block B Muslim Town, Faisalabad, 38000, Pakistan",38000,73.08673256,31.45594291,Sports & Fitness,Gyms & Studios,Gym,Open,+92 324 7656258,,4.3,28.0,35.33,People typically spend up to 1.5 hours here,03-2025
a6ad251c5d8590a3c27e20153869f790,ALI'S GYM AND FITNESS CENTER,Taraf Mubarik Doim,Multan,"Ali's Gym ladies and gents fitness center, Bosan Rd, near Toyota Moters, Shalimar Colony, Multan, 60650, Pakistan",60650.0,71.48112075,30.24139292,Sports & Fitness,Gyms & Studios,Gym,Open,+92 333 6902005,,4.1,55.0,32.5,People typically spend up to 1.5 hours here,03-2025
d5cde24d988f74220a21d9d78f809e5a,Pure Muscle n fitness gym multan,Tariqabad,Multan,"1ST FLOOR, MCB Bank, MDA Rd, Tariqabad, Multan, 66000, Pakistan",66000.0,71.44744029,30.20950395,Sports & Fitness,Gyms & Studios,Gym,Open,+92 311 6782010,,4.8,49.0,53.33,People typically spend up to 1.5 hours here,03-2025
680d9555c9d8448616274aeed2486a0d,Get Smart Gym Gulshan,UC-8 Jamali Colony,Karachi,"Sawana City, Mezzanine floor, Block 13D-2, Sehba, Sahba Akhtar Rd, Gulshan-e-Iqbal, Karachi, Pakistan",,67.06986031,24.90680437,Sports & Fitness,Gyms & Studios,Gym,Open,+92 21 34173773,chainofgetsmartgym.com,4.2,237.0,39.17,People typically spend up to 1.5 hours here,03-2025
6d9e4c3cc74f74984d42da64a2727ccb,The Spartan Square Ladies & Gents Gym,Timber Market,Lahore,"Ravi Rd, Plot 4 Timber Market Rd, Timber Market, Lahore, 54000, Pakistan",54000.0,74.29840449,31.59774079,Sports & Fitness,Gyms & Studios,Gym,Open 24 hours,+92 324 4774844,,4.4,127.0,39.0,People typically spend up to 1.5 hours here,03-2025
af40d4a3f59f76ee7e98b9b66f0283cd,Golazo,Punjab,Lahore,"Jan Muhammad Road, Sunfort Garden Housing Society, Lahore, Pakistan",,74.24917558,31.44789668,Sports & Fitness,Recreation Centers,Sports complex,Open 24 hours,+92 348 6052981,facebook.com,4.1,1069.0,15.43,People typically spend up to 1 hour here,03-2025
cb8538e2c07ca7dba8a68c7b3b485868,Fitness Emporium,Pakistan,Faisalabad,"Hassan Shopping Mall، Shop No 1, 2,3, Lower ground، Ripple Plaza lane, Block C People's Colony No 1, Faisalabad, 38000, Pakistan",38000.0,73.10836052,31.40990026,Sports & Fitness,Gyms & Studios,Exercise equipment store,Open,+92 41 8543624,,4.1,77.0,37.83,People typically spend up to 3.5 hours here,03-2025
d6a26636087dad8aff93fd73a7e0eaa6,Be Legend Fitness Club,Pakistan,Lahore,"8-c Main, near faysal bank, Faisal Town, Lahore, 54000, Pakistan",54000.0,74.30697148,31.47356176,Sports & Fitness,Gyms & Studios,Fitness center,Open,+92 316 4609209,,4.7,89.0,45.33,People typically spend up to 1.5 hours here,03-2025
1524ed630871b114f5bcb4fd5c34815e,Crossfit Gym Firdous Branch Gulberg,Pakistan,Lahore,"Al-Mateen Majestic Plaza Firdous Market, 31 m Firdous Mkt Rd, 31 m Block J Gulberg III, Lahore, 54000, Pakistan",54000.0,74.34598337,31.50046935,Sports & Fitness,Gyms & Studios,Fitness center,Open,+92 322 2262888,,4.7,234.0,64.83,People typically spend up to 1.5 hours here,03-2025
c464af8168656ebe315d09a6287dd3c3,Royal arms Habib,Pakistan,Peshawar,"Alfalah twin tower, Lala Rukh Colony, Peshawar, 25000, Pakistan",25000.0,71.5586535,33.98834172,Sports & Fitness,Shooting & Gun Ranges,Gun shop,Open,+92 332 2829363,youtube.com,2.5,21.0,48.5,,03-2025
1beb6a0811b6156cbfdd1338097ba837,IRON LODGE GYM,Islamabad Capital Territory,Islamabad,"Merium enclave plaza, Street 109, G-13/1 G 13/1 G-13, Islamabad, Pakistan",,72.96179345,33.64569373,Sports & Fitness,Gyms & Studios,Gym,Open,+92 332 5158779,facebook.com,4.4,178.0,52.0,People typically spend up to 1.5 hours here,03-2025
4abf4a076a90d8b455fc3501f1afee4d,Head Onn Gym | Best gym for Males | Best gym for Females | Air Conditioned Gym,Punjab,Lahore,"Basement of JS Bank, Tariq Centre, Zarrar Shaheed Rd, Shahid Town Guldasht Town, Lahore, 54000, Pakistan",54000.0,74.41593094,31.54562738,Sports & Fitness,Gyms & Studios,Gym,Open,+92 309 6489009,,4.3,107.0,34.14,People typically spend up to 1.5 hours here,03-2025
a8caf617da15ade0c086f190869333f3,FOCUS - Health & Fitness,Pakistan,Faisalabad,"Makkah Commercial Market, 208-Chak Road, Canal Expy, Eden Valley, Faisalabad, 38000, Pakistan",38000.0,73.15020984,31.42983545,Sports & Fitness,Gyms & Studios,Gym,Open,+92 313 9141414,,4.4,100.0,41.0,People typically spend up to 1.5 hours here,03-2025
5cfdfe601fc742772ffae384320504f1,EPIC Gaming Lounge,Shad Bagh,Bagh,"Amir Rd, Shad, Bagh, 54000, Pakistan",54000.0,74.33916513,31.60224228,Sports & Fitness,Recreation Centers,Recreation center,Open,+92 300 5105851,facebook.com,4.1,16.0,34.29,,03-2025
5f0e99218148acca6b46f2045b9445b6,Structure Health & Fitness,Punjab,Lahore,"590، opposite Emporium Mall, Block H-3 Block H 3 Phase 2 Johar Town, Lahore, Pakistan",,74.26080117,31.46796252,Sports & Fitness,Gyms & Studios,Gym,Open,+92 322 2265559,structure.com.pk,4.2,443.0,56.33,People typically spend up to 1.5 hours here,03-2025
659c9fb1451d9065f1e3a7ebf44d568c,Pak Parkour Academy,Quetta,Quetta,"Main Master Mehdi Rd, near Safa Restaurant, Hazara Town, Quetta, 08752, Pakistan",8752.0,66.95861515,30.17893885,Sports & Fitness,Ball Sports,Sports club,Open,+92 342 8164487,instagram.com,4.4,13.0,51.83,,03-2025
b61f8e42f64d2655575f1bf2118887fa,Kak's Fight Club,Rawalpindi,Rawalpindi,"Street No. 28 Leaders Ave, Naseerabad, Rawalpindi, 46000, Pakistan",46000.0,72.97301942,33.62662345,Sports & Fitness,Martial Arts & Dojos,Muay Thai boxing gym,Open,+92 312 5119938,,4.8,115.0,54.33,People typically spend up to 1 hour here,03-2025
6b10800dcffb415bdb5ac907ad8dca2d,Diamond Cricket Ground,Islamabad Capital Territory,Islamabad,"Block, Ibn-e-Sina Rd, G-8/2 G 8/2 G-8, Islamabad, Pakistan",,73.03890585,33.69939721,Sports & Fitness,Ball Sports,Cricket ground,Open,+92 307 8076423,facebook.com,4.5,324.0,59.43,People typically spend up to 3.5 hours here,03-2025
325172f6d05a6ff07e897e757694c414,The Oxygen Fitness Gym,Stadium Commercial Area,Karachi,"42C, 1st Floor, Stadium Lane, 03 Khayaban-e-Mujahid, Stadium Commercial Area Defence V Defence Housing Authority, Karachi, 75500, Pakistan",75500.0,67.04802735,24.81247225,Sports & Fitness,Gyms & Studios,Fitness center,Open,+92 344 2522206,,4.7,50.0,26.67,People typically spend up to 1.5 hours here,03-2025
13986d1ee71531a1f0d8261dac976d67,Goals Gym,Pakistan,Faisalabad,"9-D, Galaxy Madina Plaza, Jaranwala Rd, behind Alfathe Store, Kohinoor City Faisalabad, 38000, Pakistan",38000.0,73.11487876,31.41114454,Sports & Fitness,Gyms & Studios,Gym,Open,+92 300 7647602,,4.3,42.0,36.57,People typically spend up to 1.5 hours here,03-2025
eb5a71b89c7960f523ddbda5bf2215fa,Elite Fitness,Pakistan,Lahore,"Muslim Colony Lahore, 54000, Pakistan",54000.0,74.3802091,31.58015997,Sports & Fitness,Gyms & Studios,Gym,Open,+92 320 6274545,,4.5,31.0,40.33,People typically spend up to 1.5 hours here,03-2025
685b2c0e72bf58a6db067e757334c755,Life Fitness Gym,Gujjar Khadda,Multan,"Al Tamash Rd, Gujjar Khadda Adali Colony, Multan, 60000, Pakistan",60000.0,71.44373696,30.1872126,Sports & Fitness,Gyms & Studios,Gym,Open,+92 333 8047935,,4.6,85.0,43.0,People typically spend up to 1 hour here,03-2025
bf6121b3b0d0e3baeaf696d5d93efa1a,Karate Training Center (W.K.O Shinkyokushinkai Pakistan Honbu),Railway Colony,Lahore,"Burt Hall, Railway Colony Garhi Shahu, Lahore, 54900, Pakistan",54900.0,74.34013885,31.56857649,Sports & Fitness,Martial Arts & Dojos,Karate school,Open,+92 300 8000494,facebook.com,4.6,85.0,,People typically spend up to 2 hours here,03-2025
8187385d9b4da4b77050dcda2e05b228,Chain Of Body Master Gym,UC-5 Mehmoodabad,Karachi,"B-163, behind bin ahmed store, Karachi Administration Employees Housing Society Block 5 KAECHS, Karachi, 75460, Pakistan",75460.0,67.07844692,24.86194398,Sports & Fitness,Gyms & Studios,Gym,Open,+92 321 9243021,,4.6,75.0,39.5,People typically spend up to 1 hour here,03-2025
9b7a065252be15f79916659b392eca07,Park N Play,Pakistan,Lahore,"Block R1 Block R 1 Phase 2 Johar Town, Lahore, Pakistan",,74.26801283,31.45202412,Sports & Fitness,Recreation Centers,Sports complex,Open 24 hours,+92 327 0374474,instagram.com,4.0,153.0,36.14,People typically spend up to 4 hours here,03-2025
9f35658c621d84608c274a16cfa1caf7,Steel Gym (Jamshed Road),UC-10 Jamshed Qurts,Karachi,"New MA Jinnah Rd, Fatima Jinnah Colony, Jamshed Quarters, Karachi, Sindh, Shikarpur Colony, Pakistan",,67.04781138,24.88135618,Sports & Fitness,Gyms & Studios,Gym,Open,+92 307 6619815,facebook.com,4.3,232.0,36.43,People typically spend up to 1.5 hours here,03-2025
930f04e6b9a76fce312e56d784fdb1f1,5 Star Lion Gym,Islamabad Capital Territory,Islamabad,"Golra E-11, Islamabad, 44000, Pakistan",44000.0,72.97264933,33.68989893,Sports & Fitness,Gyms & Studios,Gym,Open 24 hours,+92 311 5851508,,4.6,64.0,29.14,People typically spend up to 1.5 hours here,03-2025
3a640c5fe8cb9fe5ca7bb5a096268c86,The Bike Shed,Sindh,Karachi,"96/1, Street 13, Khayaban e seher, D.H.A Phase 6, Phase 6 Defence Housing Authority, Karachi, 75500, Pakistan",75500.0,67.05888489,24.80369311,Sports & Fitness,Other Outdoor & Lawn Sports,Bicycle club,Open,+92 336 0308432,facebook.com,4.4,19.0,31.86,,03-2025
edad5dee1ad30312be351040ff00485e,Muscle World,Islamabad Capital Territory,Islamabad,"Shahwez Centre, basement F-8 Markaz, 首都区, F 8 Markaz F-8, Islamabad, Pakistan",,73.03532237,33.71158182,Sports & Fitness,Gyms & Studios,Gym,Open,+92 331 5321711,facebook.com,4.6,61.0,47.33,People typically spend up to 1.5 hours here,03-2025
aa350fa53e87fea5b44034f2baf41b11,Fitness Empire,UC-6 Mohajir Camp,Karachi,"plot number 554 555, saeedabad share, Area 5j, 24 Market Rd, Baldia, Karachi, 75760, Pakistan",75760.0,66.96246417,24.91743718,Sports & Fitness,Gyms & Studios,Gym,Open,+92 317 1230609,,4.4,52.0,41.67,People typically spend up to 1.5 hours here,03-2025
ee648e0438144f807ff3627be0c84b90,SM GYM Landhi,UC-6 Bhutto Nagar,Karachi,"Sector 37 B Landhi Town, Karachi, Pakistan",,67.19551197,24.84646472,Sports & Fitness,Gyms & Studios,Gym,Open,+92 321 2937239,smgym.pk,4.5,50.0,33.0,People typically spend up to 1.5 hours here,03-2025
12f36a05004b051bd871ca7a08892a8f,"Convert Fitness Atelier Studio, Gym in DHA Lahore",Sector Z,Lahore,"Z, 62-Z Block, Commercial Area, Block, DHA Phase 3, Lahore, 54000, Pakistan",54000.0,74.37666777,31.47343293,Sports & Fitness,Gyms & Studios,Gym,Open,+92 321 8422240,,4.6,58.0,39.0,People typically spend up to 2.5 hours here,03-2025
e0b05e8e5d2a0fbd95c5d1c70844e0fc,Anytime Fitness Club (Gym for Ladies & Gents),Walton,Lahore,"2nd Floor , Cakes and Bakes Building, Ali View Garden, 54000, Pakistan",54000.0,74.40198963,31.49418267,Sports & Fitness,Gyms & Studios,Gym,Open,+92 318 4032008,,4.9,259.0,43.0,People typically spend up to 2.5 hours here,03-2025
0057b9901f78474c90460a7dcdef3766,Fitness Studio Gym,Punjab,Lahore,"Wahdat Rd, Rehmanpura Colony, Lahore, 54000, Pakistan",54000.0,74.31502938,31.51816966,Sports & Fitness,Gyms & Studios,Gym,Open,+92 331 2777719,,4.8,57.0,28.83,People typically spend up to 2 hours here,03-2025
8015e7ba522507c0c06aaf05b31edae3,GAINS Health & Fitness,Pakistan,Lahore,"Plot#289 block F commercial market, Block F Phase 1 Johar Town, Lahore, 54782, Pakistan",54782.0,74.2836998,31.46619667,Sports & Fitness,Gyms & Studios,Fitness center,Open,+92 315 4311953,facebook.com,4.4,17.0,37.33,,03-2025
d5a9d2973aceac4ef210ea8ae70aa8f6,GYMHOLICS,UC-4 Ancholi,Karachi,"Emaraat Tower, plot # BS, 9, Federal B Area Block 12 Gulberg Town, Karachi Block 12 Gulberg Town 12, Karachi, 75950, Pakistan",75950.0,67.06229626,24.93629542,Sports & Fitness,Gyms & Studios,Gym,Open,,gymholics.pk,4.5,144.0,38.67,People typically spend up to 1.5 hours here,03-2025
31dfa8c08fa8fc768a5d020e764beeb4,Ajmer Studio,Rasheed Colony,Gujranwala,"Street 18, Sadar Bazar #2, Arafat Colony (Kachi Pump Wali, 52250, Pakistan",52250.0,74.19719755,32.14919288,Sports & Fitness,Personal Training,Personal trainer,Open 24 hours,,youtube.com,3.9,20.0,35.14,People typically spend up to 1.5 hours here,03-2025
dff0dcc74d22b2eb93940aa821607f5e,Champion Gym,Samad Pura,Okara,"Grand Trunk Rd, opposite daweoo terminal, Samadpura Okara, 56300, Pakistan",56300.0,73.4525596,30.79977089,Sports & Fitness,Gyms & Studios,Fitness center,Open,+92 303 0292200,,4.4,170.0,33.67,People typically spend up to 1.5 hours here,03-2025
b19e6849f4e06ba0eaef8b45b5d64b60,WorkoutXplosion Gym,Punjab,Lahore,"Street 6, near masjid alrahim, Ichhra Lahore, 54000, Pakistan",54000,74.31339883,31.52856487,Sports & Fitness,Gyms & Studios,Gym,Open,+92 335 4053369,,4.3,74.0,42.17,People typically spend up to 1.5 hours here,03-2025
4bee7ad572579839ff6577fe4f7cdbf4,"FasterFit, MMA,Boxing,Wushu,BJJ,Muaythai",Swat Tehsil,Swat,"Shahi Bagh Saidu Sharif, Swat, 19200, Pakistan",19200,72.35235465,34.74709961,Sports & Fitness,Martial Arts & Dojos,Martial arts club,Open,+92 303 8443004,facebook.com,5.0,7.0,31.17,,03-2025
625aa38c8045335d6b05d4b2e7a1c953,Fit X Gym,Pakistan,Lahore,"Nusrat Center, Main Defence Rd, Muhafiz Town Phase 2 Muhafiz Town, Lahore, 54000, Pakistan",54000,74.2717867,31.38867855,Sports & Fitness,Gyms & Studios,Fitness center,Open,+92 322 4444582,,4.9,135.0,41.67,People typically spend up to 1.5 hours here,03-2025
dedc0cc2acec607dae1b8277a5468f90,Workout Zone Fitness Center,Pakistan,Lahore,"Upper Floor of, Grain Store, Block B3 Block B 3 PGECHS, Lahore, 54770, Pakistan",54770,74.27946421,31.43979536,Sports & Fitness,Gyms & Studios,Gym,Open 24 hours,+92 309 9536709,,5.0,30.0,30.67,People typically spend up to 1.5 hours here,03-2025
d06e0a727ea57442e8d406d107e4053c,WEGOFiT,Sector D,Islamabad,"Plaza 41,42, tipu boulevard north, Sector D DHA Phase II, Islamabad, 45710, Pakistan",45710,73.17096046,33.53956376,Sports & Fitness,Gyms & Studios,Fitness center,Open,+92 336 9346348,,4.3,57.0,43.17,People typically spend up to 1.5 hours here,03-2025
575d026ee0548cadeef81ab8e3939e73,Muscle Mania Gym Sahiwal,Sahiwal Tehsil,Sahiwal,"muscle mania gym, Church Rd, near city POLice STATION, Sahiwal, 57000, Pakistan",57000,73.10274525,30.66272871,Sports & Fitness,Gyms & Studios,Gym,Open,+92 313 4708376,facebook.com,4.3,155.0,,People typically spend up to 1 hour here,03-2025
79a278380afd5a5662260a40921cbd3b,Branded fitness gym,Timergara,Chakdara,"Kpk Chakdara, Chakdara, 18800, Pakistan",18800,72.02901091,34.66834153,Sports & Fitness,Gyms & Studios,Gym,Open 24 hours,+92 343 9701011,brandedsupplementsstore.com,3.8,6.0,39.0,,03-2025
8925190a026700c7dd2564f9d2c0727c,UMK Swimming Learning,Pakistan,Lahore,"Mian Mehmood Ali Kasoori Rd, Block A3 Block A 3 Gulberg III, Lahore, 54660, Pakistan",54660,74.35383094,31.50681777,Sports & Fitness,Water & Aquatic Sports,Swimming instructor,Open,+92 307 9466464,swimminglearning.com,4.8,79.0,39.29,,03-2025
dbe463f232b98cbee1309f185add8b5f,O2 Oxygen Gym KDA Kohat,Pakistan,Kohat Development Authority,"near nadra office Gate 3, Sector 9 Kohat Development Authority (KDA), Kohat Development Authority, 26000, Pakistan",26000,71.46013522,33.60615055,Sports & Fitness,Gyms & Studios,Gym,Open,+92 336 6666868,m.facebook.com,4.6,34.0,28.33,,03-2025
6210f3545d581ff502dd1dc44bccfba9,Cuts & Curves Gym,Pakistan,Lahore,"1st Floor, Randhawa market. Opposite, Street#2 Main Bazar Jinnah Park, Makkah Colony Gulberg III, Lahore, 54000, Pakistan",54000,74.35444843,31.49846094,Sports & Fitness,Gyms & Studios,Gym,Open,+92 305 4828129,,4.2,69.0,53.67,People typically spend up to 30 min here,03-2025
f5c2ef5d85ba651b6bdda121f90111f4,The Fitness Gym,Rahim Yar Khan Tehsil,Rahim Yar Khan,"Rahim Yar Khan, 64200, Pakistan",64200.0,70.26792078,28.42548298,Sports & Fitness,Gyms & Studios,Gym,Open 24 hours,+92 311 5577000,,4.9,7.0,30.5,People typically spend up to 1 hour here,03-2025
9c1c40b439a05f677d2c28390c3bcbd7,"Fitness Trainer , Shahzad Muhammad",Civic Center Bahria Town,Rawalpindi,"Silk Tower, plaza 55, opposite to chaye khana, above what a paratha, Civic Center Bahria Town Civic Center Bahria Town, Rawalpindi, 46000, Pakistan",46000.0,73.12131542,33.54953561,Sports & Fitness,Gyms & Studios,Gym,Open 24 hours,+92 344 5388737,youtube.com,4.9,197.0,26.29,,03-2025
1201144db3f54f91150874836a91d0e9,XCARES GYM,Civic Center Bahria Town,Islamabad,"Phase 4 plaza 154, Block D St, Civic Center Bahria Town Civic Center Bahria Town, Islamabad, 46000, Pakistan",46000.0,73.12125451,33.54933737,Sports & Fitness,Gyms & Studios,Gym,Open 24 hours,+92 332 6506503,xcares.com.pk,4.9,52.0,27.57,,03-2025
c1750367f8d5e30146cc42f2dd8d80ed,Fitness Arena Gym G6,Islamabad Capital Territory,Islamabad,"Ak Center, Aabpara G 6/1 G-6, Islamabad, 44000, Pakistan",44000.0,73.08373326,33.70613778,Sports & Fitness,Gyms & Studios,Gym,Open,+92 300 1033839,,4.9,257.0,41.43,People typically spend up to 1.5 hours here,03-2025
7f27d08711d3e37725e4da1f6d20a11a,Mehran Fitness Planet,Pakistan,Lahore,"mehan fitness planet, 533, Pak Block Allama Iqbal Town, Lahore, 54000, Pakistan",54000.0,74.29801646,31.51686589,Sports & Fitness,Gyms & Studios,Gym,Open,+92 321 0001637,,5.0,20.0,38.83,People typically spend up to 1.5 hours here,03-2025
4c14b2b82133b3646e16c7088f67b5d1,RASSON SNOOKER,Pakistan,Lahore,"Al-Kabir Town, Phase 2 Raiwind Rd, Lahore, 55150, Pakistan",55150.0,74.23131237,31.35190873,Sports & Fitness,Ball Sports,Sports club,Open,+92 303 4838985,facebook.com,4.8,48.0,37.86,,03-2025
4a7639b0887e603c6460a8141df64d45,Function,Shahbaz Commercial Area,Karachi,"Plot 41C, Khayaban-e-Seher, near chota shahbaz, next to Evergreen, D.H.A Phase 6 Shahbaz Commercial Area Phase 6 Defence Housing Authority, Karachi, 75500, Pakistan",75500,67.04679967,24.79433524,Sports & Fitness,Gyms & Studios,Fitness center,Open,+92 302 8423223,function.pk,4.9,45.0,43.0,,03-2025
96eaee663471efa0dd8de9f87983683a,Yoga Fitness Club,Sabzazar Housing Scheme Phase 1 & 2,Lahore,"168, G Block Lahore, 54000, Pakistan",54000,74.2635471,31.5258303,Sports & Fitness,Gyms & Studios,Yoga studio,Open,+92 312 4645990,,4.8,61.0,45.67,People typically spend up to 3.5 hours here,03-2025
408961bb85a3bc6d49e65a6fd9dbbdbe,FLEX GYM,WAPDA Town,Lahore,"FLEX GYM, Hall #2 Punjab Pharmacy, Al-Wahab Trade Center, Main Wapda Avenue, PIA Main Boulevard, Block D Pia Housing Scheme, Lahore, 54000, Pakistan",54000,74.26184431,31.43123648,Sports & Fitness,Gyms & Studios,Fitness center,Open,+92 300 4354425,instagram.com,5.0,70.0,46.33,,03-2025
02d9a156f10f532a58b91d088877e23d,Capital Arena Fitness Club,Islamabad Capital Territory,Islamabad,"F9 Park, Megazone, Gate 2 Side, Islamabad, Pakistan",,73.01550211,33.69571435,Sports & Fitness,Gyms & Studios,Gym,Open,+92 325 7787777,capitalarena.pk,4.3,79.0,43.14,People typically spend up to 2 hours here,03-2025
26cf8dbb93a3b3e9edea724476b49068,The Gym Hk,Sector 2,Rawalpindi,"Niazi plaza, sector 2, Awan Market Rd, Khayaban e Sir Syed, Rawalpindi, 04616, Pakistan",04616,73.04232431,33.63891017,Sports & Fitness,Gyms & Studios,Fitness center,Open,+92 309 5967117,,4.9,29.0,38.0,People typically spend up to 1.5 hours here,03-2025
79de5d45c4f686422129927eba65d00a,IRONSQUADFITNESS,Islamabad Capital Territory,Islamabad,"G, 13/3 Street 159, G-13/3 G 13/3 G-13, Islamabad, 44000, Pakistan",44000,72.96424985,33.65642387,Sports & Fitness,Gyms & Studios,Gym,Open 24 hours,+92 331 1443322,ironsquadfitness.com,4.7,49.0,30.0,,03-2025
ec79896bdb08c5b3494b5d04172d4fed,Elite Fitness I-8,Islamabad Capital Territory,Islamabad,"Plot No. 17, 18, EOBI plaza, 2nd floor, Markaz, near Tehzeeb Bakery, I-8, Islamabad, 44000, Pakistan",44000,73.07298023,33.66805929,Sports & Fitness,Gyms & Studios,Fitness center,Open 24 hours,+92 312 5269056,,3.8,32.0,35.43,People typically spend up to 1.5 hours here,03-2025
d1bb475c084902566c942f330a1f2a30,Vikings Gym and Fitness,Waris Khan,Rawalpindi,"St. 3, Waris Khan Rawalpindi, 46000, Pakistan",46000,73.06141939,33.61565542,Sports & Fitness,Gyms & Studios,Gym,Open,+92 51 2711832,,4.6,83.0,38.83,People typically spend up to 1.5 hours here,03-2025
9e5c3b8b3163245c9d7658ee48b810d3,Vision Fitness Gym,Punjab,Islamabad,"H594+574, E Street 2, Soan Gardens Block E Islamabad, 45710, Pakistan",45710,73.15330839,33.56797867,Sports & Fitness,Gyms & Studios,Gym,Open,+92 333 5399088,,4.6,55.0,45.0,People typically spend up to 1.5 hours here,03-2025
5b8b752640020338b4609f0f54d55e5d,FIT GYM,Bahria Town,Rawalpindi,"Sector E Commercial, Phase 8 Bahria Town, Rawalpindi, Pakistan",,73.0890127,33.47981781,Sports & Fitness,Gyms & Studios,Fitness center,Open,+92 333 6797688,whatsapp.com,4.6,96.0,58.0,People typically spend up to 1.5 hours here,03-2025
0356ab3b3b890e439ae1afb48df23292,Titans Fitness Club ( GYM ),Sector B,Islamabad,"Sector B Model Town Humak, Islamabad, 45700, Pakistan",45700,73.14798211,33.53619176,Sports & Fitness,Gyms & Studios,Gym,Open,+92 341 9992388,,4.8,81.0,47.67,People typically spend up to 1.5 hours here,03-2025
173e229f008a4a3fc13ce8c39ce7ef9e,Barki Armoury International,Shahi Bagh,Peshawar,"Hashtnagri, Peshawar, 25000, Pakistan",25000,71.57618173,34.01538349,Sports & Fitness,Shooting & Gun Ranges,Gun shop,Open,+92 333 9403942,barkiarmoury.com,4.9,53.0,48.71,,03-2025
dfb38c221f07b89adc28b9062fa63c5a,Championship Belts Store,Sialkot,Sialkot,"East, New Mianapura, Sialkot, 51310, Pakistan",51310.0,74.51497239,32.49451237,Sports & Fitness,Martial Arts & Dojos,Wrestling school,Open 24 hours,+92 311 0000610,championshipbelts.store,5.0,2.0,24.33,,03-2025
68c0e5ddbd5ef12b3e90fd9ce1ce38aa,Sargodha Champions Sports and Fitness Club,Block - X,Sargodha,"Ibrahim plaza, 1 Fatima Jinnah Rd, Block - X Blokc X New Satellite Town, Sargodha, 40100, Pakistan",40100,72.69756116,32.0721639,Sports & Fitness,Gyms & Studios,Gym,Open,+92 322 7130089,,4.9,158.0,51.17,People typically spend up to 1.5 hours here,03-2025
74512b058ddd91f792006536e493d7fc,Multan Gold Fitness And GYM,Y Block,Multan,"Plot no, 16، Y Block Block Y New Multan Colony, Multan, 60000, Pakistan",60000,71.51222227,30.20223946,Sports & Fitness,Gyms & Studios,Gym,Open,+92 301 7453294,facebook.com,5.0,11.0,32.83,,03-2025
51a74dea53b82860e37a2fd77080ff0d,World GYM Jampur,Punjab,Janpur,"World GYM Jampur GT Road Near Irfan Bakra Jampur Muhammadi, Colony, Janpur, 33000, Pakistan",33000,70.58917991,29.6403897,Sports & Fitness,Gyms & Studios,Gym,Open,+92 331 7334546,youtube.com,4.0,4.0,37.0,,03-2025
67213437014f175fe4cd586ea72993ec,Delta Fitness,UC-6 P.e.c.h.s 1,Karachi,"124, G Block 2 Karachi, Pakistan",,67.05450191,24.86773352,Sports & Fitness,Gyms & Studios,Fitness center,Open,+92 311 1133582,thedeltafitness.com,4.7,54.0,37.67,People typically spend up to 1.5 hours here,03-2025
605e54f787df2d6e12b98189cc540c20,Prince Target Shooting Club,UC-6 Farooq-e-Azam,Karachi,"opp. Shipowners College, Karachi, 74700, Pakistan",74700,67.03908492,24.94848863,Sports & Fitness,Shooting & Gun Ranges,Shooting range,Open,+92 333 2233701,princetaekwondo.com,3.8,11.0,,People typically spend up to 2 hours here,03-2025
8f70c2ab80af76f922ce8bd0d9d3b489,"Xtreme Sports (Indoor Cricket Ground, Practice Net & Futsal Court)",UC-3 Khandu Goth,Karachi,"E-69, North Block B Nazimabad, Karachi, Pakistan",,67.0357855,24.92720012,Sports & Fitness,Recreation Centers,Indoor playground,Open 24 hours,+92 307 2235656,sites.google.com,4.4,55.0,38.43,People typically spend up to 1.5 hours here,03-2025
b1f24f82250d0f45ebb475e20c8ebfba,Astro Arena,UC-10 Pehalwan Goth,Karachi,"C-98/1, Block 1 Gulistan-e-Johar, Karachi, 75290, Pakistan",75290,67.11897068,24.9258607,Sports & Fitness,Recreation Centers,Sports complex,Open 24 hours,+92 335 2325412,,4.6,57.0,18.57,People typically spend up to 2 hours here,03-2025
8dcb9e6b5d5bf71d9ca8e863f4b46611,The Pavilion Cricket Club,Pakistan,Lahore,"Plot 17, Block B1 Block B 1 Engineers Town, Lahore, Pakistan",,74.28343745,31.39890088,Sports & Fitness,Recreation Centers,Sports complex,Open 24 hours,+92 324 7090830,thepavilion.pk,4.3,180.0,30.71,People typically spend up to 1.5 hours here,03-2025
d74c50b2991cd20e37085ba23555a8fe,VoltaFootballpk,Punjab,Lahore,"Main Abdul Sattar Edhi Rd, opposite Wapda Town Phase 2, Rahimabad, Lahore, 54000, Pakistan",54000,74.24298837,31.44588642,Sports & Fitness,Ball Sports,Futsal court,Open 24 hours,+92 309 5305746,nowvplay.com,4.1,28.0,33.57,,03-2025
1dd88deadca72cdede1f8fcb10175ef1,Futsal Fury,Sunny Park,Lahore,"F734+GH3, Sunny Park Lahore, Punjab Sunny, Lahore, 54000, Pakistan",54000,74.25385745,31.45381715,Sports & Fitness,Recreation Centers,Sports complex,Open 24 hours,+92 323 5857498,futsulfury.com,4.8,32.0,30.29,,03-2025
5cb6a12fc497446c37229111d812417a,Futsalrange DHA Phase 5,Pakistan,Lahore,"Sector M Phase 5 D.H.A, Lahore, 54000, Pakistan",54000,74.42200268,31.45716028,Sports & Fitness,Ball Sports,Sports club,Open 24 hours,+92 331 3333011,futsalrange.com,4.6,99.0,29.0,,03-2025
e8e098d60b336dd98bf03671f3f8273e,Muscle Up Gym & Fitness Center,Sanda Khurd,Lahore,"First Floor, Sanda Rd, opposite Dubai Designer, National Town, Lahore, 54000, Pakistan",54000,74.29107034,31.56263812,Sports & Fitness,Gyms & Studios,Gym,Open,+92 317 4826960,,4.8,33.0,30.67,People typically spend up to 1.5 hours here,03-2025
bb51ffde4bf57bd549915b0f591ec372,Fat2Fit Gym and Business Ideas,Pakistan,Lahore,"Alkarim Building, Mola Baksh Rd, near Janazgah, Mozang Chungi, Lahore, 05411, Pakistan",05411,74.3099797,31.55669178,Sports & Fitness,Gyms & Studios,Fitness center,Open,+92 322 4506682,facebook.com,5.0,4.0,23.33,,03-2025
6e5bfbbe7d444e489136294fc085367a,Royal Star Cricket Club Johi,Pakistan,Johi,"Degree College Johi, Johi, 76190, Pakistan",76190,67.62149197,26.69808533,Sports & Fitness,Ball Sports,Cricket club,Open 24 hours,+92 323 3555880,youtube.com,4.9,9.0,28.14,,03-2025
bb3b2e910ac0e770fa99afc0e8f00768,Relaxing Massage And Spa,Sindh,Karachi,"130-C 7th Commercial Ln, D.H.A. Phase 4 Phase 4 Defence Housing Authority, Karachi, 75500, Pakistan",75500,67.06307319,24.81868666,Sports & Fitness,Saunas & Spas,Spa,Open 24 hours,+92 326 2318210,relaxingmassageandspa.com,4.7,20.0,22.43,,03-2025
7deb2b60840b58f65ecb156a8b6f1bf3,Rija Massage Center,Sea View Apartments,Karachi,"Street no 4 B, DHA Phase 5 Sea View Apartments Defence V Defence Housing Authority, Karachi, 75500, Pakistan",75500,67.03565716,24.79948357,Sports & Fitness,Saunas & Spas,Spa,Open,+92 336 1117011,rijaspa.com,4.7,92.0,31.14,,03-2025
2afc147ca0ad806066bac92b08842999,Home Fitness Trainer In Bhawalpur,Pakistan,Bahawalpur,"Tehsil, Mustafa Town, Bahawalpur, 63100, Pakistan",63100.0,71.70274078,29.37094089,Sports & Fitness,Gyms & Studios,Fitness center,Open,+92 306 4568921,fitnessworkoutroutineathome.blogspot.com,5.0,12.0,30.0,,03-2025
71fa1e9ce247d204e3b66c0ab43f4b47,Frolic,UC-10 Pehalwan Goth,Karachi,"C-4 Block 14, Block 15 Gulistan-e-Johar, Karachi, 75290, Pakistan",75290.0,67.12870055,24.91847489,Sports & Fitness,Recreation Centers,Sports complex,Open 24 hours,+92 318 0118038,facebook.com,3.9,58.0,28.86,,03-2025
f1f4f74111ed93f2ae0ce2276997b580,Maidaan - Multi Sports Field,Sindh,Karachi,"Nisar Shaheed Park Rd, inside Chunky Monkey, D.H.A. Phase 4 Phase 4 Defence Housing Authority, Karachi, 75500, Pakistan",75500.0,67.05749121,24.8266803,Sports & Fitness,Recreation Centers,Sports complex,Open 24 hours,+92 345 6243229,,4.5,92.0,40.29,People typically spend up to 3 hours here,03-2025
3f26e3c0d4430e8c339a3a14fe94797b,Muhammad Siddique Memon Scout Sports Complex,Karachi City,Karachi,"Abyssenia Line Gulshan-e-Iqbal, Karachi, Pakistan",,67.10342964,24.94078351,Sports & Fitness,Recreation Centers,Sports complex,Open,+92 314 2152322,sindhscout.org,4.5,438.0,37.67,People typically spend up to 3 hours here,03-2025
b54d400270235eca4c502ea23754ffbc,Cricketeria - Indoor Rooftop Cricket Arena,Pakistan,Faisalabad,"Rooftop Drogeria Cash & Carry, Satiana Road, opposite Fish Farm, Faisalabad, 38000, Pakistan",38000.0,73.12317465,31.38272215,Sports & Fitness,Recreation Centers,Sports complex,Open 24 hours,+92 324 7959159,cricketeria.pk,4.4,12.0,39.43,,03-2025
8a64b0ce255979cde9375484544f2958,Royal Gym Darya Khan For Ladies and Gents,Pakistan,Darya Khan,"distt Bhakkar, Opposite HBL Bank Yadgar Center 2nd Floor Hashmi Chock, Darya Khan, 30100, Pakistan",30100.0,71.1051614,31.78852477,Sports & Fitness,Gyms & Studios,Fitness center,Open 24 hours,+92 306 8199368,youtube.com,5.0,1.0,34.0,,03-2025
7b52cb5286f14dea12c3572efbf705ad,Bodystrong the fitness studio,Pakistan,Faisalabad,"Tariq Rd, Gulshan Colony, Faisalabad, 38000, Pakistan",38000.0,73.05776892,31.42798862,Sports & Fitness,Gyms & Studios,Gym,Open,+92 313 7173004,,4.6,17.0,68.67,People typically spend up to 1.5 hours here,03-2025
cf984fde5340c3748eb18771f248bff5,Moonlight Cricket Arena - Best Cricket ground - Arena - Indoor cricket Ground,Punjab,Multan,"Gulshan e wahid main street, B, near Hameeda Rasheed Institute Nigana Chowk, Multan, 60000, Pakistan",60000.0,71.51134973,30.24534391,Sports & Fitness,Ball Sports,Cricket ground,Open 24 hours,+92 329 9523606,instagram.com,4.7,100.0,30.43,,03-2025
fd4461c2dddcff8559058453e2349425,ALPHA Fitness,Shakoor Park,Chenab Nagar,"NasirAbad Janubi, Link Rd To Sahiwal Rd, near Tariq Market, Chenab Nagar, 35460, Pakistan",35460.0,72.90394322,31.75158761,Sports & Fitness,Gyms & Studios,Gym,Open,+92 313 0427388,,4.9,23.0,57.67,People typically spend up to 1.5 hours here,03-2025
58c71d0b0394c7897cbc4c1e6a8cbb9b,i Fitness,Pakistan,Lahore,"Bank Square Rd, opposite HBL, Nila Gumbad Lahore, 54000, Pakistan",54000.0,74.31005957,31.56781417,Sports & Fitness,Gyms & Studios,Exercise equipment store,Open,+92 321 4184941,ifitnesspk.com,4.6,24.0,35.5,,03-2025
f91327ed50709accc1a0b1ee5a36f592,Gujranwala Sports Complex,Faiz Alam Town,Gujranwala,"Siddiqui Street, Phase 3 Sialkot Bypass, opposite Garden Town, Gujranwala, 52250, Pakistan",52250.0,74.19243484,32.20216061,Sports & Fitness,Ball Sports,Sports club,Open,+92 321 5331669,gujranwalasports.pk,4.8,12.0,36.57,,03-2025
6c64a89455641309f68b3cf5a145c642,PIPS Sports Arena,Punjab,Lohianwala,"Sialkot Bypass, adjacent PIPS Boys School, Lohian Wala, Lohianwala, 52250, Pakistan",52250.0,74.1877559,32.20389956,Sports & Fitness,Recreation Centers,Sports complex,Open 24 hours,+92 310 5777666,,4.5,33.0,23.0,People typically spend up to 2.5 hours here,03-2025
d94ea0ada1bcd45ad86ea3c3ed3d909d,Shobli banda Sport complex,Takht E Nasrati,Shah Salim,"Shah Salim, 27401, Pakistan",27401.0,71.0074218,32.88899814,Sports & Fitness,Recreation Centers,Sports complex,Open 24 hours,+92 346 4507372,armydogscenter.net,4.0,4.0,23.29,,03-2025
4a0657c5cf6989c9587bcac623e1dd32,AIO Sports Arena,Pakistan,Lahore,"Main boulevard Khayaban-e-Amin, Defence Rd, Block P Dha Rahbar Phase 2 Dha Rahbar, Lahore, 54000, Pakistan",54000.0,74.25818225,31.38989068,Sports & Fitness,Recreation Centers,Sports complex,Open,+92 331 4214424,instagram.com,4.6,26.0,36.71,,03-2025
d38b42b9487af6c99c72630b268909f4,NBP Ground,Rawalpindi Tehsil,Rawalpindi,"Sadeeeq e Akbar Lane, Dhoke Kala Khan, Rawalpindi, Pakistan",,73.09206174,33.64765769,Sports & Fitness,Ball Sports,Cricket ground,Open 24 hours,+92 312 5000602,nbp.com.pk,4.0,592.0,47.14,People typically spend up to 3 hours here,03-2025
7c0aef2e8374a9538b1bbac1702ec2ee,VIP Fitness Gym,Quetta,Quetta,"Haji Ali Bahadur Rd, Quetta, 87300, Pakistan",87300.0,67.02258366,30.19696823,Sports & Fitness,Gyms & Studios,Fitness center,Open,+92 312 8081809,,4.5,31.0,39.5,People typically spend up to 1.5 hours here,03-2025
ad7f8c8fffb37d10c478b41afc7c9f98,BARECH VIP FITNESS ZONE,Quetta,Quetta,"ZKB Plaza, Gurdat Singh Rd, near Feel Academy, Quetta, 87300, Pakistan",87300.0,67.00916828,30.18572039,Sports & Fitness,Gyms & Studios,Fitness center,Open,+92 316 8297978,wa.me,5.0,17.0,30.5,,03-2025
fd2bb4cf5a8adfe366ca59aea6a111e0,Oxygen Fitness Club,Quetta,Quetta,"Gull Zareen Plaza, Najmudin Road, near Gurdat Singh Road, Quetta, 87300, Pakistan",87300.0,67.0110028,30.1844114,Sports & Fitness,Gyms & Studios,Fitness center,Open,+92 316 8297978,,4.8,13.0,30.5,People typically spend up to 2.5 hours here,03-2025
354f4a599c2a8f087f53ddf1ee7a0ab7,B-Fit Gym,Quetta,Quetta,"Ameeri Rd, Block 1 Hazara town, Quetta, 87330, Pakistan",87330.0,66.95558369,30.18435098,Sports & Fitness,Gyms & Studios,Gym,Open,+92 313 8544247,bfitgym.online,4.0,4.0,31.83,,03-2025
66b8fcf852a0351eece1081f028ea923,Shan and sharry snooker club,Pakistan,Abbottabad,"Street 2, opposite Ayub medical complex, Al Mansoor Town, Abbottabad, 22010, Pakistan",22010.0,73.23688625,34.20291463,Sports & Fitness,Ball Sports,Sports club,Open 24 hours,+92 311 8177944,m.facebook.com,5.0,1.0,29.43,,03-2025
905ab0282e0e551bf20c21d457dd26ce,Qalandars Sports Arena,Pakistan,Lahore,"near Wapda office, Harbanspura, Lahore, 55100, Pakistan",55100.0,74.43191138,31.56995938,Sports & Fitness,Recreation Centers,Sports complex,Open 24 hours,+92 309 1981971,,4.1,17.0,17.14,People typically spend up to 3 hours here,03-2025
b6b69a49a6de2aebec71bd30c128189b,Talha Sports Indoor & Cricket Academy,Pakistan,Lahore,"Meraj Khalid Rd, Dera Chahal, Lahore, 54000, Pakistan",54000.0,74.46632528,31.44126279,Sports & Fitness,Recreation Centers,Sports complex,Open 24 hours,+92 301 0010121,,4.9,17.0,33.43,People typically spend up to 1.5 hours here,03-2025
e2f5f92f10b35291cfd4333b9fe41b30,Panchii Eleven,Taxila,Hassan Abdal,"Sir syed Avenue, avenue, near pakistan super store, Sir syed, Hassan Abdal, 43730, Pakistan",43730.0,72.7479875,33.82899136,Sports & Fitness,Recreation Centers,Sports complex,Open 24 hours,+92 313 1596968,zainsaifsports.blogspot.com,4.0,2.0,30.57,,03-2025
973d855dbec0e0cfefedad44ccf3b82d,Straight Drive Indoor Sports,Punjab,Lahore,"interchange, Service lane ring road, near Quaid E Azam Road, Harbanspura, Lahore, 54000, Pakistan",54000.0,74.43112496,31.58384852,Sports & Fitness,Recreation Centers,Sports complex,Open 24 hours,+92 321 8806039,,4.6,79.0,48.86,People typically spend up to 2 hours here,03-2025
1093fbe9f7028f0e677afcbe50014ab9,Nomi Fitness Gym,UC-10 Burmee Colony,Karachi,"29/10, Area 4-D, 06 karachi, near Govt Girls Baldia School, Sector 36 D Landhi Town, Karachi, 75160, Pakistan",75160.0,67.17226618,24.83427571,Sports & Fitness,Gyms & Studios,Gym,Open,+92 315 2454323,,4.8,21.0,54.0,People typically spend up to 1.5 hours here,03-2025
12bcaa6484c1980c98fc6afa31bd8a04,ThePavilion Executive,Pakistan,Lahore,"2 A, Block A3 Block A 3 Engineers Town, Lahore, Pakistan",,74.28765124,31.39531473,Sports & Fitness,Recreation Centers,Sports complex,Open 24 hours,+92 309 7414041,thepavilion.pk,4.8,78.0,27.29,People typically spend up to 2.5 hours here,03-2025
23817abf5a3ed6d919c1d045e683eafa,Central City Sports Arena ️,Pakistan,Lahore,"A1, Park, A1 Block Street, Block Central, Central Park, Lahore, 54600, Pakistan",54600.0,74.36615454,31.32507595,Sports & Fitness,Recreation Centers,Sports complex,Open 24 hours,+92 340 4562577,,4.4,5.0,33.0,People typically spend up to 2 hours here,03-2025
7db6b0ceeeb4836a11edd96cca8fbc2a,Sportsmasala,Sindh,Karachi,"Hilltop Arcade, Suite 15, 2nd Floor، Gizri Blvd Rd, Karachi, 75600, Karachi, 74800, Pakistan",74800.0,67.04783497,24.82850074,Sports & Fitness,Ball Sports,Sports club,Open 24 hours,+92 320 2273577,sportsmasala.com.pk,4.0,1.0,29.14,,03-2025
53aa217ab54c72be9e2ac159c4d77fad,The Lifting Club,Sector Y,Lahore,"93 Block, Sector Y DHA Phase 3, Lahore, 54792, Pakistan",54792.0,74.37405375,31.47433042,Sports & Fitness,Gyms & Studios,Gym,Open 24 hours,+92 345 4926388,,4.6,32.0,27.33,People typically spend up to 1.5 hours here,03-2025
344428cb78171f7621017f20ed9ee187,Sports Pavilion Rawalpindi,Ayub National Park,Rawalpindi,"Sports Pavilion, Lane 9, adjacent Ayub Park, Gulistan Colony Ayub National Park, Rawalpindi, 46000, Pakistan",46000.0,73.08735181,33.56230754,Sports & Fitness,Recreation Centers,Recreation center,Open,+92 341 8092114,sportspavilionrwp.com,4.1,127.0,48.57,,03-2025
277da62f4c0ba29de21f2bb6efa4d652,Malaika Spa & saloon,Pakistan,Lahore,"116/B, N Block, LDA Flats, Model Town Extension Block Q Flats Model Town, Lahore, 54000, Pakistan",54000.0,74.32720675,31.47117476,Sports & Fitness,Saunas & Spas,Spa and health club,Open,+92 319 6425865,malaikaspa.online,4.0,4.0,29.71,,03-2025
8044c75789debff075926b160d83f24b,The Pump factory,Islamabad Capital Territory,Islamabad,"2nd Floor, gulab plaza, main Lehtrar Rd, near ghouri garden, Ghauri Garden, Islamabad, 45550, Pakistan",45550.0,73.13410568,33.6348355,Sports & Fitness,Gyms & Studios,Gym,Open,+92 340 0593159,facebook.com,5.0,113.0,33.33,,03-2025
8df62cce058b285561b7979e4233e6dd,Noor Ul Hassan Mg,Wazirabad,Wazirabad,"Ansari Town Wazirabad, 52000, Pakistan",52000.0,74.11085765,32.4236925,Sports & Fitness,Fishing & Hunting,Hunting store,Open 24 hours,+92 303 6802391,facebook.com,5.0,1.0,26.86,,03-2025
452bddbc6aeab34c664249e62ba9a176,fitflo,Wapda Town Phase I,Multan,"main bypass road, near wapda town phase 1, Block C Multan, 66000, Pakistan",66000.0,71.50862823,30.24174517,Sports & Fitness,Gyms & Studios,Gym,Open,+92 321 6339978,,4.8,23.0,57.8,People typically spend up to 1 hour here,03-2025
44c2198b5ef60ac9a67030d9325c16a5,New Knife Master,Wazirabad,Wazirabad,"link Road, arain colony, Wazirabad, 52000, Pakistan",52000.0,74.11767413,32.44042281,Sports & Fitness,Fishing & Hunting,Hunting store,Open 24 hours,+92 301 6203741,knifemaster.us,4.8,22.0,21.0,,03-2025
a4d0fe7e8844dffd173b3d332e5d134c,Unique Damascus,Wazirabad,Wazirabad,"Mughal Plaza Daska Road, Local, Wazirabad, 52000, Pakistan",52000.0,74.15010879,32.43139839,Sports & Fitness,Fishing & Hunting,Hunting store,Open 24 hours,+92 307 2133330,ebay.com,5.0,11.0,27.0,,03-2025
716240ae8c8023afaa1a49eeaf8388f9,Mind Body Spa & Massage Center Islamabad E-11/2,Services Society,Islamabad,"E, Markaz, near to Broadway Pizza, 11/2 SCHS E 11/2 E-11, Islamabad, 44000, Pakistan",44000.0,72.97050014,33.69935475,Sports & Fitness,Saunas & Spas,Spa and health club,Open 24 hours,+92 313 3439544,godaddysites.com,4.8,92.0,20.43,,03-2025
369afa1e7a1a9c70473af92edede7134,Sky Sports Arena,Taragarh,Shahdara,"Bara Dari Rd, Taragarh Shahdara Town, Lahore, Punjab 54000, Shahdara, 54950, Pakistan",54950.0,74.2657423,31.61360135,Sports & Fitness,Recreation Centers,Indoor playground,Open 24 hours,+92 311 4132316,,5.0,116.0,17.43,People typically spend up to 2.5 hours here,03-2025
49c60ec2ae51430a4d9ae9df02ed484b,Verzish GYM Iqbal Town Branch,Punjab,Lahore,"Iqbal, 01, Gulshan Block Town, Lahore, 54000, Pakistan",54000,74.29242314,31.51582896,Sports & Fitness,Gyms & Studios,Gym,Open,+92 346 1465393,,4.3,52.0,45.33,People typically spend up to 1.5 hours here,03-2025
e9e339f6062484b67091aa68b41eac58,AR Fitness,Vehari,Vehari,"Gymkhana road, H Block Vehari, 61100, Pakistan",61100,72.35756093,30.04649924,Sports & Fitness,Gyms & Studios,Gym,Open,+92 300 1689007,,4.8,55.0,45.0,People typically spend up to 1 hour here,03-2025
0564f651c9be36fad4cc4c0f9a4c4f9d,Sportsol,Karachi City,Karachi,"35-C, Block-6 Block 6 P.E.C.H.S., Karachi, 75350, Pakistan",75350.0,67.06966432,24.86417449,Sports & Fitness,Ball Sports,Sports club,Open,+92 304 2228306,sportsol.pk,4.6,47.0,23.71,,03-2025
834916da55333aadd439697cb34499f3,She's care fitness club ladie's & gent's gym,Sindh,Karachi,"Plot no, 106-E, 9th Commercial St, D.H.A. Phase 4 Phase 4 defence, Karachi, 75500, Pakistan",75500.0,67.06219319,24.8210899,Sports & Fitness,Gyms & Studios,Gym,Open,+92 315 5561686,facebook.com,4.6,53.0,52.17,,03-2025
7a675eca7ebc03456ed2f24ebd8f0ffd,Xtreme Fitness 365,Rashidpura,Lahore,"1st Floor, Bin Yousaf Market, near Nafeerabad Graveyard, Lahore, 54000, Pakistan",54000,74.39461484,31.59036931,Sports & Fitness,Gyms & Studios,Gym,Open,+92 321 7099889,facebook.com,5.0,5.0,40.17,,03-2025
fd1aa706f1fa3a7055ef3aee6d01c8c4,Lá Fitness,Punjab,Lahore,"9BP, Mubarik MKT, G. T. Road, next to Shalamar orange train station, Lahore, Pakistan",,74.37785723,31.58344037,Sports & Fitness,Gyms & Studios,Gym,Open,+92 321 4199676,instagram.com,4.5,37.0,30.33,People typically spend up to 1.5 hours here,03-2025
d0237ba48d497c902334b5e1d7ec3fc0,"The Macho Gym, Snooker & Cafe",UC-10 Pehalwan Goth,Karachi,"Plot # C3, UNIVERSITY 3rd St, behnd KFC Block 7 Gulistan-e-Johar, Karachi, 75200, Pakistan",75200,67.14643837,24.93162183,Sports & Fitness,Gyms & Studios,Gym,Open,+92 309 2153810,facebook.com,4.6,34.0,33.33,,03-2025
5d87171e96bc8385aeeef2c7c1c6df81,Sportzilla Formula Karting Club & Sports Arena,Pakistan,Karbath,"Karbath, 53201, Pakistan",53201,74.48059748,31.42761147,Sports & Fitness,Ball Sports,Sports club,Open,+92 325 8999981,sportzilla.com.pk,4.7,462.0,38.43,,03-2025
bfda11482d6b1cb8dc32394cb2b5a209,Transfit Gym D.H.A,Shahbaz Commercial Area,Karachi,"KFC Building, 2-C Khayaban-e-Shahbaz, D.H.A Phase 6 Shahbaz Commercial Area Phase 6 DHA Karachi, Karachi, 75500, Pakistan",75500,67.06042328,24.80970559,Sports & Fitness,Gyms & Studios,Gym,Open,+92 335 0600222,,4.6,23.0,31.17,People typically spend up to 2 hours here,03-2025
0fb7000813046e67d838e32ec3f7c673,FiGym,UC-6 Gillani Railway Station,Karachi,"B-4, 4th Floor, Al-Shams Center, 13-A University Rd, Block 13 A Gulshan-e-Iqbal, Karachi, 75300, Pakistan",75300,67.07417465,24.90385418,Sports & Fitness,Gyms & Studios,Gym,Open 24 hours,+92 800 088 00,,4.8,23.0,23.0,People typically spend up to 3 hours here,03-2025
2871e44deb8da583ed4881c260d91454,Get Fit Karachi,Zulfiqar & Al Murtaza Commercial Area,Karachi,"Building N 0, 59 C Khayaban-e-Roomi, D.H.A. Phase 8 Zone A Phase 8 Defence Housing Authority, Karachi, 75500, Pakistan",75500,67.07177457,24.7900765,Sports & Fitness,Gyms & Studios,Fitness center,Open,+92 320 5656910,getfituae.com,4.5,32.0,48.0,,03-2025
45082ae3414656eecda7a9fa351e9512,Faizan Gym & Fitness Club,UC-8 Zaman Town,Karachi,"House # R, 03, near Baitul Hamd Masjid, Sector 34/2 Korangi # 3, Karachi, 74900, Pakistan",74900,67.14488896,24.83550572,Sports & Fitness,Gyms & Studios,Gym,Open,+92 310 1163906,faizangym.com,4.8,5.0,33.33,,03-2025
0be5bd2ebb8fdf63e81f9839f003acb2,Dynamic Fitness,Sanda Khurd,Lahore,"Hari Lodge Rd, opposite Nehru Park, Sant Nagar Islampura, Lahore, 54000, Pakistan",54000,74.29465153,31.56795548,Sports & Fitness,Gyms & Studios,Gym,Open,+92 339 0994378,,4.1,9.0,33.33,People typically spend up to 1.5 hours here,03-2025
dd765586b1a5de8cd75ca8b8dc5de83f,Body Icon Gym branch 2,Punjab,Lahore,"Baba Farid Rd, Block D Gulshan-e-Ravi, Lahore, 54000, Pakistan",54000,74.28909476,31.55458974,Sports & Fitness,Gyms & Studios,Gym,Open 24 hours,+92 323 4418767,,4.3,16.0,36.0,People typically spend up to 1.5 hours here,03-2025
973b0fe589e5fb84628e838462fa954b,Golden Massage Spa DHA Karachi,Sindh,Karachi,"D.H.A Phase 6 Bukhari Commercial Area Phase 6 Defence Housing Authority, Karachi, 75500, Pakistan",75500,67.06438675,24.79209956,Sports & Fitness,Saunas & Spas,Spa,Open 24 hours,+92 333 1117066,maahruspa.pk,4.6,596.0,35.71,,03-2025
71f4fa10492b091961933ea17d366748,Physique Freak GYM,Walton,Lahore,"Walton Rd, Street Number 1, Shahtaj Colony Gate, Lahore, 54000, Pakistan",54000,74.36665029,31.48922842,Sports & Fitness,Gyms & Studios,Gym,Open,+92 321 4265565,,4.3,121.0,42.67,People typically spend up to 1.5 hours here,03-2025
5e13fb3b488bd60794112a0447ef52fa,Winter Land - Lahore,Punjab,Lahore,"Winter Land Complex, near Eiffel Tower & Rahia Goldplex Cinema, Ghaznavi Block Sector F Bahria Town, Lahore, Pakistan",,74.17021939,31.35057766,Sports & Fitness,Snow & Winter Sports,Indoor snowcenter,Open,+92 304 1117669,winterland.pk,4.1,1290.0,55.71,People typically spend up to 2 hours here,03-2025
f4a015597f45de6088e1280e1940ddb2,Playout Sports Ground,UC-10 Pehalwan Goth,Karachi,"C-278, Block 14 Gulistan-e-Johar, Karachi, Pakistan",,67.12476617,24.92516731,Sports & Fitness,Recreation Centers,Indoor playground,Open 24 hours,+92 370 6354973,playout.pk,4.4,37.0,23.43,People typically spend up to 3 hours here,03-2025
2f636e5c332c88350bed799a676760af,Arifi Swimming Pool,Quetta,Quetta,"Sardar Arif Rd, Muhalla Jaferia New Hazara Town, Quetta, 87800, Pakistan",87800.0,66.95549376,30.17202048,Sports & Fitness,Recreation Centers,Indoor swimming pool,Open 24 hours,+92 304 9440004,,4.1,60.0,50.71,People typically spend up to 1.5 hours here,03-2025
577325dc41fe6eb9bd0ed16ef0e5efa6,Port Grand - Karachi,West Wharf,Karachi,"Road،, Port Grand Food St, opposite PNSC Building, West Wharf, Karachi, Pakistan",,66.98840825,24.84499058,Sports & Fitness,Recreation Centers,Recreation center,Open,+92 348 8311111,portgrand.com,4.4,29389.0,43.86,People typically spend up to 3 hours here,03-2025
1fa0b6f1d912aac951534d79efd02041,MUET Gymnasium,Pakistan,Jamshoro,"Jamshoro, Pakistan",,68.25463687,25.41219194,Sports & Fitness,Gyms & Studios,Gym,Open,+92 22 2771530,muet.edu.pk,4.5,267.0,38.43,People typically spend up to 1 hour here,03-2025
d7d5f11967c23d75e38f0410113a3606,Pulse Fitness,Sindh,Karachi,"1st floor Chunky Monkey Sea View, KHAYABAN - E-SAHil, Defence Housing Authority, Karachi, 75500, Pakistan",75500.0,67.04211388,24.78911336,Sports & Fitness,Gyms & Studios,Gym,Open,+92 330 1078573,facebook.com,4.3,159.0,43.83,,03-2025
05cfebb4cd012bab78082f2f5ca9bace,Muscle Academy Pakistan,Rawalpindi Tehsil,Rawalpindi,"Muscle Academy Pakistan, Plaza no 10, 2nd Floor, Bahria Food St, Phase 7 Bahria Town Phase 7, Rawalpindi, 46220, Pakistan",46220.0,73.09557177,33.52871932,Sports & Fitness,Gyms & Studios,Gym,Open,+92 320 1272127,,4.6,175.0,32.71,People typically spend up to 1.5 hours here,03-2025
2d2239733a9b3f755ec1c63b055a6771,Strong Hold Gym ST Branch,Sadiqabad,Rawalpindi,"Ghazali Rd, opp. bilal masjid, near Laziza Murgh Pulao, A Block Block A Satellite Town, Rawalpindi, 46000, Pakistan",46000.0,73.07813641,33.63484312,Sports & Fitness,Gyms & Studios,Gym,Open,+92 336 0010016,fb.com,4.4,36.0,35.5,,03-2025
afb82abb64efae1c6665686bf2e76026,O2 Fitness Studio,Punjab,Faisalabad,"2nd-Floor (Gym), Al-Jannah Plaza, Daewoo Road, opposite Sitara Sapna City, Faisalabad, 38000, Pakistan",38000.0,73.06888783,31.46425481,Sports & Fitness,Gyms & Studios,Gym,Open,+92 331 6082772,,4.5,34.0,39.71,People typically spend up to 1.5 hours here,03-2025
f248e1ccfb476264aa2efa4fb33d629f,The SK Gym & Fitness Club,Islamabad Capital Territory,Islamabad,"Plot 33 MR-3, Block B Multi Gardens B-17, Islamabad, 44000, Pakistan",44000.0,72.82847581,33.68718215,Sports & Fitness,Gyms & Studios,Gym,Open,+92 306 6438205,,4.5,136.0,40.0,People typically spend up to 2 hours here,03-2025
199f369ebb2228ce784c14624cc51ee4,YouCan Yoga in Pakistan,UC-6 P.e.c.h.s 1,Karachi,"Shahra-e-Faisal, P.E.C.H.S Block 2 Block 6 P.E.C.H.S., Karachi, 78400, Pakistan",78400.0,67.06172795,24.86096779,Sports & Fitness,Gyms & Studios,Fitness center,Open 24 hours,+92 333 3807387,wordpress.com,5.0,105.0,30.14,,03-2025
239b91d032c34a71008c217cab4b5c9b,SAAMI FITNESS,Pakistan,Dera Ismail Khan,"ismail, Main Banu Road near by Sheen Khyber tikka Main Banu Road near by Indus Society Dera, khan, Dera Ismail Khan, 29111, Pakistan",29111.0,70.90308715,31.85700293,Sports & Fitness,Gyms & Studios,Gym,Open,+92 340 9877703,m.facebook.com,5.0,6.0,32.5,,03-2025
55e513578adb5f1f0cb378320bb440b1,Tiger Gym Chakwal,Punjab,Chakwal,"WVJ7+RCJ Zila Council Plaza, Tehsil Chowk, Chakwal, 48800, Pakistan",48800,72.86096582,32.93233494,Sports & Fitness,Gyms & Studios,Gym,Open,+92 333 5912866,tiger-gym.com,4.3,90.0,41.33,,03-2025
2d3a4cc3ca51fa517b6980abe1abe55d,UBL Sports Complex,Karachi City,Karachi,"Rashid Minhas Rd, Block 15 Gulberg Town, Karachi, Pakistan",,67.08180275,24.93121216,Sports & Fitness,Recreation Centers,Sports complex,Open,+92 21 36331590,m.facebook.com,4.3,3772.0,40.14,People typically spend up to 4 hours here,03-2025
e04ddb11ededd73370038e8df8ce649d,Life PSYCLE,Sindh,Karachi,"Unnamed Road, D.H.A Phase 6 Bukhari Commercial Area Phase 6 Defence Housing Authority, Karachi, 75500, Pakistan",75500,67.06525084,24.79330349,Sports & Fitness,Gyms & Studios,Gym,Open,+92 321 0008851,,5.0,20.0,24.86,People typically spend up to 2 hours here,03-2025
d75c3de4596b13b3e65f7c339f6c68f1,Employees Cricket Club,Pakistan,Layyah,"Unnamed Road, Layyah, Pakistan",,70.9692678,30.9713793,Sports & Fitness,Ball Sports,Cricket ground,Open 24 hours,+92 345 6767953,facebook.com,4.0,76.0,44.0,People typically spend up to 2.5 hours here,03-2025
948eec3e333f6645f661597aea0846b2,T. R Body Fitness,UC-6 Gillani Railway Station,Karachi,"Al Habib, 6 Ghaffar Plaza, Block 13-C, Gulshan e Iqbal University Rd (Above Bank, Block 13-C Block 13 C Gulshan-e-Iqbal, Karachi, 44000, Pakistan",44000.0,67.08453371,24.91103592,Sports & Fitness,Gyms & Studios,Gym,Open,,facebook.com,4.4,35.0,32.43,People typically spend up to 4 hours here,03-2025
042a7c4e3707ca5de647dd7da97fddbb,Ismail Karwan Cricket Ground,Pakistan,Peshawar,"Peshawar, Pakistan",,71.57248154,33.91353466,Sports & Fitness,Ball Sports,Cricket ground,Open 24 hours,+92 310 8360725,facebook.com,3.5,2.0,35.71,People typically spend up to 4 hours here,03-2025
ce9aa6e9afca9388ca35fe4eda1e841b,Football Ground Quaid-i-Azam,Islamabad Capital Territory,Islamabad,"Islamabad, Pakistan",,73.14060761,33.74594174,Sports & Fitness,Team Sports & Fields,Athletic field,Open 24 hours,+92 300 9513699,qau.edu.pk,4.6,145.0,34.0,People typically spend up to 1.5 hours here,03-2025
14236af72e899d0fd92fba03b2e9ccd8,"GetFit Store - Johar Mor, Gulistan e Johar",Karachi City,Karachi,"Rahat Arcade, Johar Mor Bridge, 19 Block, near Harmain Tower, Gulistan-e-Johar, Karachi, 75300, Pakistan",75300,67.11346243,24.90550375,Sports & Fitness,Gyms & Studios,Exercise equipment store,Open,+92 334 3617225,getfitstore.com.pk,3.6,16.0,37.17,,03-2025
e9559ad5dab9903e3e8d3efca20e5586,Zubaida Ramzan Swimming Pool,Punjab,Multan,"Basti Thati Sandela, Multan, 60000, Pakistan",60000,71.42983719,30.23948776,Sports & Fitness,Recreation Centers,Public swimming pool,Open 24 hours,+92 312 7447799,book.heygoldie.com,3.9,16.0,31.14,,03-2025
661caea7720105621efaa57bb7629e78,PakLand Cricket Academy (Tariq Munir),Punjab,Lahore,"19-A, New Chauburji Park, Lahore, 54000, Pakistan",54000,74.29162717,31.55285479,Sports & Fitness,Ball Sports,Cricket club,Open 24 hours,+92 333 4886000,pca.com.pk,4.5,19.0,38.14,,03-2025
927be28275eb4abf2b35b0b187ef0629,Radiant Spa & Massage Center Faisalabad,Pakistan,Faisalabad,"Chak 208 Rd, opposite Allied Bank, Eden Valley, Faisalabad, 38000, Pakistan",38000.0,73.1486717,31.42811254,Sports & Fitness,Saunas & Spas,Spa and health club,Open 24 hours,+92 319 9794485,massagecenterfaisalabad.com,4.1,131.0,23.14,,03-2025
aa10ae77cf406c918dcc19cd10b47501,Ideal Graphics and Sports Ada Loharan wali khoi,Sahiwal Tehsil,Sahiwal,"Shop No#1 Hafiz Daim Block, Ada loharan wali khoi, Pakpattan Road, near Itefaq Sugar Mill, Sahiwal, 57000, Pakistan",57000.0,73.19809768,30.53131443,Sports & Fitness,Recreation Centers,Sports complex,Open,+92 306 7532085,facebook.com,4.2,5.0,30.83,,03-2025
340454b5ddc6507a7ddbbe3a0d318bf0,JDMA Martial Arts Academy,Timergara,Timergara,"Timergara, 18300, Pakistan",18300.0,71.83431635,34.83023072,Sports & Fitness,Martial Arts & Dojos,Martial arts school,Open 24 hours,+92 345 6102696,youtube.com,5.0,3.0,34.33,,03-2025
74ec9646162e13f95e1d43e2fa93c50d,Mardan Board Sports Complex and fitness center.,Pakistan,Mardan,"Canal Rd, Mardan, 23200, Pakistan",23200.0,72.04538154,34.16893383,Sports & Fitness,Recreation Centers,Sports complex,Open 24 hours,+92 319 7062625,,4.0,86.0,49.0,People typically spend up to 1.5 hours here,03-2025
4e0cfb5a875624cac1f8b5ec01e03d45,Fitness time gym,Sialkot,Sialkot,"Jammu Road dallowali, near chauhdry rice mills, Sialkot, 51301, Pakistan",51301.0,74.59309863,32.5190478,Sports & Fitness,Gyms & Studios,Gym,Open,+92 322 7468235,facebook.com,4.3,14.0,40.83,,03-2025
63a55cb4d4f81708c2ed89df210fbaeb,Levels gym,Punjab,Lahore,"Plot 339, Block R2 Block R 2 Phase 2 Johar Town, Lahore, 54000, Pakistan",54000.0,74.27008617,31.45218133,Sports & Fitness,Gyms & Studios,Gym,Open,+92 309 4795547,,4.5,141.0,44.33,People typically spend up to 1.5 hours here,03-2025
a29cba9dfba2c20977de3b2a634c6b3e,legends rooftop cricket club,Pakistan,Lahore,"Main GT Rd, Baghbanpura, Lahore, 54000, Pakistan",54000.0,74.37226182,31.58156077,Sports & Fitness,Ball Sports,Cricket ground,Open 24 hours,+92 321 4893102,miancricket.ezyro.com,4.0,4.0,28.0,,03-2025
f51b645cf883b90ca71f62320c29c6ab,Karachi Power Gym,UC-10 Pehalwan Goth,Karachi,"C-3 Jauhar Chowrangi Road, Block 16 Gulistan-e-Johar, Karachi, 75300, Pakistan",75300.0,67.11783223,24.91667453,Sports & Fitness,Gyms & Studios,Gym,Open,+92 21 34638329,,3.8,231.0,41.43,People typically spend up to 1.5 hours here,03-2025
69d0a177b6e6f6eedb40ccc4acc611bb,H.M.A & FITNESS ACADEMY HANGU,Pakistan,Hangu,"Hangu Hangu sports complex Tall, road, Hangu, 26190, Pakistan",26190.0,71.04872913,33.5210087,Sports & Fitness,Martial Arts & Dojos,Martial arts club,Open 24 hours,+92 336 9560792,linkedin.com,3.0,2.0,25.67,,03-2025
4e868e0bf883ba8c7018fa01301c60c3,Fitness Era,Pakistan,Lahore,"Khayaban E Amin, L, Block L Khayaban E Ameen, Lahore, 54000, Pakistan",54000.0,74.26683394,31.36420955,Sports & Fitness,Gyms & Studios,Gym,Open,+92 321 4013568,,4.7,21.0,33.5,People typically spend up to 1.5 hours here,03-2025
3e714aab34142cf6041b7f7a9ced74b6,IRON WORLD GYM,Pakistan,Peshawar,"Minhaaj Tower, Warsak Rd, near Peshawar Model boys 2, Arbab Sabz Ali Khan Town Darmangi, Peshawar, 25000, Pakistan",25000.0,71.52355145,34.04086683,Sports & Fitness,Gyms & Studios,Gym,Open,+92 311 5646461,facebook.com,5.0,2.0,39.17,,03-2025
97c991977b0e310d19c23f51e44cb7fc,"Gymzilla, Civic Zone, Bahria Enclave",Islamabad Capital Territory,Malot,"Plot 16, Commercial Avenue, Malot, 44000, Pakistan",44000.0,73.24124018,33.68415789,Sports & Fitness,Gyms & Studios,Gym,Open,+92 331 5275734,,4.7,36.0,41.0,People typically spend up to 2.5 hours here,03-2025
d14610a2f599fd08fc6a6ca8048bd51a,Six Pack Fitness,Sector A,Islamabad,"Sector A Lake View Rd, opposite Cube Apartments, Sector A Bahria Enclave, Islamabad, 44000, Pakistan",44000.0,73.21109115,33.69486797,Sports & Fitness,Gyms & Studios,Gym,Open,+92 333 2929074,facebook.com,4.0,30.0,29.0,,03-2025
c8e58923fcd460a5bbb31e2cf765d0d1,Halena Spa & Full Body Massage,Islamabad Capital Territory,Islamabad,"Sardar Plaza, Markaz, opp. Meezan Bank, F-11 Markaz F 11 Markaz F-11, Islamabad, 44000, Pakistan",44000,72.98449815,33.68346235,Sports & Fitness,Saunas & Spas,Spa,Open,+92 327 7848125,fullbodymassage.com.pk,5.0,1.0,34.29,,03-2025
043781f68fd0565d58683b3ae0091324,Fitness First Gym,Waris Khan,Rawalpindi,"4th Floor China Tower,, Naya Mohalla, Rawalpindi, 46000, Pakistan",46000,73.06279555,33.60717373,Sports & Fitness,Gyms & Studios,Gym,Open,+92 51 5762123,,4.2,107.0,38.29,People typically spend up to 2 hours here,03-2025
491704ba8fcf46c4202674e629b581e6,OY Fitness Gym,Islamabad Capital Territory,Islamabad,"3rd Floor, above Faysal Bank, F-10 Markaz F 10/3 F-10, Islamabad, Pakistan",,73.00968166,33.69647521,Sports & Fitness,Gyms & Studios,Gym,Open,+92 336 5544405,facebook.com,4.5,39.0,42.0,People typically spend up to 2 hours here,03-2025
c9e4fcd93b53d62ab98931ba4106da42,The Gym Lahore,Pakistan,Lahore,"60CCA, DHA Phase 8 - Ex Park View Block C Park View CHS, Lahore, Pakistan",,74.43724088,31.52054128,Sports & Fitness,Gyms & Studios,Fitness center,Open,+92 322 6000500,facebook.com,4.3,80.0,45.33,People typically spend up to 1.5 hours here,03-2025
d942573c4650c1a1f742bd1340a5c613,Shan Gym fitness,Pakistan,Lahore,"12 Main, Lahore, 54000, Pakistan",54000,74.29829083,31.51653571,Sports & Fitness,Gyms & Studios,Gym,Open,+92 321 4304048,,4.5,20.0,30.5,People typically spend up to 1.5 hours here,03-2025
aaea17fc57bd87b42644aefb8a6cca49,Sunain Physique Gym,UC-11 Abbasi Shaheed,Karachi,"24°54'47.7""N 67°01'36.4""E 3, Karachi, 74600, Pakistan",74600,67.02413858,24.9132575,Sports & Fitness,Gyms & Studios,Gym,Open,+92 344 3421604,instagram.com,5.0,3.0,31.33,,03-2025
842620fc48445b1843017879a6d45115,Gritfit Elite,Faisal Town,Islamabad,"Block A Faisal Town, Islamabad, Pakistan",,72.86366251,33.61479884,Sports & Fitness,Gyms & Studios,Gym,Open,+92 51 2720773,instagram.com,4.6,15.0,32.57,People typically spend up to 4 hours here,03-2025
d15d1320c6fb358517e3594225745fc8,The Fitness World Gym,UC-2 Nasir Colony,Karachi,"Plot no LS- 1 & 2, 31-E Karachi, 74900, Pakistan",74900,67.12041381,24.82146913,Sports & Fitness,Gyms & Studios,Gym,Open,+92 345 2987107,,5.0,10.0,51.5,People typically spend up to 1.5 hours here,03-2025
47dc4b6e79d35f8a31fd92210e7a9825,Primal Fitness,Zulfiqar & Al Murtaza Commercial Area,Karachi,"3rd Floor, 3-C, Lane 2, D.H.A. Phase 8 Zulfiqar & Al Murtaza Commercial Area Karachi, 75500, Pakistan",75500,67.07463324,24.79278134,Sports & Fitness,Gyms & Studios,Fitness center,Open,+92 325 5998889,,4.6,56.0,56.67,People typically spend up to 2 hours here,03-2025
abca9ff972434fe755c871ed3b109917,Get Smart Gym Nazimabad,UC-9 Mujahid Colony,Karachi,"Skating Yard Complex and Fitness Center, Nazimabad Number 2 Block 2 Nazimabad, Karachi, 74600, Pakistan",74600,67.02904934,24.90753393,Sports & Fitness,Gyms & Studios,Gym,Open,+92 319 3935967,chainofgetsmartgym.com,4.8,4.0,25.0,,03-2025
9d71112609bf9009c7468cfe884ba586,BABA GYM,UC-4 Muhammad Nagar,Karachi,"Plot # 478, Near ZMC Park, Orangi town Sector 11-E, Karachi, 75800, Pakistan",75800,66.99447538,24.93995177,Sports & Fitness,Gyms & Studios,Gym,Open,+92 340 2577563,,5.0,17.0,24.67,People typically spend up to 2 hours here,03-2025
103d8cbad43d3028321040fcd7c4ab1f,Bravo Gym (North),UC-6 Farooq-e-Azam,Karachi,"C 169, Block I North Nazimabad Town, Karachi, 74700, Pakistan",74700,67.04036444,24.95036393,Sports & Fitness,Gyms & Studios,Gym,Open,+92 345 2277603,,4.1,12.0,30.67,People typically spend up to 1.5 hours here,03-2025
a07bd15eb4e985769a0b4211c1496349,Workout Gym & Studio,UC-3 Gadap,Karachi,"5th Floor، Plot No: 20, Midway Ave، Commercial-B Karachi, 75340, Pakistan",75340,67.30419898,25.03053298,Sports & Fitness,Gyms & Studios,Gym,Open,+92 304 1239222,,4.9,22.0,31.17,People typically spend up to 1.5 hours here,03-2025
035e8f51fc39d4d689c8d49aa0766838,Vortex Gym Chapter 2,UC-2 Darsanno Channo,Karachi,"Ground Floor, SubhanAllah Heights, Plot 15, Avenue 1 Commercial Precinct 1, Bahria Town Karachi Precinct, Street 1, Karachi, 75340, Pakistan",75340,67.30819268,25.00230977,Sports & Fitness,Gyms & Studios,Gym,Open,+92 345 8307832,vortexgym.net,4.7,20.0,43.86,,03-2025
b9070af549ba0b96a71b33db640da3fd,Mohsin Fitness,Pakistan,Lahore,"Bank, 1st floor, Ibn-e-saeed Rd, opposite Meezan Bank Limited Canal, Society, Lahore, 54000, Pakistan",54000,74.41115583,31.57353972,Sports & Fitness,Gyms & Studios,Gym,Open,+92 321 4737280,,4.8,23.0,28.5,People typically spend up to 2 hours here,03-2025
928270f03bbf2e66f52f3d9feb36836c,Shoaib Gym Begum Kot,Shahdara Town,Lahore,"Sheikhupura Rd, Begum Kot, Shahdara, Shahdara Town, Lahore, 54950, Pakistan",54950,74.27385462,31.61645252,Sports & Fitness,Gyms & Studios,Gym,Open,+92 321 4806990,shoaibgym.com,3.9,13.0,40.0,,03-2025
3f20fde620fcca0501e9322fb0526e82,Pure Avidity Saloon and Spa,Civic Center Bahria Town,Rawalpindi,"Plaza no 122 Lower Ground, Civic Center Bahria Town Phase 4 Bahria Town, Rawalpindi, 44000, Pakistan",44000,73.12231863,33.5495998,Sports & Fitness,Saunas & Spas,Spa and health club,Open,+92 311 2543333,pureavidityspasaloon.com,4.7,94.0,50.0,,03-2025
c3cc48bee90096a4110373026ea7be10,BodyFlow - Fitness & Yoga Club,UC-12 Gulzar-e-hiijri,Karachi,"A1, Gulshan-e-Kaneez Fatima Row D Gulzar E Hijri Scheme 33, Karachi, Pakistan",,67.10904416,24.95451793,Sports & Fitness,Gyms & Studios,Gym,Open,+92 316 2782020,facebook.com,4.9,68.0,34.67,People typically spend up to 1.5 hours here,03-2025
aac28a5a7b08cf675819c1af9a56b7c8,PREMIUM FITNESS CHAPTER 2.O,Gadap Town,Karachi,"Flat, Ground Floor, Shafi Heights, 5/D, Plot No: SB-71, Surjani Town, Karachi, 75850, Pakistan",75850,67.0607079,25.01348744,Sports & Fitness,Gyms & Studios,Gym,Open,+92 313 2229925,facebook.com,4.6,19.0,30.0,,03-2025
5bf4634091b39fe6ec1f4fa9a1d7d40d,XTRIMMERS GYM (FITNESS ZONE),Talib Ganj,Lahore,"chowk, Raiwind Rd, Talib Ganj Lahore, 54000, Pakistan",54000,74.21963522,31.41428685,Sports & Fitness,Gyms & Studios,Gym,Open,+92 321 4940941,,4.6,7.0,30.17,People typically spend up to 1.5 hours here,03-2025
22361054dfc15e7688d7a097b027c974,GritFit Prime,Rawalpindi Tehsil,Islamabad,"Phase 7 Islamabad, Pakistan",,73.10247937,33.52082443,Sports & Fitness,Gyms & Studios,Gym,Open 24 hours,+92 51 6107050,instagram.com,5.0,12.0,29.71,People typically spend up to 1.5 hours here,03-2025
c114df40d2f155b3d5a1ec821ea5920d,"AA FITNESS CENTER ""Orangi Town""",UC-5 Madina Colony,Karachi,"Iqbal Market, near Iqra Hayat ul Islam School, Islam Nagar Block D Aziz Nagar, Karachi, 75800, Pakistan",75800,66.98126589,24.95541126,Sports & Fitness,Gyms & Studios,Gym,Open,+92 313 1232373,,5.0,3.0,32.0,People typically spend up to 1.5 hours here,03-2025
92415f80f01b795dd3ab90256f4a4a59,Imran Odho bodybuilding fitness club,UC-4 Quaidabad,Karachi,"GYM, Joji more hassan power Ghot, Bin Qasim Town, Karachi, 75050, Pakistan",75050.0,67.24359294,24.85660247,Sports & Fitness,Gyms & Studios,Gym,Open,+92 304 2077123,facebook.com,5.0,7.0,36.67,,03-2025
3dbdb42fd78ef8efffab520aa0d5f8a1,Swimming Classes by UMK - Park Lane Hotel,Pakistan,Lahore,"107 MM Alam Rd, Block B3 Block B 3 Gulberg III, Lahore, 54000, Pakistan",54000.0,74.34676444,31.5035686,Sports & Fitness,Recreation Centers,Swim club,Open,+92 307 9466464,swimminglearning.com,5.0,4.0,30.71,,03-2025
eede99a72a4c0f08f4514550d5f2371b,HUFC Club Pakistan,Pakistan,Lahore,"No. 9 Defence Rd, opp. Valencia Gate, Phase-II Block B Dha Rahbar Phase 1 Dha Rahbar, Lahore, Pakistan",,74.24822976,31.39193113,Sports & Fitness,Gyms & Studios,Fitness center,Open,+92 328 4598199,hufc.pk,4.4,474.0,45.83,People typically spend up to 2 hours here,03-2025
79f443c16b091bf137599d5a174bab84,i2c Gym,Pakistan,Lahore,"11 Lahore – Kasur Rd, Old F.C.C. Gulberg III, Lahore, 54000, Pakistan",54000,74.32846592,31.51636345,Sports & Fitness,Gyms & Studios,Gym,Open 24 hours,+92 324 4564960,i2cinc.com,4.7,9.0,32.14,,03-2025
00132175996b5159fdd92917b2a766f5,Futsalrange Padel Arena DHA,Pakistan,Lahore,"M Block, Lahore, 54000, Pakistan",54000,74.42190338,31.45682845,Sports & Fitness,Other Outdoor & Lawn Sports,Padel court,Open 24 hours,+92 331 3333011,futsalrange.com,4.8,31.0,32.86,,03-2025
69105cca7b87274d8a5150e1ed2fe34e,"Royal Cricket Arena - Aliabad Town, Bahawalpur",Pakistan,Bahawalpur,"H 13, near Dewan pully, Aliabad Town Bahawalpur, Bahawalpur, Pakistan",,71.70103167,29.40427514,Sports & Fitness,Recreation Centers,Indoor playground,Open 24 hours,+92 322 4393988,instagram.com,4.7,34.0,39.71,People typically spend up to 3 hours here,03-2025
6a295a040025d3631b8efbaa482a8777,Fakhar Zaman Cricket Academy Mardan,Pakistan,Mardan,"Mardan, 23200, Pakistan",23200,72.03174789,34.19077247,Sports & Fitness,Ball Sports,Cricket club,Open,+92 313 1818807,fakharzamanacademy.com,4.4,22.0,55.83,,03-2025
cebad8d0b6714fb2ec24e865bc4762dc,Gold Gym main branch 1,Quetta,Quetta,"Gurdat singh road Quarry, Road, Quetta, 87300, Pakistan",87300,67.00813492,30.18415544,Sports & Fitness,Gyms & Studios,Gym,Open,+92 333 7827456,,4.4,130.0,51.17,People typically spend up to 1.5 hours here,03-2025
cb58507c03011d2046f9149e69dc0d1f,Ghazi Ground,Karachi City,Karachi,"Gulshan-E-Ghazi 5-D Sector 5 D North Karachi Twp, Karachi, 75850, Pakistan",75850,67.07034345,25.00147662,Sports & Fitness,Ball Sports,Cricket ground,Open,+92 342 2015143,ghaziground.blogspot.com,4.0,71.0,46.29,,03-2025
2ee3ad7b69f02f291b8869fd64e2800d,Al-Madina Hijama Center,Sector C,Lahore,"MashaAllah Center, 213-A, opp. Car Parking Grand Mosque, Commercial Sector C Bahria Town, Lahore, 53720, Pakistan",53720,74.18215548,31.36979719,Sports & Fitness,Gyms & Studios,Fitness center,Open,+92 300 7598000,almadinahijamacenter.com,4.9,165.0,33.29,,03-2025
39affb69198142c969195408a77f81c1,POWER HOUSE GYM FITNESS CENTER (Sohawa),Sohawa,Sohawa,"Main Bazar Rd, Sohawa, 49230, Pakistan",49230.0,73.41792297,33.13257178,Sports & Fitness,Gyms & Studios,Gym,Open,+92 348 5284299,facebook.com,4.0,13.0,28.67,,03-2025
5db1cec27a148cf3a08bf3353ecab8d7,Citi Fitness Gym,Sialkot Metropolitan Area,Madharian Wala Kalar,"road, Citi Housing Society Madharian Wala Kalar, 51040, Pakistan",51040.0,74.46882735,32.42186714,Sports & Fitness,Gyms & Studios,Gym,Open,+92 318 7675175,,4.5,79.0,31.5,People typically spend up to 2 hours here,03-2025
3857350e133cbb0e1b726fac7c2d5b26,Shayaan Sports,Taj Bagh Scheme,Lahore,"Taj Bagh Scheme Lahore, 54000, Pakistan",54000.0,74.41187539,31.56349441,Sports & Fitness,Ball Sports,Sports club,Open,+92 313 4002568,facebook.com,4.8,5.0,38.0,,03-2025
309a2dd80d6fcd892475f17a3fef6ba6,Body Toneup Gym,UC-6 Rafah-e- Aam,Shah Faisal Town,"7/8 Street Number 7, Golden Town Shah Faisal Colony, Shah Faisal Town, 75230, Pakistan",75230.0,67.1604269,24.88450739,Sports & Fitness,Gyms & Studios,Gym,Open,+92 300 1231235,,4.1,108.0,66.86,People typically spend up to 1 hour here,03-2025
d30119635dedeeba212cad789ad9a972,DHA Swimming Pool & Gym Complex,Sector Y,Lahore,"Y Block Phase III, near Sheba Park, Sector Y DHA Phase 3, Lahore, Pakistan",,74.37268016,31.47547356,Sports & Fitness,Recreation Centers,Sports complex,Open,+92 42 35692485,dhalahore.org,4.1,150.0,39.17,People typically spend up to 1.5 hours here,03-2025
ea6a1e6764a29b898df6fd347f22fe4a,omifitness club,Gadap Town,Karachi,"Plot A 146 Unnamed Road, Sector Z Gulshan-e-Maymar, Karachi, Pakistan",,67.12329317,25.01828063,Sports & Fitness,Gyms & Studios,Fitness center,Open,+92 310 6003051,facebook.com,4.3,76.0,36.33,People typically spend up to 1.5 hours here,03-2025
ce80775f1b6e5d86f27562185ed7e636,Armstrong Gym,Sindh,Karachi,"Armstrong gym Rimjhim tower Safoor, near KESC Society, scheme 33 Karachi, 75270, Pakistan",75270.0,67.15782853,24.94064898,Sports & Fitness,Gyms & Studios,Fitness center,Open,+92 332 2464479,instagram.com,4.6,48.0,26.14,,03-2025
09f8beab71bba57dc22290e93ffb68d5,Flex Gym,Pakistan,Lahore,"Bedian Rd, Nadirabad Lahore, 54000, Pakistan",54000.0,74.39990252,31.49546177,Sports & Fitness,Gyms & Studios,Gym,Open,+92 307 4613773,,4.5,132.0,47.33,People typically spend up to 1.5 hours here,03-2025
e475e7078d797fc1c601bfa87dd82492,MHA Sports Arena by Bari Theater,Zeenat Block,Lahore,"Zeenat Block Allama Iqbal Town, Lahore, 54000, Pakistan",54000.0,74.28023211,31.51969244,Sports & Fitness,Recreation Centers,Sports complex,Open,+92 323 2333212,m.facebook.com,4.1,100.0,24.57,,03-2025
4faef6de941a4164dc6aa3c5447029df,Life Line Gym,Pakistan,Lahore,"6 B Bor Society, Johar Town, Lahore, 54782, Pakistan",54782.0,74.29610814,31.4731304,Sports & Fitness,Gyms & Studios,Fitness center,Open,+92 333 8999351,,4.9,128.0,58.33,People typically spend up to 1 hour here,03-2025
e69d14cd812f0ae4b9c21caf028b881c,DHA Golf Club,Sindh,Karachi,"D.H.A. Phase 8 Zone B Phase 8 Defence Housing Authority, Karachi, 75500, Pakistan",75500.0,67.09824657,24.77394036,Sports & Fitness,Golf & Driving Ranges,Golf club,Open,+92 21 35845304,dhakarachi.org,4.4,6091.0,31.57,,03-2025
fb52396c8a99a5db22c54e6418fd7f00,Route2 Pilates Studio,Pakistan,Lahore,"38 Javed Iqbal (Cartoonist) St, Block L Gulberg 2, Lahore, Pakistan",,74.35036258,31.52064635,Sports & Fitness,Gyms & Studios,Pilates studio,Open,+92 42 35755038,route2pilates.com,4.6,19.0,50.83,People typically spend up to 1 hour here,03-2025
837002e1689214e65f626f4c4d1169cf,Emergym,UC-5 Gulshan-e-iqbal 1,Karachi,"Gulshan Trade Center 4th Floor, Block 5 Gulshan-e-Iqbal, Karachi, 75300, Pakistan",75300.0,67.08928125,24.92350697,Sports & Fitness,Gyms & Studios,Gym,Open,+92 312 2668129,,4.2,35.0,32.2,People typically spend up to 2 hours here,03-2025
058f0659eefcfffa7afc4bbd4041669a,Muscle Hub Gym & Fitness Center,Rewaz Garden,Lahore,"Rewaz Garden Rewaz Gardens, Lahore, 54000, Pakistan",54000.0,74.30215364,31.56123652,Sports & Fitness,Gyms & Studios,Gym,Open,+92 333 0425453,,4.4,112.0,46.5,People typically spend up to 25 min here,03-2025
1725308584bbc4122ac5f392dbd2b667,Titan Gym & Nutrition,Pakistan,Bahawalpur,"Ghousia Colony, beside One Unit Staff Colony, One Unit Colony, Bahawalpur, 63100, Pakistan",63100.0,71.69997113,29.38489058,Sports & Fitness,Gyms & Studios,Gym,Open,+92 308 7184296,,4.7,126.0,55.17,People typically spend up to 1 hour here,03-2025
fc4c4a3f1bc0e55d0f23355ead038bd5,Dark Snake Fight Gears,Sialkot Metropolitan Area,Jaurian Khurd,"Jaurian Khurd, 51310, Pakistan",51310.0,74.44364363,32.51194419,Sports & Fitness,Martial Arts & Dojos,Boxing club,Open 24 hours,+92 346 6744488,dark-snake.com,4.5,2.0,36.5,,03-2025
b3fdbeabd29ae6799671f6c1ceb54ab0,Creater Fitness Gym,Sector H,Lahore,"H-Block, Aizeb Plaza, Sector H Dha Phase 1, Lahore, 54000, Pakistan",54000.0,74.39284516,31.48130711,Sports & Fitness,Gyms & Studios,Gym,Open,+92 301 8408647,,4.3,29.0,31.17,People typically spend up to 2 hours here,03-2025
a9c3a8496807c0d7898c242dcb499492,The Strength Project,Shahbaz Commercial Area,Karachi,"3rd Floor, Tower, 47-C Ln 4, D.H.A Phase 6 Shahbaz Commercial Area Phase 6 Defence Housing Authority, Karachi, 75500, Pakistan",75500.0,67.04618191,24.79426353,Sports & Fitness,Gyms & Studios,Fitness center,Open,,instagram.com,4.5,26.0,46.83,People typically spend up to 1.5 hours here,03-2025
2b59248d9a38ef46d91761e08eabf637,"Sector: G, Sports Complex, Phase 5, DHA",Sector G,Lahore,"St 10, Sector G Phase 5 D.H.A, Lahore, Pakistan",,74.39245367,31.46399163,Sports & Fitness,Recreation Centers,Sports complex,Open,+92 42 37176152,dhalahore.org,4.4,1165.0,53.57,People typically spend up to 2 hours here,03-2025
737491c4a769fc210f45823481aa739c,Statue of Liberty | Punjab,Bahria Town,Rawalpindi,"Bahria Business District Phase 8 Bahria Town, Rawalpindi, 46000, Pakistan",46000.0,73.08479598,33.50147684,Sports & Fitness,Gyms & Studios,Fitness center,Open 24 hours,,fitnessgaragepk.com,4.4,3699.0,39.83,People typically spend up to 1 hour here,03-2025
f019a04297fcf47432ef5e3be3cbf2af,ANABOLIC FITNESS GYM &CARDIO,Bhutta Village,Karachi,"Noor Deen Khan Rd, Bhutta Village, Karachi, 75600, Pakistan",75600.0,66.98892918,24.82097765,Sports & Fitness,Gyms & Studios,Fitness center,Open,+92 344 0033334,anabolic-fitness.com,4.3,35.0,50.83,,03-2025
c276e71d056e6dad75e52bfd84dfa336,Oxygym Health & Fitness Club,Sector DD,Lahore,"Gold crest mall sector DD phase 4 Dha lahore, Sector DD Dha Phase 4, Lahore, 54000, Pakistan",54000.0,74.37898246,31.46681752,Sports & Fitness,Gyms & Studios,Gym,Open,+92 346 6888896,,4.1,102.0,48.33,People typically spend up to 1.5 hours here,03-2025
b92c489a26778232ad3de5e1354c2ec0,Lifefitness Complex Gym and Swimming Pool,Pakistan,Hyderabad,"Unit 6, Latifabad Unit 6 Latifabad, Hyderabad, 71800, Pakistan",71800.0,68.34558366,25.3696585,Sports & Fitness,Gyms & Studios,Gym,Open,+92 311 5558442,lifefitness.com.pk,3.9,62.0,24.33,,03-2025
e9147399f5ec032e4fa4001870391521,New Muslim Body Building Club,UC-4 Hyderi,Karachi,"7, Block H North Nazimabad Town, Karachi, 74700, Pakistan",74700.0,67.04574882,24.93663062,Sports & Fitness,Gyms & Studios,Gym,Open 24 hours,+92 345 2463924,m.facebook.com,4.0,41.0,21.83,,03-2025
6c7197e7494189b92b044693cdde2222,King Fitness Club,Pakistan,society,"199 A commercial, Central Park Housing Scheme, society, 54600, Pakistan",54600.0,74.38143091,31.32795594,Sports & Fitness,Gyms & Studios,Gym,Open,+92 320 4881042,facebook.com,4.5,49.0,37.14,,03-2025
2c7ede90e3748a31ed2c31600a25f626,Nature Clinical Spa,Sindh,Karachi,"41-C Bukhari, 8th Commercial Lane, D.H.A Phase 6 Bukhari Commercial Area Phase 6 Defence Housing Authority, Karachi, 75500, Pakistan",75500.0,67.06428169,24.79246613,Sports & Fitness,Saunas & Spas,Spa and health club,Open,+92 335 8229373,,4.2,18.0,55.0,People typically spend up to 2.5 hours here,03-2025
63c4955e9f667b7c09b065d29bd9217c,Mr Gym,Taraf Mubarik Doim,Multan,"Akbar tower near factory shop Gulbagh, Bosan Rd, Multan, 60000, Pakistan",60000.0,71.4717149,30.22231428,Sports & Fitness,Gyms & Studios,Gym,Open,+92 345 1676420,,4.0,162.0,44.17,People typically spend up to 1.5 hours here,03-2025
43fbd5278aa685466a1d94ccfbd10a8f,Traxx inn Cross fit gym,Punjab,Lahore,"Lateef Street, 16 A1, Valencia Housing Socienty, Lahore, 54660, Pakistan",54660.0,74.25845291,31.41604277,Sports & Fitness,Gyms & Studios,Gym,Open,+92 322 4163806,facebook.com,4.3,116.0,27.43,,03-2025
c7c0f9600fb47329f23ed2aeb1650cc7,K7 Fitness & KickBoxing Academy,Sindh,Karachi,"11-c Ittehad Lane 2, D.H.A Phase 6 Ittehad Commercial Area Phase 6 Defence Housing Authority, Karachi, 75500, Pakistan",75500.0,67.07215611,24.80232651,Sports & Fitness,Gyms & Studios,Gym,Open,+92 348 2136361,,4.6,171.0,37.67,People typically spend up to 2 hours here,03-2025
c1e3dbf31f45d2d8bc14a893bd248aff,Fitness Zone ( Gym ),Rawalpindi Tehsil,Islamabad,"Hoor plaza, Main PWD Rd, opposite faysal bank, adjacent to js Bank, Block A Police Foundation, Islamabad, Pakistan",,73.13468286,33.56735251,Sports & Fitness,Gyms & Studios,Gym,Open 24 hours,+92 321 5180301,facebook.com,4.6,429.0,42.0,People typically spend up to 1.5 hours here,03-2025
2dad8c8e50658363dafc06c38cd6f38d,Shamshad Nabi Khattak Arms Dealer,Tarnol,Islamabad,"Fateh Jang Rd, Tarnol, Islamabad, 45211, Pakistan",45211.0,72.90690561,33.64876822,Sports & Fitness,Shooting & Gun Ranges,Gun shop,Open,+92 311 9407307,g.page,5.0,20.0,31.71,,03-2025
7857d385c166ce0bb18d003787ddc11a,NBP Sports,UC-10 Clifton,Karachi,"Block 5 Old Clifton, Karachi, 75600, Pakistan",75600.0,67.03023054,24.81111437,Sports & Fitness,Recreation Centers,Sports complex,Open,+92 21 35864610,nbp.com.pk,4.4,252.0,,People typically spend up to 3 hours here,03-2025
0bb9d749b2348ec220663110a533d03a,CITY Snooker Lounge Chakwal,Punjab,Chakwal,"Basement MCB Bank City Branch, Pindi Bypass Road, Chakwal, 48800, Pakistan",48800.0,72.85293033,32.94131292,Sports & Fitness,Ball Sports,Sports club,Open,+92 330 0004645,facebook.com,4.7,58.0,60.0,,03-2025
bf4589a9d7510c2b7721e22bab0c4000,Be-FIT gym,UC-13 Safooran,Karachi,"block #07 basement,sun view towers، main Main University Rd, Block 7 Gulistan-e-Johar, Karachi, Pakistan",,67.14545298,24.93738926,Sports & Fitness,Gyms & Studios,Gym,Open,+92 311 3237606,facebook.com,4.4,85.0,31.83,People typically spend up to 2 hours here,03-2025
fdfa10dafd98bc0c99cb75a5e55a7309,Oxygen Gym,Pakistan,Mardan,"Mardan, 23200, Pakistan",23200,72.02274626,34.19226528,Sports & Fitness,Gyms & Studios,Gym,Open,+92 330 3420005,,4.5,4.0,38.83,People typically spend up to 1 hour here,03-2025
693c6146df38cb1730bd88f29c99601e,Body Garage health and Fitness,Pakistan,Lahore,"33 D PIA Road, Main Blvd, Block D Pia Housing Scheme, Lahore, 54770, Pakistan",54770,74.27580831,31.44391196,Sports & Fitness,Gyms & Studios,Gym,Open,+92 349 3931482,,4.7,41.0,39.17,People typically spend up to 2 hours here,03-2025
c07cd46dcce3b1bfb34139f756224e96,Aleem Dar Cricket Academy,Pakistan,Lahore,"near LDA Office، behind Mian Plaza, Civic Centre Block D 2 Phase 1 Johar Town, Lahore, 54600, Pakistan",54600.0,74.28735171,31.46319243,Sports & Fitness,Stadiums & Arenas,Stadium,Open,+92 300 7841811,adca.pk,4.4,1483.0,39.43,,03-2025
c3823cbf53795a0d5bda608a7eec9c9a,Star Gym,UC-3 Kharadar,Karachi,"Shop.22, Machiyara Mansion, near Mehran Bakery, Kharadar Ghulam Hussain Kasim Quarters, Karachi, Pakistan",,66.99295555,24.85206368,Sports & Fitness,Gyms & Studios,Gym,Open,+92 331 2206361,m.facebook.com,4.2,148.0,38.33,People typically spend up to 2 hours here,03-2025
dcbd5f056510c561b7a02e0c08aa2e4a,Muscles Lab,Taj Bagh,Lahore,"Service Rd, Ghazi Pul Muslimabad Taj Bagh Scheme, Lahore, Pakistan",,74.41428357,31.56914198,Sports & Fitness,Gyms & Studios,Gym,Open,+92 313 4683883,facebook.com,4.7,96.0,35.0,People typically spend up to 1.5 hours here,03-2025
a4c5159a78699420d114f589f8ca95d9,The Builder Gym & Fitness Planet,Pakistan,Hasilpur,"Hasilpur opposites wapda grid station, 63000, Pakistan",63000,72.55837785,29.69794245,Sports & Fitness,Gyms & Studios,Gym,Open 24 hours,+92 306 4400814,,4.3,29.0,36.5,People typically spend up to 2 hours here,03-2025
66587dc22e52901ed742a1d6731cf249,Gold Standard Gym (University Town Branch),University Town,Peshawar,"building # 62 c/c Opposite Academy gate Near K.T.H hospital Emergency Gate, University Town, Peshawar, 25000, Pakistan",25000,71.48559198,33.99495757,Sports & Fitness,Gyms & Studios,Gym,Open,+92 313 9796949,,4.3,103.0,42.5,People typically spend up to 2 hours here,03-2025
68ca60327d7677dd60a2f36e2e7de843,Tehsil Sports Office,Pakistan,Hasilpur,"Bahawalpur Rd, Jinnah Colony, Hasilpur, 63000, Pakistan",63000.0,72.52669518,29.69196853,Sports & Fitness,Gyms & Studios,Gym,Open 24 hours,+92 333 7463372,mono.com,3.8,15.0,17.29,,03-2025
587a44c47be3b633d5716567c3c5083d,Shoaib Gym for Ladies & Gents,Pakistan,Lahore,"Rukhshanda Complex, Hafiz Taib Rd, Kashmir Block Allama Iqbal Town, Lahore, 54000, Pakistan",54000.0,74.28510587,31.52019056,Sports & Fitness,Gyms & Studios,Gym,Open,+92 333 4309808,shoaibgym.com,4.1,126.0,36.33,,03-2025
c5c2ed5b7370c3bab536945f129b6947,Green Valley Snooker,Pakistan,Malakwāl,"Bhera Rd, Malakwāl, 50530, Pakistan",50530.0,73.20340523,32.55244768,Sports & Fitness,Ball Sports,Sports club,Open,+92 336 1147147,facebook.com,4.0,21.0,41.14,,03-2025
ed0910e612ea09e88a8bce4fc58fe9c1,Pasban Sports Complex,Westridge 3,Rawalpindi,"Westridge III Westridge 3, Rawalpindi, 46000, Pakistan",46000.0,73.01527853,33.61682855,Sports & Fitness,Recreation Centers,Sports complex,Open,+92 310 5781816,,4.3,741.0,50.14,People typically spend up to 4 hours here,03-2025
3e1f02df740e29b20ac66e253f783bd0,Just Hunters,Pakistan,Lahore,"G-10، Jeff Heights, Main Boulevard Gulberg, Block E1 Block E 1 Gulberg III, Lahore, 54000, Pakistan",54000.0,74.34102159,31.51707287,Sports & Fitness,Fishing & Hunting,Hunting store,Open,+92 321 3227222,justhunters.pk,4.4,168.0,40.67,,03-2025
0664c988ff70967d486ee007d5295eea,Fitness Arena,Punjab,Lahore,"Raiwind Rd, Block K Fazaia Housing Society, Lahore, 54000, Pakistan",54000.0,74.23214831,31.3640659,Sports & Fitness,Gyms & Studios,Gym,Open,+92 331 3311188,,4.7,36.0,53.83,People typically spend up to 2 hours here,03-2025
3633e2d5505f69c9f56d53d9467c28a0,Body Care Gym,Punjab,Gojra,"Near Indar bypass Qadree Darbar Road ClabRoad, Gojra, Pakistan",,72.6907934,31.15241312,Sports & Fitness,Gyms & Studios,Gym,Open,+92 346 0010002,facebook.com,4.4,135.0,38.17,People typically spend up to 1.5 hours here,03-2025
cfaae3e538274ae3e622e5e53f2ac605,Element Fitness,UC-7 P.e.c.h.s 2,Karachi,"Mezzanine Floor, Happy Heights, Shaheed-e-Millat Rd, Modern Society Karachi, Pakistan",,67.05544456,24.88353293,Sports & Fitness,Gyms & Studios,Fitness center,Open,+92 21 38883406,elementfitness.pk,4.5,155.0,46.33,People typically spend up to 1.5 hours here,03-2025
acbe3d5a7724aab873657a8ae4c7eb96,CLOUD9 WELLNESS STUDIO,Pakistan,Lahore,"37-A, off Main Gulberg Road, Main Gulberg, Lahore, 54000, Pakistan",54000.0,74.34219564,31.5327856,Sports & Fitness,Gyms & Studios,Yoga studio,Open,+92 324 3337755,cloud9wellness.pk,4.8,48.0,47.67,,03-2025
1750777f23fe01289989223a4f0e03e9,24 Hours Fitness Gym,Karachi City,Karachi,"Block 5-C Block 5 C Block 5 Nazimabad, Karachi, 74600, Pakistan",74600.0,67.02435625,24.92269059,Sports & Fitness,Gyms & Studios,Gym,Open,+92 322 2313731,,4.1,129.0,33.67,People typically spend up to 1.5 hours here,03-2025
cb6b942406853bb8b550e55aa666e618,Arena - Family Recreational & Sports Complex,Sindh,Karachi,"Karsaz Road, Karsaz Faisal Cantonment, Karachi, Pakistan",,67.08725741,24.88758124,Sports & Fitness,Recreation Centers,Recreation center,Open,+92 21 99245251,arena.net.pk,4.3,12708.0,46.43,People typically spend up to 3 hours here,03-2025
6c904ed7882726428a1cdda902e2d369,Model Town Gym,Pakistan,Faisalabad,"gym bhag wli masjid, Block C Model Town, Faisalabad, 38000, Pakistan",38000.0,73.06648838,31.42457232,Sports & Fitness,Gyms & Studios,Gym,Open,+92 321 7773030,,4.5,94.0,39.5,People typically spend up to 1.5 hours here,03-2025
3351afc8cc9c17b1d5f5df3f5ea7f382,Aquatic Plants Central Lahore - Online Store -The Home Based Setup- (We Only Take Online Orders),Punjab,Lahore,"9/82, 82 Sagar Rd, Lahore, Pakistan",,74.38347464,31.54683266,Sports & Fitness,Water & Aquatic Sports,Aquatic centre,Open 24 hours,+92 322 4559952,facebook.com,5.0,59.0,35.86,People typically spend up to 1.5 hours here,03-2025
aa621e417017628810a9703b19e19be6,Shoaib Gym ladies & Gents,Punjab,Lahore,"22 Urdu nagar Umer market more, Samanabad Town, Lahore, 54000, Pakistan",54000,74.2901271,31.54494048,Sports & Fitness,Gyms & Studios,Gym,Open,+92 345 4585270,,4.2,72.0,43.0,People typically spend up to 45 min here,03-2025
05d64d0bc69b78e0f7774b18482c9f61,MK Stylish and Fitness Gym,Samanabad,Lahore,"H. No. 50-21 acre scheme, Shama Road, Samanabad Town, Lahore, 54500, Pakistan",54500,74.30334344,31.54153351,Sports & Fitness,Gyms & Studios,Gym,Open,+92 323 2005323,,4.8,88.0,47.0,People typically spend up to 2 hours here,03-2025
1bc74a3bee55a5f248f90f496cf96851,LDA Sports Complex Gulberg,Pakistan,Lahore,"Gurumangat Rd, Industrial Area Industrial Plots, Lahore, Pakistan",,74.35611077,31.51241623,Sports & Fitness,Recreation Centers,Sports complex,Open,+92 322 8888375,facebook.com,4.6,38.0,35.43,People typically spend up to 2 hours here,03-2025
79c9d341a0335034878c78b2ae972129,Doodle Fitness Club,Rawalpindi Tehsil,Rawalpindi,"Bilal Plaza, Chaklala 3, Chaklala, Chaklala Housing Scheme 3, Rawalpindi, 46000, Pakistan",46000,73.08616937,33.58614244,Sports & Fitness,Gyms & Studios,Gym,Open,+92 345 6062229,facebook.com,4.5,12.0,32.0,,03-2025
b44fd00f3051dda76fbbdb7501ee9f1b,Shapes Health Studio,Punjab,Lahore,"24 Main Blvd Allama Iqbal Town, Gulshan Block Allama Iqbal Town, Lahore, 54000, Pakistan",54000,74.28965429,31.51815625,Sports & Fitness,Gyms & Studios,Fitness center,Open,+92 42 37814759,,3.7,111.0,51.5,People typically spend up to 1.5 hours here,03-2025
a38852724167a9f18afaa3758282f332,Rana Fitness Club,Pakistan,Faisalabad,"Kokian Wala, Faisalabad, 38000, Pakistan",38000,73.02256422,31.41643984,Sports & Fitness,Gyms & Studios,Fitness center,Open,+92 300 6669603,,4.0,4.0,36.33,People typically spend up to 1.5 hours here,03-2025
104a59a36f2f069b4385b89d376b333c,FITX Fitness Studio,Shadman Town,Sahiwal,"Shadman Town, Sahiwal, 57000, Pakistan",57000,73.08531696,30.6898673,Sports & Fitness,Gyms & Studios,Gym,Open,+92 300 6900206,,4.4,93.0,53.67,People typically spend up to 2 hours here,03-2025
bb737cdd49baae00c1d9ee195deca3b5,Bhatti Gym,Pakistan,Faisalabad,"2nd Floor، Hafeez Plaza, Sargodha Rd, Ideal Town, Faisalabad, 38000, Pakistan",38000,73.07553753,31.47340433,Sports & Fitness,Gyms & Studios,Gym,Open,+92 300 7934106,,3.9,114.0,45.33,People typically spend up to 1.5 hours here,03-2025
8726d5cef29389f8e576a8d03703f2d7,KB Hunting Knives,Wazirabad,Wazirabad,"near ABL, Allahabad, Wazirabad, 52000, Pakistan",52000,74.11337933,32.42989417,Sports & Fitness,Fishing & Hunting,Hunting store,Open 24 hours,+92 320 7486808,kbhuntingknives.com,5.0,2.0,22.0,,03-2025
ca2ad5ebb7c3daf69463cbb247ac0398,Fitness Zone Gym,Sialkot,Sialkot,"2nd floor، Fitness zone gym airport road gohadpur opposite allied bank Chaudry tower, Sialkot Airport Rd, Muradpur, Sialkot, 51310, Pakistan",51310,74.5043758,32.51942218,Sports & Fitness,Gyms & Studios,Gym,Open 24 hours,+92 334 8178024,,4.3,71.0,38.33,People typically spend up to 1.5 hours here,03-2025
ec488d63ba25cfbb0f0408f9c8063384,KASRAT(Health & Fitness club),Punjab,Lahore,"D Block Block D Valencia, Lahore, Pakistan",,74.25793035,31.40846311,Sports & Fitness,Gyms & Studios,Gym,Open,+92 321 1111128,sites.google.com,4.3,220.0,43.67,People typically spend up to 1.5 hours here,03-2025
8375f203df56f85f6ffd01c4c6c81b80,Yoga Studio and Reiki Clinic,Punjab,Rawalpindi,"Lower Ground, Empire Heights, Landmark: Smile Care Dental Clinic, 2 Hill Rd, Phase 6 Bahria Town, Rawalpindi, 44000, Pakistan",44000,73.13470834,33.5555744,Sports & Fitness,Gyms & Studios,Fitness center,Open 24 hours,+92 321 5162198,yogareikiclinic.com,4.7,27.0,18.14,,03-2025
00706634201a5d4891214b19e4aedf27,Allure Studio,Umer Block,Lahore,"124, Umer Block Umar Block Allama Iqbal Town, Lahore, 54000, Pakistan",54000,74.28446153,31.51045092,Sports & Fitness,Gyms & Studios,Fitness center,Open,+92 321 7772886,facebook.com,3.2,6.0,35.8,,03-2025
e429b68902c381e16cf23b8f851da929,Movenfit PECHS,UC-2 Civic Center,Karachi,"Grappetite Chowrangi, Bahadurabad BMCHS Sharafabad, Karachi, 75500, Pakistan",75500.0,67.06418166,24.88224848,Sports & Fitness,Gyms & Studios,Physical fitness program,Open 24 hours,+92 314 5874660,movenfit.pk,5.0,4.0,30.43,,03-2025
0b94e6259b68722c5ef458489ad0e901,Atmosphere Fitness - Al Nadi Al Burhani,UC-4 City Railway Colony,Karachi,"Old Queens Road، off I.I Chundrigar Rd, City Railway Colony, Karachi, Pakistan",,67.00049856,24.84534539,Sports & Fitness,Gyms & Studios,Gym,Open,+92 21 32400201,atmosphere.com.pk,4.7,277.0,38.43,People typically spend up to 2 hours here,03-2025
5b087719c6829bc3a55be7991026fbce,Wild Hunt Gaming Zone & Chai Cafe,Taj Bagh,Lahore,"Main Canal Rd, Ghazi Pul Muslimabad Taj Bagh Scheme, Lahore, 54000, Pakistan",54000.0,74.41110852,31.56849583,Sports & Fitness,Ball Sports,Sports club,Open,+92 300 8406627,instagram.com,4.5,243.0,36.57,,03-2025
033e1cc587fbfa2f0126c32df0537351,Mr. Power gym,Punjab,Jhang,"Jhang - Gojra Rd, Jhang, 35200, Pakistan",35200.0,72.33436617,31.26193467,Sports & Fitness,Gyms & Studios,Fitness center,Open,+92 333 6732772,,4.6,168.0,45.71,People typically spend up to 1.5 hours here,03-2025
6aca77953af144d8269212bd3a7dc067,Pakistan Sports Complex,Islamabad Capital Territory,Islamabad,"ہائ وے, Islamabad Sports Complex, Islamabad, Pakistan",,73.0903495,33.70222912,Sports & Fitness,Recreation Centers,Sports complex,Open,+92 51 9249035,sports.gov.pk,4.5,2551.0,64.67,People typically spend up to 4 hours here,03-2025
99a00e956a70ce6ce6f523abf3e2fbec,I-8 Cricket Ground,Islamabad Capital Territory,Islamabad,"I-8/1 I 8/1 I-8, Islamabad, Pakistan",,73.0662329,33.66256656,Sports & Fitness,Ball Sports,Cricket ground,Open 24 hours,+92 311 4345552,cda.gov.pk,4.3,610.0,39.86,People typically spend up to 2.5 hours here,03-2025
68dfe07387231d6b765273caed380618,Fit Fusion - Gym,UC-1 Model Colony,Karachi,"Plot #R/C -1, Phll, Road, 72500, Jinnah Ave, Alamgir Society B Area, Karachi, Pakistan",,67.17668398,24.89464873,Sports & Fitness,Gyms & Studios,Gym,Open,+92 301 2286938,facebook.com,4.1,60.0,47.67,People typically spend up to 2 hours here,03-2025
422424f32bd796c9d9d4ac514b4a468a,Islamia College Cricket Ground,Shaheen Town,Peshawar,"Rahat Abad, Peshawar, Pakistan",,71.4734053,33.99914838,Sports & Fitness,Ball Sports,Cricket ground,Open 24 hours,+92 91 9222227,icp.edu.pk,4.6,555.0,31.86,People typically spend up to 1.5 hours here,03-2025
bbbb87d8ad95c4dd38d3cdcd1930d6d7,BodyTech Gym & Fitness Center Multan,Taraf Mubarik Doim,Multan,"Gulgasht Ave، near Toys Mall, C Block Block C, Multan, 60000, Pakistan",60000.0,71.47132836,30.22381992,Sports & Fitness,Gyms & Studios,Gym,Open,+92 300 0404070,,4.9,98.0,35.43,People typically spend up to 45 min here,03-2025
56f97bf3da85549cd4552f8181933166,Elevate Fitness Gym,Punjab,Chakwal,"Talagang Hwy, Chakwal, 48800, Pakistan",48800.0,72.84812296,32.93246378,Sports & Fitness,Gyms & Studios,Gym,Open,+92 318 5520186,,4.9,157.0,59.67,People typically spend up to 1 hour here,03-2025
88e810e75e7d05a7f989e64191fd8b77,Body Strong Fitness Club,Punjab CHS,Lahore,"F51punjab co operative housing society Block F Punjab CHS, Lahore, Pakistan",,74.36350017,31.45564751,Sports & Fitness,Gyms & Studios,Fitness center,Open,+92 321 4350781,facebook.com,4.5,96.0,40.83,People typically spend up to 2 hours here,03-2025
f822996b4691f94013fbe70bff1d7005,The Headquarters MMA and Fitness Studio,Punjab,Multan,"26A, Model Town B Block B Block Market, Multan, 60000, Pakistan",60000,71.49243134,30.2449837,Sports & Fitness,Gyms & Studios,Fitness center,Open,+92 347 6823700,hqmma.pk,4.6,55.0,,People typically spend up to 1 hour here,03-2025
a57fb1c8b31c525ca2b86af1dbbf8232,Barikot Ground,Swat Tehsil,Barikot,"N-95, Barikot, 19240, Pakistan",19240,72.21575219,34.67688455,Sports & Fitness,Team Sports & Fields,Soccer field,Open 24 hours,+92 348 9533870,,4.4,101.0,31.57,People typically spend up to 4 hours here,03-2025
b62feb76164afa64f61eea6bfa91c19f,Wania International (Arms & Ammunition Dealers),UC-8 Saddar,Karachi,"Lucky Star, Shop no 7,Aijaz centre, Mansfield St, Karachi, 75500, Pakistan",75500,67.03019939,24.85852751,Sports & Fitness,Shooting & Gun Ranges,Gun shop,Open,+92 334 2066900,facebook.com,4.3,19.0,29.17,,03-2025
e36545d30449532867a52f4a6837c784,Life Style Gym-2,Rawalpindi Tehsil,Rawalpindi,"Bostan Khan Rd, Chaklala Housing Scheme 3, Rawalpindi, 46000, Pakistan",46000.0,73.09364911,33.58299682,Sports & Fitness,Gyms & Studios,Gym,Open,+92 336 5155165,facebook.com,3.8,10.0,30.33,,03-2025
9d4213c9013908a218552ca66c502d29,Prof MA Raza,Pakistan,Phalia,"Main street main bazar phalia Phalia Tehseel, Phalia, 50430, Pakistan",50430.0,73.57460847,32.43271156,Sports & Fitness,Personal Training,Personal trainer,Open 24 hours,+92 300 7749916,profmaraza.blogspot.com,5.0,2.0,31.6,,03-2025
d87a276cd40249306a570dc2a25fd6e7,Alpha fitness Gents & Ladies Gym,Wah Cantt,Wah Cantt,"Barrier 3, near noori hospital, Shah Wali Colony, Wah Cantt, Pakistan",,72.71834685,33.79286986,Sports & Fitness,Gyms & Studios,Gym,Open,+92 316 5759599,youtube.com,4.6,34.0,43.33,People typically spend up to 1.5 hours here,03-2025
7ea0505d64b5e05b2f94fb042fb92b87,Super space Hyderabad,Pakistan,Hyderabad,"2nd Floor, Boulevard Mall, Plot A-14, Autobahn Road, Hyderabad, Pakistan",,68.3780601,25.36425315,Sports & Fitness,Recreation Centers,Indoor playground,Open,+92 326 8046754,facebook.com,4.2,389.0,39.86,People typically spend up to 1 hour here,03-2025
c2c33a6b26e4bdc35374eae1c5188e04,Riz Shah Fitness Gym,UC-11 Metroville Colony,Karachi,"A-1/5 2nd Floor, Main Abul Hassan Isphani Road، adjacent Essa Lab, Block 4 Gulshan-e-Iqbal, Karachi, 75300, Pakistan",75300.0,67.09900617,24.93824645,Sports & Fitness,Gyms & Studios,Gym,Open,+92 311 2826157,,4.0,68.0,47.5,People typically spend up to 2 hours here,03-2025
bc511ccfbe9ceae5b3fdd50173a46561,Power House Gym,Waris Khan,Rawalpindi,"Saidpur Rd, Pir Choha Mohalla, Rawalpindi, 46000, Pakistan",46000.0,73.05909297,33.62432855,Sports & Fitness,Gyms & Studios,Gym,Open,+92 333 5358441,,4.7,143.0,54.33,People typically spend up to 1.5 hours here,03-2025
7031334d42887923ca32b3dbbce9637b,Naval Anchorage Club,Islamabad Capital Territory,Islamabad,"East Rd, Block D Naval Anchorage, Islamabad, Pakistan",,73.19338414,33.57462172,Sports & Fitness,Recreation Centers,Sports complex,Open,+92 51 5159256,naci.com.pk,4.3,770.0,57.57,People typically spend up to 1.5 hours here,03-2025
4ba8fa138d6d88c92b930cc3d3f1d70a,Zaks Fitness Center,Pakistan,Lahore,"25 c m block, Maraghzar Colony Block M Marghzar Housing Scheme, Lahore, 54000, Pakistan",54000.0,74.25204818,31.50253827,Sports & Fitness,Gyms & Studios,Gym,Open,+92 322 4969831,,4.6,59.0,26.83,People typically spend up to 2 hours here,03-2025
80375707c4bf64f2e4173543365a2bf2,Brick Gym & Crossfit,Sector Y,Lahore,"213 Y block, Commercial Area, Sector Y DHA Phase 3, Lahore, 54810, Pakistan",54810,74.37382011,31.47222634,Sports & Fitness,Gyms & Studios,Gym,Open,+92 323 7710224,facebook.com,4.8,55.0,33.0,,03-2025
7af211197d77c01ef6cbed9846d0b054,BodyFitness,Punjab,Lahore,"69, 2nd Floor, Main Commercial Area, Cavalry Ground, Lahore Cantt, Lahore, Punjab, 54810, Pakistan",54810,74.3612858,31.5014048,Sports & Fitness,Gyms & Studios,Gym,Open,+92 321 4579321,facebook.com,4.5,139.0,26.5,,03-2025
6e8ce1f9b984f54a6c06202df0de2f07,Butt Gym,Sahiwal Tehsil,Sahiwal,"Captain Usman Shaheed Mazdoor Puli, 57000, Pakistan",57000,73.11170097,30.66268642,Sports & Fitness,Gyms & Studios,Gym,Open,+92 321 4932939,facebook.com,4.2,57.0,37.29,,03-2025
16451bf9ecebbb6e8c84cf4c36037710,Xercise Zone,Sector E,Islamabad,"Plaza 19, Jinnah Boulevard, Sector E DHA Phase II, Islamabad, Pakistan",,73.15681063,33.53086386,Sports & Fitness,Gyms & Studios,Gym,Open,+92 336 8368401,facebook.com,3.5,77.0,27.17,People typically spend up to 1.5 hours here,03-2025
2efbd204fc3e111c7bf0cdc0f24ddcfc,GYM Nation,UC-2 Civic Center,Karachi,"Bahadurabad BMCHS Sharafabad, Karachi, Pakistan",,67.06328822,24.88180263,Sports & Fitness,Gyms & Studios,Gym,Open,+92 340 2298003,gymnation.ae,4.1,69.0,57.0,People typically spend up to 2 hours here,03-2025
682e36fd999006ae3c7380b96a29bc60,Kh-e-Kalb-E-Hussain Al Qaim Housing Karachi,Sari,Karachi,"Suit No.8, Crown Center, Block 13 C Gulshan-e-Iqbal, Karachi, 75300, Pakistan",75300.0,67.5324209,25.07960681,Sports & Fitness,Other Outdoor & Lawn Sports,Road cycling,Open 24 hours,+92 345 2632785,alibuilders.net,4.4,53.0,33.14,,03-2025
92af0c4f7064c6e3a3e660ff1e1c0e55,Unique Cricket Ground Jatli,Rawalpindi,Madari,"Madari - Hasal Rd, Madari, 47780, Pakistan",47780.0,73.11209327,33.20283192,Sports & Fitness,Ball Sports,Cricket ground,Open 24 hours,+92 300 5145162,facebook.com,5.0,6.0,23.14,,03-2025
e967a9b391baaf5439105cf41def1d4b,Shehpar Body Building Club,UC-6 Rafah-e- Aam,Shah Faisal Town,"5/2 survey no 79, Golden Town Shah Faisal Colony, Shah Faisal Town, 75210, Pakistan",75210.0,67.16398774,24.88440123,Sports & Fitness,Gyms & Studios,Gym,Open,+92 307 9355699,,4.3,82.0,28.83,People typically spend up to 1.5 hours here,03-2025
482e1c120767afd701368d6c2128f5df,Grace Gym,Sindh,Karachi,"Lane 12, D.H.A Phase 6 Nishat Commercial Area Phase 6 Defence Housing Authority, Karachi, 75500, Pakistan",75500.0,67.05459937,24.7985982,Sports & Fitness,Gyms & Studios,Gym,Open,+92 300 3990219,,4.5,65.0,41.67,People typically spend up to 3.5 hours here,03-2025
443b324b0efede65d01ce32830d80280,World Gym Spa & Fitness Center(ladies and gents),Pakistan,Faisalabad,"World Gym SPA and Fitness Center 2nd floor, Agha Khan University Laboratory Eid GHA, Jail Rd, Faisalabad, 38000, Pakistan",38000.0,73.06925537,31.4252446,Sports & Fitness,Gyms & Studios,Gym,Open,+92 341 7100445,,4.1,134.0,40.43,People typically spend up to 1.5 hours here,03-2025
cb673e07b5b806d57b03ac5738fad1c1,Tactical Arms DHA Branch,Sindh,Karachi,"48C, Lane 8 Khayaban-e-Ittehad Road, D.H.A Phase 6 Bukhari Commercial Area Phase 6 Defence Housing Authority, Karachi, 75500, Pakistan",75500.0,67.06452152,24.79215337,Sports & Fitness,Shooting & Gun Ranges,Gun shop,Open,+92 315 2075756,,4.2,73.0,42.67,People typically spend up to 3.5 hours here,03-2025
6bb91ca5d84815093cd4e808dd35f80c,Margalla Trail Runners,Islamabad Capital Territory,Islamabad,"Trail 5 Parking, Main Margalla Rd, F-5, Islamabad, 44000, Pakistan",44000,73.08535998,33.74492253,Sports & Fitness,Ball Sports,Sports club,Open 24 hours,+92 346 3863624,margallatrailrunners.com,4.8,8.0,27.14,,03-2025
932ad924da6a853421475f4b97aa01dd,(TFR) The Fitness Revolution 24/6,UC-9 Mujahid Colony,Karachi,"Nazimabad no 4 , Block # C, Plot #7 , main Hadi Market Meezan Bank Basement, Karachi, 74600, Pakistan",74600,67.0323919,24.91604991,Sports & Fitness,Gyms & Studios,Gym,Open 24 hours,+92 346 2223903,,4.6,76.0,45.5,People typically spend up to 1 hour here,03-2025
ef4bae7a06d64540b8b6f4b47b46c0e8,Pakistan Navy Roshan Khan Jahangir Khan (PN RKJK) Squash Complex,UC-8 Saddar,Karachi,"PN ROSHAN Khan Jahangir Khan squash complex, Karachi, 75300, Pakistan",75300,67.03282675,24.85686483,Sports & Fitness,Recreation Centers,Sports complex,Open,+92 324 2534681,,4.6,140.0,39.0,People typically spend up to 2 hours here,03-2025
71126e2e228f1227e5f8596f75332611,Bodylab,UC-11 Kehkeshan,Karachi,"Block 4 block 4 scheme 5 Clifton, Karachi, 75600, Pakistan",75600,67.02620355,24.80952122,Sports & Fitness,Gyms & Studios,Fitness center,Open,+92 303 2724471,,4.6,29.0,35.83,People typically spend up to 1.5 hours here,03-2025
a6f5e29c38c7a012755363921c583a1a,Fitness First Gym,Punjab,Chakwal,"2nd Floor Kahoot Plaza Bhaun Rd, 48800, Pakistan",48800,72.84477488,32.9257154,Sports & Fitness,Gyms & Studios,Gym,Open,+92 333 9866279,facebook.com,5.0,22.0,31.83,,03-2025
a5d27bdebc2a32feeeecafbee02033e3,Al Nadi Al Burhani Sports Complex,UC-4 City Railway Colony,Karachi,"Old Queens Road, Karachi،, Pakistan Railways Bridge, Karachi, 74200, Pakistan",74200,67.00152611,24.84557716,Sports & Fitness,Recreation Centers,Sports complex,Open,+92 336 2525353,,4.5,922.0,38.86,People typically spend up to 4 hours here,03-2025
aeb99702e1f824bd6f837c3986c1c9e0,Unique Taekwondo,Sheikhupura,Farooqabad,"Mohallah Hashmi,Street Shaukat Qureshi House No 4, Farooqabad, 39500, Pakistan",39500,73.82182219,31.73595876,Sports & Fitness,Martial Arts & Dojos,Martial arts school,Open 24 hours,+92 301 7037885,facebook.com,5.0,3.0,31.67,,03-2025
9bd979974b47ae4b5432e529a260016f,BODY HEAL FITNESS,Pakistan,Lahore,"BODY HEAL FITNESS, Zarrar Shaheed Rd, near chungi dogage, Gujjar Pura Aziz Bhatti Town, Lahore, 54810, Pakistan",54810.0,74.42163192,31.54327162,Sports & Fitness,Gyms & Studios,Gym,Open 24 hours,+92 320 4773617,,4.1,53.0,39.0,People typically spend up to 1 hour here,03-2025
ce9b3a50cf9eed3ceb935e11235c8b22,The Runners Fitness Studio For Ladies,Punjab,Islamabad,"Ground Floor، Platinum Arcade Plaza، Street 25 Soan Ave, Soan Gardens Block B Islamabad, 44000, Pakistan",44000.0,73.14819579,33.56483916,Sports & Fitness,Gyms & Studios,Gym,Open,+92 317 0570415,,4.9,91.0,57.67,People typically spend up to 3 hours here,03-2025
10a647432e8a94dd384206e5f325e28d,Gladiator Fitness Club,Rawalpindi Tehsil,Rawalpindi,"2nd floor، Rafay Plaza, Defence Rd، near Askari 14, Rawalpindi, 46000, Pakistan",46000.0,73.06226039,33.55032811,Sports & Fitness,Gyms & Studios,Gym,Open,+92 318 3307887,gladiatorfitnessclub.com,4.4,96.0,,People typically spend up to 1.5 hours here,03-2025
48fce76c4aa538cdd9cc356d47e18b82,Champion fitness Gym,Punjab,Gujranwala,"Jinnah Rd, Madina Colony Fatomand, Gujranwala, Pakistan",,74.18825522,32.18584689,Sports & Fitness,Gyms & Studios,Gym,Open 24 hours,+92 321 5518310,championfitnessclub.pk,4.5,57.0,28.86,People typically spend up to 1.5 hours here,03-2025
9b67e936183128363b07f797513c0f02,Dimensions Health & Fitness,Sector C,Lahore,"Civic Commercial Area C Block, 3rd & 4rth floor 57, Sector C DHA Phase 6, Lahore, 54810, Pakistan",54810.0,74.44884251,31.4691114,Sports & Fitness,Gyms & Studios,Gym,Open,+92 321 1150400,,4.4,84.0,42.33,People typically spend up to 1.5 hours here,03-2025
fa516c16fa5685b551fe06b8bced849f,Faisal Fitness Club,Punjab,Lahore,"Nadeem Shaheed Rd, Samanabad Town, Lahore, 54000, Pakistan",54000.0,74.29924991,31.52779971,Sports & Fitness,Gyms & Studios,Gym,Open,+92 300 9496001,facebook.com,4.8,16.0,38.83,,03-2025
fb3c0ad2e1928f1d676644b20ae14e58,Body Complex باڈی کمپلیکس,UC-10 Pehalwan Goth,Karachi,"Block 15 Gulistan-e-Johar, Karachi, Pakistan",,67.12165282,24.92045686,Sports & Fitness,Gyms & Studios,Gym,Open,+92 300 0378170,m.facebook.com,4.3,461.0,55.33,People typically spend up to 1.5 hours here,03-2025
19beeb7b3d15d1d2dc9b861e6aea010e,Faisal's Gym,UC-11 Metroville Colony,Karachi,"Block 4A Journalists Society Block 4 A Gulshan-e-Iqbal, Karachi, Pakistan",,67.09677636,24.94019346,Sports & Fitness,Gyms & Studios,Gym,Open,+92 321 2179202,facebook.com,4.3,110.0,72.0,People typically spend up to 1 hour here,03-2025
312ca61fbb2bde19ae0d3c4e9202c9cd,Life Fitness GYM,Satellite Town,Rawalpindi,"Nadir Plaza, Commercial Market Rd, D Block Block D Satellite Town, Rawalpindi, 43600, Pakistan",43600,73.06524676,33.63838115,Sports & Fitness,Gyms & Studios,Gym,Open 24 hours,+92 314 5100973,,4.6,93.0,25.14,People typically spend up to 2 hours here,03-2025
2edbb5eab2435fb1ed0bdac85f762497,Subhan Fitness,Pakistan,Lahore,"56 E Al Fateh Ln, Liberty Market Gulberg III, Lahore, 54000, Pakistan",54000,74.33932911,31.50932677,Sports & Fitness,Gyms & Studios,Exercise equipment store,Open,+92 331 9733111,subhanfitness.com,4.8,56.0,32.14,,03-2025
7b0cb844bd144cdae3d161eb39530bc1,Lahore Qalandars,Pakistan,Lahore,"Hafeez Kardar Rd, Block E 2 Gulberg III, Lahore, 54000, Pakistan",54000,74.33036849,31.51208984,Sports & Fitness,Ball Sports,Cricket club,Open 24 hours,+92 42 36680013,lahoreqalandars.com,4.6,85.0,31.0,,03-2025
43e3c70b13e699ee83050c787c182e01,Saeed Ajmal International Cricket Academy,Pakistan,Faisalabad,"Jhang Rd, Firdous Colony Faisalabad, 38000, Pakistan",38000,73.03737558,31.40098682,Sports & Fitness,Ball Sports,Sports club,Open 24 hours,+92 300 6635667,youtube.com,4.2,314.0,43.29,,03-2025
f6c4970f71204c1cc66fc33df4ccd666,Lahore Cycling club,Punjab,Lahore,"Government Employees Cooperative Housing Society Phase 3 Phase 3 Model Town, Lahore, 54700, Pakistan",54700.0,74.31744359,31.46693734,Sports & Fitness,Ball Sports,Sports club,Open 24 hours,+92 346 7748600,fb.com,3.0,4.0,26.57,,03-2025
9aa88aaaa876f81138d937b29bc2d537,Cricket Ground,Pakistan,Faisalabad,"Faisalabad, 38000, Pakistan",38000.0,73.0692288,31.43841477,Sports & Fitness,Ball Sports,Cricket ground,Open,+92 318 7578895,uaf.edu.pk,3.7,10.0,34.86,,03-2025
78f852b3e7611742c2282485b39e2c82,Liaquat Gym & Ladies Fitness Club,Satellite Town,Rawalpindi,"Saidpur Rd, Ghausia Colony New Katarian Pindora, Rawalpindi, 46000, Pakistan",46000.0,73.0617291,33.64979593,Sports & Fitness,Gyms & Studios,Gym,Open,+92 333 5136740,,4.3,234.0,49.0,People typically spend up to 30 min here,03-2025
30964e08424c6aecaf4f1737a24253cd,Omi Fitness gym,Karachi City,Karachi,"nazeer hussain hospital, omi fitness, beside Talimi Bagh Road, Federal B Area Karachi, 75950, Pakistan",75950.0,67.06808217,24.92865538,Sports & Fitness,Gyms & Studios,Gym,Open,+92 312 1298861,,4.7,124.0,42.33,People typically spend up to 1.5 hours here,03-2025
b286d04dbcd02690ebe7216066284811,Gun & Country Club,Islamabad Capital Territory,Islamabad,"off Garden Avenue, Islamabad Sports Complex, Islamabad, Pakistan",,73.08836381,33.69538023,Sports & Fitness,Shooting & Gun Ranges,Shooting range,Open,+92 51 8466532,gcclub.org.pk,4.3,357.0,48.86,People typically spend up to 2 hours here,03-2025
87e5d105c6691c6a60badbb3e57b1664,Genetix Gym,UC-6 P.e.c.h.s 1,Karachi,"Cafe liberty signal, Tariq Rd, Block 2 P.E.C.H.S., Karachi, 75400, Pakistan",75400.0,67.05690422,24.87142684,Sports & Fitness,Gyms & Studios,Gym,Open,+92 313 2838148,,4.1,32.0,35.17,People typically spend up to 2 hours here,03-2025
d58976aa3964135cd41172388523c969,Barbell Studioz,Sindh,Karachi,"Barbell Studioz, 3rd Floor Plot 30-C, Street 6, Main Saba Avenue, Khayban-e-Badar Commercial, DHA Phase 5 Defence Housing Authority, Karachi, Pakistan",,67.04220715,24.79652622,Sports & Fitness,Gyms & Studios,Gym,Open 24 hours,+92 306 1285049,barbellfitnessstudioz.blogspot.com,4.2,39.0,34.67,People typically spend up to 2 hours here,03-2025
1968eb58d7e6f8eb1f57dd8249ab97dd,Ripped Lions GYM,Zaraj Housing Society,Islamabad,"opposite Giga Mall, Zaraj Housing Society Sector B Islamabad, Pakistan",,73.14823241,33.51231647,Sports & Fitness,Gyms & Studios,Gym,Open,+92 319 9689547,instagram.com,4.6,54.0,32.17,People typically spend up to 1.5 hours here,03-2025
db27e9aff53dfdf5705b7cbad3feba9a,Nawaz Maken & Sons Arms Dealer,Sargodha,Sargodha,"Arms Street, Kachari Bazar Rd, Block 7 5 Block, Sargodha, 40100, Pakistan",40100.0,72.66059856,32.08404313,Sports & Fitness,Shooting & Gun Ranges,Gun shop,Open,+92 333 6781467,maqsoodarms.wixsite.com,5.0,9.0,57.0,,03-2025
72604be0fe1986cd78c8279820df1f9d,Alpha Fit,UC-2 Manzoor Colony,Karachi,"Manzoor Colony, Jinnah Road, Plot B480, Sector B Manzoor Colony, Karachi, 75500, Pakistan",75500.0,67.08076945,24.84910182,Sports & Fitness,Gyms & Studios,Gym,Open,+92 300 1066690,,4.6,25.0,29.67,People typically spend up to 1.5 hours here,03-2025
acf4556271d8e802e42ac9d6b2483542,The Green Spa Private Limited,Civic Center Bahria Town,Rawalpindi,"Plaza 167 basement, near Maryam Hospital, Phase 4 Civic Center Bahria Town, Rawalpindi, 44000, Pakistan",44000.0,73.12147345,33.5494272,Sports & Fitness,Saunas & Spas,Spa and health club,Open 24 hours,+92 330 5873637,thegreenspa.pk,3.9,35.0,27.0,,03-2025
547d118046954e9bd5cfc00556d72df5,Kings Gym,UC-10 Nazimabad No.1,Karachi,"Nawab Siddique Ali Khan Rd, Block 1 Nazimabad, Karachi, 74600, Pakistan",74600.0,67.02621584,24.90619759,Sports & Fitness,Gyms & Studios,Gym,Open,+92 344 4656382,facebook.com,4.6,29.0,38.67,,03-2025
51b616f7789b025ee34e0aa7350c2d6f,RHINO GYM,Rangeel Pur,Multan,"Old Shuja Abad Rd, Bilal Colony, Multan, 60000, Pakistan",60000.0,71.43929398,30.16438652,Sports & Fitness,Gyms & Studios,Gym,Open,+92 321 7485151,,4.5,86.0,51.5,People typically spend up to 1.5 hours here,03-2025
7f2cb2b2504ea9a387d7162e1ed8e868,The Workout Zone Fitness Gym,Sindh,Nawabshah,"Lal Bldg Rd, Nawabshah, 67450, Pakistan",67450.0,68.40791482,26.24254558,Sports & Fitness,Gyms & Studios,Gym,Open,+92 313 3592978,,4.6,27.0,43.0,People typically spend up to 1.5 hours here,03-2025
c48f4088fad97c9771bcf698c22d941d,Fitness 29 Gym,Rawalpindi Tehsil,Rawalpindi,"b-119 st 2 1st, Old Airport Rd, floor shah Faisal Colony, Rawalpindi, 44000, Pakistan",44000.0,73.1206675,33.60103435,Sports & Fitness,Gyms & Studios,Gym,Open,+92 303 5191666,,4.7,41.0,49.67,People typically spend up to 2 hours here,03-2025
503d78732c1acc156bcf635ce61696ce,"Aziz Gym, Health & Fitness Center in Gujranwala - For Gents and Ladies",Sector Y,Gujranwala,"Opposite Master City Gate , People's Colony, Sialkot Bypass, Gujranwala, 25522, Pakistan",25522.0,74.20999862,32.13093281,Sports & Fitness,Gyms & Studios,Fitness center,Open,+92 300 7462049,,4.4,44.0,47.57,People typically spend up to 1.5 hours here,03-2025
4e42117fa40bc58e2968977495db964d,Max Fitness Center and Gym,Punjab,Lahore,"40 Umar Rd, Krishan Nagar Islampura, Lahore, 54000, Pakistan",54000.0,74.28927493,31.56626682,Sports & Fitness,Gyms & Studios,Fitness center,Open,+92 324 4214324,,4.4,189.0,42.17,People typically spend up to 1.5 hours here,03-2025
d5f37be54ec9cdcac949dfa79d43a5fd,HMC Warriors Cricket Ground,Taxila Tehsil,Taxila,"Mess, HMC Rd, near G-type, HMC Colony, Taxila, 47050, Pakistan",47050.0,72.81440072,33.76488338,Sports & Fitness,Ball Sports,Cricket ground,Open,+92 301 5202068,youtube.com,3.8,10.0,29.71,,03-2025
0d6ae1fb808af10a5cd120c0e805322b,House Of Pain Gym JC Branch,Shakrial,Rawalpindi,"Jahaz Ground, House Of Pain Gym Jc Branch, Opposite Bakeway Bakers, near Jinnah Camp, Chaklala Cantt., Rawalpindi, 46000, Pakistan",46000.0,73.10055985,33.62841933,Sports & Fitness,Gyms & Studios,Gym,Open,+92 51 4474851,,4.3,62.0,41.0,People typically spend up to 4 hours here,03-2025
30378adf77c5a2aceb156622bdf371e0,islamic Hijama centre,Pakistan,Lahore,"Jain mandir, hailey collage Banking and finance, 3, Lodge Rd, Lahore, 54000, Pakistan",54000.0,74.3053326,31.5631801,Sports & Fitness,Gyms & Studios,Fitness center,Open,+92 321 4336966,islamichijamacentre.com,4.8,479.0,48.86,,03-2025
0e99b14f14c7c97e3378c68a3a546f71,Khan Crossbow Archery Bow And Arrow Shop,Pakistan,Lahore,"Lahore – Kasur Rd, Jinnah Town, Lahore, 54000, Pakistan",54000.0,74.31358514,31.54675128,Sports & Fitness,Fishing & Hunting,Hunting store,Open,+92 300 7005333,khanamericantools.pk,3.9,7.0,34.71,,03-2025
43a177fc0a8bb46c5dba0529670ae1f5,Cuts and Muscles Gym,UC-10 Clifton,Karachi,"Khayaban-e-Jami, Chandio Block 8 Clifton, Karachi, 75600, Pakistan",75600.0,67.04062226,24.82859569,Sports & Fitness,Gyms & Studios,Gym,Open,+92 21 35821395,,4.2,168.0,47.5,People typically spend up to 1.5 hours here,03-2025
90ddb72f6a35e8b2a1d09ab460b73ce9,Gymx,Pakistan,Lahore,"156 a, opposite to Hospital, Central Park Housing Scheme, Lahore, Pakistan",,74.37614645,31.3273452,Sports & Fitness,Gyms & Studios,Gym,Open,+92 42 35490094,facebook.com,4.6,53.0,53.5,People typically spend up to 45 min here,03-2025
dd6d52839acfa7c9dd43892de99f110d,Royal fitness club Narowal,Pakistan,Narowal,"Zafarwal Rd, Master Ghulam Rasool Colony, Narowal, 51600, Pakistan",51600,74.87241615,32.12611084,Sports & Fitness,Gyms & Studios,Gym,Open,+92 324 6085823,,4.2,58.0,45.0,People typically spend up to 45 min here,03-2025
fe6f8b1269361790a574c568cf76c2f4,Stars International Cricket Club & Academy,Ayub National Park,Rawalpindi,"Cricket Ground, Ayub National Park, Rawalpindi, 46000, Pakistan",46000,73.08147921,33.56346746,Sports & Fitness,Ball Sports,Cricket club,Open,+92 314 5254289,facebook.com,4.8,55.0,29.71,,03-2025
c329be13debdb8ad09ae8a193afed788,Fitness 360 Commercial Area Branch,Satellite Town,Bahawalpur,"290-C, Satellite Town, Bahawalpur, 63100, Pakistan",63100,71.71127549,29.38863292,Sports & Fitness,Gyms & Studios,Gym,Open,+92 319 7780360,,4.3,73.0,48.5,People typically spend up to 2 hours here,03-2025
b5c1b76e516bc39ecd722cff7eab08df,Ginnastic Gym Arena,Sector F,Islamabad,"1631 Rd 66, Sector F DHA Phase 1, Islamabad, Pakistan",,73.1002822,33.52118722,Sports & Fitness,Gyms & Studios,Gym,Open 24 hours,+92 312 5546930,ginnasticnutrition.com,4.5,264.0,32.14,People typically spend up to 1.5 hours here,03-2025
4dd79d607da2b07707712ee396032d34,Sports Complex Liaquat Bagh,Waris Khan,Rawalpindi,"Murree Rd, Liaquat Bagh, Rawalpindi, 46000, Pakistan",46000,73.06309742,33.60423973,Sports & Fitness,Recreation Centers,Sports complex,Open,,khilari.com.pk,4.3,165.0,49.83,People typically spend up to 2.5 hours here,03-2025
c1a886b357e014542ad73066e898e357,Evolution Fitness,UC-7 Al Falah Society,Shah Faisal Town,"House #D-12, Aswan Town Bagh e Ibrahim Society Malir City, Shah Faisal Town, 75050, Pakistan",75050,67.18640178,24.87246892,Sports & Fitness,Gyms & Studios,Gym,Open,+92 332 2066066,,4.3,72.0,50.67,People typically spend up to 1.5 hours here,03-2025
ef1a950d6ca129a3f6776458ca18e30a,Asia Fitness,Pakistan,Lahore,"Neela Gumbad Lahore, 54000, Pakistan",54000,74.30988016,31.56767612,Sports & Fitness,Gyms & Studios,Exercise equipment store,Open,+92 301 7324333,asiafitness.pk,4.5,73.0,44.0,,03-2025
0ee9bf588d877ebdd30fb23d89d8a239,Fitness Hub,Punjab,Lahore,"30 Hassan Center, Hunza Block Allama Iqbal Town, Lahore, 54000, Pakistan",54000,74.29237771,31.51546577,Sports & Fitness,Gyms & Studios,Gym,Open,+92 321 4266947,,4.5,162.0,43.0,People typically spend up to 1.5 hours here,03-2025
1673a58d4a0711a702559c517a0a4401,Body Parlour Gym,Waris Khan,Rawalpindi,"House#O/918, Murree Rd, opposite gold point, Kartar Pura, Rawalpindi, 46000, Pakistan",46000,73.06487112,33.62379043,Sports & Fitness,Gyms & Studios,Fitness center,Open,+92 333 5225066,,5.0,9.0,56.33,People typically spend up to 45 min here,03-2025
546dd65635ed62287d9b577e866ed0d3,Movenfit,Zone A,Karachi,"Plot no. 166, 2 Khayaban-e-Khalid, D.H.A. Phase 8 Zone A Phase 8 Defence Housing Authority, Karachi, 75500, Pakistan",75500,67.0629035,24.77169747,Sports & Fitness,Gyms & Studios,Fitness center,Open 24 hours,+92 314 5874660,movenfit.pk,5.0,3.0,30.71,,03-2025
470b682bbf8f097f5d90c9b8124402d8,Mona Maneka مونا مانیکا,Punjab,Sukheke,"Mona Maneka Village, Post Office Rd, Sukheke, 52160, Pakistan",52160,73.43700684,31.87069112,Sports & Fitness,Gyms & Studios,Gym,Open 24 hours,+92 300 5781212,monamaneka.com,4.4,10.0,30.43,,03-2025
8de2c8f8dd9268f3b071983a4052db87,Underground Snooker Club,UC-9 Gulshan-e-iqbal 2,Karachi,"Gulshan-e-Iqbal Block 6 Time Square Basement,Opposite Metro Road Near ibn e Sina Hospital, next to Stove Club Restaurant, Block 6 Kala Board, Karachi, 72400, Pakistan",72400,67.09975511,24.92257858,Sports & Fitness,Ball Sports,Sports club,Open,+92 309 5058191,instagram.com,4.1,12.0,38.14,,03-2025
f98214aea55250ba3950277150007a9c,Gym - Jilani (Race Course) Park,Punjab,Lahore,"G.O.R. - I, Lahore, 54000, Pakistan",54000,74.33190392,31.54771518,Sports & Fitness,Gyms & Studios,Gym,Open,+92 318 4371154,,4.3,146.0,42.14,People typically spend up to 25 min here,03-2025
58bb6f998973b2b9a3daa34434476e5e,PRO PHYSIQUE FITNESS CLUB,UC-9 Buffar Zone-2,Karachi,"891 Rd Number 3, Sector 15-A/2 Sector 15 A 2 Buffer Zone, Karachi, 75950, Pakistan",75950,67.06149147,24.95766018,Sports & Fitness,Gyms & Studios,Gym,Open,+92 341 8119096,,4.8,196.0,51.83,People typically spend up to 1.5 hours here,03-2025
905a3490957c1fdc47720ba76da54796,Oxygen Gym and Fitness Club,Punjab,Lahore,"Clifton Colony Combo Colony, Lahore, 54000, Pakistan",54000,74.30221093,31.51854051,Sports & Fitness,Gyms & Studios,Gym,Open,+92 308 4135438,,4.4,29.0,32.0,People typically spend up to 2 hours here,03-2025
73c0d03924a26067048b71a782f3362f,Dargha fooball ground,Pakistan,koi,"tarkha, koi, 27101, Pakistan",27101,71.18660746,33.16681619,Sports & Fitness,Ball Sports,Soccer practice,Open 24 hours,+92 330 7070177,facebook.com,4.7,9.0,24.29,,03-2025
b066f81eb31e5098249845957546096e,Well Found Fitness Centre,Punjab,Lahore,"Shamnagar Rd, Sham Nagar Block B New Chauburji Park, Lahore, 54000, Pakistan",54000,74.29907972,31.55427496,Sports & Fitness,Gyms & Studios,Gym,Open,+92 331 4071410,facebook.com,3.5,6.0,30.0,,03-2025
350e374a1faebb67b5362565c6367a5b,Solid Gym Branch 2 Abbottabad,Pakistan,Abbottabad,"near Shalimar Motors, Jhangi Syedan Amir Alam Awan Town, Abbottabad, 22010, Pakistan",22010,73.22602194,34.17732233,Sports & Fitness,Gyms & Studios,Gym,Open,+92 312 9090100,facebook.com,4.9,52.0,24.17,,03-2025
1fdea42e622d0a211e3fdd9aec2182a3,Gymkhana Dadu,Sindh,Dādu,"SP Mor, SP Mor Rd, Mastoi Mohalla, Dādu, 76200, Pakistan",76200,67.77560421,26.73304834,Sports & Fitness,Recreation Centers,Country club,Open 24 hours,+92 25 4123456,rsu-sindh.gov.pk,4.2,801.0,44.57,,03-2025
c97c38964eaa5ac759a7dc5dcf3b1a7c,Faisal gym Nawabshah,Sindh,Nawabshah,"Nawab Shah Bridge Rd, Nawabshah, 67450, Pakistan",67450,68.40405287,26.24966026,Sports & Fitness,Gyms & Studios,Fitness center,Open,+92 332 2990133,,4.4,36.0,43.86,People typically spend up to 2 hours here,03-2025
0e0c5e8842837ce749553a025d325620,Bodyshape Gym baitul mukaram,UC-6 Gillani Railway Station,Karachi,"B-3, Block 15 Gulshan-e-Iqbal, Karachi, 75300, Pakistan",75300,67.07631038,24.90426419,Sports & Fitness,Gyms & Studios,Gym,Open,+92 322 6789070,,4.4,235.0,49.5,People typically spend up to 1.5 hours here,03-2025
6cbfe280c1c43a7323886a3030493013,Zain's Gym,Pakistan,Faisalabad,"Souk Al-Kuwait, Harianwala Chowk, Faisalabad, 38000, Pakistan",38000,73.10498297,31.40394298,Sports & Fitness,Gyms & Studios,Gym,Open,+92 302 6069493,,4.6,94.0,51.14,People typically spend up to 1.5 hours here,03-2025
92a244e3df5f1456f493082154f838cc,Kore Fitness,Zulfiqar & Al Murtaza Commercial Area,Karachi,"59-C Khayaban-e-Roomi, D.H.A. Phase 8 Zulfiqar & Al Murtaza Commercial Area Phase 8 Defence Housing Authority, Karachi, 75500, Pakistan",75500,67.0717763,24.79003494,Sports & Fitness,Gyms & Studios,Gym,Open,,instagram.com,4.3,144.0,53.33,People typically spend up to 2 hours here,03-2025
3d44f70a8ad4dbf85e622798842df290,Shoaib Gym Liberty,Pakistan,Lahore,"Branch Basement Hotel، BodyZone Gym، Liberty/Yummy 36، behind Shell, Liberty Market Lahore, Pakistan",,74.33917375,31.5097923,Sports & Fitness,Gyms & Studios,Gym,Open,+92 42 36298033,shoaibgym.com,4.3,148.0,44.33,People typically spend up to 1.5 hours here,03-2025
68e8e5827d248a2e49e615c6f1470570,"Eidgah Ground, Nazimabad Block 3",UC-11 Abbasi Shaheed,Karachi,"Block 3 Nazimabad, Karachi, 74600, Pakistan",74600,67.02735718,24.91144269,Sports & Fitness,Ball Sports,Cricket ground,Open,+92 301 2060297,,4.3,3210.0,37.14,People typically spend up to 3 hours here,03-2025
525c79788524759790e5ee75d99ab7e5,Babar Health Club,UC-9 Buffar Zone-2,Karachi,"behind Kiran Arcade, near mezan bank, Sector 15-A/2 Sector 15 A 2 Buffer Zone, Karachi, Pakistan",,67.05919141,24.95780873,Sports & Fitness,Gyms & Studios,Gym,Open,+92 344 2000190,ahoyo.to,4.2,47.0,38.43,People typically spend up to 1 hour here,03-2025
244514bb659228b51a11c35c2477f39b,Karachi United Stadium,Saddar Town,Karachi,"Plot no، St-20, Block 1 Scheme-5, Karachi, Pakistan",,66.99872756,24.81327879,Sports & Fitness,Team Sports & Fields,Soccer field,Open,+92 21 35140679,karachiunited.com,4.4,783.0,47.29,People typically spend up to 2.5 hours here,03-2025
c97f8af876d787a371a4e7263e230ee1,Life Style Gym,Islamabad Capital Territory,Islamabad,"Ahmed Plaza Mir Chakar Khan Rd, I-8 Markaz I 8 Markaz I-8, Islamabad, 44000, Pakistan",44000.0,73.07136833,33.6691706,Sports & Fitness,Gyms & Studios,Gym,Open,+92 300 9554551,,4.1,151.0,39.33,People typically spend up to 1 hour here,03-2025
47afbca2028b4972b0da76cd61aab86f,Reshape Gym,Islamabad Capital Territory,Islamabad,"Chaudhry Plaza, Warsak Rd, I-9 Markaz, I-9, I 9/1 I-9, Islamabad, 44000, Pakistan",44000.0,73.04697422,33.65305097,Sports & Fitness,Gyms & Studios,Gym,Open 24 hours,+92 300 5112883,,3.7,39.0,26.43,People typically spend up to 1.5 hours here,03-2025
b1e3c716ccd3897f314f2f749e183ae9,LifeTime Fitness,UC-3 Drigh Colony,Shah Faisal Town,"Plot 2 64, Jamia Hammadia masjid, Big #2, 2 Shah Faisal Ave, near Hammadia masjid, Block 2 Shah Faisal Colony 2 Shah Faisal Colony, Shah Faisal Town, 75230, Pakistan",75230.0,67.14876259,24.87966422,Sports & Fitness,Gyms & Studios,Fitness center,Open,+92 304 0240020,lifetimefitness.pk,4.4,118.0,27.5,,03-2025
e7928c268431b83b4018f6be242ab6f7,Symantic Fitness House,Sukkur,Sukkur,"Eid Gah Road, Humayon Gymkhana, Sukkur, 65200, Pakistan",65200.0,68.86626437,27.69654942,Sports & Fitness,Gyms & Studios,Gymnastics center,Open 24 hours,+92 334 9312082,symantic.pk,4.3,71.0,37.57,,03-2025
a795b870965ac3804e8650486c876f12,KMC Sports Complex Swimming Pool,UC-7 P.e.c.h.s 2,Karachi,"59 Muslimabad Street No 13, Jamshed Quarters Muslimabad, Karachi, Pakistan",,67.05199482,24.88257898,Sports & Fitness,Water & Aquatic Sports,Swimming,Open,+92 343 1124598,m.facebook.com,4.3,1089.0,53.29,People typically spend up to 2 hours here,03-2025
c2200baaa2eee19448ee68aec3664c74,Safari Gym,Safari Villas,Rawalpindi,"Basement Safari Mall, 18 College Rd, Safari Villas, Rawalpindi, 46000, Pakistan",46000,73.10641367,33.57406665,Sports & Fitness,Gyms & Studios,Gym,Open,+92 51 5707083,,4.4,356.0,45.14,People typically spend up to 1.5 hours here,03-2025
78b6b2420153060649cd70be40092ec6,Fitness First Gym,Pakistan,Lahore,"25، Civic Centre، Moon Market, E Block Block E Gulshan-e-Ravi, Lahore, 54000, Pakistan",54000,74.27981641,31.55168126,Sports & Fitness,Gyms & Studios,Gym,Open,+92 321 8800852,youtube.com,4.4,29.0,31.5,,03-2025
7ec14c491c22ff7ee3941f4493a76d76,Afnan Air Guns hunting shop Lahore,Punjab,Lahore,"100 Railway Rd, Gawalmandi, Lahore, 54000, Pakistan",54000,74.32330947,31.57459815,Sports & Fitness,Fishing & Hunting,Hunting store,Open,+92 306 6276229,instagram.com,4.3,12.0,33.33,,03-2025
bcdf1508054e6c13da0cc655bd046443,Calory Coach Lahore,Sector FF,Lahore,"Cakes and Bakes، DHA Phase 4, Commercial Market, Top floor, Sector FF Dha Phase 4, Lahore, 54233, Pakistan",54233,74.38570198,31.46446231,Sports & Fitness,Gyms & Studios,Gym,Open,+92 313 9496429,calorycoach.de,5.0,1.0,30.0,,03-2025
11737831192a82f0e8c101f1c8a04870,Kinetix,Block R,Islamabad,"1-A, Shahid Plaza،, Jinnah Ave, F-6 Blue Area, Islamabad, Pakistan",,73.08368422,33.72661659,Sports & Fitness,Gyms & Studios,Gym,Open,+92 317 7000700,kinetixgym.com,4.8,314.0,49.33,People typically spend up to 2 hours here,03-2025
4d85ab19c1bba7eb99f8b05254e28bf7,Body Flex Gym,Rawalpindi Tehsil,Rawalpindi,"Basement valley ways Bakers, Bostan Khan Rd, Chaklala Scheme 3 Dhok Chaudhrian, Rawalpindi, 44400, Pakistan",44400.0,73.09515221,33.58285423,Sports & Fitness,Gyms & Studios,Fitness center,Open,+92 335 5851673,,4.9,128.0,32.0,People typically spend up to 2.5 hours here,03-2025
c33c25131943d5ad3bf276cd0b8dcd27,City Sports Fitness Center,Punjab,Gujranwala,"Block A Model Town, Gujranwala, 52250, Pakistan",52250.0,74.17462255,32.17322546,Sports & Fitness,Gyms & Studios,Gym,Open,+92 303 0606969,citysports.pk,4.4,74.0,38.0,,03-2025
9167e128a5924d8a57a666e0a6090f38,Fitinn Studio,Seher Commercial Area,Karachi,"C-1-C , Corner Executive Building, Main Khayaban-e-Seher Commercial DHA Phase 7, Karachi, 75500, Pakistan",75500.0,67.06849672,24.81615546,Sports & Fitness,Gyms & Studios,Gym,Open,+92 21 35240280,,4.1,112.0,47.67,People typically spend up to 1.5 hours here,03-2025
48083407dd6e4b2069574a3730c61d27,Hard Rock Martial Arts and Fitness Academy Mardan,Pakistan,Mardan,"Shamsi Road, College Chowk New MMC Complex, 23200, Pakistan",23200.0,72.03532024,34.19252361,Sports & Fitness,Martial Arts & Dojos,Martial arts club,Open,+92 348 9792136,ikramblog.com,4.9,33.0,40.5,,03-2025
52971584db73001a1bfabc2f2ef1554f,Al Nafay Hijama Centers Faisalabad Branch,Pakistan,Faisalabad,"1st Floor World Carpet next to Ahmed Snacks , Near KFC, near Bata, National Bank & Askri Bank Main, D Ground Commercial Area Faisalabad, 38000, Pakistan",38000.0,73.10874037,31.40601421,Sports & Fitness,Gyms & Studios,Fitness center,Open,+92 315 6557777,,4.8,245.0,51.33,People typically spend up to 1 hour here,03-2025
cff0a73e143dd9cce1fc7798566a8cf9,Fatima Fitness Studio,UC-13 Safooran,Karachi,"1st floor plot no R-400 Block 24-A Ancholi Society Scheme 33, Ancholi Block 24-A SocietyScheme 33, Karachi, 75500, Pakistan",75500,67.12748722,24.96551065,Sports & Fitness,Gyms & Studios,Gym,Open,+92 345 2896622,,4.3,6.0,44.0,People typically spend up to 4 hours here,03-2025
2390b82bccc399d44a26cbad5f6ba628,Bandook Wala Arms Ammunition & Repairs,Sindh,Karachi,"Shop# 1, Plot 14C, street 3 & 9, Badar Commercial, Ext, Badar Commercial Area Defence V Defence Housing Authority, Karachi, 75355, Pakistan",75355,67.04309947,24.79908936,Sports & Fitness,Shooting & Gun Ranges,Gun shop,Open,+92 317 1771877,bandookwala.com.pk,4.9,220.0,56.33,,03-2025
5c9eed639fdd6105f158c200decc6c70,Fight Club Fitness & Training,Pakistan,Lahore,"Basement, Orchard Heights, Lahore, Pakistan",,74.21867966,31.32204775,Sports & Fitness,Gyms & Studios,Gym,Open,+92 302 3630000,m.facebook.com,4.2,89.0,51.83,People typically spend up to 1.5 hours here,03-2025
0228ae69dbc8585022a910887d23720c,Shahzad fitness gym,Sargodha,Sargodha,"Factory Area Chowk, Sargodha, Pakistan",,72.65591616,32.07811533,Sports & Fitness,Gyms & Studios,Gym,Open,+92 300 3526215,youtube.com,5.0,143.0,51.17,People typically spend up to 1 hour here,03-2025
e5fda0ab4add9b1593de6edab49fb832,"The Cosmopolitan Club, Bagh e Jinnah",Punjab,Lahore,"Jinnah Town, Lahore, 54000, Pakistan",54000.0,74.32726428,31.55022462,Sports & Fitness,Recreation Centers,Recreation center,Open,+92 332 4864443,,4.4,584.0,46.29,People typically spend up to 3 hours here,03-2025
e276d33163c92ca9f480af3859891afc,Fitness lounge,Sector C,Lahore,"68,69 tulip commercial, Main Blvd, Commercial Area Sector C Bahria Town, Lahore, 53720, Pakistan",53720.0,74.18408664,31.36947342,Sports & Fitness,Gyms & Studios,Gym,Open,+92 317 4046015,,4.5,59.0,24.57,People typically spend up to 1.5 hours here,03-2025
ef3ff8988858a568a33b09505078e2d0,Al Nafay Hijama Centers Lahore Branch,Pakistan,Lahore,"Hall No.36 ,Ground Floor, Leeds Center, Gulberg Main Boulevard، near Faisal bank & Punjab Bank, near Liberty Chowk, Block E2 Block E 2 Gulberg, Lahore, 54660, Pakistan",54660.0,74.33487094,31.50787138,Sports & Fitness,Gyms & Studios,Fitness center,Open,+92 300 4402777,,4.8,416.0,60.0,People typically spend up to 1 hour here,03-2025
f00c180a649c29a0dbb44fbf3e44385c,Usman Gym & Fitness Centre,Punjab,Raiwind,"Sundar Raiwind Rd, Raiwind, Pakistan",,74.20868298,31.24906944,Sports & Fitness,Gyms & Studios,Gym,Open,+92 323 3300031,facebook.com,4.3,93.0,39.67,People typically spend up to 2 hours here,03-2025
3a4d42fe08659d91b646e771b6ea0c3c,MOON WATER PARK,Pakistan,Lahore,"Chota sowa،, Old Kahna, Lahore, 53100, Pakistan",53100.0,74.37290166,31.35644378,Sports & Fitness,Recreation Centers,Public swimming pool,Open,+92 306 1422062,,3.8,200.0,45.29,People typically spend up to 1.5 hours here,03-2025
28153943240aa5ed21d221b3847e3622,Lets Play,Sunny Park,Lahore,"Sunny Park Lahore, Pakistan",,74.25382651,31.45377772,Sports & Fitness,Recreation Centers,Sports complex,Open 24 hours,+92 336 4400769,facebook.com,4.0,380.0,36.0,People typically spend up to 2 hours here,03-2025
ac3fea91267cc3c76e4a327ab30f8d13,Ground Zero Khi,UC-10 Clifton,Karachi,"Zamzama Park, Roller Skating Rink Zamzama Park, Khayaban-e-Shujaat, DHA Phase 5 Defence V Defence Housing Authority, Karachi, 75500, Pakistan",75500.0,67.03596248,24.81402597,Sports & Fitness,Recreation Centers,Sports complex,Open,+92 321 4768630,,4.5,206.0,42.14,People typically spend up to 2.5 hours here,03-2025
a32a6d051375660140149f6e8b8a6627,FUNCO Trampoline Park,Punjab,Faisalabad,"Saeed Colony Nasar Ullah Khan Town, Faisalabad, Pakistan",,73.12981726,31.43784789,Sports & Fitness,Recreation Centers,Sports complex,Open,+92 309 4444192,funco.pk,4.6,31.0,66.57,People typically spend up to 1 hour here,03-2025
2fb29b885c740fc7584b29f374fb8bbf,Sameer Fitness Gym Sialkot,Sialkot Metropolitan Area,Sialkot,"Sameer Fitness Gym, Shahab Pura Rd, near Eid ga masjid Ahl Hadees, Rehmat Pura Mubarakpura, Sialkot, 51310, Pakistan",51310.0,74.52637887,32.49182746,Sports & Fitness,Gyms & Studios,Fitness center,Open,+92 332 8640186,,4.5,84.0,34.17,People typically spend up to 2 hours here,03-2025
d5a991f26c3ab59d2885666591b8e8bf,Karachi Fisheries Harbour Authority,West Wharf,Karachi,"West Wharf Karachi, Pakistan",,66.97574347,24.85222984,Sports & Fitness,Fishing & Hunting,Fishing,Open 24 hours,+92 320 1290393,karachifishharbour.com,4.2,2094.0,45.43,People typically spend up to 4 hours here,03-2025
4f693f9ce4925e1246c182151f9491c4,Gym Fever,Punjab,Lahore,"Upstair Ice land, Al Rehman Garden Phase 2, Lahore, 54000, Pakistan",54000.0,74.22473316,31.59955942,Sports & Fitness,Gyms & Studios,Gym,Open,+92 332 0753411,,4.3,25.0,27.83,People typically spend up to 2 hours here,03-2025
813c3cff160c6ccc7ccfe043808bc689,Quresons Sports,Sialkot,Sialkot,"Qureshi House, near Bhori, Muhala Neka Pura, Sialkot, 51310, Pakistan",51310.0,74.54671133,32.4867802,Sports & Fitness,Gyms & Studios,Gym,Open 24 hours,+92 333 8676001,quresons-sports.com,5.0,7.0,27.0,,03-2025
7d8390c08b9d76ae9b9756837ebcbe5c,Xtreme Fitness,Pakistan,Lahore,"DHA Phase 8 - Ex Air Avenue Block M Air Avenue, Lahore, 54792, Pakistan",54792,74.43394688,31.51030969,Sports & Fitness,Gyms & Studios,Fitness center,Open,+92 336 4255323,,4.9,154.0,34.83,People typically spend up to 2 hours here,03-2025
e27c98f4081c3a15b61cf1da1107266f,El Gymnasio Pk,Pakistan,Lahore,"Near Areeb Hospital kahna nau ferozpur road Lahore Kahna, nau, Lahore, 54000, Pakistan",54000,74.36299568,31.37397088,Sports & Fitness,Gyms & Studios,Gymnastics center,Open,+92 304 4167565,facebook.com,4.6,28.0,20.67,,03-2025
8dcb633e7169fa0ae13b6db0a6a77ec5,Aesthetic Regime Fitness Center,Sector C,Lahore,"225/226, Commercial Sector C Bahria Town, Lahore, Pakistan",,74.18236957,31.3707062,Sports & Fitness,Gyms & Studios,Gym,Open,+92 318 2000619,m.facebook.com,4.7,61.0,46.67,People typically spend up to 1.5 hours here,03-2025
7aa64bb063a1761ca34b604f15a4c962,Pioneer Arms (Pvt) Ltd,UC-8 Saddar,Karachi,"Abdullah Haroon Rd, Saddar Karachi, 74400, Pakistan",74400,67.02492851,24.85728517,Sports & Fitness,Shooting & Gun Ranges,Gun shop,Open,+92 21 35640158,scopesandbarrels.com,4.7,35.0,45.33,,03-2025
0bce7375bbcdab4b1f8cdd01ab30d317,Yildirim Martial Arts Academy,Islamabad Capital Territory,Islamabad,"Service Road South, opposite to Lucky Star Cricket Ground, G-11/1 G-12, Islamabad, 44000, Pakistan",44000,72.98923426,33.66238267,Sports & Fitness,Martial Arts & Dojos,Martial arts club,Open,+92 301 5328766,yildirim.pk,4.9,18.0,61.29,,03-2025
b5eb38c1675f547ac7e13e6473fbd21c,Royal Fitness Club,Punjab,Lahore,"Nisbat Rd, Anarkali Bazaar Gawalmandi, Lahore, 54000, Pakistan",54000,74.32009654,31.56829697,Sports & Fitness,Gyms & Studios,Gym,Open,+92 321 7343039,,4.6,107.0,51.67,People typically spend up to 1 hour here,03-2025
c68935f92316c5815b8b447eca3b0a06,Momin Fitness Zone,UC-6 Gulshan-e-hadeed,Karachi,"House # C 309, ph1 extension, Gulshan e Hadeed Phase 1 Bin Qasim Town, Karachi, 75010, Pakistan",75010,67.34733614,24.86369726,Sports & Fitness,Gyms & Studios,Gym,Open,+92 313 2669622,,4.3,143.0,53.71,People typically spend up to 1.5 hours here,03-2025
f9c38d67f614eba05b97fe633169c084,Defence Authority Marina Club,Zone A,Karachi,"44/2 Zulfiqar Street 1, DHA Karachi Phase VIII Zone A Zone A Phase 8 Defence Housing Authority, Karachi, 75500, Pakistan",75500,67.07764589,24.79625787,Sports & Fitness,Water & Aquatic Sports,Sailing club,Open,+92 21 35841891,damarinaclub.com,4.3,2140.0,19.29,,03-2025
a8045695d3aac743d596ad93bcbcaa8b,ICAS Football Ground,Islamabad Capital Territory,Islamabad,"ICAS, Street 98, G-11/3 G 11/3 G-11, Islamabad, 44000, Pakistan",44000,72.99603029,33.6716436,Sports & Fitness,Team Sports & Fields,Soccer field,Open 24 hours,+92 333 6969659,,4.6,165.0,40.29,People typically spend up to 3.5 hours here,03-2025
0d67bfdbfe3759e184eddb91e81d487f,313 Fitness Club,Quaid e Azam Industrial Estate,QIE,"114/1 M, QIE - Gate # 2, next to Malik Kanta, Quaid-e-Azam Industrial Estate Quaid e Azam Industrial Estate, QIE, 54770, Pakistan",54770.0,74.3184392,31.4424533,Sports & Fitness,Gyms & Studios,Gym,Open,+92 307 1110515,,4.5,250.0,63.5,People typically spend up to 2 hours here,03-2025
76cf99140ef8ae0d3a5c8a0cf64f276a,Play in Arena,Punjab,Lahore,"Bhag e Jinnah, Lawrence Road, Jinnah Town, Lahore, 54000, Pakistan",54000.0,74.32877685,31.55233658,Sports & Fitness,Recreation Centers,Sports complex,Open,+92 323 5554442,facebook.com,4.5,124.0,26.14,,03-2025
2a2248842d82516307a8c0cb33219556,Garrison Officers Mess,Rawalpindi Tehsil,Rawalpindi,"Rawalpindi, 46000, Pakistan",46000.0,73.04814512,33.59212172,Sports & Fitness,Racquet & Club Sports,Tennis court,Open,+92 51 5586428,,4.4,762.0,59.57,People typically spend up to 3.5 hours here,03-2025
21f3f782c37e658eabcbe110e5f9a5d5,Badminton Courts,UC-2 Civic Center,Karachi,"Aga Khan University Hospital, Karachi, 75300, Pakistan",75300.0,67.07537282,24.89472624,Sports & Fitness,Other Outdoor & Lawn Sports,Badminton court,Open,+92 320 2253397,,3.9,56.0,21.17,People typically spend up to 1.5 hours here,03-2025
03a905473cf816a8d64b727aae2d83b7,Gymtime Sialkot,Sialkot,Sialkot,"Shahab Pura Rd, Bijli Mohalla Sialkot, 51310, Pakistan",51310.0,74.52746751,32.49178754,Sports & Fitness,Gyms & Studios,Gym,Open,+92 333 8707017,,4.4,45.0,27.17,People typically spend up to 2 hours here,03-2025
1267572de85631a945f02ef290c9ba59,Cuts & Curves Gym Multan 3rd Branch,Punjab,Multan,"Jalil Abad Rd, Jalilabad Colony, Multan, 60000, Pakistan",60000.0,71.44363725,30.18244634,Sports & Fitness,Gyms & Studios,Fitness center,Open,+92 321 6337003,,4.8,74.0,51.83,People typically spend up to 1.5 hours here,03-2025
d5484defbc1a1e7d29c2068c53c18d83,Inovetta Fitness,Shinwari Town,Peshawar,"Main Peshawar Ring Rd., near MMC General Hospital Haji Mir Afzal Plaza, opposite PMS Boys 3, Wazir Colony, Peshawar, 25000, Pakistan",25000.0,71.59641991,34.03286157,Sports & Fitness,Gyms & Studios,Fitness center,Open,+92 342 8970212,bhahost.ddns.net,4.5,36.0,47.0,,03-2025
2d789cc25ed255f725a62ca367c55b87,Z F Playland,Samanabad,Lahore,"153 Samanabad Main Boulevard, Samanabad Town, Lahore, 54000, Pakistan",54000.0,74.30139456,31.54026117,Sports & Fitness,Recreation Centers,Indoor playground,Open,+92 336 3022242,,4.2,348.0,34.86,People typically spend up to 1 hour here,03-2025
081618a1add0f5949966f680b4812bfb,Famous Arms Stockists & Dealer,UC-8 Saddar,Karachi,"Shop 8, Block 2, Lucky Star, Saddar Karachi, 44000, Pakistan",44000.0,67.03063435,24.85898549,Sports & Fitness,Shooting & Gun Ranges,Gun shop,Open,+92 21 32783268,famousarms.pk,4.1,50.0,53.17,,03-2025
da6a1d49ed0070c77ade79da0cf7a758,Rumi Yoga & Wellness,Sector C,Lahore,"2nd Floor، 41 Central Commercial Area CCA, Sector C Phase 5 D.H.A, Lahore, 54600, Pakistan",54600.0,74.41158598,31.46218058,Sports & Fitness,Gyms & Studios,Yoga studio,Open,+92 300 8885444,rumiyogaonline.com,5.0,169.0,41.29,,03-2025
498aac1631ae04b039c1d6a86df4a4ae,The Fitness Time Gym,UC-9 Mujahid Colony,Karachi,"The Fitness Time Gym ,Basement 2E 2/8, Nazimabad Number 2 Karachi, 74600, Pakistan",74600.0,67.03395518,24.90707772,Sports & Fitness,Gyms & Studios,Gym,Open,,youtube.com,4.3,64.0,42.33,People typically spend up to 2 hours here,03-2025
c072ad86ec376ab3cca3118093bca3cf,Capital Health Club,UC-8 Commercial Area,Karachi,"F C Area Punjab Colony Nazimabad, Karachi, 76590, Pakistan",76590.0,67.04040794,24.91836356,Sports & Fitness,Gyms & Studios,Gym,Open,+92 311 2447707,,4.6,142.0,30.14,People typically spend up to 1.5 hours here,03-2025
cd21f0638be8a6783a93dc7cd11d1e50,BLACK8 Snooker Club,UC-7 P.e.c.h.s 2,Karachi,"Main Shaheed-e-Millat Rd, Delhi Mercantile Society, Karachi, 75500, Pakistan",75500.0,67.0661974,24.87763622,Sports & Fitness,Ball Sports,Sports club,Open,+92 21 34126280,facebook.com,4.5,139.0,26.71,,03-2025
63b2e9f1503fe0a08b05f0cf90e8f85d,Iron Club Gym,Taraf Mubarik Doim,Multan,"Nasheman Colony, Multan, 60000, Pakistan",60000.0,71.47910732,30.23356728,Sports & Fitness,Gyms & Studios,Gym,Open,+92 333 9584546,,4.6,45.0,35.17,People typically spend up to 2.5 hours here,03-2025
d65b1464521673e99831bef748d7b271,Box Cricket by Box Sports,Islamabad Capital Territory,Islamabad,"Main Margalla Rd, near High Velocity and Khudadad Heights, Golra E-11, Islamabad, 44000, Pakistan",44000.0,72.97578428,33.68932354,Sports & Fitness,Ball Sports,Sports club,Open 24 hours,+92 318 5162753,facebook.com,4.4,50.0,23.29,,03-2025
f51ea48ebb4da3a21decf695444bb3a5,Yoga Lift,Shahbaz Commercial Area,Karachi,"4th Floor, 3C Khayaban-e-Seher, D.H.A Phase 6 Shahbaz Commercial Area Phase 6 Defence Housing Authority, Karachi, 75500, Pakistan",75500.0,67.04872889,24.79640113,Sports & Fitness,Gyms & Studios,Yoga studio,Open,+92 320 2401399,instagram.com,4.8,20.0,45.71,,03-2025
03b19a7d4384790c2c2472ae102795f8,Naya Nazimabad Cricket Ground,UC-8 Mango Pir,Karachi,"Naya Nazimabad Gadap, Karachi, Karachi City, Sindh super, Naya Nazimabad Gadap Town, Karachi, Pakistan",,67.03455185,24.97135826,Sports & Fitness,Ball Sports,Cricket ground,Open 24 hours,+92 21 111 511 611,nayanazimabad.com,4.6,1675.0,24.57,People typically spend up to 3 hours here,03-2025
a8ee82b0c160b99de5f7b6223ebcdfe7,Fitness King,Pakistan,Mardan,"Hura Banda Road, near Sector S, Sreet 1 Sheikh Maltoon Town, Mardan, 23200, Pakistan",23200.0,72.03459048,34.1562989,Sports & Fitness,Gyms & Studios,Gym,Open,+92 331 9600700,,4.2,27.0,55.5,People typically spend up to 1.5 hours here,03-2025
dbe58949eddd45e0c88a1a25b03dd961,Pro Athletic SKBZ Cricket Ground,Sindh,Karachi,"Khayaban-e-Rahat, D.H.A Phase 6 Phase 6 Defence Housing Authority, Karachi, 75500, Pakistan",75500.0,67.06576118,24.80963271,Sports & Fitness,Ball Sports,Cricket ground,Open,+92 335 1173737,,4.3,315.0,30.0,People typically spend up to 2.5 hours here,03-2025
2c358891db81ae67f34f2d974ba53324,Pakistan Navy Shooting Range,Sindh,Karachi,"Karsaz Faisal Cantonment, Karachi, 07548, Pakistan",7548.0,67.09185792,24.88994241,Sports & Fitness,Shooting & Gun Ranges,Shooting range,Open,+92 21 48503180,,4.5,98.0,68.83,People typically spend up to 3.5 hours here,03-2025
26632dca0af06fd25a66ef4358d4e3fd,Power House Gym hostel city,Islamabad Capital Territory,Islamabad,"Khan Plaza, Street 02, Royal Avenue, Chatta Bakhtawar, Islamabad, Pakistan",,73.15337363,33.65805061,Sports & Fitness,Gyms & Studios,Gym,Open,+92 312 9665280,wa.link,4.5,51.0,49.33,People typically spend up to 4 hours here,03-2025
75ee5ecc700bc67bf1fd9c707b1e9d4d,Bahawalnagar Table Tennis Club Academy,Pakistan,Bahawalnagar,"Haydar Stadium, Minchinabad - Bahawalnagar Rd, Bahawalnagar, 62300, Pakistan",62300.0,73.26472418,30.00556077,Sports & Fitness,Recreation Centers,Sports complex,Open 24 hours,+92 335 9008009,wordpress.com,5.0,2.0,36.0,,03-2025
d64e9f1da5ba847c9008794a87438ed4,Royal Palm Golf And Country Club,Pakistan,Lahore,"52 Canal Rd, Mughalpura, Lahore, 54840, Pakistan",54840.0,74.35992367,31.55790071,Sports & Fitness,Golf & Driving Ranges,Golf club,Open,+92 42 111 602 602,rpgcc.com,4.3,8859.0,60.57,,03-2025
346b4e3baecf0ce21d55c7e912ea6b5b,ACTIVFIT,Sector Z,Lahore,"2nd Floor، 320-Z Commercial Area، Phase III Sector Z DHA Phase 3, Lahore, 54810, Pakistan",54810.0,74.37574458,31.47434768,Sports & Fitness,Gyms & Studios,Gym,Open,+92 321 1110001,,4.5,114.0,35.4,People typically spend up to 2 hours here,03-2025
dbcac82a8dce5191acace67d436cf49b,Titans Sports Arena,Pakistan,Lahore,"Barki Rd, Block D Park View CHS, Lahore, Pakistan",,74.44799386,31.52122748,Sports & Fitness,Recreation Centers,Sports complex,Open 24 hours,+92 309 0000059,facebook.com,4.3,166.0,17.71,People typically spend up to 2.5 hours here,03-2025
c972d15977d7f680a2fdef1e8cd9ea87,Momin Mineral water shop,UC-4 Khada Memon,Karachi,"Karachi, Nayabad Khadda Memon Society, Karachi, 75660, Pakistan",75660.0,66.99236118,24.85467734,Sports & Fitness,Water & Aquatic Sports,Water ski shop,Open,+92 316 1093767,sites.google.com,5.0,1.0,28.29,,03-2025
8164c2b90c215fb8e59f4373c2101059,DeSOM Squash Court,Pakistan,Lahore,"71 Tufail Rd, near Girja Chowk, Falcon Complex, Lahore, 54000, Pakistan",54000.0,74.37535427,31.51816682,Sports & Fitness,Other Outdoor & Lawn Sports,Squash court,Open,+92 304 1426043,desom.pk,4.0,4.0,23.43,,03-2025
6e5b3910bb1284b5d2aa967528fd703d,Bodionix Gym,Islamabad Capital Territory,Islamabad,"main markaz G 15 Markaz G-15, Islamabad, 44000, Pakistan",44000.0,72.9204633,33.63214096,Sports & Fitness,Gyms & Studios,Gym,Open,+92 51 2328101,,4.4,15.0,36.14,People typically spend up to 2 hours here,03-2025
c5e55a8983f6c992070631aa4211ffd8,Smart To Fit Gym,Pakistan,Faisalabad,"Smart To Fit, Mustaffabad Islam Nagar, Faisalabad, 38000, Pakistan",38000.0,73.08678561,31.4417875,Sports & Fitness,Gyms & Studios,Gym,Open,+92 316 7417109,fb.com,4.3,44.0,42.14,,03-2025
0c3ad5da69693ea11570b43912398d8c,Mini Golf Course,Punjab,Rawalpindi,"Corniche Road, Bahria Town Phase IV Phase 4 Bahria Town, Rawalpindi, 44000, Pakistan",44000.0,73.12371356,33.54766083,Sports & Fitness,Golf & Driving Ranges,Golf,Open,+92 51 5730184,,4.3,1245.0,37.43,People typically spend up to 2 hours here,03-2025
176e1e0334001baadfbabcacbcb6d751,Spartan Fitness,Zulfiqar & Al Murtaza Commercial Area,Karachi,"111-C Lane-2, D.H.A. Phase 8 Zulfiqar & Al Murtaza Commercial Area Phase 8 Defence Housing Authority, Karachi, 75500, Pakistan",75500.0,67.07628787,24.78688555,Sports & Fitness,Gyms & Studios,Gym,Open,+92 300 2177778,,4.8,86.0,45.17,People typically spend up to 1.5 hours here,03-2025
f8288d33726b1e4e89472739b040d04b,Raja Gym & Fitness Centre,Pakistan,Lahore,"Gujjarpura, College Rd, Baghbanpura, Lahore, 54000, Pakistan",54000.0,74.37289845,31.59244845,Sports & Fitness,Gyms & Studios,Gym,Open,+92 313 7575243,,4.5,33.0,46.71,People typically spend up to 1.5 hours here,03-2025
4a47b88ccb3397f867f14b334abc8fb6,Atir Naeem Qurashi,Punjab,Liāqatpur,"Basti Hakeeman Moza Nala Mosani teh Liaquatpur Distt, Liāqatpur, 64000, Pakistan",64000.0,70.77824512,28.88187372,Sports & Fitness,Gyms & Studios,Gym,Open 24 hours,+92 303 3203320,instagram.com,3.9,7.0,38.43,,03-2025
4bb174a1dc382687f60deef99d5240c5,Platoon Extreme Sports Arena,Westridge 2,Rawalpindi,"Racecourse Park, Westridge 2, Rawalpindi, 46000, Pakistan",46000.0,73.0297919,33.60492728,Sports & Fitness,Paintball & Laser,Paintball center,Open,+92 333 0317166,platoon.com.pk,4.4,91.0,36.43,,03-2025
0665a690c2f4b69502768aaa25d1fce9,DHA-EME Sports Complex,Punjab,Lahore,"Block D DHA EME Sector, Lahore, 53710, Pakistan",53710.0,74.21113937,31.43441279,Sports & Fitness,Recreation Centers,Sports complex,Open,+92 42 35234797,,4.4,442.0,60.33,People typically spend up to 2.5 hours here,03-2025
bfe793710e8c3b01090a0ea6f54acfcf,Sculpture Fitness Gym,Pakistan,Lahore,"Defence Road , Opposite DHA Rahbar Gate # 4, 11 Phase, Lahore, 54000, Pakistan",54000.0,74.27076148,31.38882147,Sports & Fitness,Gyms & Studios,Gym,Open 24 hours,+92 300 4371516,,4.6,81.0,40.43,People typically spend up to 1.5 hours here,03-2025
6035c0952d14590936b511869d88421d,Zafar Ali Cricket Stadium,Sahiwal Tehsil,Sahiwal,"Sahiwal, 57000, Pakistan",57000,73.09734169,30.66005259,Sports & Fitness,Ball Sports,Cricket ground,Open,+92 333 8040379,,4.0,436.0,56.17,People typically spend up to 1.5 hours here,03-2025
f35c03cd387b2c74027d331967d1cb02,Bold Fitness Gym,Pakistan,Hyderabad,"Latifabad Unit No. 9 Latifabad Unit 9 Latifabad, Hyderabad, 71000, Pakistan",71000,68.35686831,25.36478885,Sports & Fitness,Gyms & Studios,Gym,Open,+92 311 2653111,,4.2,144.0,20.0,People typically spend up to 1.5 hours here,03-2025
f9688aff351e0ac0a183e93fff5620a1,Get Smart Gym Garden,UC-13 Pakistan Qurts,Karachi,"Plot No.322-B, Nishtar Road, Garden, next to PSO Petrol Pump, Karachi, Pakistan",,67.02921388,24.88656659,Sports & Fitness,Gyms & Studios,Gym,Open,+92 21 32291223,chainofgetsmartgym.com,4.2,99.0,37.83,People typically spend up to 1.5 hours here,03-2025
60d94951c2e0f1674f3ba719f674f25d,Shender Snooker Club,Sadiqabad Tehsil,Sadiqabad,"Sadiqabad, Pakistan",,70.13515451,28.30569492,Sports & Fitness,Recreation Centers,Sports complex,Open 24 hours,+92 340 5554656,m.facebook.com,4.0,16.0,23.14,People typically spend up to 1 hour here,03-2025
591ee6bbb1ed41c8ec7fbbdc9e743b37,Hardcore Fitness Club,Pakistan,Haroonabad,"Haroonabad, Pakistan",,73.13169789,29.60774756,Sports & Fitness,Gyms & Studios,Gym,Open 24 hours,+92 345 8452128,facebook.com,4.4,48.0,41.0,People typically spend up to 1.5 hours here,03-2025
3b5ec208a9c145ca5b0908d636121fd4,Fitness Edge,Sindh,Karachi,"7c Service Lane - Nishat Commercial, D.H.A Phase 6 Nishat Commercial Area Phase 6 Defence Housing Authority, Karachi, 75500, Pakistan",75500,67.05469921,24.79978957,Sports & Fitness,Gyms & Studios,Gym,Open,+92 345 8847968,,4.3,84.0,63.83,People typically spend up to 1.5 hours here,03-2025
f2b83ae7745936f85ae1e81fb654e36d,Best Yoga classes in Islamabad by Sumaira's Yoganama,Islamabad Capital Territory,Islamabad,"G-11/2 G 11/2 G-11, Islamabad, 44000, Pakistan",44000,72.99076085,33.67228977,Sports & Fitness,Gyms & Studios,Yoga studio,Open,+92 305 5888819,sumairasyoganama.com,4.9,214.0,55.33,,03-2025
f6b48a606099fdccb11f59422e188542,Yahya Gym,Pakistan,Lahore,"Raja Market, 103 Masood Farooqi Rd, Abu Bakar Block Garden Town, Lahore, Pakistan",,74.32420972,31.51046466,Sports & Fitness,Gyms & Studios,Gym,Open,+92 326 4664010,facebook.com,4.3,117.0,45.83,People typically spend up to 1 hour here,03-2025
bd02f60d4c1d459ce0caddf6d0af962b,AK Fitness Training,Satellite Town,Rawalpindi,"Muneer Center, Commercial Market Rd, B-Block Block B Satellite Town, Rawalpindi, 46300, Pakistan",46300.0,73.06823919,33.63561938,Sports & Fitness,Gyms & Studios,Gym,Open,+92 343 5000567,m.facebook.com,4.6,289.0,36.33,,03-2025
7444a6f0f3658b8d1b686ca5cd382189,Karachi All Star,UC-5 Gulshan-e-iqbal 1,Karachi,"Block 5 Gulshan-e-Iqbal, Karachi, 07534, Pakistan",07534,67.08878694,24.92366196,Sports & Fitness,Ball Sports,Sports club,Open 24 hours,+92 335 3095651,facebook.com,4.7,26.0,33.86,,03-2025
66c874248f8e63ee3a770005d41e459c,Abu Huraira World Gym Fitness Center,Pakistan,Kasur,"Nizam Pura Rd, near jamal market, near City Hospital, Kot Murad Khan Kasur, 55050, Pakistan",55050,74.43979123,31.11450333,Sports & Fitness,Gyms & Studios,Fitness center,Open,+92 321 4670428,,4.6,150.0,69.0,People typically spend up to 1.5 hours here,03-2025
7f082a8c5814048c9c41cae33834b472,Hit Fit Gym,Pakistan,Lahore,"A, Main Road PGECHS, Block A5 Block A 1 PGECHS, Lahore, 54000, Pakistan",54000,74.28050083,31.44330075,Sports & Fitness,Gyms & Studios,Gym,Open,+92 300 8433562,,4.5,83.0,45.5,People typically spend up to 1.5 hours here,03-2025
5416aebfbfa43d168cf52381d7029887,Fit & Fight Gym and Boxing Club,Karachi City,Karachi,"First floor, Khadija arcade, Khalid Bin Walid Rd, next to Fatima Dental Hospital, Maniya CHS (MCHS) P.E.C.H.S., Karachi, 74800, Pakistan",74800,67.05957698,24.88046325,Sports & Fitness,Gyms & Studios,Gym,Open,+92 335 0240684,,4.8,51.0,35.5,People typically spend up to 1.5 hours here,03-2025
442cca4f17b5cb4e28ae74234f2b674a,Pro-Active Gym and Ladies Fitness Center,Rawalpindi Tehsil,Rawalpindi,"Pro-Active Gym & Martial Arts Academy Near Bankislami Chaudhry Arcade, Service Rd W, Khanna Pul, Jamshed Colony, Rawalpindi, 46000, Pakistan",46000,73.10963025,33.62797022,Sports & Fitness,Gyms & Studios,Gym,Open,+92 334 5782412,,4.8,151.0,54.0,People typically spend up to 1.5 hours here,03-2025
55ebf5f7ba2d74db98c4a88442c64866,Zaks fitness hub,Sabzazar Housing Scheme Phase 1 & 2,Lahore,"306 B Main Boulevard Sabzazar, B Block Block B Sabzazar Housing Scheme Phase 1 & 2 Lahore, 54000, Pakistan",54000,74.27798675,31.5254244,Sports & Fitness,Gyms & Studios,Gym,Open 24 hours,+92 305 4735360,,4.7,52.0,38.17,People typically spend up to 1 hour here,03-2025
06546e5407e7cb69ffbb728c46b26acd,Grace Gym,UC-6 Gulshan-e-hadeed,Karachi,"C-52 Extension Gulshan e Hadeed Phase 2 Bin Qasim Town, Karachi, 75010, Pakistan",75010.0,67.35554138,24.86660872,Sports & Fitness,Gyms & Studios,Fitness center,Open,+92 345 3790499,,4.5,291.0,57.71,People typically spend up to 1.5 hours here,03-2025
857d9eb667730f0a76a95e2bba5f6e78,Fitness Time Gym,Rawalpindi Tehsil,Rawalpindi,"Minhas Plaza, Bostan Khan Rd، near valley ways bakers, Dhok Chaudhrian, Rawalpindi, 46000, Pakistan",46000.0,73.09535446,33.5826689,Sports & Fitness,Gyms & Studios,Gym,Open 24 hours,+92 323 5140369,,4.7,65.0,37.29,People typically spend up to 1.5 hours here,03-2025
b5ab92420abf177532e0adde5275f412,Majeed & Sons,Taraf Mubarik Doim,Multan,"Al-Naiz Chambers Water Works Road, Near Chowk Lohari Gate, Shaheed Younis Road, Mohalla Muhammadi, Multan, 60000, Pakistan",60000.0,71.46737469,30.19938695,Sports & Fitness,Fishing & Hunting,Hunting and fishing store,Open,+92 61 4511619,,4.4,123.0,55.0,People typically spend up to 45 min here,03-2025
1d012eb007b25f3be3a163a5bf596dfe,Fitness Time,Pakistan,Lahore,"Main Rd Awan Town, Awan Town, Lahore, 54780, Pakistan",54780.0,74.26438451,31.50349098,Sports & Fitness,Gyms & Studios,Gym,Open,+92 300 4405480,,4.3,84.0,53.5,People typically spend up to 1.5 hours here,03-2025
058b0119ea0dfa4d2e0a829fc759aac9,NED Cricket Ground,UC-11 Metroville Colony,Karachi,"NED University Of Engineering & Technology, Karachi, Pakistan",,67.11285365,24.93210024,Sports & Fitness,Ball Sports,Cricket ground,Open,+92 21 99261261,neduet.edu.pk,3.9,169.0,55.8,People typically spend up to 3 hours here,03-2025
931dea688d1dfb5bf150be04c8a5180b,Shahid Muhammad Khan Arms & Ammunition Dealer & Repairing,Islamabad Capital Territory,Islamabad,"Uni Road, Islamabad, 46000, Pakistan",46000,72.96735333,33.62475011,Sports & Fitness,Shooting & Gun Ranges,Gun shop,Open,+92 300 5127299,,4.5,41.0,58.86,People typically spend up to 45 min here,03-2025
f15ae670665ad7370d0e6138f7cf10f1,Waseem Hockey Club,Vehari,Vehari,"Hockey Ground, Govt. Graduate College, Vehari, 61100, Pakistan",61100.0,72.33524038,30.04409273,Sports & Fitness,Team Sports & Fields,Hockey field,Open 24 hours,+92 321 7728110,facebook.com,5.0,2.0,34.57,,03-2025
a381d39b0e758b6d6b6361c7342e9b78,Kratos Gym,UC-1 Dehli Mercantile,Karachi,"4 th, Shaheed-e-Millat Service Road، beside faysal bank, floor, Karachi, 75300, Pakistan",75300.0,67.07307055,24.87430534,Sports & Fitness,Gyms & Studios,Gym,Open,+92 336 8806911,kratosgympk.com,4.9,27.0,27.71,,03-2025
0a7e7ca2ab9205fb1033f8c5dbffa2e9,Athletic Studio By Pro Nutrition,UC-7 P.e.c.h.s 2,Karachi,"PLOT N0 U, 130 Allama Iqbal Rd, Block 2 P.E.C.H.S., Karachi, 75100, Pakistan",75100.0,67.0550942,24.8727833,Sports & Fitness,Gyms & Studios,Gym,Open,+92 315 2999539,instagram.com,4.9,55.0,39.67,,03-2025
3ca47fd3949b13963e032914de26ee4f,Ferric Fitness,UC-2 Civic Center,Karachi,"Plot No: 3/147, near Tooso Restaurant, Bahadurabad BMCHS Sharafabad, Karachi, 07482, Pakistan",7482.0,67.06386517,24.88452632,Sports & Fitness,Gyms & Studios,Gym,Open,+92 309 1125617,,4.0,33.0,31.71,People typically spend up to 1.5 hours here,03-2025
3a454c2ad91bfd3e7c335fae1910b80a,Workout Zone Fitness Center,Pakistan,Lahore,"289 Lahore – Kasur Rd, Block L Gulberg III, Lahore, 54600, Pakistan",54600,74.33131771,31.49987619,Sports & Fitness,Gyms & Studios,Gym,Open,+92 303 6075814,,4.4,41.0,41.67,People typically spend up to 1.5 hours here,03-2025
a80c35ad9e2e8b913eaccd31191aa4a5,TRIFIT FITNESS CLUB (Luckyone Mall),UC-7 Water Pump,Karachi,"LA-2/B, Block 21،, Main Rashid Minhas Rd, opp. UBL Sports, Complex، Karachi, Karachi, Pakistan",,67.08474228,24.93254189,Sports & Fitness,Gyms & Studios,Fitness center,Open,+92 335 8743483,trifit.com.pk,4.9,1096.0,53.86,People typically spend up to 1.5 hours here,03-2025
69f55b54245bcd0b59eb3a23f904627d,GYM X,UC-8 Jamali Colony,Karachi,"Elite Residency, Sahba Akhtar Rd, Block 13D-2 Block 13 D 2 Gulshan-e-Iqbal, Karachi, 75300, Pakistan",75300,67.07251915,24.91042061,Sports & Fitness,Gyms & Studios,Fitness center,Open,+92 312 1057858,,4.8,125.0,62.71,People typically spend up to 1.5 hours here,03-2025
15f8fe21dc9f16206de2678b29ac2bd2,Best Camping And Hunting Store | Tactical Trading | Tactical Gear in Pakistan,Rawalpindi Tehsil,Islamabad,"Commercial, Plot No 48, Shop 5 Bahria Square, Expressway, Phase 7 Islamabad, 46220, Pakistan",46220,73.10386895,33.51657724,Sports & Fitness,Fishing & Hunting,Hunting and fishing store,Open,+92 316 1615446,tacticaltrading.pk,4.4,34.0,50.17,,03-2025
228647881eb5265e561c90bf3b871355,Cuts and Guts Fitness Gym Tulamba,Pakistan,Tulamba,"Road, Tulamba, 58080, Pakistan",58080,72.24222548,30.51836087,Sports & Fitness,Gyms & Studios,Gym,Open,+92 300 4472144,,5.0,5.0,39.57,People typically spend up to 1.5 hours here,03-2025
46ca9a78b7b47bb7e95cf734a35242c1,Activated Gym,Rangeel Pur,Multan,"Nusrat Road, cantt, Multan, 60000, Pakistan",60000.0,71.43892258,30.18795842,Sports & Fitness,Gyms & Studios,Fitness center,Open,+92 306 7299922,,4.9,30.0,38.67,People typically spend up to 2 hours here,03-2025
ec4e96634d481d5fff7a4729058969f6,Hard Knocks,Pakistan,Floor,"Arfa Karim, ARFA Tower, 3rd, Model Town, Floor, 54700, Pakistan",54700.0,74.33999198,31.4757728,Sports & Fitness,Martial Arts & Dojos,Martial arts school,Open,+92 341 6606607,hardknocks.pk,4.9,9.0,40.0,,03-2025
eba2dcc3fb123d815d28dc33422706af,Transfit Gym And Fitness,UC-11 Kehkeshan,Karachi,"COM 7, 8, Block 2 Clifton, Karachi, Pakistan",,67.01520249,24.8103878,Sports & Fitness,Gyms & Studios,Gym,Open,+92 313 0600222,m.facebook.com,4.4,82.0,40.17,People typically spend up to 1.5 hours here,03-2025
63ce32805ecf87dbeb0a9b4ec7c04c3e,Ocean Massage And Spa,Stadium Commercial Area,Karachi,"DHA Phase 5 Stadium Commercial Area Defence V Defence Housing Authority, Karachi, 75500, Pakistan",75500.0,67.04790924,24.81427443,Sports & Fitness,Saunas & Spas,Spa,Open 24 hours,+92 311 3152222,oceankarachispa.com,4.4,49.0,35.71,,03-2025
f36a0f01951a89f24333dd5e36d5089f,Best Asian Spa,Sindh,Karachi,"D.H.A. Phase 2 Phase 2 Defence Housing Authority, Karachi, 75500, Pakistan",75500.0,67.05281544,24.83424721,Sports & Fitness,Saunas & Spas,Spa,Open 24 hours,+92 326 4920600,bestasianspa.com,4.8,79.0,35.86,,03-2025
bce6cea05ae8168801ef4de9cdbbe540,Elysian Spa DHA Karachi,Sindh,Karachi,"D.H.A Phase 6 Bukhari Commercial Area Phase 6 Defence Housing Authority, Karachi, 75500, Pakistan",75500.0,67.06247339,24.79312281,Sports & Fitness,Saunas & Spas,Spa,Open 24 hours,+92 333 4441017,rainbowspa.pk,4.2,37.0,29.86,,03-2025
f1e5818405a322e9ff231c8ede7c45fe,Fitness Forever,Pakistan,Lahore,"shama Saleem chowk, Pir Ghazi Road, Fatima St, Lahore, 54000, Pakistan",54000.0,74.31347175,31.53716763,Sports & Fitness,Gyms & Studios,Gymnastics center,Open,+92 304 4691254,,5.0,87.0,73.0,People typically spend up to 45 min here,03-2025
c7562f0c4463be1e286b35b07a81892d,Shahbaz Gymnastics & Martial Arts and Fitness center,Pakistan,Lahore,"mian plaza, Near model bazar, Civic Centre Block D 2 Phase 1 Johar Town, Lahore, 54770, Pakistan",54770.0,74.28538387,31.46302645,Sports & Fitness,Gyms & Studios,Fitness center,Open,+92 333 4233294,instagram.com,5.0,15.0,39.71,,03-2025
24bd347b719880aeaf754d37ff3545d3,Fitsoul Gym & Kids Club,Punjab,Lahore,"5-2-C-II Gondal Chowk, College Road, Mateen Avenue, Lahore, 54000, Pakistan",54000.0,74.29002892,31.44047644,Sports & Fitness,Gyms & Studios,Fitness center,Open,+92 347 3487685,,4.7,90.0,51.0,People typically spend up to 2 hours here,03-2025
ec42b16bfa4a123da20110205beb6e06,Alishba Massage center Lahore - spa,Pakistan,Lahore,"Office 320 3rd Floor, Barkat Market, Central Plaza Rd, Commercial Area Garden Town, Lahore, 54700, Pakistan",54700.0,74.31963789,31.50092756,Sports & Fitness,Saunas & Spas,Spa,Open 24 hours,+92 332 6088313,alishbaspa.art,4.5,62.0,34.14,,03-2025
2a0cbb2c728246197f1ee1984b9b852d,Life Fitness Gym,Pakistan,Peshawar,"No. 1, Top floor, Royal Tower, Gulberg, Peshawar Cantonment, Peshawar, 25000, Pakistan",25000.0,71.53480469,33.99202542,Sports & Fitness,Gyms & Studios,Gym,Open,+92 313 0199783,facebook.com,4.0,1.0,35.17,,03-2025
dfca2f06961da108922a30be54474dee,Crossfit gym & slimmimg centre,Sadiqabad Tehsil,Sadiqabad,"Rahman pump, near over head bridge, Haq Town, Sadiqabad, 64350, Pakistan",64350.0,70.11909729,28.30142564,Sports & Fitness,Gyms & Studios,Gym,Open,+92 306 3490004,,4.4,62.0,40.0,People typically spend up to 1.5 hours here,03-2025
cd40dabe72adc930cdfaf92acadf04eb,FitThenics Club Haripur,Pakistan,Harīpur,"Sawat chuwk, Darvesh, Harīpur, 22640, Pakistan",22640.0,72.90656334,33.98796759,Sports & Fitness,Gyms & Studios,Fitness center,Open,+92 335 4455789,,4.9,24.0,35.83,People typically spend up to 2 hours here,03-2025
c810dc9f59618144b21177a8fdebbd79,Gym Land Fitness Club Bahawalpur,Punjab,Bahawalpur,"Maqbool Plaza, University Chowk, Bahawalpur Cantt, Bahawalpur, 63100, Pakistan",63100.0,71.68747523,29.39511059,Sports & Fitness,Gyms & Studios,Gym,Open 24 hours,+92 300 4421715,facebook.com,5.0,4.0,41.33,,03-2025
ec801c9687dfce164f7c6d5f4fdf99f9,Indoor Sports Arena-Hyderabad,Pakistan,Hyderabad,"Plot # a-32, Indus Rd, Chari Site Area, Hyderabad, 71000, Pakistan",71000.0,68.37993318,25.35666662,Sports & Fitness,Recreation Centers,Sports complex,Open 24 hours,+92 325 5881677,,4.5,15.0,27.14,People typically spend up to 45 min here,03-2025
5725cb570590acfb75edf131ce1c1d39,Dribbling Arena,UC-2 Pahar Ganj,Karachi,"C-19, Block Q North Nazimabad Town, Karachi, 74600, Pakistan",74600.0,67.03195133,24.94195322,Sports & Fitness,Recreation Centers,Sports complex,Open 24 hours,+92 370 0028410,,4.4,82.0,34.0,People typically spend up to 2.5 hours here,03-2025
637853edc129bbb08a730c9e9e1cd5c3,GYM FLEX,UC-11 Metroville Colony,Karachi,"Plot No. A51 & 52, Gulzar-e-Hijri Block 3/2 Metrovil Colony, Karachi, Pakistan",,67.10281818,24.94341645,Sports & Fitness,Gyms & Studios,Gym,Open,+92 312 2682742,facebook.com,4.7,62.0,38.83,People typically spend up to 1.5 hours here,03-2025
2f5dec849950d0a1ad4110d8ca9b5603,Smash X,UC-1 Dehli Mercantile,Karachi,"Smash X, KDA Scheme #1 KDA Scheme 1, Karachi, 74400, Pakistan",74400.0,67.0873667,24.87897849,Sports & Fitness,Racquet & Club Sports,Padel club,Open,+92 300 1762749,smashxpk.com,4.6,30.0,44.86,,03-2025
9bc87adbef46626287e571886743b405,V-FIT,UC-1 Model Colony,Karachi,"Model, Plot#28/1,sheet#04 , model colony , liaquat ali khan road, colony, Karachi, 75100, Pakistan",75100.0,67.18080512,24.90308417,Sports & Fitness,Gyms & Studios,Gym,Open,+92 335 3235827,,4.8,42.0,25.14,People typically spend up to 1.5 hours here,03-2025
ab4471bcf43f34b67b54b837ce75d67c,Get Smart Gym Mochi Mor,UC-5 Gulshan-e-iqbal 1,Karachi,"Plot# A, 576, Block 5 Gulshan-e-Iqbal, Karachi, Pakistan",,67.08427368,24.92046047,Sports & Fitness,Gyms & Studios,Gym,Open,+92 321 3877849,chainofgetsmartgym.com,4.0,65.0,34.67,People typically spend up to 1.5 hours here,03-2025
5261d2e66eab21165647b7225cfa3461,Massage Center ( Spa In Islamabad ),Islamabad Capital Territory,Islamabad,"near Maroof International Hospital F 10, Islamabad, 44000, Pakistan",44000.0,73.00951874,33.69744654,Sports & Fitness,Saunas & Spas,Spa,Open 24 hours,+92 341 9447776,massagecenterspa.shop,4.6,54.0,29.29,,03-2025
4352644361873235a206382e2c88a9ff,Rejuvenate Spa And Massage Center E 11,Sector E-11/3,Islamabad,"E, E 11/3 Markaz, near to Askari Bank, 11/3 Islamabad, 44000, Pakistan",44000.0,72.97653925,33.70413946,Sports & Fitness,Saunas & Spas,Spa and health club,Open 24 hours,+92 370 0971509,rejuvenatespaandmassagecenter.com,4.6,99.0,37.57,,03-2025
88b212c82aa43d4dc84517de9be3dab6,Legend Sports & Garment's,Punjab,Lahore,"Shop#6A Basement, Rehmat Chowk, Usmania Tower, Block A 1 Valencia, Lahore, 56000, Pakistan",56000.0,74.26239426,31.41912257,Sports & Fitness,Recreation Centers,Sports complex,Open,+92 312 7604854,legendsports.com.pk,5.0,85.0,41.29,,03-2025
d80b34399bab8755982d4f79f7e92d5b,60 days weight loss Challange,Punjab,Lahore,"3, Ashiana shopping mall main boulevard gulberg, D block, Lahore, 54000, Pakistan",54000.0,74.33969983,31.51267835,Sports & Fitness,Gyms & Studios,Fitness center,Open,+92 312 4723454,join60dc.com,5.0,34.0,34.5,,03-2025
05862d878cca7729843028efe1b24b70,BEACH HUTS6,UC-6 Mauri Pur,Karachi,"Grax Colony Karachi, 75620, Pakistan",75620,66.93285765,24.86769227,Sports & Fitness,Fishing & Hunting,Hunting and fishing store,Open 24 hours,+92 312 0242897,wa.me,5.0,1.0,29.0,,03-2025
067bd4a9faab09cad7c6b88cf951985d,The Gym,UC-10 Pehalwan Goth,Karachi,"Block 14 Gulistan-e-Johar, Karachi, Pakistan",,67.12882025,24.91820168,Sports & Fitness,Gyms & Studios,Fitness center,Open,+92 335 2057394,facebook.com,3.5,18.0,27.33,People typically spend up to 1.5 hours here,03-2025
b1ad4aee47622588df127fc062153191,Youfit Gym,UC-10 Pehalwan Goth,Karachi,"33, Karachi, 75500, Pakistan",75500,67.12857478,24.91887231,Sports & Fitness,Gyms & Studios,Gym,Open,+92 322 2669839,,4.8,38.0,47.33,People typically spend up to 1.5 hours here,03-2025
778673de63ec73247f2621f6e53f3298,Iron Culture Fitness,UC-10 Pehalwan Goth,Karachi,"House # B-10, apartments, Gray Garden, Block 16 Gulistan-e-Johar, Karachi, 75290, Pakistan",75290,67.11563562,24.91809643,Sports & Fitness,Gyms & Studios,Fitness center,Open,+92 334 3288995,,4.9,111.0,37.33,People typically spend up to 1.5 hours here,03-2025
7b0234551c630c0d751166460552f7fa,GritFit Hardcore Gym,Islamabad Capital Territory,Islamabad,"103 Korang Road, Markaz I 10 Markaz I-10, Islamabad, 44000, Pakistan",44000,73.0402365,33.64986112,Sports & Fitness,Gyms & Studios,Gym,Open 24 hours,+92 51 8778272,,4.3,104.0,31.86,People typically spend up to 1.5 hours here,03-2025
4e627829345500fdf1f23f87c7e11428,Al-Rehman gym (Muhammad Naeem),Islamabad Capital Territory,Islamabad,"Ch. Market, 35b Street 36, I-9/4 I 9/4 I-9, Islamabad, 44000, Pakistan",44000,73.05893694,33.65335836,Sports & Fitness,Gyms & Studios,Gym,Open,+92 334 5407033,,4.8,51.0,48.5,People typically spend up to 2.5 hours here,03-2025
58e501a8366411303aa2d2f57fdab878,Power Fitness gym,Pakistan,Lahore,"Bhogiwal Rd, Kot Khawaja Saeed, Lahore, 54000, Pakistan",54000,74.36638868,31.58772998,Sports & Fitness,Gyms & Studios,Gym,Open,+92 323 4246203,,4.3,16.0,33.43,People typically spend up to 1.5 hours here,03-2025
16371a85ecea14c40fa59f9b1053a759,Fitness Studio Ladies & Gents GYM,Shorkot,Shorkot,"ON By-Pass Road, near city Mart, Shorkot, 35050, Pakistan",35050,72.07616211,30.83266241,Sports & Fitness,Gyms & Studios,Gym,Open,+92 334 6111000,,4.3,35.0,62.33,People typically spend up to 1 hour here,03-2025
42f9ffb05d7a67249ae409f55640e9f1,Fitness Zone gym,Punjab,Lahore,"station #5, near Orange train, Lahore, 54000, Pakistan",54000,74.38820528,31.58557518,Sports & Fitness,Gyms & Studios,Gym,Open 24 hours,+92 304 9088821,fitnesszonepk.com,5.0,7.0,27.0,,03-2025
c50c1b018ab4de5ad67eae8c1b32ab38,The Fitness Empire,Islamabad Capital Territory,Islamabad,"Street 10, near dua chok, Ghauri Town Phase 5-B Phase 4B Ghauri Town, Islamabad, 44000, Pakistan",44000,73.1390346,33.62055038,Sports & Fitness,Gyms & Studios,Fitness center,Open,+92 323 5483410,,4.5,27.0,46.29,People typically spend up to 1.5 hours here,03-2025
9b86a997780826eaa2529d1473c55330,111 Fitness and Nutrition,Islamabad Capital Territory,Islamabad,"Ghori Town Rd, Ghori Town Phase 4-B Phase 5 Ghauri Town, Islamabad, 44000, Pakistan",44000,73.13872392,33.6156648,Sports & Fitness,Gyms & Studios,Gym,Open,+92 335 1111119,,4.8,87.0,68.5,People typically spend up to 2 hours here,03-2025
bbc7d8b3fe467a0787aa780db2b698fa,Infinitum Boxing,Sialkot,Sialkot,"Nawan Pind, Ghaniabad, Sialkot, 51310, Pakistan",51310,74.49218777,32.53155344,Sports & Fitness,Gyms & Studios,Boxing gym,Open,+92 302 6115717,infinitumboxing.com,4.5,13.0,37.0,,03-2025
d57d916576340b920a7b5f63ba7a2abd,Alpha Fitness Quetta,Quetta,Quetta,"New Hanna Road, Quetta, 87300, Pakistan",87300,67.01954812,30.23409442,Sports & Fitness,Gyms & Studios,Fitness center,Open,+92 332 7882934,,4.2,10.0,40.5,People typically spend up to 2 hours here,03-2025
8a1b74436a0bf1ebb12afda64bc76b67,Xplosive Fitness,Gadap Town,Karachi,"L 30, Sindh Provincial Echs Muhammadpur Sector V Gulshan-e-Maymar, Karachi, 75340, Pakistan",75340,67.12100837,25.01922341,Sports & Fitness,Gyms & Studios,Fitness center,Open,+92 316 2603591,,4.1,27.0,35.5,People typically spend up to 1.5 hours here,03-2025
b0722f2e3f3606db5db742d4d3741a71,Pure Fitness Gym Branch 2,UC-12 Gulzar-e-hiijri,Karachi,"Madras cooperative housing society Madras Chs Sector 17 A B19/1, Karachi, 75330, Pakistan",75330,67.12124586,24.95987578,Sports & Fitness,Gyms & Studios,Gym,Open,+92 321 2304035,,4.0,47.0,44.83,People typically spend up to 1.5 hours here,03-2025
77fb78ea10fb4a90fdbd045613905482,Arnold Gym,Usman Block,Rawalpindi,"5 Circulation Strip, Ali Block Usman Block Bahria Safari Valley, Rawalpindi, Pakistan",,73.07483675,33.49117393,Sports & Fitness,Gyms & Studios,Gym,Open,+92 336 9873308,arnoldgym.ju.mp,4.6,23.0,53.67,People typically spend up to 1.5 hours here,03-2025
8e20af378e286fc48caddc6f1f642d07,SAQIB FITNESS LADIES & GENTS GYM,Shamsabad,Rawalpindi,"Jamia high school, near government hasmat Ali islamia college, Dhoke Kashmirian Shamsabad, Rawalpindi, 46000, Pakistan",46000,73.09102787,33.64464554,Sports & Fitness,Gyms & Studios,Fitness center,Open,+92 343 5272716,,4.6,100.0,57.67,People typically spend up to 1 hour here,03-2025
dd44d118bcf4c2b90218ef0459910985,BEING STRONG CROSSFIT & GYM,Pakistan,Lahore,"8, commercial plaza, Barki Rd, Paragon City, Lahore, 54000, Pakistan",54000,74.45044344,31.53109882,Sports & Fitness,Gyms & Studios,Gym,Open,+92 321 4209080,,4.9,244.0,36.33,People typically spend up to 2.5 hours here,03-2025
1bbf09088df9e9eb83e693cfb17f485b,Rich Man Fitness Gym,Pakistan,Lahore,"Plaza No: 2, Block Broadway, Paragon City, Barki, Lahore, 54000, Pakistan",54000,74.45040971,31.53052572,Sports & Fitness,Gyms & Studios,Gym,Open 24 hours,+92 305 4226332,,4.9,54.0,32.17,People typically spend up to 1.5 hours here,03-2025
25f8ab6f8ce3b09e96b14be75e08cefa,Vibe Gym,Pakistan,Lahore,"29 C, DHA Phase 8, Broadway Commercial Area Off, Ring Road, Lahore, Pakistan",,74.42740295,31.50152963,Sports & Fitness,Gyms & Studios,Gym,Open,+92 42 111 400 500,dha.vibegym.pk,4.5,51.0,49.83,People typically spend up to 1.5 hours here,03-2025
c19d97fe3b27fea73f2b4592d9f0345e,24 Hours Fitness Gym,UC-11 Abbasi Shaheed,Karachi,"Badrul Hassan Farooqui Sports Complex, Block 3 Nazimabad Rd Number 3, Block 3 Nazimabad, Karachi, 74600, Pakistan",74600.0,67.02130398,24.91375575,Sports & Fitness,Gyms & Studios,Gym,Open,+92 322 2313731,,4.8,12.0,28.5,People typically spend up to 2 hours here,03-2025
a909828f7dd5407e3c5a3421e4b44f72,The Gymtrek Gym,UC-4 Khokrapar,Karachi,"The Gymtrek Gym, A9 Indus Mehran, Malir Cantonment, Karachi, 75080, Pakistan",75080.0,67.19940278,24.90145564,Sports & Fitness,Gyms & Studios,Gym,Open,+92 332 2732838,,4.9,92.0,37.0,People typically spend up to 1 hour here,03-2025
1f7c49ada49d3c1d0e478ac0dad9f5da,"Haider Performance Centre, Cricket Academy & Club",Islamabad Capital Territory,Islamabad,"Main GT Rd, G-15, Islamabad, 44000, Pakistan",44000.0,72.92535523,33.63905165,Sports & Fitness,Ball Sports,Cricket club,Open 24 hours,+92 333 5888494,facebook.com,4.7,20.0,31.86,,03-2025
7805d6d37d8d31b83050b0959652507d,Life Fitness Gym,Punjab,Attock,"Dar-ul-Islam Colony Rd, Darul Islam Colony Peoples Colony, Attock, 43600, Pakistan",43600.0,72.35703491,33.78972355,Sports & Fitness,Gyms & Studios,Gym,Open 24 hours,+92 314 5376422,lifefitnessatk.fit,4.5,13.0,26.17,,03-2025
7a05578001bf0a263c16e24dbfab530d,The OX Sports Club,Islamabad Capital Territory,Islamabad,"Al mansoor plaza, Block A Civic CenterJinnah Garden, Islamabad, 45710, Pakistan",45710.0,73.17380283,33.57086792,Sports & Fitness,Ball Sports,Futsal court,Open 24 hours,+92 317 5914375,,4.2,101.0,39.0,People typically spend up to 25 min here,03-2025
11a37010f888e23dc09fa76f0522022e,Royal Pro Fitness,Sialkot,Sialkot,"Rangers road bhojpur, near Haji Yousaf Mosque, opposite Butt shaib ki Factory, Cantt, Sialkot, 51310, Pakistan",51310,74.59215428,32.51204552,Sports & Fitness,Gyms & Studios,Gym,Open 24 hours,+92 320 5884464,,4.7,62.0,28.86,People typically spend up to 3 hours here,03-2025
af8a087a7387fc3a91d765e77a38554b,AWOB INTERNATIONAL,Sialkot,Sialkot,"Rangpura Sialkot, 51310, Pakistan",51310,74.55619794,32.49140828,Sports & Fitness,Gyms & Studios,Fitness center,Open 24 hours,+92 300 6181085,awobinternational.com,5.0,1.0,25.86,,03-2025
6a03f5d9d23d3d003c435211d292fca2,Fitness Planet,Pakistan,Bahawalpur,"1st Floor, Fitness Planet, Fazal Center, Chowk, near Bindra Pully, Model Town C Bahawalpur, 63100, Pakistan",63100,71.67120234,29.40943972,Sports & Fitness,Gyms & Studios,Fitness center,Open,+92 314 2829820,fitnessplanet.pro,4.4,9.0,28.29,,03-2025
c81ab636e931f039b926687352a70204,City Sports Fitness Center,Punjab,Gujranwala,"Cirmco Center, Garden Town, Gujranwala, 52250, Pakistan",52250,74.19748081,32.21387738,Sports & Fitness,Gyms & Studios,Gym,Open,+92 303 0606969,citysports.pk,5.0,21.0,31.83,,03-2025
c4a8efe0f4b4768162f70b49f51268f6,Fitness Zone,Sialkot Metropolitan Area,Daska,"Circular Rd, Sohawa, Daska, 51010, Pakistan",51010,74.34492726,32.33869174,Sports & Fitness,Gyms & Studios,Gym,Open,+92 301 6156702,facebook.com,4.5,2.0,34.86,,03-2025
e0c1dc2e997987b730f73169121b70db,Thrive On Fitness,Samanabad,Lahore,"Near 1st round samanabad topsi road butt sweets plaza Lahore samanabad, 54000, Pakistan",54000,74.29744573,31.53678123,Sports & Fitness,Gyms & Studios,Gym,Open,+92 304 5021310,instagram.com,4.6,16.0,32.33,,03-2025
b420fa0c1fcf85c85d73f7ac324664e4,SOHAIL FITNESS CLUB,Punjab,Daira Din Panah,"near javeed petrol pump, Daira Din Panah, 34010, Pakistan",34010,70.93861372,30.5597125,Sports & Fitness,Gyms & Studios,Gym,Open 24 hours,+92 308 7886452,youtube.com,5.0,4.0,25.33,,03-2025
7d8d131b932414e1b16fcd7abd0dad53,Shape Shifters Gym,Wah Cantt.,Wah Cantt,"Gol Market, B-33 Hashmi St, near MAC hospital, Wah Cantt, 47040, Pakistan",47040,72.72276832,33.78559232,Sports & Fitness,Gyms & Studios,Gym,Open,+92 313 4660606,instagram.com,4.5,2.0,34.17,,03-2025
8c9b47239209146eab65eb4231e495fd,R-1 Fitness gym,Satellite Town,Rawalpindi,"plot num 274, pp uzair motors, Main Saidpur Rd, opposite gulzari optics, opposite healers hospital, Block E Satellite Town, Rawalpindi, 46000, Pakistan",46000,73.05960764,33.6326662,Sports & Fitness,Gyms & Studios,Body shaping class,Open 24 hours,+92 333 3933330,,4.6,19.0,28.29,People typically spend up to 4 hours here,03-2025
5c4513edb3ef802fd30d0173e7b788ef,Wolfs Fitness Zone,Sector C,Lahore,"Near Johnny & Jugnu Plaza.22, Block-CCA Dha Phase 6 CCA, Lahore, 54500, Pakistan",54500,74.44776842,31.46970653,Sports & Fitness,Gyms & Studios,Gym,Open 24 hours,+92 324 8081232,instagram.com,5.0,23.0,28.43,,03-2025
1c5718833d06b3f2e70130faa8b12958,Fitness Concept Gym,Sector C,Lahore,"cca1 167, Sector C DHA Phase 6, Lahore, 54000, Pakistan",54000,74.44704988,31.46929644,Sports & Fitness,Gyms & Studios,Gym,Open,+92 321 4400019,facebook.com,5.0,3.0,34.17,,03-2025
19804c76b7bf64c340fcf1ce60855461,Fitness First Gym,Pakistan,Lahore,"Basement Jalal Center, Moon Market, Kashmir Block Allama Iqbal Town, Lahore, 54570, Pakistan",54570,74.28788321,31.52036598,Sports & Fitness,Gyms & Studios,Fitness center,Open,+92 321 0334440,,4.4,25.0,42.0,People typically spend up to 2 hours here,03-2025
a067a1a09032811048db358c1747bb45,Uk branded fitness club,UC-1 Natha Khan Goth,Shah Faisal Town,"Plot 64 A, Block 1 Shah Faisal Colony 1 Shah Faisal Colony, Shah Faisal Town, 75230, Pakistan",75230,67.14250017,24.88315184,Sports & Fitness,Gyms & Studios,Gym,Open 24 hours,+92 333 8877012,,4.0,12.0,27.29,People typically spend up to 3.5 hours here,03-2025
406d5af912988ae2f4e4842e0972b4ca,Fitbox Gym,UC-6 P.e.c.h.s 1,Karachi,"3rd Floor, Zain Mobile Market, Main Tariq Rd, Block 2 PECHS, Karachi, 74400, Pakistan",74400,67.05459935,24.8671395,Sports & Fitness,Gyms & Studios,Fitness center,Open,+92 341 2279269,facebook.com,4.8,36.0,30.83,,03-2025
c23140f58870074459111262fa2c143f,Gains&Glory,Sector C,Islamabad,"Plaza 3, Central Commercial, Johar Blvd, Sector C DHA Phase 5, Islamabad, 46000, Pakistan",46000.0,73.19396717,33.53084693,Sports & Fitness,Gyms & Studios,Gym,Open,+92 315 5222860,,5.0,30.0,51.5,People typically spend up to 1.5 hours here,03-2025
cc00816ccd181ef69eadd774c42d0944,THE WORK-OUT ZONE JINNAH GARDEN,Islamabad Capital Territory,Islamabad,"Jinnah, House 21 Street 64, Block D Garden, Islamabad, 44000, Pakistan",44000.0,73.1720927,33.57448322,Sports & Fitness,Gyms & Studios,Gym,Open,+92 334 5383070,,5.0,126.0,57.4,People typically spend up to 1.5 hours here,03-2025
5fa2b3e93ac4c138dd6b66dacb9191e8,JZ fitness GYM(𝙍𝙚𝙥𝙖𝙞𝙧𝙞𝙣𝙜 𝙘𝙚𝙣𝙩𝙚𝙧),Kamala Abad,Rawalpindi,"Kamala Abad Kamalabad, Rawalpindi, 46000, Pakistan",46000.0,73.03092125,33.57377342,Sports & Fitness,Gyms & Studios,Gym,Open 24 hours,+92 345 5111348,,4.7,3.0,48.57,People typically spend up to 4 hours here,03-2025
5605c75b19257dcdbee425afd7244e8b,Nutricao,Punjab,Lahore,"liberty chowck, Ashiana shopping mall, Block D1 Gulberg III, Lahore, 54000, Pakistan",54000.0,74.33971194,31.51269012,Sports & Fitness,Gyms & Studios,Fitness center,Open,+92 307 6224813,nutricao.com.co,4.9,70.0,36.57,,03-2025
4f4edcc887415f449ef0ae26d9b784a7,Tai Chi Health Club 太极养生堂,Islamabad Capital Territory,Islamabad,"Oriental Hotel, Upper Ground, Kohistan Rd, F-8 Markaz Islamabad, 44000, Pakistan",44000.0,73.03761913,33.71251095,Sports & Fitness,Saunas & Spas,Spa,Open,+92 51 2744688,,4.7,228.0,43.86,People typically spend up to 4 hours here,03-2025
286899d9ced74a909998ec567b4c4fb8,HSS - Hina Spa and Salon | Spa in Islamabad,Islamabad Capital Territory,Islamabad,"1st Floor, Block 12-D, Jinnah Market Super F/7 Jinnah, Super F 7 Markaz Islamabad, 44000, Pakistan",44000.0,73.05503287,33.72088066,Sports & Fitness,Saunas & Spas,Spa,Open,+92 315 5688585,islamabadspa.com,4.6,50.0,37.43,,03-2025
34f4c8ee03dbd2957037501f3333ccd1,Pure Fitness Gym (Branch 3),UC-8 Jamali Colony,Karachi,"A-43 Own Ctr Rd, near Noman Complex, Block 13D-3 Block 13 D 3 Gulshan-e-Iqbal, Karachi, 75300, Pakistan",75300.0,67.06692891,24.90611519,Sports & Fitness,Gyms & Studios,Fitness center,Open,+92 335 2846360,,4.8,22.0,32.0,People typically spend up to 1.5 hours here,03-2025
16d92e87b3ed9909b438a463686ae934,Fly Fitness,Rahat Commercial Area,Karachi,"Basement, 15-c, Rahat Commercial Lane 2, D.H.A Phase 6 Rahat Commercial Area Phase 6 Defence Housing Authority, Karachi, 75500, Pakistan",75500,67.0674173,24.80921013,Sports & Fitness,Gyms & Studios,Gym,Open,+92 319 2050556,flyfitness.pk,5.0,14.0,37.5,,03-2025
9eec3a57d8524982d777c47efa3ac812,HM Fitness,Pakistan,Lahore,"N-5, Jahanzeb Block Allama Iqbal Town, Lahore, 54000, Pakistan",54000,74.28245175,31.52548768,Sports & Fitness,Gyms & Studios,Gym,Open,+92 311 1999960,,4.5,94.0,43.0,People typically spend up to 1.5 hours here,03-2025
6b6700d4a06634f5303d2faee7755917,Diamond Indoor Sports,Sheikhupura,Sheikhupura,"Opposite Bin Saud Marriage Hall Ghazi Minara, Sheikhupura, 39350, Pakistan",39350.0,73.92683889,31.72350593,Sports & Fitness,Recreation Centers,Indoor playground,Open 24 hours,+92 330 9440011,facebook.com,5.0,1.0,23.43,,03-2025
26cb7b7c2230a4288aaad6301febf743,Pitchers Dream (Best indoor Cricket in Peshawar,sardargarhi,Sardārgarhi,"sardargarhi, Sardārgarhi, 25000, Pakistan",25000.0,71.63493426,34.01754849,Sports & Fitness,Ball Sports,Cricket ground,Open 24 hours,+92 370 5019016,,4.9,19.0,45.29,People typically spend up to 2.5 hours here,03-2025
e3758e149868f5d171c9053166d74653,Fun4Kids Indoor Playground,Sialkot,Daska,"Chhanga Road, near RANA SNOOKER CLUB, Nazeerabad, Daska, 51010, Pakistan",51010.0,74.33417968,32.3237283,Sports & Fitness,Recreation Centers,Indoor playground,Open,+92 320 7988286,youtube.com,3.5,2.0,38.43,,03-2025
0163d7192519e33a3e7033b8ed69a77e,Strikers Cricket Club,Sector F,Islamabad,"Strikers Cricket Club, Opst Giga Mall, adjacent to DES school, Sector F DHA Phase II, Islamabad, 46000, Pakistan",46000.0,73.15806358,33.52175677,Sports & Fitness,Ball Sports,Sports club,Open 24 hours,+92 317 7125667,facebook.com,4.5,60.0,24.14,,03-2025
bf8dda29a8d845f28f5bf04f2e13c4f3,PowerPlay Arena Sargodha,Sargodha,Sargodha,"Main Sargodha - Bhalwal Rd, Commercial Area Qartaba Town, Sargodha, Pakistan",,72.70952544,32.09946981,Sports & Fitness,Ball Sports,Cricket ground,Open 24 hours,+92 304 9997529,whatsapp.com,4.9,22.0,43.14,People typically spend up to 2 hours here,03-2025
2b66b35abe7affa4200a1ae25ae307c2,Fusion Gym,Sialkot Cantonment,Sialkot,"Aziz Bhati Shaheed Road, Sialkot Cantonment, Sialkot, 51310, Pakistan",51310,74.55114879,32.51793096,Sports & Fitness,Gyms & Studios,Gym,Open,+92 316 1661000,fusiongympk.com,4.8,10.0,35.83,,03-2025
91d64447ce78723d29d029704a95f71c,CricHit - The Sixers Zone,Pakistan,Faisalabad,"Lasani Pulli, 593/5 B, Mian Zulfiqar Ali Shahid Road, Sargodha Rd, Faisalabad, 38000, Pakistan",38000,73.08410941,31.47169844,Sports & Fitness,Ball Sports,Cricket ground,Open,+92 312 7696790,,5.0,20.0,43.71,People typically spend up to 2.5 hours here,03-2025
01b39f46d4a4887bce9a2cb36abbea54,Kyokushin Karate Club,Islamabad Capital Territory,Islamabad,"City center, F-8 Markaz F 8 Markaz F-8, Islamabad, 44000, Pakistan",44000,73.03537215,33.71161288,Sports & Fitness,Martial Arts & Dojos,Karate club,Open,+92 326 6888500,facebook.com,5.0,1.0,39.0,,03-2025
4bdb8e7d7100215292979a3e4d30bd25,Shalimar Players Avenue,Shalimar Colony,Multan,"mehmood gym, road street, Shalimar Colony, Multan, 66000, Pakistan",66000,71.48685424,30.23620534,Sports & Fitness,Recreation Centers,Sports complex,Open 24 hours,+92 303 6288989,,4.6,9.0,34.71,People typically spend up to 4 hours here,03-2025
f25737e977c390e7c33b840b77a73e29,German Sports Multan (Raheem Mirza),Taraf Mubarik Doim,Multan,"shop no 16, Ali chock, awan plaza, Afshar abad road, Qila Kuhna Qasim Bagh, Multan, 60750, Pakistan",60750,71.47797339,30.19875325,Sports & Fitness,Recreation Centers,Sports complex,Open 24 hours,,facebook.com,4.5,18.0,34.5,People typically spend up to 1 hour here,03-2025
d57e06f75ceea404eecc0ff336df3a5d,Haji Akhtar Badminton Club Nakodar,Punjab,Dina,"Dina Bypass, Dina, 49400, Pakistan",49400,73.61906317,33.07681788,Sports & Fitness,Team Sports & Fields,Badminton club,Open,+92 314 5511888,facebook.com,5.0,1.0,33.0,,03-2025
f5f9740ab577d67ae48bf1f9fa3cd310,Fitness.Zone,Walton,Lahore,"Phase-1 Nadirabad, Lahore, 54111, Pakistan",54111,74.40435754,31.4931928,Sports & Fitness,Gyms & Studios,Gym,Open 24 hours,+92 322 2228837,,4.8,49.0,22.67,People typically spend up to 2.5 hours here,03-2025
21b0d1499eab9c79c2ec71cda253805a,Jhelum Fitness Club,Punjab,Jhelum,"49600, 4A Civil Lines, Professor Colony Jhelum Gulshan Town, Jhelum, 49600, Pakistan",49600.0,73.74146083,32.94585276,Sports & Fitness,Gyms & Studios,Gym,Open,+92 333 5885607,,4.7,153.0,45.33,People typically spend up to 1 hour here,03-2025
a8566326c9ac1e2b779f82261939bcce,Muhammadi Gym & Fitness Centre ( Ladies & Gents),Township,Lahore,"256, Block 5 - Sector A2 Lahore, 54000, Pakistan",54000.0,74.31833665,31.44856468,Sports & Fitness,Gyms & Studios,Gym,Open,+92 306 4444085,,4.5,84.0,45.5,People typically spend up to 1.5 hours here,03-2025
a4834bd4e9fc3244110be72d984a0257,Rain Tree Spa,Sindh,Karachi,"37 Ittehad Lane 7, Ittehad Commercial Area Phase 6 Defence Housing Authority, Karachi, 75500, Pakistan",75500.0,67.07307692,24.80149171,Sports & Fitness,Saunas & Spas,Spa,Open,+92 330 5161119,,4.5,860.0,64.86,People typically spend up to 2.5 hours here,03-2025
0e6e52126d4c46b21f41dbeeddb050ea,Mughal’s indoor Cricket,Punjab,Pura,"Bassi Mor, Lahore, 54920 Shadi, Pura, 54920, Pakistan",54920,74.4009595,31.60185145,Sports & Fitness,Recreation Centers,Indoor playground,Open 24 hours,+92 313 4666041,facebook.com,4.9,27.0,28.57,,03-2025
be8182ede53df0ba9460499308b1c810,"Ferdows Spa, Salon & Studio",Islamabad Capital Territory,Islamabad,"Plot-7, ALLAH WALI MARKET, The world of paradise, Street 33, F-8/1 Islamabad, 44220, Pakistan",44220,73.03486852,33.70659432,Sports & Fitness,Saunas & Spas,Spa,Open,+92 326 4152222,ferdowsspa.com,4.6,177.0,33.14,,03-2025
d4d83e28f0ec827cdde2936d353a7822,JS indoor ground in Lahore,Pakistan,Lahore,"near DHA phase 5, M block Natha Singh Wala, Lahore, 54910, Pakistan",54910,74.42623284,31.45844255,Sports & Fitness,Recreation Centers,Indoor playground,Open 24 hours,+92 309 4344431,instagram.com,4.9,29.0,33.57,,03-2025
24a343091a51813278c46238706ea52b,Big Bash Boom The Indoor Cricket Arena,Sabzazar Housing Scheme Phase 1 & 2,Lahore,"58-A Multan Rd, near ShahFreed Darbar, Sabzazar Block A Sabzazar Housing Scheme Phase 1 & 2 Lahore, 54500, Pakistan",54500,74.27785797,31.52494243,Sports & Fitness,Recreation Centers,Indoor playground,Open 24 hours,+92 327 0771157,,4.4,43.0,29.43,People typically spend up to 3 hours here,03-2025
bbc9e74a8ac6939afb39fc5897820801,Parasalling Khanpur Dam,Pakistan,Khanpur,"Parasalling khanpur Dam, Parasalling Khanpur Dam, 2, Khanpur, 22650, Pakistan",22650.0,72.93000067,33.81955929,Sports & Fitness,Water & Aquatic Sports,Water sports equipment rental service,Open 24 hours,+92 311 0485022,facebook.com,5.0,6.0,25.14,,03-2025
174ff70fbdfcf3a5173249da68b4df53,Sanio's Spa Original Since 2015,Pakistan,Lahore,"16 A Jail Rd, Main, II Main Gulberg, Lahore, 54000, Pakistan",54000.0,74.34805919,31.53256313,Sports & Fitness,Saunas & Spas,Spa,Open,+92 333 9890941,saniosspa.com,4.6,27.0,30.57,,03-2025
62d7792022a2d4e021b35efc7a3a3d35,New Joyland Swimming Pool - Multan,Punjab,Multan,"Behind setal Mari police station patrolling police buapur Road, Khanewal Road, near Pak Arab Fertilizer Factory, Hassanabad Colony, Multan, 60000, Pakistan",60000.0,71.52833537,30.21992939,Sports & Fitness,Recreation Centers,Public swimming pool,Open 24 hours,+92 300 7357374,joylandpool.com,4.0,11.0,38.14,,03-2025
793f3ba6ee93e7e2d0c591615c610326,Leisure swimming pool,Punjab,Multan,"near honda, Gawala Colony, Multan, 60000, Pakistan",60000.0,71.54120759,30.23991141,Sports & Fitness,Recreation Centers,Public swimming pool,Open 24 hours,+92 320 7759123,,2.9,20.0,37.0,People typically spend up to 3 hours here,03-2025
1a60b4fcabf422815e5c6ba588d6fc5a,Qutab Fitness Club - Gym in Bahria Town lahore,Sector C,Lahore,"C-13, C-14, Hassan Center, 1st Floor, Bahria Town Main Blvd, near Bundu Khan, Bahria Town, Lahore, 53720, Pakistan",53720.0,74.18288713,31.3719504,Sports & Fitness,Gyms & Studios,Gym,Open,+92 322 0423279,qutabfitnessclub.com,4.7,132.0,31.67,,03-2025
419f2a8891a4e59ee7ee4128073fee46,BODYTECH BAHRIA TOWN,Pakistan,Lahore,"1st Floor, Pearl One Tower, Bahria Lavandus Block Town, Lahore, Pakistan",,74.18081212,31.36305348,Sports & Fitness,Gyms & Studios,Gym,Open,+92 333 1114561,bodytechpk.com,4.9,121.0,48.0,People typically spend up to 1.5 hours here,03-2025
eeba7fd7f77ca1a7a5aecd81d5558f00,Pro Gym,Punjab,Lahore,"57-A, Commercial Izmir, Lahore, 53800, Pakistan",53800.0,74.18291129,31.42042977,Sports & Fitness,Gyms & Studios,Fitness center,Open,+92 321 8878861,,4.8,38.0,34.67,People typically spend up to 1 hour here,03-2025
8937357f2fac63285a2a9c5e21d46940,AK GYMS,Pakistan,Lahore,"Khaira Rd, Canal Forts 2, Lahore, 35201, Pakistan",35201.0,74.49515033,31.58313898,Sports & Fitness,Gyms & Studios,Gym,Open,+92 300 8300579,facebook.com,5.0,6.0,30.17,,03-2025
e239da9b6b8de8d41b10262dd5b40178,Shapes Johar Town,Punjab,Lahore,"587 Block Q, Phase 2 Johar Town, Lahore, Pakistan",,74.27216154,31.46142879,Sports & Fitness,Gyms & Studios,Fitness center,Open,+92 42 35300315,shapes.pk,4.3,86.0,46.83,People typically spend up to 1.5 hours here,03-2025
83ce6424e317bfdd74eab559dcc52ba0,Maverick Studio DHA Phase 6 Lahore,Sector J,Lahore,"plaza 240 MB, 6 Street 19, phase DHA, Lahore, 54920, Pakistan",54920,74.44962147,31.47984963,Sports & Fitness,Saunas & Spas,Spa and health club,Open,+92 313 4880929,maverickstudio.pk,4.9,60.0,36.86,,03-2025
55dd28db818c3a17fc8cfc16626e3297,Chishti Gym,UC-4 Reta Plot,Shah Faisal Town,"Plot No.3, Qamar Masjid Rd, Block 3 Shah Faisal Colony 3 Shah Faisal Colony, Shah Faisal Town, 75000, Pakistan",75000.0,67.15156786,24.88018069,Sports & Fitness,Gyms & Studios,Gym,Open,+92 315 2173669,,4.9,1437.0,50.57,People typically spend up to 1.5 hours here,03-2025
1c77d73ba64dff139e451f25f6561d5f,Peshawar Sports Complex,Pakistan,Peshawar,"Peshawar Cantonment, Peshawar, Pakistan",,71.53180646,33.99257713,Sports & Fitness,Recreation Centers,Sports complex,Open,+92 91 9212767,sports.kp.gov.pk,4.5,404.0,46.0,People typically spend up to 3.5 hours here,03-2025
31ee485fa3734eaf97546e7f1f9ce5f2,Khan Sports Arena,Pakistan,Lahore,"Fareed chowk, IBL Housing Scheme, Lahore, 54000, Pakistan",54000.0,74.49042362,31.58294773,Sports & Fitness,Recreation Centers,Indoor playground,Open 24 hours,+92 312 8570962,,4.7,21.0,13.14,People typically spend up to 2.5 hours here,03-2025
c15871ee8ddaeadb41a7137bdf94b368,Futsalrange Valencia,Punjab,Lahore,"Block A Valencia, Lahore, 54000, Pakistan",54000.0,74.25909032,31.40999874,Sports & Fitness,Ball Sports,Sports club,Open 24 hours,+92 331 3333011,futsalrange.com,4.8,20.0,28.14,,03-2025
6f306a9ee9e9f998448b837f4d84ba37,NIKdas enterprises,Sialkot,Sialkot,"Nizamabad, Sialkot, 51310, Pakistan",51310.0,74.56498454,32.48284488,Sports & Fitness,Martial Arts & Dojos,Boxing club,Open 24 hours,+92 321 6431493,nikdasent.com,4.3,3.0,27.71,,03-2025
98befad611c77c5b63a3f5c5d8c77b30,Gorgeous GYM,UC-1 Model Colony,Karachi,"12-74/D, Model Colony, Near: Railway Station, Nishterabad, Karachi, 75100, Pakistan",75100,67.19140438,24.90165836,Sports & Fitness,Gyms & Studios,Gym,Open,+92 307 2898294,facebook.com,3.8,55.0,26.17,,03-2025
c7672705505662ee5d6cbdd9824edd3a,Active Gym I-8,Islamabad Capital Territory,Islamabad,"2nd Floor, Galleria Islamabad, Mir Chakar Khan Rd, I-8 Markaz I 8 Markaz I-8, Islamabad, 44000, Pakistan",44000,73.07404437,33.6686757,Sports & Fitness,Gyms & Studios,Gym,Open 24 hours,+92 313 5124599,,4.2,285.0,35.0,People typically spend up to 2 hours here,03-2025
c43b95ec8b7a7e0974af53731489ecac,"CREATIVE BOXING Manufacturer of Boxing Gloves, Martial Arts Products, Fitness Gloves",Sialkot,Sialkot,"32.491130, 74.497882 Roras Rd, Muzaffarpur, Sialkot, 51310, Pakistan",51310.0,74.49527755,32.49113177,Sports & Fitness,Other Outdoor & Lawn Sports,Padel court,Open 24 hours,+92 334 5567834,creative-boxing.com,4.0,9.0,28.29,,03-2025
8db37f46edac06106f85759fee81d9d1,Dera Arms & Hunting Store,Pakistan,Dera Ismail Khan,"North Circular Road, Dera Ismail Khan, Pakistan",,70.90957116,31.82830872,Sports & Fitness,Fishing & Hunting,Hunting store,Open,+92 311 9254334,facebook.com,4.9,11.0,50.67,People typically spend up to 45 min here,03-2025
7da1610f10c593a85635be2dbe5efd15,Alpha Elite Fitness Gym,Islamabad Capital Territory,Islamabad,"Plot 154, Alpha 2 Plaza, Business Square, Block C Gulberg Greens, Islamabad, 44000, Pakistan",44000.0,73.16664365,33.61624837,Sports & Fitness,Gyms & Studios,Gym,Open 24 hours,+92 327 9944048,,4.3,58.0,38.67,People typically spend up to 3.5 hours here,03-2025
3faa6491cad39d23226e30e1f141f5a4,Scuba Diving sea sub Diver,UC-1 Bhutta Village,Karachi,"shop Number 28, Gold Line Harbor Building Keamari Karachi, East Wharf Port Of Karachi, Karachi, 75260, Pakistan",75260.0,66.97672544,24.82495098,Sports & Fitness,Recreation Centers,Dive club,Open 24 hours,+92 306 2535902,facebook.com,4.0,1.0,25.14,,03-2025
f9acfbf8ff6cae24a46ecdef43343320,Gymshim By Nomanfitness,UC-7 Gazi Brohi,Karachi,"qutbiya masjid meeran mall, Near malir 15 Bakra Peri Rd, Ghazi Dawood Brohi Goth, Karachi, 75050, Pakistan",75050.0,67.18845921,24.87897692,Sports & Fitness,Gyms & Studios,Fitness center,Open,+92 330 6283739,,5.0,5.0,46.71,People typically spend up to 1.5 hours here,03-2025
9955deb13c3d6948a40d89c241e624b1,SportsVilla 360,Shadiwal,Lahore,"Chowk cakes and bakes, SportsVilla 360 Shadiwal road, Main Blvd, near beaconhouse school, near Shadiwal, Shadiwal Johar Town, Lahore, 54770, Pakistan",54770.0,74.27400211,31.44898724,Sports & Fitness,Recreation Centers,Indoor playground,Open,+92 321 4620379,facebook.com,3.2,116.0,34.14,,03-2025
b15459e0411cf873c4744925843c9720,Fitness Haven,Rawalpindi Tehsil,Rawalpindi,"68-F Food Street, Phase 7 Bahria Town, Rawalpindi, 46220, Pakistan",46220.0,73.09574381,33.52803058,Sports & Fitness,Gyms & Studios,Gym,Open,+92 330 6483402,,4.6,23.0,34.0,People typically spend up to 2 hours here,03-2025
ce54bc4af2a070799b59c3376e4feca0,Fitness Hub 24/7,UC-4 Matroville,Karachi,"3 Imran Khan Rd, Metroville Sector 3 Sindh Industrial Trading Estate, Karachi, 75840, Pakistan",75840.0,66.99824038,24.92242214,Sports & Fitness,Gyms & Studios,Gym,Open 24 hours,+92 325 6060570,,4.9,19.0,30.5,People typically spend up to 2 hours here,03-2025
41e7d0a18232a0546a4fa49b9a3f62e5,Nawab Cricket Club Model Town,Pakistan,Lahore,"11 Model Town Circular Rd, Model Town, Lahore, Pakistan",,74.32964722,31.48633819,Sports & Fitness,Ball Sports,Cricket ground,Open,+92 21 111 007 008,m.facebook.com,4.2,552.0,64.4,People typically spend up to 4 hours here,03-2025
c08f9775a5c936d366ee945942948708,Shape Up Fitness Gym Branch # 02,Pakistan,Lahore,"Bank Stop, Main Grand Trunk Rd, Manawan, Lahore, 53400, Pakistan",53400.0,74.47247345,31.59403395,Sports & Fitness,Gyms & Studios,Gym,Open,+92 304 1445600,,4.4,24.0,62.5,People typically spend up to 1.5 hours here,03-2025
18bc39f0d59a92636d90abe21c503003,Mega Bodybuilding Gym,UC-12 Gulzar-e-hiijri,Karachi,"Gulshan-e-Kaneez Fatima Gulshan e Kaneez Fatima Gulzar E Hijri Scheme 33, Karachi, Pakistan",,67.11155136,24.95642349,Sports & Fitness,Gyms & Studios,Gym,Open,+92 333 2205094,bodybuilding.com,4.2,202.0,37.71,People typically spend up to 1 hour here,03-2025
35cc115d34665d4bf99cd378a4aa1fd2,Paradise Point,Punjab,Burewala Punjab Pakistan,"Paradise Point Farmanabad 435 Chak Burewala Punjab Pakistan, Burewala Punjab Pakistan, Pakistan",,72.69463943,30.18145421,Sports & Fitness,Recreation Centers,Public swimming pool,Open,+92 307 6588499,mssaigol.blogspot.com,3.9,69.0,63.71,People typically spend up to 3 hours here,03-2025
fdc896d0584d8182b90957ee9e583db8,BLGND GYM,Pakistan,Lahore,"27 C College Road, Block C PCSIR Staff Colony, Lahore, 54000, Pakistan",54000.0,74.28449229,31.43002726,Sports & Fitness,Gyms & Studios,Fitness center,Open,+92 322 4448187,,5.0,15.0,36.5,People typically spend up to 2 hours here,03-2025
8d627ba17cde5ad63603bfe25b265236,New Young United Football Club Talwandi,Talwandi,Talwandi,"near Tali wala Qabristan, Talwandi, 55020, Pakistan",55020.0,74.14283796,30.90190311,Sports & Fitness,Ball Sports,Sports club,Open 24 hours,+92 302 6764702,facebook.com,5.0,2.0,23.71,,03-2025
1cfec16e581b4088c3f117da719d06eb,Fitness Koncept,Punjab,Lahore,"23-24 Tulip Commercial, Park View, Lahore, Punjab 54000, Lahore, 53700, Pakistan",53700.0,74.19053281,31.45679688,Sports & Fitness,Gyms & Studios,Gym,Open,+92 322 8000020,,4.2,66.0,41.33,People typically spend up to 1.5 hours here,03-2025
7c8406e1c0a88bf56ad90fb92f8d7950,ZEE FITNESS,Pakistan,Faisalabad,"Dhandra Road Airport Chowk, Faisalabad, 38000, Pakistan",38000.0,72.98254098,31.38533872,Sports & Fitness,Gyms & Studios,Gym,Open,+92 321 6455330,,4.7,41.0,36.83,People typically spend up to 1.5 hours here,03-2025
be12d71f5cc41a1134054323e2353087,Eleven Gym Lahore,Pakistan,Lahore,"11 A, Jail Rd, Main Gulberg, Lahore, 54000, Pakistan",54000.0,74.34500927,31.53339641,Sports & Fitness,Gyms & Studios,Gym,Open,+92 42 35776816,elevengymlhr.com,4.8,72.0,32.83,,03-2025
329b6d88ecd14ac6ad1618591151efe2,F.Fitness,Taraf Mubarik Doim,Multan,"F.Fitness, near shalimar metro station, New Sabzazar Colony Sabzazar Colony, Multan, 60000, Pakistan",60000.0,71.47981377,30.24010543,Sports & Fitness,Gyms & Studios,Gym,Open,+92 331 7054695,,4.4,17.0,29.17,People typically spend up to 1.5 hours here,03-2025
b58e7712cc2eb9ced73b59b7377c8324,ABS Wellness Club,Punjab,Lahore,"First floor Carrefour, Stadium, Fortress Stadium Fortress, Saddar Town, Lahore, 54000, Pakistan",54000.0,74.36088233,31.53490367,Sports & Fitness,Gyms & Studios,Gym,Open,+92 309 0955569,abswellnessclub.com,4.6,24.0,30.67,,03-2025
32374ce27b33313cdcd11147046abf3a,Malik Abid Enterprises,Sialkot,Sialkot,"Dar Tannries Ganjianwali khurd Shatab Garah, Agency Road, Fatehgarh, Sialkot, 51310, Pakistan",51310.0,74.4941119,32.47328276,Sports & Fitness,Recreation Centers,Sports complex,Open,+92 301 5671406,6-xpert.com,5.0,1.0,31.33,,03-2025
df2672807082210a38fc784509b9ae89,TWK Football Academy,Pakistan,Lahore,"E 40, Jammu chowk, E Bedian Rd, Lahore, 54000, Pakistan",54000.0,74.4257616,31.47279796,Sports & Fitness,Ball Sports,Soccer club,Open,+92 301 0407777,trainwithkaka.com,4.8,88.0,31.0,,03-2025
b73258026e4d138d93cd0eebaac04d8c,Playon Armour Sports Arena,Pakistan,Lahore,"Aziz Bhatti Town, Lahore, 54850, Pakistan",54850.0,74.41610754,31.55644219,Sports & Fitness,Ball Sports,Sports club,Open 24 hours,+92 322 2333347,facebook.com,4.8,28.0,24.43,,03-2025
51fcbe2ef3df639b3d3c30205d4ead6a,Mirza Fitness Club (MFC),Punjab,Bhalwal,"TMA Road, Chak No 8 N.B Bhalwal, 40410, Pakistan",40410.0,72.90202895,32.26973211,Sports & Fitness,Gyms & Studios,Fitness center,Open,+92 312 0560417,mirzafoodsupplements.pk,5.0,35.0,69.67,,03-2025
d81be8206d2026748b2620722666c4a2,KASRAT (health and fitness club),Pakistan,Lahore,"Block M 1 Lake City, Lahore, Pakistan",,74.24540685,31.35397051,Sports & Fitness,Gyms & Studios,Fitness center,Open,+92 321 1111128,sites.google.com,4.3,95.0,50.83,People typically spend up to 2 hours here,03-2025
f7061d82da1cb204c678b71c7715e525,Metal muscles fitness,UC-1 Kalyan,Karachi,"opposite zia ul uloom masjid, near baradari chowrangi, Sector-9 Sector 9 North Karachi Twp, Karachi, 71500, Pakistan",71500.0,67.05097991,24.97838692,Sports & Fitness,Gyms & Studios,Fitness center,Open,+92 343 2225419,,4.9,7.0,46.67,People typically spend up to 2 hours here,03-2025
d7ebd4515a0f3a1a0c86848f0d55ec6f,Hik fitness,Karachi City,Karachi,"R-1863,Block-14 R, 1863 Dastagir Rd, Federal B Area Naseerabad Block 14 Gulberg Town, Karachi, 75950, Pakistan",75950.0,67.06852675,24.92697388,Sports & Fitness,Gyms & Studios,Gym,Open 24 hours,+92 318 2821202,,5.0,5.0,29.33,People typically spend up to 1.5 hours here,03-2025
801ae80c1dd60e839c954799935db576,Cuts Gym,Safari Block,Lahore,"48 Plaza، Maj. Aziz Bhatti Ave E, near Safari Gate 2, Umer Block Safari Block Sector B Bahria Town, Lahore, Pakistan",,74.19282452,31.38614364,Sports & Fitness,Gyms & Studios,Fitness center,Open,+92 333 6411647,cutsgym.com,4.1,220.0,39.33,People typically spend up to 1.5 hours here,03-2025
1403fe3d7aa974b3d11be0eb3862e9f1,Fitness 1 gym,Pakistan,Bahawalpur,"Farid Gate Rd, Mohajir Colony, Bahawalpur, 63100, Pakistan",63100,71.71907642,29.37961871,Sports & Fitness,Gyms & Studios,Gym,Open,+92 312 6252242,facebook.com,4.3,22.0,47.33,,03-2025
bd5d4b4fce1bf5e2db4857f366312897,Little Tom and jerry (Children Play Land),Pakistan,Lahore,"Javaid centre 11 Kashmir blockmain boulivard, Allama Iqbal Town, Lahore, 54200, Pakistan",54200,74.28790289,31.51999531,Sports & Fitness,Recreation Centers,Indoor playground,Open,+92 42 37800257,,4.4,107.0,41.29,People typically spend up to 1 hour here,03-2025
8d7d6ae55b3c40617e49d12a61e959f9,Al Nafay Hijama Centers Gujrat Branch,Saroki,Gujrat,"Shop Number 91 & 92, Ahmed Center, Near Service More - Pace Shopping Mall & Service Shoes Factory Main GT Road, Servis Industries Gujrat, Gujrat, 50700, Pakistan",50700,74.05090278,32.58707153,Sports & Fitness,Gyms & Studios,Fitness center,Open,+92 315 6557777,,4.9,291.0,45.83,People typically spend up to 30 min here,03-2025
8cb904bb822ff4c388ce35fa45995b57,Shoaib Gym,Pakistan,Lahore,"Block A Khayaban E Ameen, Lahore, Pakistan",,74.25677818,31.3800557,Sports & Fitness,Gyms & Studios,Gym,Open,+92 321 4806990,shoaibgym.com,4.3,36.0,61.17,People typically spend up to 1 hour here,03-2025
a37bf5f3c397cda06bbf40cbc3944daa,Fireball Sports Arena & Cafe,UC-6 Gillani Railway Station,Karachi,"A-410, Block 19 Gulshan-e-Iqbal, Karachi, 73500, Pakistan",73500.0,67.0924418,24.90614989,Sports & Fitness,Ball Sports,Futsal court,Open 24 hours,+92 307 3833225,,4.6,292.0,37.29,People typically spend up to 2 hours here,03-2025
2df8fb0d991517e7beb00c2c34d55ad4,Winter Land - Karachi,Sindh,Karachi,"PAF Museum, Shahra-e-Faisal, Faisal Cantonment, Karachi, Pakistan",,67.09326655,24.86797242,Sports & Fitness,Snow & Winter Sports,Indoor snowcenter,Open,+92 304 1117669,karachi.winterland.pk,4.3,1416.0,40.43,People typically spend up to 2 hours here,03-2025
d9e1b533a612dd5c14395e05496b45d6,Club Padel Lahore,Sector DD,Lahore,"4th Floor at, Gold crest mall sector DD phase 4 Dha lahore, 456DD Phase IV Sector DD DHA Phase 3, Lahore, 54000, Pakistan",54000,74.37939734,31.46683011,Sports & Fitness,Racquet & Club Sports,Padel club,Open,+92 302 5555259,clubpadel.pk,4.4,11.0,29.43,,03-2025
918a2a3e3c6b456d6851a707be2f9897,The Pavilion Sport Club,Sargodha,Sargodha,"Faizan e Madina, Sargodha, 04100, Pakistan",4100.0,72.71444621,32.07940363,Sports & Fitness,Ball Sports,Sports club,Open 24 hours,+92 300 0742007,instagram.com,3.3,6.0,26.43,,03-2025
0b844b20c05c3b47e8234c8aff3cf0ac,White Rose Spa,Civic Center Bahria Town,Islamabad,"Plaza # 34, Phase 4 Civic Center Bahria Town, Islamabad, 44000, Pakistan",44000,73.12012627,33.55041557,Sports & Fitness,Saunas & Spas,Spa and health club,Open,+92 327 5751637,facebook.com,5.0,6.0,30.29,,03-2025
2c68929d0483fe733566b9e34f3170a1,Vision Fitness,Pakistan,Lahore,"10 B1 PIA Main Boulevard, near BIN ZAFAR, Block B1 Block B 1 Pia Housing Scheme, Lahore, 54770, Pakistan",54770.0,74.28371066,31.4519476,Sports & Fitness,Gyms & Studios,Gym,Open,+92 332 5010579,,4.7,132.0,39.83,People typically spend up to 1.5 hours here,03-2025
d0b226a58cd02d507982ba565134b59c,Edge Fitness,Pakistan,Faisalabad,"331, 332 B Satayana Rd, next to mcdonalds, D Ground Block B People's Colony No 1, Faisalabad, 38000, Pakistan",38000.0,73.10249635,31.4032967,Sports & Fitness,Gyms & Studios,Gym,Open,+92 321 7660125,,4.6,77.0,35.57,People typically spend up to 2 hours here,03-2025
ea2a0090bc52e4950c229a283412b3f8,24 Hours Fitness (Gym DHA Lahore),Sector Z,Lahore,"Z Sector Parking Area, Plot 32, Sector Z DHA Phase 3, Lahore, 54000, Pakistan",54000.0,74.37645014,31.47410933,Sports & Fitness,Gyms & Studios,Gym,Open,+92 313 4447415,facebook.com,4.4,10.0,21.86,,03-2025
1cf698648f04a2d30ea5eea3f9210314,OXXFit Gym,Sector B-1,Lahore,"Building 36, 17- B1 College Road, opposite to National Bank of Pakistan (NBP), Township Block A 1 Phase 1 Johar Town, Lahore, 54000, Pakistan",54000.0,74.30161969,31.46230858,Sports & Fitness,Gyms & Studios,Fitness center,Open,+92 307 1152222,,4.6,104.0,31.83,People typically spend up to 1.5 hours here,03-2025
b24317864f05145430f83c6957aefe99,Power House Gym,Islamabad Capital Territory,Islamabad,"Jasmine Plaza, Markaz Rd, G-8 Markaz, G-8, G 8 Markaz G-8, Islamabad, 44000, Pakistan",44000,73.04499779,33.69845315,Sports & Fitness,Gyms & Studios,Gym,Open,+92 331 5038218,,4.1,113.0,36.83,People typically spend up to 2 hours here,03-2025
4abedef9cb79c85889da039266b9e506,Shapes,Rangeel Pur,Multan,"61 Abdali Rd, Bukhari Colony, Multan, Pakistan",,71.4440971,30.19309059,Sports & Fitness,Gyms & Studios,Gymnastics center,Open,+92 61 111 742 737,shapes.pk,4.3,336.0,43.17,People typically spend up to 2 hours here,03-2025
04db49e02890fbc815f4086692721cfb,Refuel Fitness,Sector C,Lahore,"Sector C Commercial Area Sector C Bahria Town, Lahore, 53720, Pakistan",53720,74.18260755,31.37156797,Sports & Fitness,Gyms & Studios,Fitness center,Open,+92 320 9000100,,4.1,146.0,51.5,People typically spend up to 1.5 hours here,03-2025
f79bc58bfe10b450e568f3696686c367,Fitness time Gym,Pakistan,Lahore,"Basement Pakistan center, near Basharat Chowk, Block H Architects Engineers Housing Society, Lahore, Pakistan",,74.25504956,31.44664911,Sports & Fitness,Gyms & Studios,Gym,Open,+92 311 1302899,facebook.com,4.4,61.0,52.33,People typically spend up to 1 hour here,03-2025
693fe8bb4fec73366a7016966571a5d6,Fitness motivation gym,Pakistan,Lahore,"combined factory, Combined factroy Shah Jamal ton, Aashiana Rd, Lahore, 12345, Pakistan",12345.0,74.37316062,31.43043914,Sports & Fitness,Gyms & Studios,Gym,Open,+92 302 4476374,facebook.com,5.0,196.0,34.29,,03-2025
c2c4efb98f32d27fa79ce6f5f93c880c,Gravity Fitness,Seher Commercial Area,Karachi,"4, Sehar, 4th Floor, Plot No, 20-C Lane No. 5, D.H.A. Phase 7 Seher Commercial Area Phase 7 Defence Housing Authority, Karachi, 75500, Pakistan",75500.0,67.06788271,24.81361986,Sports & Fitness,Gyms & Studios,Gym,Open,+92 309 4226644,,4.6,48.0,38.0,People typically spend up to 25 min here,03-2025
87fbae612aa33721959dbade072fa74a,Khanpur Dam Boating adventure club,Pakistan,Khanpur,"Khanpur Dam, Khanpur, 22650, Pakistan",22650,72.9182006,33.8132754,Sports & Fitness,Water & Aquatic Sports,Parasailing ride operator,Open 24 hours,+92 305 5490633,wa.me,4.6,83.0,20.43,,03-2025
41aa023f50d3dddb64d595d11f361a25,Afzal Ground,Sindh,Hyderabad,"Unit 10 Latifabad Unit 10 Latifabad, Hyderabad, 71000, Pakistan",71000,68.34792614,25.35583146,Sports & Fitness,Ball Sports,Cricket ground,Open,+92 333 2727372,,4.3,824.0,42.0,People typically spend up to 2 hours here,03-2025
7d902ac7cfaff5b5fb21555cd6432e3b,Core Energy (Gym & Fitness),Punjab,Raiwind,"1st Floor TCS office Opposite Ashraf Garden Raiwind , Lahore, Raiwind, 55150, Pakistan",55150,74.20744795,31.25171268,Sports & Fitness,Gyms & Studios,Fitness center,Open 24 hours,+92 321 1415166,,4.7,36.0,32.5,People typically spend up to 2 hours here,03-2025
e38d6269a7d5121035bd16fa08b3be85,City Gym and Fitness Club,Waris Khan,Rawalpindi,"Imam Bara Rd, Imambara Mohalla, Rawalpindi, 46000, Pakistan",46000,73.05574357,33.62371791,Sports & Fitness,Gyms & Studios,Gym,Open,+92 316 5391387,,4.4,332.0,48.0,People typically spend up to 1.5 hours here,03-2025
93014bb72bb33a452e2efdce4a82ee6c,Body Muscle Studio,Sindh,Karachi,"7-C 24th Commercial St, Phase 2 Commercial Area Defence Housing Authority, Karachi, 75500, Pakistan",75500.0,67.06422568,24.83017187,Sports & Fitness,Gyms & Studios,Gym,Open,+92 345 2219923,,4.8,33.0,55.83,People typically spend up to 1.5 hours here,03-2025
4092e2e58c1446c1a6cd3ed033b92503,City Gym,Rawalpindi,Gujar Khan,"Gujar Khan - Bewal Rd, Gujar Khan, Pakistan",,73.30513971,33.2551807,Sports & Fitness,Gyms & Studios,Gym,Open,+92 300 5176975,my-home-gym.my.canva.site,4.2,24.0,40.0,People typically spend up to 30 min here,03-2025
85abe280ee7305e96d337f9442da0a59,"Gold""s Gym",Khyber Pakhtunkhwa,Pabbi,"Usman Abad Pabbi, Pakistan",,71.80602852,34.00803364,Sports & Fitness,Gyms & Studios,Gym,Open,+92 316 6377733,goldsgym.com,4.2,69.0,46.71,People typically spend up to 1.5 hours here,03-2025
b3b8528ea5435e6963dd05bfaaa602df,Akhtar abad maidan,Timergara,Khan Abad,"Road, Khan Abad, 18350, Pakistan",18350,71.82523258,34.94394179,Sports & Fitness,Ball Sports,Cricket ground,Open 24 hours,+92 301 5466714,sites.google.com,2.3,3.0,33.43,,03-2025
75618ba993ea49629927dba4120b1f99,Tennis Court,Topi Tehsil,Topi,"Tennis Courts, Topi, 23640, Pakistan",23640.0,72.6401377,34.06820071,Sports & Fitness,Racquet & Club Sports,Tennis court,Open 24 hours,+92 938 271858,giki.edu.pk,4.5,4.0,34.86,,03-2025
ddb6c9554a5f36d86285c5ce7fcadd2e,Gaddafi Stadium,Pakistan,Lahore,"Gaddafi Stadium, Block E 2 Gulberg III, Lahore, 54000, Pakistan",54000.0,74.33074928,31.51367851,Sports & Fitness,Ball Sports,Cricket ground,Open,+92 42 35717231,pcb.com.pk,4.6,22620.0,,People typically spend up to 4 hours here,03-2025
8c08ced0bb46263dc56605402d375bde,Fitness World,Rahim Yar Khan Tehsil,Rahim Yar Khan,"Abbasia Town Main Road, Rahim Yar Khan, 64200, Pakistan",64200.0,70.30147658,28.42984477,Sports & Fitness,Gyms & Studios,Gym,Open,+92 333 4660411,,4.3,224.0,46.17,People typically spend up to 2 hours here,03-2025
37c08abd893a9f12818e66a32c4805e8,Azhar Ali Cricket Academy,Punjab,Lahore,"Block C1 Block C 1 Valencia, Lahore, Pakistan",,74.25484696,31.40346056,Sports & Fitness,Ball Sports,Cricket ground,Open 24 hours,+92 301 4381944,azharalicricket.com,4.3,668.0,34.67,People typically spend up to 2 hours here,03-2025
40574d655592e6f412b6aa0a12d11f50,GYMIT,Sector H,Lahore,"H, 78, Mb, Lahore, Pakistan",,74.44549297,31.47723722,Sports & Fitness,Gyms & Studios,Fitness center,Open,+92 302 4964888,gymitfitness.com,4.8,209.0,56.17,People typically spend up to 1.5 hours here,03-2025
0d42b6cbb9d8610ca2e35aa5023603ca,Yahya Gym,Punjab,Lahore,"Sehar Road, Singhpura, Lahore, 54000, Pakistan",54000.0,74.37731027,31.58035754,Sports & Fitness,Gyms & Studios,Gym,Open,+92 331 4166694,,4.3,149.0,46.0,People typically spend up to 1 hour here,03-2025
979f4ea6ae3c8559a4040c1e85a6e306,Admire Industries Pvt. Ltd. | Quality Safety Products Manufacturer & Exporter,Sialkot Metropolitan Area,Ugoki,"Raipur, Wazirabad Rd, Stop Ugoki, 51310, Pakistan",51310.0,74.43442998,32.47912953,Sports & Fitness,Recreation Centers,Sports complex,Open 24 hours,+92 306 5169657,,4.3,13.0,27.67,People typically spend up to 1.5 hours here,03-2025
f35041f9259edaa44a2d9924f287b382,Malak Bhatti cricket stadium,Sindh,Thikratho,"Pano Aqil - Thikrato Rd, Thikratho, 65120, Pakistan",65120.0,69.2333578,27.6733172,Sports & Fitness,Ball Sports,Cricket ground,Open,+92 306 3138219,ariftv.com,3.3,4.0,35.14,,03-2025
3aefb80948d2bc74e8f09624df1f85e5,Al-Fatah Sports Complex,Pakistan,Faisalabad,"Block B People's Colony No 1, Faisalabad, 38000, Pakistan",38000.0,73.09900152,31.40824565,Sports & Fitness,Recreation Centers,Sports complex,Open,+92 41 9220343,,4.2,419.0,64.71,People typically spend up to 3 hours here,03-2025
84ecafdd5153ee90cd87d1147e500fb3,Al Saleem Fitness Gym,Quetta,Quetta,"3rd floor Haleem Plaza, Prince Rd, Quetta, 87300, Pakistan",87300,67.01043285,30.19021351,Sports & Fitness,Gyms & Studios,Gym,Open,+971 56 978 5154,,3.7,51.0,33.5,People typically spend up to 2.5 hours here,03-2025
a38c4d90faad442b54532c6e794d7a04,Power Mania Gym for ladies and gents,Rawalpindi Tehsil,Rawalpindi,"Main Peshawar Rd, Rawalpindi, 46000, Pakistan",46000,73.02579579,33.60275334,Sports & Fitness,Gyms & Studios,Gymnastics center,Open,+92 301 5442210,,4.5,32.0,40.17,People typically spend up to 1.5 hours here,03-2025
1b776c68f4d2c397289f2d5823fc3c8d,LevelUp Gym,Shamsabad,Rawalpindi,"Shop no. 68, Ground floor, Arries Tower, Shamsabad, Rawalpindi, 46000, Pakistan",46000.0,73.07891682,33.65202551,Sports & Fitness,Gyms & Studios,Gym,Open,+92 316 5416112,facebook.com,4.0,6.0,26.33,,03-2025
067b4c6f41fba87b94b9f6d1f75de1e7,Play Zone Zafarwal,Punjab,Zafarwal,"Main Darmaan Rd, near Aspire College, Zafarwal, 51670, Pakistan",51670.0,74.91980115,32.34600318,Sports & Fitness,Recreation Centers,Indoor playground,Open 24 hours,+92 333 8750575,,4.5,23.0,27.86,People typically spend up to 1.5 hours here,03-2025
86c8fa8f7464437afa866be162a6635b,Big Muscle Fitness Center & Gym,Taraf Mubarik Doim,Multan,"Hafiz Jamal Rd, Inner City, Multan, Pakistan",,71.48006242,30.19602764,Sports & Fitness,Gyms & Studios,Gym,Open,+92 333 6199595,facebook.com,4.5,46.0,42.67,People typically spend up to 1 hour here,03-2025
2fcc202549e0783310d9f95b18ff890a,Fitness Zone Gym,Islamabad Capital Territory,Islamabad,"2nd floor Doctor Plaza, near PSO Pump,, Karachi Company, G 9 Markaz G-9, Islamabad, 44000, Pakistan",44000.0,73.03029358,33.68933969,Sports & Fitness,Gyms & Studios,Gym,Open 24 hours,+92 321 5180301,,4.6,403.0,30.83,People typically spend up to 1.5 hours here,03-2025
04d7d622efe98068b550c349a4f42352,Shah Jee Body Building & Fitness Gym,UC-10 Burmee Colony,Karachi,"Sector 36 C Landhi Town, Karachi, 75116, Pakistan",75116.0,67.16967747,24.83673342,Sports & Fitness,Gyms & Studios,Gym,Open,+92 333 3291201,facebook.com,4.5,136.0,,People typically spend up to 1.5 hours here,03-2025
83551ecfcd6149bc2e9b6f85f0a66a8e,Health is Wealth Gym Qasimabad Phase 1,Sindh,Hyderabad,"Ali Palace, Block - I Phase 1 Qasimabad, Hyderabad, 71000, Pakistan",71000.0,68.32922661,25.39393541,Sports & Fitness,Gyms & Studios,Gym,Open,+92 313 3322817,,4.5,91.0,45.0,People typically spend up to 1.5 hours here,03-2025
3a0b2dcbe1bc82ebf5e4fb8dd91a2cc8,Arena 10,Punjab,Multan,"backside bzu, Bahauddin Zakariya University, Multan, Pakistan",,71.49156225,30.26397618,Sports & Fitness,Recreation Centers,Sports complex,Open 24 hours,+92 313 6265500,facebook.com,3.8,109.0,34.57,People typically spend up to 4 hours here,03-2025
048820e1fe38c64fe90343854d66a181,OxyGym '' Performance Lab'',Toba Tek Singh,Toba Tek Singh,"Eid Gah road, muhla Eidgah, near hafiz tika shop, Toba Tek Singh, 36050, Pakistan",36050.0,72.47341765,30.97146795,Sports & Fitness,Gyms & Studios,Gym,Open,+92 345 2989515,,4.9,84.0,40.5,People typically spend up to 1 hour here,03-2025
3d24d8cf512b1ccf505fba20c6a96dce,Fitness World فِٹنس وَرلڈ,UC-10 Pehalwan Goth,Karachi,"St 18, Block 15 Gulistan-e-Johar, Karachi, 74600, Pakistan",74600,67.12411944,24.91414611,Sports & Fitness,Gyms & Studios,Gym,Open,+92 335 0210612,,4.3,39.0,37.67,People typically spend up to 3 hours here,03-2025
7aee1769cc4992ee8c0ac8d1f5ac4417,Ahmed Gym,Punjab,Lahore,"AQ Khan Hospital, H19,20 Nabi Park Ahmed Ali Road, Ravi Rd, Near Qila Lachman Singh, Lahore, 54000, Pakistan",54000,74.30695734,31.59737645,Sports & Fitness,Gyms & Studios,Gym,Open,+92 315 4690022,,4.4,85.0,37.5,People typically spend up to 1.5 hours here,03-2025
737f18abc1c0c600d988acccf3aa2f63,SM GYM (Korangi No. 3),UC-5 100 Qurts,Karachi,"ST 19/17, Owais Qarni Town Sector 50 A Korangi, Karachi, Pakistan",,67.14948519,24.81847711,Sports & Fitness,Gyms & Studios,Gym,Open,+92 313 8142908,smgym.pk,4.5,73.0,31.0,People typically spend up to 2 hours here,03-2025
ad10deffe0d6b75f8d5c12b8deabc354,City swim club,Pakistan,Lahore,"10 Mohni Rd, Data Gunj Buksh Town, Lahore, 54000, Pakistan",54000,74.3011404,31.5847358,Sports & Fitness,Ball Sports,Sports club,Open,+92 300 8865664,facebook.com,4.4,57.0,33.5,,03-2025
c4e947a59dd636a4645801fa0110fc50,Jan & Son's Arms Ammunition Dealer,Federally Administered Tribal Area,Darra Adam Khel,"F.R Darra Adam Khel, 26100, Pakistan",26100.0,71.51803956,33.68333864,Sports & Fitness,Shooting & Gun Ranges,Gun shop,Open,+92 335 5540656,facebook.com,4.9,15.0,20.4,,03-2025
50f1792b615992f261a998825382366c,Fitnest Health Club,Punjab,Lahore,"49 L Johar, Block L Town, Lahore, Pakistan",,74.26963467,31.46941946,Sports & Fitness,Gyms & Studios,Fitness center,Open,+92 321 4204883,fitnest.com.pk,4.6,245.0,50.33,People typically spend up to 1.5 hours here,03-2025
3bcc16c818198e3de725ded97ece59e0,Executive Club,Islamabad Capital Territory,Islamabad,"Street 40, F-10/4 F 10/4 F-10, Islamabad, Pakistan",,73.00857512,33.69118718,Sports & Fitness,Gyms & Studios,Gym,Open,+92 51 8434033,facebook.com,4.5,285.0,39.17,People typically spend up to 2 hours here,03-2025
0a606177edd1f0c52b0c2ec11e032c2f,Southend Club,Sindh,Karachi,"D.H.A Phase 6 Phase 6 Defence Housing Authority, Karachi, 75500, Pakistan",75500.0,67.05277592,24.79601374,Sports & Fitness,Ball Sports,Cricket club,Open,+92 21 35856991,southendclub.com.pk,3.8,1656.0,59.86,,03-2025
a026149a96aac67f80a1a84e24c2ef84,New Islamabad massage Center,Islamabad Capital Territory,Islamabad,"Shop 22, F-11 Markaz F 11 Markaz F-11, Islamabad, 43701, Pakistan",43701.0,72.98424248,33.6837103,Sports & Fitness,Saunas & Spas,Spa,Open 24 hours,+92 305 2939995,newisalamabadmassagecenter.com,4.8,706.0,32.14,,03-2025
b07f82606585b7dfb049f4ff2106be32,The GYM Fitness Hub,UC-4 Silver Town,Karachi,"2nd Floor, Building # T-583, opposite Meezan Bank, 2-1/2 Korangi, Karachi, 74900, Pakistan",74900.0,67.13889483,24.82351858,Sports & Fitness,Gyms & Studios,Gym,Open,+92 310 0200077,,4.3,64.0,45.83,People typically spend up to 1 hour here,03-2025
3b8564403bb1ffca05fc9220fad9da11,Griffin Badminton Club,Pakistan,Lahore,"Park Road, Mughalpura, Lahore, 54840, Pakistan",54840.0,74.37101041,31.56157647,Sports & Fitness,Recreation Centers,Sports complex,Open 24 hours,+92 348 5678786,,4.3,209.0,41.29,People typically spend up to 1.5 hours here,03-2025
a00cb771af93bb598c69025c67cb0c27,Samanabad Sports Complex.,Samanabad,Lahore,"86 Ghazali Rd, Samanabad Town, Lahore, 54500, Pakistan",54500.0,74.30004228,31.53215213,Sports & Fitness,Recreation Centers,Sports complex,Open,+92 42 37550000,,4.2,510.0,58.0,People typically spend up to 2.5 hours here,03-2025
658d920078c051f15d728409ebacf80e,Body Talk Gym,Khyber Pakhtunkhwa,Harīpur,"Circular Rd, near Dr Plaza, Sheranwalagate, Harīpur, 22620, Pakistan",22620.0,72.93326017,34.00063735,Sports & Fitness,Gyms & Studios,Gym,Open,+92 314 5013348,,4.2,59.0,47.71,People typically spend up to 45 min here,03-2025
7ef63a98a7adf145539c08d54d5d9316,Bodyshape Gym,UC-9 Gulshan-e-iqbal 2,Karachi,"B-170, Block 6 Gulshan-e-Iqbal, Karachi, 75300, Pakistan",75300.0,67.09343532,24.92400177,Sports & Fitness,Gyms & Studios,Gym,Open,+92 300 2203424,,4.0,210.0,52.0,People typically spend up to 1 hour here,03-2025
e5bff9b7b76d43b136f39d9737b79cd9,Body Arts Fitness Gym,Sindh,Tando Jam,"Al Madina Residential Society, Al Madina Society Colony, Tando Jam, 70060, Pakistan",70060.0,68.53317527,25.42989495,Sports & Fitness,Gyms & Studios,Gym,Open,+92 300 3004926,,3.7,7.0,56.83,People typically spend up to 2 hours here,03-2025
cc6c58da090bd660454fd344793908ca,LeanFit,Pakistan,Lahore,"Ghalib, Market, Block B1 Ghalib Market Gulberg III, Lahore, 47000, Pakistan",47000.0,74.35135773,31.51294281,Sports & Fitness,Gyms & Studios,Gym,Open,+92 301 8442150,,4.4,36.0,33.43,People typically spend up to 1.5 hours here,03-2025
6d7960eebee5695dc725bfba6f10d1c2,Champions Arena,Punjab,Lahore,"Jhelum Rd, WAPDA Town Block H 1 Sattoo Katla, Lahore, 54600, Pakistan",54600,74.26868672,31.43023182,Sports & Fitness,Recreation Centers,Indoor playground,Open 24 hours,+92 321 4918189,,4.0,436.0,36.14,People typically spend up to 2 hours here,03-2025
7ede8d5104ca70c0ffb3df17d08ea595,North Nazimabad Gymkhana,UC-4 Hyderi,Karachi,"Sports Complex, Block G North Nazimabad Town, Karachi, 74700, Pakistan",74700,67.04604144,24.93144861,Sports & Fitness,Ball Sports,Sports club,Open,+92 343 7622045,facebook.com,4.2,1268.0,35.43,,03-2025
0200c4929b714645b57ca99679428bb1,Slimmers club,UC-5 Gulshan-e-iqbal 1,Karachi,"B-27 Sardar Ali Sabri Rd, Block 5 Gulshan-e-Iqbal, Karachi, 75300, Pakistan",75300.0,67.08856123,24.91896233,Sports & Fitness,Gyms & Studios,Gym,Open,+92 333 2223981,,3.9,70.0,43.83,People typically spend up to 1.5 hours here,03-2025
68957e409276a8f727bc4f55477baeaa,Game On - Sports Complex,Punjab,Lahore,"Plot 769, Sector E DHA Phase 6, Lahore, 54000, Pakistan",54000.0,74.4507945,31.45153539,Sports & Fitness,Recreation Centers,Sports complex,Open 24 hours,+92 304 7052091,,4.2,189.0,45.0,People typically spend up to 3 hours here,03-2025
e1f9a25908b122cde1bb6bab80b44639,Sindh Sports Board Complex,UC-9 Mujahid Colony,Karachi,"Govt. College for Men Next, Nawab Siddique Ali Khan Rd, Block 2 Nazimabad, Karachi, 74600, Pakistan",74600.0,67.02930455,24.90880183,Sports & Fitness,Recreation Centers,Sports complex,Open 24 hours,+92 21 99230989,,4.3,487.0,29.29,People typically spend up to 3 hours here,03-2025
a4e3d470ba879040d72cd3c4b209a01d,SLIM FIT FITNESS CENTER,Pakistan,Lahore,"Block E Khayaban E Ameen, Lahore, 54000, Pakistan",54000.0,74.26194767,31.38070223,Sports & Fitness,Gyms & Studios,Gym,Open,+92 314 3564567,facebook.com,4.2,78.0,45.33,,03-2025
3703ddde824b82a217f8362f43de4347,A A fitness Center,Karachi City,Karachi,"3rd floor, Nazimabad 03, near pizza point faysal Bank building Roof, Karachi, 74600, Pakistan",74600.0,67.0282399,24.91458193,Sports & Fitness,Gyms & Studios,Fitness center,Open,+92 311 0908599,,4.6,52.0,31.17,People typically spend up to 1 hour here,03-2025
685d013236da36a14ac642a631e45b78,FitThenics Club,Pakistan,Abbottabad,"2nd floor, Khan Khel Plaza, Mansehra Rd, near Radio Station, Mir Alam Town Amir Alam Awan Town, Abbottabad, 22010, Pakistan",22010,73.22733775,34.18016452,Sports & Fitness,Gyms & Studios,Gym,Open,+92 331 9084895,,4.7,307.0,45.67,People typically spend up to 1 hour here,03-2025
53e121d08d16e173f4360a7a4dac4ed1,The Spartan Gym Apc,Wazirabad,Alipur Chatha,"1st Floor, Khushhali Bank, opposite Gogi Hotal, Mohalla Haiderabad, Alipur Chatha, 52080, Pakistan",52080,73.80731084,32.26520434,Sports & Fitness,Gyms & Studios,Gym,Open 24 hours,+92 303 2020514,facebook.com,4.9,9.0,31.8,,03-2025
940998e83a00add25585a62d87267fc2,Wolfpack Fitness,Services Society,Islamabad,"Lower Ground Floor Shah Tower Markaz Road, Islamabad, Pakistan",,72.97170852,33.69957044,Sports & Fitness,Gyms & Studios,Gym,Open,+92 51 2605000,instagram.com,4.6,44.0,36.5,People typically spend up to 1.5 hours here,03-2025
a9e4793531ee46f2b8f2f129db9b3aa6,Arammish Spa DHA,Sector C,Lahore,"St 5, Sector C Phase 5 D.H.A, Lahore, Pakistan",,74.41115598,31.46107323,Sports & Fitness,Saunas & Spas,Spa,Open,+92 311 3522222,instagram.com,3.9,216.0,51.29,People typically spend up to 3 hours here,03-2025
4785e13f6c3d438302bb602c964e2cc5,Quaid-e-Azam International Cycling Velodrome,Pakistan,Lahore,"Block E 2 Gulberg III, Lahore, 54000, Pakistan",54000.0,74.32756991,31.51200782,Sports & Fitness,Stadiums & Arenas,Velodrome,Open,+1 917-582-7710,pakistancycling.org,4.2,24.0,22.71,,03-2025
436b01388e719457622e700854a596b7,Scopes & Barrels,UC-8 Saddar,Karachi,"Main Abdullah Haroon Rd, Saddar Karachi, 74400, Pakistan",74400.0,67.02488641,24.8580334,Sports & Fitness,Shooting & Gun Ranges,Gun shop,Open,+92 21 35640158,scopesandbarrels.pk,4.7,86.0,51.83,,03-2025
f607d1273d4e13eaf5b20471ea47dbab,Reflex Fitness Center (MushAttack) ریفلیکس فٹنس سینٹر,Stadium Commercial Area,Karachi,"Phase V, 19 Stadium Lane 3, DHA Phase 5 Stadium Commercial Area Defence V Defence Housing Authority, Karachi, 75500, Pakistan",75500.0,67.04654553,24.81329447,Sports & Fitness,Gyms & Studios,Gym,Open,+92 312 2356909,facebook.com,4.1,10.0,46.83,,03-2025
8d7a4dfed9c6fc6d5d4ba739555a9d9d,Shooters' Den,Pakistan,Hyderabad,"Shop No 346 Opposite JS Bank Saddar Bohri, Bazar, Hyderabad, 71000, Pakistan",71000.0,68.36220016,25.3918397,Sports & Fitness,Fishing & Hunting,Hunting store,Open,+92 304 1159110,shootersdenstore.com,4.6,105.0,61.33,,03-2025
3f7a16bfcb8981de9a0582a4ff416610,AB Fitness,Rawalpindi,Gujar Khan,"New Barki, Gujar Khan, Pakistan",,73.29665218,33.26197979,Sports & Fitness,Gyms & Studios,Gym,Open,+92 332 2288555,facebook.com,4.4,66.0,48.67,People typically spend up to 1.5 hours here,03-2025
05af0b9511b6db9b82e98c890a7d2cc6,Advance Fitness By Bilal Brothers,Sindh,Karachi,"Second Floor Plot 92-C, 11th Commercial St, Phase 2, Khayaban E Ittehad DHA DHA Karachi Sindh 75500، Above Dominos Pizza, Karachi, 75600, Pakistan",75600,67.07103193,24.83267389,Sports & Fitness,Gyms & Studios,Exercise equipment store,Open,+92 300 0258222,advancefitness.pk,3.9,222.0,46.0,,03-2025
57da07d6ec01e2aeec250e420878ed2a,Hafiz gym & fitness center,Pakistan,Hafizabad,"Gujranwala Rd, near Rattu Rice Mill, Hafizabad, Pakistan",,73.70632978,32.07283558,Sports & Fitness,Gyms & Studios,Gym,Open,+92 333 0461447,facebook.com,4.7,113.0,39.43,People typically spend up to 1.5 hours here,03-2025
ff0d636133e8b31073d570621f70b9bb,New Fitness first Gym,UC-1 Akhtar Colony,Karachi,"Street No. 5, Kashmir Colony Sector B Kashmir Colony, Karachi, 75500, Pakistan",75500.0,67.07351115,24.83353126,Sports & Fitness,Gyms & Studios,Gym,Open,+92 340 2066219,,4.8,65.0,44.17,People typically spend up to 1.5 hours here,03-2025
98ae1be1d4d8e9a3a67c45875fd530ce,Sports Hub and Cafè,Dera Ghazi Khan,Dera Ghazi Khan,"Manka Canal near Pull Datt, Dera Ghazi Khan, 32200, Pakistan",32200.0,70.63655642,30.02907694,Sports & Fitness,Ball Sports,Sports club,Open 24 hours,+92 315 3143333,facebook.com,4.2,40.0,34.43,,03-2025
7bb845ca9b09aa7d68ce3a610938f57e,Time to Fitness,Satellite Town,Bahawalpur,"building no 54/c,Al medinah market near arfatysheri, commercail Area, Satellite Town, Bahawalpur, 63100, Pakistan",63100.0,71.7110045,29.38889192,Sports & Fitness,Gyms & Studios,Gym,Open,+92 301 4816049,timetofitness.com,4.3,49.0,49.17,,03-2025
de2c2293ece084d6622013d958597ac0,Snooker Addiction,Pakistan,Lahore,"Service Rd, Mateen Avenue Lahore, 54600, Pakistan",54600.0,74.28917292,31.44192034,Sports & Fitness,Ball Sports,Sports club,Open,+92 320 0405955,facebook.com,4.8,4.0,31.43,,03-2025
5a51035b94e388d0982e93c1a7b932e3,Khanpur Dam watersports,Pakistan,Khanpur,"New, Khanpur, 22650, Pakistan",22650.0,72.93132434,33.81486491,Sports & Fitness,Water & Aquatic Sports,Parasailing ride operator,Open,+92 346 5890857,facebook.com,4.6,122.0,23.43,,03-2025
63fb11eca9704359de13956158dabf8e,Khan pur dam parasailing island water sport and family resort,Pakistan,Khanpur,"Khanpur Haripur, 1, Khanpur, 22650, Pakistan",22650.0,72.92973522,33.81868092,Sports & Fitness,Water & Aquatic Sports,Parasailing ride operator,Open 24 hours,+92 370 5702960,facebook.com,5.0,25.0,23.43,,03-2025
dcae390eb515f9513a8c5dcbe42a8564,Cricage,Pakistan,Faisalabad,"Chak 208 Rd, Faisalabad, 38000, Pakistan",38000.0,73.15283878,31.42505756,Sports & Fitness,Ball Sports,Sports club,Open 24 hours,+92 334 1111541,cricage.pk,3.8,32.0,12.0,,03-2025
30b78c4fabefbed342057a3b066bc186,Build - U Fitness Centre,Pakistan,Lahore,"99, 100-A, Block B MM Alam Rd, Block B1 Block B 1 Gulberg III, Lahore, 54000, Pakistan",54000,74.34997555,31.51693423,Sports & Fitness,Gyms & Studios,Gym,Open 24 hours,+92 326 1122226,,5.0,18.0,31.0,People typically spend up to 1.5 hours here,03-2025
aecd7a455cb0540a61bae59650482d1e,Snooker Engine,Waris Khan,Rawalpindi,"Murree Rd, Amirpura Mohalla, Rawalpindi, 46300, Pakistan",46300.0,73.06660517,33.62563715,Sports & Fitness,Ball Sports,Sports club,Open,+92 333 0147147,snookerengine.blogspot.com,4.7,6.0,22.57,,03-2025
a27c24c678e8203ef15dae767df707f8,RA FITNESS,Sindh,Dādu,"Dadu - Moro Rd, Badarabad, Dādu, 76200, Pakistan",76200.0,67.78191149,26.7389339,Sports & Fitness,Gyms & Studios,Gym,Open 24 hours,+92 333 3368431,facebook.com,4.5,2.0,26.5,,03-2025
5fb5d22ae03db7385916d316fa9e970b,Iron palace gym,Siddique Colony,Gujranwala,"Eminabad Road, Gujranwala, 52250, Pakistan",52250.0,74.19683876,32.13706388,Sports & Fitness,Gyms & Studios,Gym,Open,+92 333 8615899,,4.9,34.0,49.17,People typically spend up to 1.5 hours here,03-2025
34bdd9bac32074e966b8aeec1b6c9b79,WT Fitness Center,Punjab,Gujranwala,"Kashmir Rd, opp. KT Model Higher Secondary School, New Muslim Colony, Gujranwala, 52250, Pakistan",52250.0,74.20859277,32.1582226,Sports & Fitness,Gyms & Studios,Gym,Open,+92 55 4242171,,4.5,79.0,54.67,People typically spend up to 1 hour here,03-2025
721bffcd066a7466381f98d1cd80007b,Cricket Club,Pakistan,Lahore,"‏Main Blvd Gulshan-e-Ravi, near kfc, Muqaddas Park Block B Gulshan-e-Ravi, Lahore, 54000, Pakistan",54000.0,74.28423349,31.54977965,Sports & Fitness,Ball Sports,Cricket club,Open 24 hours,+92 321 4539100,instagram.com,5.0,7.0,31.29,,03-2025
6bef17b95896493afc3fed4170cc599d,Banigalla Gym,Islamabad Capital Territory,Islamabad,"Gala's Gym & Fitness Center, Khattak Plaza, Main Road, Bani Gala, Islamabad, 45500, Pakistan",45500.0,73.15121451,33.7084187,Sports & Fitness,Gyms & Studios,Gym,Open,+92 321 5014716,,4.3,114.0,49.33,People typically spend up to 1 hour here,03-2025
fdebac1e66771d7e44410c3dddca636d,Triple Z Fitness & gym,UC-5 Sakhi Hassan,Karachi,"A 269, Block N North Nazimabad Town, Karachi, Pakistan",,67.06009834,24.94984181,Sports & Fitness,Gyms & Studios,Gym,Open,+92 347 2560131,instagram.com,4.4,27.0,41.86,People typically spend up to 1.5 hours here,03-2025
91be18e81458703821bf493660366489,Smart Gym,Pakistan,Lahore,"142, Abbas Block Mustafa Town, Lahore, 54000, Pakistan",54000,74.26886832,31.49218379,Sports & Fitness,Gyms & Studios,Gym,Open,+92 331 4277344,,4.7,91.0,43.43,People typically spend up to 1 hour here,03-2025
827c244630e18b3160c098386e63907d,ITU Sports Office,Pakistan,Lahore,"Barki Rd, Lahore, 54600, Pakistan",54600,74.45813574,31.51580658,Sports & Fitness,Ball Sports,Sports club,Open,+92 42 99046064,itu.edu.pk,4.3,18.0,52.33,,03-2025
7f542042a7c913e6e6559607283971bd,Red and Black Snooker Club,Punjab,Lahore,"646, near UCP, Iqbal Avenue Cooperative Housing Society - Phase I Airline Society, Lahore, 54000, Pakistan",54000.0,74.2648818,31.4406908,Sports & Fitness,Ball Sports,Sports club,Open 24 hours,+92 334 6322020,facebook.com,4.4,10.0,28.0,,03-2025
ddb48effde1cc63e3455378a820426d3,Amethyst Spa,UC-11 Kehkeshan,Karachi,"D, 67, Block 4 Clifton, Karachi, 75500, Pakistan",75500.0,67.02975214,24.80642248,Sports & Fitness,Saunas & Spas,Spa,Open,+92 21 35820289,,4.3,244.0,49.0,People typically spend up to 2 hours here,03-2025
b106eae8a9b4ba5d4a0c2371731ec211,Cyber Xtreme Gaming Gulshan Branch,UC-6 Gillani Railway Station,Karachi,"Plot 46-A, Near Tuesday Bazar Block 13-B Block 13 B Gulshan-e-Iqbal, Karachi Gulshan, 13 B, Karachi, 75300, Pakistan",75300.0,67.07769891,24.90870818,Sports & Fitness,Ball Sports,Sports club,Open 24 hours,+92 300 2645950,facebook.com,4.4,21.0,29.57,,03-2025
ccb56c2725436b8152b89e7aaf31b859,Play Zone – Best Indoor Cricket & Football Arena in Johar Town,Punjab,Lahore,"257 L Block Rd, Block L Johar Town, Lahore, 45600, Pakistan",45600.0,74.26541192,31.46605098,Sports & Fitness,Ball Sports,Cricket ground,Open 24 hours,+92 331 7776024,dm.wa.link,4.6,23.0,31.71,,03-2025
ea787b8ef33d13c21b0b9f51191410a0,Gochh Cricket Groundگوچھ کرکٹ اینڈ فٹبال گراؤنڈ,Pakistan,Kotla Arab Ali Khan,"Village Gochh, Kotla Arab Ali Khan, 50700, Pakistan",50700,74.13652876,32.87153652,Sports & Fitness,Ball Sports,Cricket ground,Open,+92 345 6927899,facebook.com,3.4,11.0,32.14,,03-2025
667986074d8cf32599f4b9c9eabbf531,Aashiana cricket ground,Pakistan,Lahore,"Aashiana-e-Quaid Housing Scheme, Lahore, Pakistan",,74.38075177,31.42856642,Sports & Fitness,Ball Sports,Cricket ground,Open,+92 327 5111123,youtube.com,4.3,328.0,28.14,People typically spend up to 4 hours here,03-2025
8eadd68fba28704e50d669cd8e0e7305,Fitness Techies - Treadmill Repair Company,UC-6 P.e.c.h.s 1,Karachi,"Building 12 J, Food Street, Block-6 Block 6 PECHS, Karachi, 75210, Pakistan",75210,67.06219945,24.8584428,Sports & Fitness,Gyms & Studios,Fitness center,Open 24 hours,+92 317 5498066,treadmillrepairing.com,4.7,89.0,23.86,,03-2025
163baa03e082943bd020d4560ab89773,Paradise swimming pool,Sialkot,Sialkot,"rangpura rari fizan e Madina masjid rakhany, sahref, Sialkot, 51040, Pakistan",51040.0,74.57755164,32.48661032,Sports & Fitness,Recreation Centers,Public swimming pool,Open 24 hours,+92 323 1612584,,4.1,23.0,43.14,People typically spend up to 1 hour here,03-2025
bed2ae9afd0b136b012a86858496c6cd,Fitness Planet al raheem garden phase 5,Punjab,Lahore,"Plaza no 1, Al Raheem Garden, Grand Trunk Rd, phase 5 Dera Gujran, Lahore, 54000, Pakistan",54000.0,74.43561592,31.59101936,Sports & Fitness,Gyms & Studios,Gym,Open,+92 332 4105597,instagram.com,5.0,1.0,34.83,,03-2025
b723deb7042c09a14930db956f2183c4,GA Traders Arms & Amunition Dealer,UC-8 Saddar,Karachi,"Shop#01, Ground Floor, Mustafa Jan Manzil, Mansfield St, Saddar Karachi, Pakistan",,67.0300793,24.85968268,Sports & Fitness,Shooting & Gun Ranges,Gun shop,Open,+92 331 2602370,gatraders.com,4.8,11.0,45.5,People typically spend up to 3 hours here,03-2025
bd67ffcbfb1681e3d15bb4d9673ec5e2,City Cricket Club,Shalimar Colony,Multan,"Hassan St، B, Model Town, Multan, 60000, Pakistan",60000,71.49792177,30.24045495,Sports & Fitness,Ball Sports,Cricket ground,Open 24 hours,+92 321 9631166,,4.9,37.0,22.0,People typically spend up to 2.5 hours here,03-2025
66e5f37bff28d55347402bb3f32ab96d,Gymnacity,University Town,Peshawar,"16 Old Jamrud Road, University Town, Peshawar, 25000, Pakistan",25000,71.49709928,33.99706751,Sports & Fitness,Gyms & Studios,Gym,Open,+92 332 1999197,facebook.com,4.6,57.0,23.14,,03-2025
b9e36fe7867653f3dd8eb45d40dd704f,Shadow Fitness - Gulshan Branch,UC-9 Gulshan-e-iqbal 2,Karachi,"FL-3 Allama Shabbir Ahmed Usmani Rd, Block 4 Gulshan-e-Iqbal, Karachi, 75300, Pakistan",75300,67.09649759,24.93059422,Sports & Fitness,Gyms & Studios,Gym,Open,+92 336 4769509,,4.2,17.0,32.5,People typically spend up to 3 hours here,03-2025
940f72bf8fb5a04d2eeb5977229dd5d6,Balance Gym,Sindh,Karachi,"21 Badar Commercial Street 10, Badar Commercial Area Defence V Defence Housing Authority, Karachi, 75500, Pakistan",75500,67.04330811,24.79894937,Sports & Fitness,Gyms & Studios,Fitness center,Open,+92 331 2650781,,4.3,14.0,41.0,People typically spend up to 1 hour here,03-2025
4d5b71ad3072c37fb1b9afe2f09b247f,The Fitness Culture,Khyber Pakhtunkhwa,Peshawar,"Arbab Plaza, Near Shell Filling Station, Jamrud, Road, Peshawar, 25000, Pakistan",25000.0,71.46422372,33.99814156,Sports & Fitness,Gyms & Studios,Fitness center,Open,+92 309 0364977,bodyfuel.pk,4.8,50.0,50.5,,03-2025
371463efe1c4db1869e22b2f5b5554f0,"Medfit Gym, Best Gym in Lahore Pakistan",Punjab,Lahore,"7 Shahrah Aiwan-e-Sanat-o-Tijarat, Jinnah Town, Lahore, 54000, Pakistan",54000.0,74.32664843,31.54453185,Sports & Fitness,Gyms & Studios,Gym,Open,+92 321 1673824,,4.8,79.0,56.33,People typically spend up to 2 hours here,03-2025
57829a80830786ddcc20102cc8ed5b4e,3H,Pakistan,Lahore,"3 H, Gulberg Rd, Block H Gulberg 2, Lahore, 54660, Pakistan",54660.0,74.35265387,31.5308497,Sports & Fitness,Ball Sports,Cricket ground,Open,+92 339 4028092,instagram.com,4.5,13.0,38.71,,03-2025
043798544ae7b05df4ab39e3b76bb669,Gymadium,Pakistan,Lahore,"14 G, Johar Town, Lahore, 54782, Pakistan",54782.0,74.27718835,31.47380679,Sports & Fitness,Gyms & Studios,Gym,Open,+92 331 3311114,,3.9,99.0,53.67,People typically spend up to 1.5 hours here,03-2025
a229734dfc78782b1eb238bed7a4b6e9,Bedian Spins Cricket Ground,Pakistan,Lahore,"Rorha Boghan Village, near Bedian Suay Asil Road, Lahore, Bedian Rd, Lahore, 54600, Pakistan",54600.0,74.45620733,31.37647016,Sports & Fitness,Ball Sports,Cricket ground,Open,+92 321 9406600,facebook.com,4.8,75.0,,People typically spend up to 4 hours here,03-2025
4e5b674d82ba08a6997f18155eb02db6,Muscle Hub Gym,Punjab,Lahore,"Service Rd, Block H-3 Block H 3 Phase 2 Johar Town, Lahore, 54782, Pakistan",54782.0,74.25768063,31.47120262,Sports & Fitness,Gyms & Studios,Gym,Open,+92 321 4828591,,4.5,8.0,61.5,People typically spend up to 1.5 hours here,03-2025
e9738ef9dac673551c69a5aba62dca66,The Muscles Studio,UC-3 Azam Basti,Karachi,"Mehmoodabad # 2, Main road, near Baig Sons Super store, Karachi, Pakistan",,67.0699657,24.85331692,Sports & Fitness,Gyms & Studios,Gym,Open,+92 309 0945325,facebook.com,4.7,29.0,38.83,People typically spend up to 1.5 hours here,03-2025
2507ae799322bdcc593aa3f29d71ed27,Ultimate Muscle Gym,UC-5 Mehmoodabad,Karachi,"House No C, 113 Baloch Colony Rd, Karachi Administration Employees Housing Society Block 4 KAECHS, Karachi, 75460, Pakistan",75460.0,67.07643562,24.86082993,Sports & Fitness,Gyms & Studios,Gym,Open,+92 313 8201907,,4.6,20.0,26.17,People typically spend up to 1 hour here,03-2025
c12c95fe7188077faf2d1d1b9e606a65,Anaya Massage and Spa,UC-10 Pehalwan Goth,Karachi,"Gulistan, e Johar, Block 12 Block 2 Gulistan-e-Johar, Karachi, 75260, Pakistan",75260.0,67.12809194,24.93021018,Sports & Fitness,Saunas & Spas,Spa,Open 24 hours,+92 300 7852498,wa.me,4.0,8.0,39.0,,03-2025
9a7d19e0e75613e15d2182879b00dc5e,Azadar rizvi farm house,Tando Allah Yar,Peer kathi,"25°26'31.0""N 68°38'45.3""E Pak Sanghar, 70010, Peer kathi, 70010, Pakistan",70010.0,68.7009939,25.41488112,Sports & Fitness,Recreation Centers,Swim club,Open 24 hours,+92 310 3748972,facebook.com,5.0,1.0,21.14,,03-2025
d338cc9f668514e4a85dc5807ade1202,SOHAIL ABBAS PAK ARMY BHALWAL PAKISTAN,Sargodha,Bhalwal,"Zahoor Hayat Colony, Bhalwal, 40410, Pakistan",40410.0,72.88693647,32.26464439,Sports & Fitness,Personal Training,Personal trainer,Open,+92 302 6372362,facebook.com,5.0,7.0,33.67,,03-2025
c1c3122344d99b3e07b16dc6212fab3b,Fitness Infinity,Zulfiqar & Al Murtaza Commercial Area,Karachi,"Third Floor, Plot 64-5-1 Al Murtaza Lane No. 4, D.H.A. Phase 8 Zulfiqar & Al Murtaza Commercial Area Karachi, 75500, Pakistan",75500.0,67.07208184,24.78967541,Sports & Fitness,Gyms & Studios,Gym,Open,+92 301 8233275,instagram.com,5.0,3.0,34.0,,03-2025
b750a4b41ce4e256ab0df24ae6f35130,Muscles Monster,UC-4 Ancholi,Karachi,"1 floor meezan bank B-1 Block 18,،, Samnabad St, Block 18 Gulberg Town, Karachi, 75950, Pakistan",75950,67.06879734,24.94257643,Sports & Fitness,Gyms & Studios,Gym,Open,+92 323 8239368,,4.9,18.0,35.57,People typically spend up to 45 min here,03-2025
9147ff06ef495db38c335ca3a099ecec,"IronHouse Gym & Fitness Club - Model Town B, Bahawalpur",Punjab,Bahawalpur,"Ghalla Mandi، Street # 6 East، Road, Model Town B, Bahawalpur, 63100, Pakistan",63100,71.66288858,29.39719194,Sports & Fitness,Gyms & Studios,Gym,Open,+92 311 0222111,,4.0,48.0,37.0,People typically spend up to 1.5 hours here,03-2025
0c5b7a126579c9f2d3cd5c8ebb9fc011,Oxygen Fitness Club GYM,Sher Ali Town,Peshawar,"mustafa tower, Warsak Rd, Sher Ali Town Peshawar, 25000, Pakistan",25000,71.53500481,34.02282946,Sports & Fitness,Gyms & Studios,Gym,Open,+92 345 9170309,facebook.com,4.6,43.0,40.67,,03-2025
03f9e843d2e856930a45ea902b2a4244,Cover Drive,Karachi City,Karachi,"Plot No VC, ST-4 Nazimabad No. 5, near Matric Board Office, Block 5-C Block 5 C Block 5 Nazimabad, Karachi, 74600, Pakistan",74600.0,67.02609015,24.92325585,Sports & Fitness,Recreation Centers,Indoor playground,Open 24 hours,+92 333 3666798,,4.7,32.0,16.43,People typically spend up to 3 hours here,03-2025
50245781c881e27211a0f5d45b171ef8,Pakistan Snooker Lounge (PSL) 2.0 Saddar,Saddar,Rawalpindi,"1st Floor, The Mall، 9-A Road, Saddar, Rawalpindi, 46000, Pakistan",46000,73.04717242,33.59526423,Sports & Fitness,Ball Sports,Sports club,Open 24 hours,+92 334 8147147,facebook.com,4.8,4.0,26.14,,03-2025
d8c25e334daf6e8f679b18d85ea812e9,Transformation GYM,Pakistan,Lahore,"BOR Society, Lahore, 54782, Pakistan",54782,74.29648262,31.47381741,Sports & Fitness,Gyms & Studios,Gym,Open 24 hours,+92 300 4891371,,4.0,22.0,43.5,People typically spend up to 3.5 hours here,03-2025
ec5b77026900e8125b3b9a440a6f3d94,MatrixFit,Sindh,Karachi,"139 McNeil Rd, Karachi Cantonment Cantt, Karachi, Pakistan",,67.0385786,24.84192558,Sports & Fitness,Gyms & Studios,Gym,Open,+92 316 0858965,matrixfit.co,4.6,31.0,27.0,People typically spend up to 2 hours here,03-2025
cd99e538dc102f108203742058306980,PUNJAB POOL & SPA,Township,Lahore,"Township Block 2 Twp Sector C 1 Lahore, 54770, Pakistan",54770.0,74.29744248,31.44750891,Sports & Fitness,Saunas & Spas,Sauna store,Open 24 hours,+92 311 4816832,punjabpools.com,5.0,3.0,28.14,,03-2025
1f7af148a6aafe16f31c02865fa0e599,BREAKER' SNOOKER AUDITORIUM & Academy,Township,Lahore,"Lajnah Chowk،, College Road, Block 2 Twp Sector C 1 Lahore, 54000, Pakistan",54000.0,74.2940741,31.44709783,Sports & Fitness,Recreation Centers,Sports complex,Open 24 hours,+92 322 2744448,,4.5,98.0,22.43,People typically spend up to 3 hours here,03-2025
2b9e34673e4aa2c34352760a97370f1c,POWER HOUSE X OY FITNESS,Sector A,Islamabad,"3rd Floor Amazon Mall, Main, 2 GT Rd, near DHA Gate, Islamabad, 44000, Pakistan",44000.0,73.12536132,33.5352525,Sports & Fitness,Gyms & Studios,Gym,Open 24 hours,+92 336 5380251,,4.5,64.0,41.5,People typically spend up to 1.5 hours here,03-2025
b6719cd458020e95b1d5a4479c91c4d3,Mir Anwar Jan cricket Club Tasp Panjgur,Pakistan,Panjgur,"Tasp, Panjgur, 93000, Pakistan",93000.0,64.04338228,27.01119353,Sports & Fitness,Ball Sports,Sports club,Open 24 hours,+92 312 2205128,facebook.com,5.0,1.0,28.14,,03-2025
c6511e8d1c14dd82a8f40f59ecdb5945,Downtown Tables & Cafe,Satellite Town,Rawalpindi,"D-347 basement, 6th road, D Block, Satellite Town, Rawalpindi, 46000, Pakistan",46000.0,73.06976458,33.64219133,Sports & Fitness,Ball Sports,Sports club,Open 24 hours,+92 315 0880316,instagram.com,5.0,3.0,32.43,,03-2025
873f5fd3977b66a8b4d5b6849cd23510,HR fitness,UC-12 Soldier Bazar,Karachi,"2, beside Pak Night Clinic, near Nishter Park, Soldier Bazaar Parsi Colony Saddar, Karachi, 74400, Pakistan",74400,67.02931435,24.87426284,Sports & Fitness,Gyms & Studios,Physical fitness program,Open,+92 336 2226626,facebook.com,3.0,2.0,28.17,,03-2025
4eaf18ec0ec1390a39df71284979c317,Fusion X Gym,UC-4 City Railway Colony,Karachi,"I.I Chundrigar Rd, near Techno City, Seari Quarters, Karachi, Pakistan",,67.00434534,24.85106742,Sports & Fitness,Gyms & Studios,Gym,Open,+92 345 2455678,fb.com,4.6,52.0,30.5,People typically spend up to 1.5 hours here,03-2025
b9226a3017a4f874a806637c9f0b3f23,Bulk Gym,UC-3 Drigh Colony,Shah Faisal Town,"2, Shah Faisal Road, Block 2 Shah Faisal Colony 2 Shah Faisal Colony, Shah Faisal Town, 75230, Pakistan",75230,67.14314692,24.88176047,Sports & Fitness,Gyms & Studios,Gym,Open 24 hours,+92 334 0174444,,4.1,334.0,37.0,People typically spend up to 1.5 hours here,03-2025
c9d2ec0f8d47dcb9f51254fbed3f3244,Maidaan,Pakistan,Lahore,"A3, 10, Block A3 Block A 3 Engineers Town, Lahore, 54000, Pakistan",54000,74.28753721,31.39374766,Sports & Fitness,Recreation Centers,Sports complex,Open 24 hours,+92 320 4446500,,4.6,69.0,24.0,People typically spend up to 1 hour here,03-2025
0bc904968bc58a882de223a44d80b90e,GLOBAL GAMING ZONE,UC-3 Drigh Colony,Shah Faisal Town,"Block 1 Shah Faisal Colony 1 Shah Faisal Colony, Shah Faisal Town, 74200, Pakistan",74200,67.14298289,24.88394217,Sports & Fitness,Stadiums & Arenas,Arena,Open,+92 343 2877958,facebook.com,4.6,12.0,32.29,,03-2025
6a24e223d397c0877d5dd69269b4c476,Get Fit Gym,Punjab,Lahore,"Manzoor Park, Lahore, 54000, Pakistan",54000.0,74.28054742,31.54361934,Sports & Fitness,Gyms & Studios,Gym,Open,+92 324 4527674,,5.0,2.0,25.5,People typically spend up to 1 hour here,03-2025
bde2470670e7571d155195a298e5c216,Maaz Khan Academy Martial Arts & Boxing,Bhutta Village,Karachi,"opposite kpt boys and girls secondary school, Port Trust Lines keamari, Karachi, 75620, Pakistan",75620.0,66.98344821,24.82229493,Sports & Fitness,Martial Arts & Dojos,Martial arts school,Open,+92 343 2242280,facebook.com,3.7,3.0,32.67,,03-2025
4a657e8d85b82a5c58f5ca2bcf0f2996,The Pavilion,Saeed Colony,Faisalabad,"180, Faisalabad, 38000, Pakistan",38000,73.12605772,31.43479433,Sports & Fitness,Ball Sports,Cricket ground,Open 24 hours,+92 304 1472626,,4.6,5.0,24.14,People typically spend up to 3 hours here,03-2025
6a01c135f74acaabb5f4da41f4e51083,Khan,Waziristan,Tappi,"Pairskhel, Tappi, 22222, Pakistan",22222,70.15707238,32.95019963,Sports & Fitness,Recreation Centers,Mahjong house,Open 24 hours,+92 310 9028942,facebook.com,5.0,1.0,29.0,,03-2025
