poi_id,name,region,locality,address,postcode,longitude,latitude,category_level1,category_level2,category_level3,business_status,phone,website_domain,rating,rating_count,traffic_score,time_spent,update_month
246d4203f7b6b8ff265bf4fc9a6a34e0,Miniso Dolmen MALL (Clifton),Sindh,Karachi,"The Harbour Front, Dolmen City, Marine Drive, Block 4 Clifton, Karachi, 74600, Pakistan",74600.0,67.02660555,24.80230516,Retail & Shopping,Shopping Centers,Outlet mall,Open,+92 21 35297854,miniso.pk,4.4,64.0,43.29,People typically spend up to 45 min here,03-2025
285b71060afda68ec21722b72e507178,Andaaz boutique,Pakistan,Jhelum,"Sarafa Bazar, Jhelum, 49600, Pakistan",49600.0,73.7304881,32.92804461,Retail & Shopping,Fashion & Accessories,Clothing store,Open,+92 322 7978748,andaazboutique.store,3.7,42.0,57.17,People typically spend up to 45 min here,03-2025
574c66ee58de393f6861f7efd6fcfe0b,Dolmen Mall Tariq Road,UC-7 P.e.c.h.s 2,Karachi,"Tariq Rd, Delhi Society Delhi CHS Karachi, 75400, Pakistan",75400.0,67.0600541,24.87664077,Retail & Shopping,Shopping Centers,Shopping mall,Open,+92 21 111 362 111,tariqroad.dolmenmalls.com,4.4,14320.0,53.14,People typically spend up to 2 hours here,03-2025
8a8ef26b2cd5c1541defe2601f720b9c,The North Walk - Retail Experience Redefined,UC-4 Hyderi,Karachi,"D-2, near Green Line Bus Service Station Hyderi, Block C North Nazimabad Town, Karachi, 74600, Pakistan",74600.0,67.03590957,24.93334036,Retail & Shopping,Shopping Centers,Shopping mall,Open,+92 21 36609255,thenorthwalk.com,4.3,1959.0,43.71,People typically spend up to 1.5 hours here,03-2025
9af42e983482ca47624ccd1a271b6354,Allah Walay Hardware Store - Toolstation,Pakistan,Jhelum,"Raam seen bazar, 49600, Pakistan",49600.0,73.72965411,32.92670251,Retail & Shopping,Construction & Hardware,Hardware store,Open,+92 544 620534,toolstation.com.pk,4.1,153.0,52.0,People typically spend up to 30 min here,03-2025
6d3333198f6aa1932fec3a1c9154f1f8,Ameer Alam Super Store,Pakistan,Lahore,"Shop # 2 junaid road, College Road, Lahore, 54770, Pakistan",54770.0,74.28354961,31.43090074,Retail & Shopping,Market & Grocers,Grocery store,Open,+92 336 4170861,libpak.pk,4.2,198.0,63.86,People typically spend up to 2.5 hours here,03-2025
7538b018de0cafcbb42b55f586e423fc,Sufi Auto Corporation,Pakistan,Faisalabad,"Street 1, Gurunanakpura, Faisalabad, 38000, Pakistan",38000.0,73.0625263,31.41435543,Retail & Shopping,Auto & Vehicle Retail,Honda dealer,Open,+92 311 1786000,facebook.com,4.3,705.0,60.33,People typically spend up to 1 hour here,03-2025
3d6117795d4c948bb3f1df22473313d1,Hafeez Center,Pakistan,Lahore,"Ground Floor، Hafeez Center, Block E1 Block E 1 Gulberg III, Lahore, 54000, Pakistan",54000.0,74.34080598,31.51609759,Retail & Shopping,Computers & Electronics,Cell phone store,Open,+92 333 8370637,facebook.com,4.3,11842.0,58.33,People typically spend up to 1.5 hours here,03-2025
6885c265c9b6322410670aac72350fb2,Moon Shopping Mall,Wah Cantt,Wah Cantt,"Main GT Rd, near New City Phase 1, New City Wah Cantt, Wah Cantt, 47040, Pakistan",47040.0,72.75540421,33.75367658,Retail & Shopping,Shopping Centers,Shopping mall,Open,+92 311 3105667,facebook.com,4.1,972.0,21.86,People typically spend up to 30 min here,03-2025
c80527755131c61bbfc597ad5dd11469,Clinix,Punjab,Lahore,"Abul Hassan Isfahani Rd, Block D Faisal Town, Lahore, 54770, Pakistan",54770.0,74.30496311,31.46813877,Retail & Shopping,Drug & Pharma,Pharmacy,Open,+92 42 35173535,clinix.com.pk,4.2,88.0,41.43,People typically spend up to 10 min here,03-2025
7fab6cd6a757e583d1f70fe42348d466,Clinix Pharmacy,Zeenat Block,Lahore,"153-E Multan Rd, Zeenat Block Allama Iqbal Town, Lahore, 54000, Pakistan",54000.0,74.2786875,31.52140239,Retail & Shopping,Drug & Pharma,Pharmacy,Open,+92 42 37809519,clinix.com.pk,4.2,239.0,63.57,People typically spend up to 30 min here,03-2025
14198a18183eabc4065ee1f5f4d19e70,Pakistan Electronics,Punjab,Gujranwala,"Crescent Market Near Railway Station G T Road, Station Rd، opp. Sangam Cinema, Civil Lines, Gujranwala, 52250, Pakistan",52250.0,74.18331258,32.17558442,Retail & Shopping,Computers & Electronics,Electronics store,Open,+92 55 3856969,pakistanelectronics.com,4.3,110.0,52.5,People typically spend up to 1 hour here,03-2025
303302cf5868ca2eb2febc66e81f80e5,Al-Ain Eye Hospital (Al-Ain Institute of Eye Diseases),UC-6 P.e.c.h.s 1,Karachi,"241/3/A Shahra-e-Quaideen, P.E.C.H.S Block 2 Block 2 P.E.C.H.S., Karachi, 75400, Pakistan",75400.0,67.05581162,24.86135595,Retail & Shopping,Eyewear & Optics,Eye care center,Open,+92 21 34385562,alaineyehospital.com,4.2,64.0,43.33,People typically spend up to 2 hours here,03-2025
e088e99d05eedc7eda30a7bf9ff2733c,Changan Auto Bilal,Punjab,Lahore,"805 C, Akbar Chowk، Maulana Shaukat Ali Rd، Block C Faisal Town, Main Akber Chowk, Signal, Lahore, 54700, Pakistan",54700.0,74.30412864,31.4680678,Retail & Shopping,Auto & Vehicle Retail,Car dealer,Open,+92 321 3322220,changanbilal.com,4.1,578.0,51.5,People typically spend up to 1.5 hours here,03-2025
035bfb1e609585a7ab068c670394d7b3,TSM & Co.,Zamzama Commercial Area,Karachi,"Building 1/C, Shop 4 2nd Commercial Lane, Zamzama Blvd, Zamzama Commercial Area Defence V Karachi, 75600, Pakistan",75600.0,67.0401449,24.81736848,Retail & Shopping,Fashion & Accessories,Shoe store,Open,+92 21 35875593,tsmco.com.pk,4.3,260.0,62.17,People typically spend up to 1.5 hours here,03-2025
ed741e507a202ee016c8465275473d8e,Darussalam DHA Branch,Sector Y,Lahore,"Sector Y DHA Phase 3, Sector Y DHA Phase 3, Lahore, 54000, Pakistan",54000.0,74.37498457,31.47396839,Retail & Shopping,Books & Comics,Book store,Open,+92 42 35692610,darussalam.pk,4.4,169.0,54.29,People typically spend up to 1.5 hours here,03-2025
a2302dd45235a40a4b883d5b5c47f78c,Madina City Cash & Carry,Pakistan,Faisalabad,"Raza Garden, Faisalabad, 38000, Pakistan",38000.0,73.15884353,31.45462734,Retail & Shopping,Shopping Centers,Supermarket,Open,+92 309 2900083,facebook.com,4.1,50.0,64.43,People typically spend up to 25 min here,03-2025
654f8ca5aca725e449e0b7fff3fa9b03,Deepak Perwani Zamzama,Zamzama Commercial Area,Karachi,"16-C 4th Zamzama Ln, commercial Zamzama Commercial Area Defence V Karachi, 75600, Pakistan",75600.0,67.0391454,24.81680393,Retail & Shopping,Fashion & Accessories,Men's clothing store,Open,+92 21 35877371,deepakperwani.com,3.9,81.0,75.17,People typically spend up to 1.5 hours here,03-2025
21d0a4743c28eed0485d76c9ca526f7b,Honda Breeze,Rangeel Pur,Multan,"63 Abdali Rd, Adali Colony, Multan, 60000, Pakistan",60000.0,71.44271815,30.19157786,Retail & Shopping,Auto & Vehicle Retail,Honda dealer,Open,+92 61 4588871,hondabreeze.com.pk,4.2,1113.0,64.33,People typically spend up to 1 hour here,03-2025
fe667e584ece04b37c236fe6357e409f,Royal Graphics Printing,UC-4 City Railway Colony,Karachi,"Ameen Mansion More Street, Pakistan Chowk, New Chali, Karachi, 74200, Pakistan",74200.0,67.00889676,24.85332785,Retail & Shopping,Printing & Copy,Print shop,Open,+92 334 3635293,royalgraphics.pk,4.8,157.0,49.17,People typically spend up to 1 hour here,03-2025
c8b7c8b0aa6d22026581f474b75593df,Anees Super Store,Pakistan,Hasilpur,"Anarkali Bazar, Agriculture Colony Hasilpur, 63000, Pakistan",63000.0,72.54838338,29.69458538,Retail & Shopping,Shopping Centers,Shopping mall,Open,+92 318 8861118,facebook.com,3.9,278.0,53.14,People typically spend up to 3 hours here,03-2025
1fd8177babdd3572e6734cf073e6656f,MALL OF HARIPUR,Pakistan,Harīpur,"JAHAZ CHOWK, MAIN Grand Trunk Rd, Derwesh, Harīpur, 22620, Pakistan",22620.0,72.90573623,33.98817391,Retail & Shopping,Shopping Centers,Shopping mall,Open,+92 995 321020,instagram.com,4.0,222.0,72.29,People typically spend up to 30 min here,03-2025
05e2e722c41af5f18881f470d8e3cc84,Hush Puppies,Sialkot Cantonment,Sialkot,"Shop # 10, 15 Division, Head Quarter, Shopping Complex، Sialkot Cantt, Sialkot, 51300, Pakistan",51300.0,74.57256315,32.51493248,Retail & Shopping,Fashion & Accessories,Shoe store,Open,+92 52 4296966,hushpuppies.com.pk,3.8,119.0,33.86,People typically spend up to 1.5 hours here,03-2025
9e0fdfa3c3b2d19d88d13188529d15a3,Musk Al Mahal,UC-8 Saddar,Karachi,"MBL Panorama, Saddar Karachi Cantonment, Karachi, 74400, Pakistan",74400.0,67.02739416,24.85530567,Retail & Shopping,Perfume & Cosmetics,Perfume store,Open,+92 21 35644514,muskalmahal.com,3.8,196.0,37.86,People typically spend up to 4 hours here,03-2025
cf1415c4ab16d625164378a706bc72e2,DVAGO Pharmacy & Wellness Experts,UC-10 Pehalwan Goth,Karachi,"Block no, Hunaid City، Ground Floor، 17 Perfume Chowk, Block 17 Gulistan-e-Johar, Karachi, 75290, Pakistan",75290.0,67.11839652,24.9094496,Retail & Shopping,Drug & Pharma,Pharmacy,Open,+92 21 111 138 246,dvago.pk,4.1,38.0,45.43,People typically spend up to 25 min here,03-2025
bd0144161c4d839ec18e83de70c1d694,Breakout,Shadman,Lahore,"118 Shadman Rd, Shadman 1 Shadman, Lahore, 54000, Pakistan",54000.0,74.32607587,31.53990787,Retail & Shopping,Fashion & Accessories,Clothing store,Open,+92 321 7040999,breakout.com.pk,4.2,169.0,62.14,People typically spend up to 1 hour here,03-2025
994fec384bce897ff0a8b0dd93edb886,Stationary World,Zamzama Commercial Area,Karachi,"Zamzama Commercial Area Defence V Karachi, 75600, Pakistan",75600.0,67.03985462,24.81693623,Retail & Shopping,Office & Stationery,Stationery store,Open,+92 318 2897230,facebook.com,4.5,52.0,47.83,People typically spend up to 4 hours here,03-2025
efb5f750d034808e6429817300a940fa,Glamour One Plaza Township Lahore,Township,Lahore,"Glamour One Plaza, Maulana Shaukat Ali Rd, Sector B-1 Block 1 Lahore, 54770, Pakistan",54770.0,74.30944934,31.46518124,Retail & Shopping,Computers & Electronics,Electronics store,Open,+92 313 4455991,quranurdu.pk,4.0,2250.0,60.67,People typically spend up to 2.5 hours here,03-2025
da3a327a5459700f726e26d692d9c087,Punjab cash and carry,Wah Cantt,Taxila,"GT Rd, Jamilabad, Taxila, 47080, Pakistan",47080.0,72.78122865,33.74251496,Retail & Shopping,Market & Grocers,Grocery store,Open,+92 337 8905201,punjabcashandcarry.com.pk,4.3,605.0,57.14,People typically spend up to 45 min here,03-2025
a4c889521b6ddf04769bdcb5f2c5dac5,Suzuki Burj Motors,Pakistan,Faisalabad,"Iqbal Stadium, New Civil Lines، opp. Sindbad, Faisalabad, 38000, Pakistan",38000.0,73.08557652,31.43423655,Retail & Shopping,Auto & Vehicle Retail,Motor vehicle dealer,Open,+92 321 7831385,suzukiburj.com,3.9,982.0,65.33,People typically spend up to 45 min here,03-2025
22bea60b8643eec6e3167161f2e29cc8,Kashee's Bridal Boutique,UC-6 P.e.c.h.s 1,Karachi,"172/x Tariq Rd, Block 2 P.E.C.H.S., Karachi, 75400, Pakistan",75400.0,67.05605854,24.86956265,Retail & Shopping,Fashion & Accessories,Boutique,Open,+92 309 6668170,kasheesstore.com,3.7,497.0,62.43,People typically spend up to 2 hours here,03-2025
13e7f8b177a1231c27271b35a0092efb,Hyundai Lahore,Punjab,Lahore,"26-B, Main Jail Rd, Jinnah Town, Lahore, 54000, Pakistan",54000.0,74.31712442,31.54545461,Retail & Shopping,Auto & Vehicle Retail,Hyundai dealer,Open,+92 321 4745730,hyundai-nishat.com,4.1,370.0,58.5,People typically spend up to 1.5 hours here,03-2025
0149d9f7acd7affd99e5bfeae50bea76,Shakir Traders,Islamabad Capital Territory,Islamabad,"Plot 14-D, Feroz Plaza, AKM Fazl-ul-Haq Rd, Block D G 6/2 Blue Area, Islamabad, 44000, Pakistan",44000.0,73.0754805,33.72042796,Retail & Shopping,Computers & Electronics,Electronics store,Open,+92 321 5106199,shakirtraders.pk,4.8,641.0,42.17,People typically spend up to 2.5 hours here,03-2025
75aca88b7b58c8d3046a0e02b386c76e,Tasty Nimco And Frozen Items Since 1970,UC-4 Hyderi,Karachi,"Yasin Malik Rd, Block E North Nazimabad Town, Karachi, 74700, Pakistan",74700.0,67.03838945,24.93679044,Retail & Shopping,Market & Grocers,Frozen food store,Open,+92 312 1754859,tastynimco.com,4.3,293.0,45.29,People typically spend up to 25 min here,03-2025
190c7ed596fe18307049fae6b7d72ee7,Shahid Gift Corner & Baby Toys,UC-4 Reta Plot,Shah Faisal Town,"Shop #1, House #3/761, Shah Faisal Colony, Shah Faisal Town, 75230, Pakistan",75230.0,67.15000754,24.88108763,Retail & Shopping,Souvenirs & Gifts,Gift shop,Open,+92 322 2193213,shahidgift.com,4.3,216.0,59.57,People typically spend up to 45 min here,03-2025
e3ea4cf1d20fd654a6e0867d7ede9829,1st Step Liaquatabad,UC-8 Commercial Area,Karachi,"Block 3 Liaquatabad Town, Karachi, 74000, Pakistan",74000.0,67.04467871,24.90539674,Retail & Shopping,Fashion & Accessories,Shoe store,Open,+92 21 34898010,1ststep.pk,4.0,221.0,38.86,People typically spend up to 30 min here,03-2025
8af56f661d113d6b04e89f3cfc9e0c7c,CSD SHOPPING COMPLEX ABBOTTABAD,Pakistan,Abbottabad,"Chowk, near Tank, Abbottabad, 22010, Pakistan",22010.0,73.22077135,34.16629238,Retail & Shopping,Shopping Centers,Shopping mall,Open,+92 992 416142,csd.gov.pk,4.0,502.0,54.29,People typically spend up to 45 min here,03-2025
6cf77b2e95433be269db31a286912c1c,Master molty foam,Punjab,Gujranwala,"Sialkot Rd, Jagna, Gujranwala, 52250, Pakistan",52250.0,74.20874875,32.1916678,Retail & Shopping,Home & Furniture,Mattress store,Open,+92 311 7729170,moltyfoam.com.pk,4.6,18.0,35.0,People typically spend up to 25 min here,03-2025
cd01f60eb3f7d6887e9b6bded92b54b2,Dates Market Karachi,UC-5 Bhagdadi,Karachi,"2 Qazi A. Aziz St, Moosa Lane Miranpir, Karachi, 74200, Pakistan",74200.0,66.99719544,24.85906724,Retail & Shopping,Shopping Centers,Supermarket,Open,+92 313 8074701,datesmarket.com.pk,4.3,160.0,44.43,People typically spend up to 1 hour here,03-2025
3118dc40bc0215f6259a013445291a35,Decent Balloons,UC-2 Civic Center,Karachi,"Shop 1, Fatima Tower, Jamaluddin Afghani Rd, Bihar Muslim Society BMCHS Sharafabad, Karachi, 74400, Pakistan",74400.0,67.0627343,24.88482463,Retail & Shopping,Costumes & Party Supplies,Party store,Open,+92 21 34943762,decentballoons.com,4.1,437.0,63.67,People typically spend up to 1 hour here,03-2025
399352d846977bf39cb78342e6ca514d,Toyota Garden Motors,Pakistan,III,"10-L Ferozepur Road, Block L Gulberg, III, 54000, Pakistan",54000.0,74.33132264,31.50074576,Retail & Shopping,Auto & Vehicle Retail,Toyota dealer,Open,+92 42 111 595 959,toyotagarden.com,4.0,1414.0,62.29,People typically spend up to 1.5 hours here,03-2025
f695f3d8faf8016e99ed2e6125ad08b6,English Boot House Saddar,UC-8 Saddar,Karachi,"35 Zaibunnisa Street, Saddar Karachi, 75600, Pakistan",75600.0,67.02648536,24.85735673,Retail & Shopping,Fashion & Accessories,Shoe store,Open,+92 21 35212923,ebhfashion.com,4.0,423.0,59.57,People typically spend up to 30 min here,03-2025
36cff629c69cafd4177d22e852ed36e8,Super Duper Supermarket,Punjab,Chichawatni,"Dr. Farooq Shaheed Chowk, Block 11 Chichawatni, 57200, Pakistan",57200.0,72.6874152,30.52674074,Retail & Shopping,Shopping Centers,Supermarket,Open,+92 333 0333183,superduper.pk,4.1,676.0,58.71,People typically spend up to 30 min here,03-2025
65adfaa44437a68576344397076010cd,Ideas - Bahria Rawalpindi,Rawalpindi Tehsil,Rawalpindi,"Expressway، near Clock Tower, Phase 7 Bahria Town, Rawalpindi, 46000, Pakistan",46000.0,73.09073213,33.52281624,Retail & Shopping,Fashion & Accessories,Clothing store,Open,+92 51 5412113,gulahmedshop.com,4.1,531.0,50.86,People typically spend up to 30 min here,03-2025
a60d57378e6003ad264abb0e17131e76,Al Naeem Homeo Store,Sialkot,Sialkot,"Green Wood St, Latefa Bad, Sialkot, 51310, Pakistan",51310.0,74.53397893,32.49418429,Retail & Shopping,Drug & Pharma,Homeopathic pharmacy,Open,+92 52 4601807,themultivitaminhub.pk,4.5,21.0,59.71,People typically spend up to 30 min here,03-2025
f5a7e47b9e3578323d1b72010dcb7ae5,Rahim Store,Wapda Town Phase 1,Lahore,"Plot #3, near PTCL Exchange, Block B4 Block B 4 Wapda Town Phase 1 Lahore, 54770, Pakistan",54770.0,74.27882335,31.43867741,Retail & Shopping,Market & Grocers,Asian grocery store,Open,+92 42 35180180,rahimstore.com,4.3,6810.0,51.71,People typically spend up to 30 min here,03-2025
c95b1996999850a4472e0ac9dccf615c,Urooj Mens Wear,Sukkur,Sukkur,"Frere Rd, Sukkur, 65200, Pakistan",65200.0,68.8672664,27.69351397,Retail & Shopping,Fashion & Accessories,Men's clothing store,Open,+92 71 5620388,urooj.com.pk,4.0,175.0,65.67,People typically spend up to 2 hours here,03-2025
ae1cf293558895db58414f0807031b35,Rashid Handicraft,Sillanwali,Sillanwali,"Sillanwali - Sargodha Rd, Block 2 Sillanwali, 40100, Pakistan",40100.0,72.53907562,31.82553048,Retail & Shopping,Arts & Crafts,Handicraft exporter,Open,+92 300 6532271,rashidhandicraft.com,4.1,37.0,69.33,People typically spend up to 2 hours here,03-2025
a5dce8f69987f664dd6a1d792be45b5d,"Carrefour, Emporium Mall, Lahore",Trade Centre,Lahore,"16m Abdul Haque Rd, Trade Centre Commercial Area Phase 2 Johar Town, Lahore, 54000, Pakistan",54000.0,74.26406317,31.46735221,Retail & Shopping,Big Box & Department Stores,Hypermarket,Open,+92 800 497 37,carrefour.com,4.4,24484.0,49.14,People typically spend up to 2.5 hours here,03-2025
16a07c48bc5bdf49f6b561877134c9f2,Suzuki Madni Motors,Pakistan,Lahore,"43 D, Industrial Area Block N Gulberg 2, Lahore, 54000, Pakistan",54000.0,74.35602558,31.52003777,Retail & Shopping,Auto & Vehicle Retail,Suzuki dealer,Open,+92 321 6743626,madnimotors.com,4.4,1056.0,63.83,People typically spend up to 1.5 hours here,03-2025
7072103e53c36da516e9e395092737d0,The GATE Mall and Apartments,Faisal Town,Rawalpindi,"Rawalpindi - Jand - Kohat Rd, Block A f-18, Rawalpindi, 46000, Pakistan",46000.0,72.86207216,33.61442455,Retail & Shopping,Shopping Centers,Shopping mall,Open,+92 331 5560099,redsunassociates.com,4.5,91.0,58.71,People typically spend up to 3 hours here,03-2025
a5d3ff55b57c5d76b6eebe4602b7647e,THE BRAND COMPANY - Lahore Market,Pakistan,Lahore,"Display 63, Block J Model Town, Lahore, 54600, Pakistan",54600.0,74.32891167,31.49852087,Retail & Shopping,Misc. Stores,Store,Open 24 hours,+92 300 4707675,tbcofficial.com,4.5,85.0,24.29,People typically spend up to 2.5 hours here,03-2025
98987191f60d11cd135068e22b9dc7b7,Books & Books,Satellite Town,Rawalpindi,"Fifth Rd, B-Block Block B Satellite Town, Rawalpindi, 46300, Pakistan",46300.0,73.0718043,33.63862168,Retail & Shopping,Books & Comics,Book store,Open,+92 321 8522475,booksandbooks.pk,4.0,385.0,38.0,People typically spend up to 30 min here,03-2025
8f023a39e612a1d343fb0dd187ce2386,Sony Center New Clifton Outlet,UC-10 Clifton,Karachi,"Showroom No. 4, Clifton Center, Block 5 Clifton, Karachi, 75600, Pakistan",75600.0,67.03131242,24.82718961,Retail & Shopping,Computers & Electronics,Electronics store,Open,+92 21 35293192,sonycenter-clifton.com,4.1,203.0,48.17,People typically spend up to 3 hours here,03-2025
29f0418284afbc8ce2dc34cd0c606669,Japan Electronics,Islamabad Capital Territory,Rawalpindi,"Wallayat Complex, Bahria Expy, Phase 7 Bahria Town, Rawalpindi, 46000, Pakistan",46000.0,73.10838526,33.53466786,Retail & Shopping,Computers & Electronics,Electronics store,Open,+92 308 5552107,japanelectronics.com.pk,4.6,813.0,55.43,People typically spend up to 2.5 hours here,03-2025
3bacdbcf61a51073ca4858cd426475e0,Watnia Furnishers,Sultan Park,Lahore,"Jinnah Flyover, cantt Lahore Under Cavalry Ground, Lahore, 54000, Pakistan",54000.0,74.35700732,31.50207942,Retail & Shopping,Home & Furniture,Furniture store,Open,+92 300 4448452,facebook.com,4.4,56.0,60.0,People typically spend up to 45 min here,03-2025
0bdcffa36099c562128770d0842ab23c,Bhatti Rajput Plaza,Rawalpindi,Islamabad,"Main Service Rd E, Gangal East Phase 3 Ghauri Town, Islamabad, 44000, Pakistan",44000.0,73.12597949,33.61204357,Retail & Shopping,Shopping Centers,Shopping mall,Open 24 hours,+92 334 5459158,tritechteal.com,3.2,10.0,38.0,People typically spend up to 1 hour here,03-2025
40612d87b8c5ff145a2167aea4620f1c,Hyundai Premium,Punjab,Lahore,"17 KM Multan Rd, opposite ShahPur Kanjra Cattle Market Gate, Multan Rd, Kot Gujra, Lahore, 53700, Pakistan",53700.0,74.1989644,31.44563973,Retail & Shopping,Auto & Vehicle Retail,Hyundai dealer,Open,+92 42 35485300,hyundaipremium.com,4.1,177.0,63.5,People typically spend up to 1.5 hours here,03-2025
af548f754730169d010d120b993bb2b4,BURO Interiart (Pvt) Limited - Manawan,Punjab,Lahore,"17km G. T. Road, Kot Duni Chand, Manawan, Batapur 1.5km from Ring Road Quaid-e-Azam Interchange, 53400, Pakistan",53400.0,74.44744851,31.59202211,Retail & Shopping,Construction & Hardware,Woodworking supply store,Open,+92 300 8498797,burointeriart.com,4.3,32.0,64.67,People typically spend up to 1 hour here,03-2025
5eac43e49da40beaa85f4750e1b1059b,CSD Mall,Rangeel Pur,Multan,"Sarwar Rd, near CSD Park, Multan Cantonment, Multan, 60000, Pakistan",60000.0,71.41554195,30.18132046,Retail & Shopping,Big Box & Department Stores,Department store,Open,+92 51 111 273 111,csd.gov.pk,4.2,2366.0,58.0,People typically spend up to 45 min here,03-2025
4084591eb00a453516edf3d1299f5aa9,Shakeel Trading Corporation,Shamsabad,Rawalpindi,"Friends Plaza, Murree Rd، opposite Ojhri Camp, Shamsabad, Rawalpindi, 46000, Pakistan",46000.0,73.08035874,33.6561095,Retail & Shopping,Home & Furniture,Tile store,Open,+92 321 5452258,shakeeltradingcorporation.com,4.1,1775.0,66.67,People typically spend up to 1.5 hours here,03-2025
afd9dcda9349cf457299f4fcba7b7c41,ENGLISH BOOT HOUSE,UC-6 P.e.c.h.s 1,Karachi,"124j, Main Tariq Rd, Block 2 P.E.C.H.S., Karachi, 75600, Pakistan",75600.0,67.05438486,24.86740837,Retail & Shopping,Fashion & Accessories,Shoe store,Open,+92 21 34551116,ebhfashion.com,3.8,221.0,51.17,People typically spend up to 3.5 hours here,03-2025
53ad50b5ef3ca2979422cf79e1ca1ab8,RANGE MEGA MART,Rawalpindi Tehsil,Rawalpindi,"Main Range road near Qasim market Rawalpindi cantt, 44400, Pakistan",44400.0,73.01688384,33.59856795,Retail & Shopping,Market & Grocers,Grocery store,Open,+92 347 9823100,pakistanplaces.com,4.1,143.0,65.86,People typically spend up to 45 min here,03-2025
837faabc7468a3916a9798939c449df6,NM Traders,UC-4 City Railway Colony,Karachi,"1st Floor, Techno City Mall, Office # FC, 34 I.I Chundrigar Rd, Karachi, 74000, Pakistan",74000.0,67.00548916,24.85078118,Retail & Shopping,Computers & Electronics,Computer store,Open,+92 321 2341234,nmtraders.pk,4.7,186.0,52.5,People typically spend up to 1.5 hours here,03-2025
b18a944c40cca41ec5040d42bbdbce9b,Emporium Mall,Trade Centre,Lahore,"16M Abdul Haque Rd, Trade Centre Commercial Area Phase 2 Johar Town, Lahore, 54000, Pakistan",54000.0,74.26342267,31.46789053,Retail & Shopping,Shopping Centers,Shopping mall,Open,+92 42 32592000,nishatemporium.com,4.6,71814.0,52.71,People typically spend up to 2.5 hours here,03-2025
4efe05eba0cdefca7bbd33383c3f29b8,Idris Book Bank Too,Sector B,Islamabad,"Din Plaza, Main PWD Rd, Lower Ground Block-B Sector B PWD Society, Islamabad, 44000, Pakistan",44000.0,73.13889981,33.56999186,Retail & Shopping,Books & Comics,Book store,Open,+92 51 5170709,idrisbookbank.com,4.2,2401.0,50.57,People typically spend up to 25 min here,03-2025
474b4d1be02b65b41ca8621d1f482300,IT International (Arizona Computer),Rail Town,Lahore,"Thokar Niaz Baig, A-Block, Canal City, near DHA EME, Rail Town Lahore, 54000, Pakistan",54000.0,74.20149286,31.43938798,Retail & Shopping,Computers & Electronics,Computer store,Open,+92 322 2111345,itinternational.pk,3.9,194.0,62.83,People typically spend up to 2.5 hours here,03-2025
d492071777621a58a85ff9e080ac550c,Khussa Mart,UC-10 Clifton,Karachi,"CC 4, Block 8 Clifton, Karachi, 75600, Pakistan",75600.0,67.03260481,24.8291261,Retail & Shopping,Fashion & Accessories,Shoe store,Open,+92 345 3490064,facebook.com,4.3,30.0,71.17,People typically spend up to 4 hours here,03-2025
db13887196fc57f86dbc3da0f7a60891,Cellecto mobile,Punjab,Gujranwala,"shop 22, ground floor, Awais center, Bakhtay Wala, Gujranwala, 52230, Pakistan",52230.0,74.18780097,32.15254942,Retail & Shopping,Computers & Electronics,Cell phone store,Open,+92 345 8220998,cellectomobile.com,4.8,42.0,42.33,People typically spend up to 4 hours here,03-2025
9c3c5498d82db5d2c75e29ee7b84b2e8,IWood Furniture,UC-2 Manzoor Colony,Karachi,"Shop No، Furniture Market، 417 Street Number 26, Manzoor Colony Karachi, 75640, Pakistan",75640.0,67.08714958,24.8544089,Retail & Shopping,Home & Furniture,Furniture store,Open,+92 333 9998347,iwood.pk,4.1,99.0,53.17,People typically spend up to 25 min here,03-2025
4b668bbf7a72b7a5809f770559863670,Sultan Physiotherapy Equipment,Punjab,Lahore,"Bank Stop, 93 B Lahore – Kasur Rd, Venus Housing Scheme, Lahore, 54000, Pakistan",54000.0,74.35159689,31.43722649,Retail & Shopping,Medical Supplies,Physiotherapy equipment supplier,Open,+92 309 4288089,facebook.com,4.7,15.0,50.71,People typically spend up to 1 hour here,03-2025
b7d3790fd5e3e386972e61c94501367a,Super Army & Police Store,Saddar,Rawalpindi,"Ground floor, Bank Rd، inside Ramzan Plaza, Saddar, Rawalpindi, 46000, Pakistan",46000.0,73.04871488,33.59662838,Retail & Shopping,Shopping Centers,Outlet mall,Open,+92 345 5071515,superarmystore.pk,3.9,76.0,62.43,People typically spend up to 1 hour here,03-2025
0f1eefdd56ff037b33efbad9d004a1b8,The Elegance,UC-7 P.e.c.h.s 2,Karachi,"Plot 86-R, Chandi Villa, Allama Iqbal Rd, Block 2 P.E.C.H.S., Karachi, 75100, Pakistan",75100.0,67.05269554,24.87392951,Retail & Shopping,Souvenirs & Gifts,Gift shop,Open,+92 300 0774148,theelegance.pk,4.2,244.0,43.17,People typically spend up to 4 hours here,03-2025
488b7ea146929e9af701ddad26772e88,Al Fatah - Defence Raya,Sector M,Lahore,"CP 7, Defence Raya Golf Resort Sector M DHA Phase 6, Lahore, 54792, Pakistan",54792.0,74.4665998,31.47515222,Retail & Shopping,Shopping Centers,Shopping mall,Open,+92 42 32020683,alfatah.pk,4.4,1635.0,65.14,People typically spend up to 1 hour here,03-2025
5e99d0a64a2042afd1f296207e8e5926,FARAZ SPORTS,Sialkot,Sialkot,"Dakwala, 7 KM Daska Rd, Sialkot, 51310, Pakistan",51310.0,74.49063489,32.44603262,Retail & Shopping,Fashion & Accessories,Sportwear manufacturer,Open,+92 52 3575395,farazsports.com,4.4,125.0,64.5,People typically spend up to 3.5 hours here,03-2025
b41e1cd881f63675d9331d873c1251b4,Mender Leather Factory,Taraf Mubarik Doim,Multan,"2197/C-3, Qadri Street, Chungi No 9 Flyover، Humanyon Road, Multan, 60000, Pakistan",60000.0,71.47067828,30.20218871,Retail & Shopping,Misc. Stores,Leather goods store,Open,+92 346 8800800,mender.pk,4.4,204.0,76.5,People typically spend up to 1 hour here,03-2025
80b0089521d0093fb6653d2f2caef0ff,Ideas - Mirpur AJK,Sector F-1,New Mirpur City,"Azad Chowk, Kotli Rd, Sector F-1 Sector F 1 New Mirpur City, 10250",10250.0,73.74560796,33.14256645,Retail & Shopping,Fashion & Accessories,Clothing store,Open,+92 58274 37353 ext. 55,gulahmedshop.com,4.1,53.0,73.43,People typically spend up to 45 min here,03-2025
7fed5d72ec4faddcbfd8de25e0504009,Lulusar Store DHA Phase 6 Karachi,Sindh,Karachi,"Ground Floor Phase-6, 1-C Khayaban-e-Bukhari, D.H.A Phase 6 Bukhari Commercial Area Phase 6 Defence Housing Authority, Karachi, 75500, Pakistan",75500.0,67.06296273,24.7950564,Retail & Shopping,Fashion & Accessories,Clothing store,Open,+92 309 2553434,lulusar.com,4.0,232.0,57.14,People typically spend up to 1 hour here,03-2025
57a176519a65c6a9acf2902acea41bf9,Fashion house sialkot since 1954,Sialkot,Sialkot,"Bazar shaheedan Punjab, Sarafa Bazaar, Sialkot, 51311, Pakistan",51311.0,74.53870615,32.49285221,Retail & Shopping,Fashion & Accessories,Clothing store,Open,+92 313 8613733,google.com,4.5,8.0,27.0,People typically spend up to 2.5 hours here,03-2025
95859469eca448547306c4e143f55023,CSD Cavalry Shopping Mall,Punjab,Lahore,"Chand Mari Chowck, Cavalry Ground, Lahore, 54000, Pakistan",54000.0,74.37181114,31.50213574,Retail & Shopping,Shopping Centers,Shopping mall,Open,+92 42 36660572,csd.gov.pk,4.3,3932.0,56.43,People typically spend up to 1 hour here,03-2025
90151fad4a84287f741303145bb052b6,Borjan,Pakistan,Mardan,"Shaheen Market, Bank Rd, Mohalla Sham Gunj, Gaju Khan, Mardan, 23200, Pakistan",23200.0,72.04053861,34.19713565,Retail & Shopping,Fashion & Accessories,Shoe store,Open,+92 937 875390,borjan.com.pk,3.9,117.0,39.0,People typically spend up to 2 hours here,03-2025
8485b9e33aaf801511ba36392e9df506,"Tile n Taps G-8/1 Branch | Tiles Dealer in Islamabad, Pakistan",Islamabad Capital Territory,Islamabad,"I & T Center, 57 Street 14, near Allied Bank، G-8/1 G 8/1 G-8, Islamabad, 44000, Pakistan",44000.0,73.04917679,33.6891782,Retail & Shopping,Home & Furniture,Tile store,Open,+92 345 5858299,tilentaps.com,4.5,33.0,51.14,People typically spend up to 1 hour here,03-2025
5a8905b78dd85ffd25a1ba08d89fb054,Al Janat Mall الجنت مال,Islamabad Capital Territory,Islamabad,"GT Rd, Islamabad, 46000, Pakistan",46000.0,73.14762033,33.52168098,Retail & Shopping,Shopping Centers,Shopping mall,Open,+92 331 9999993,aljanat.com.pk,4.2,829.0,53.29,People typically spend up to 45 min here,03-2025
b1a2be545aad18a70b20c03f3ff985e3,Star Shopping Plaza,Pakistan,Faisalabad,"Raheem Center, Tata Bazar, Factory Area, Faisalabad, 38000, Pakistan",38000.0,73.08007313,31.41056263,Retail & Shopping,Shopping Centers,Shopping mall,Open,+92 41 2625662,starshoppingplaza.com,4.0,501.0,57.5,People typically spend up to 1.5 hours here,03-2025
ce03140599557aca1df3d9d408ba03f8,DVAGO Pharmacy & Wellness Experts,UC-4 Hyderi,Karachi,"Sarah Enclave، The، Building Block H North Nazimabad Town, Karachi, 74600, Pakistan",74600.0,67.04771391,24.94042362,Retail & Shopping,Drug & Pharma,Pharmacy,Open 24 hours,+92 21 111 138 246,dvago.pk,4.0,417.0,42.86,People typically spend up to 15 min here,03-2025
cb95f013c29f3bb953790dcbcdd8f2e7,Suzuki Pakpattan Motors,Pakistan,Pākpattan,"Arifwala - Pakpattan Rd, near Jamal Chowk, Pākpattan, 57400, Pakistan",57400.0,73.35139281,30.36456827,Retail & Shopping,Auto & Vehicle Retail,Suzuki dealer,Open,+92 307 4353207,suzukipakpattan.com,4.7,943.0,47.33,People typically spend up to 1 hour here,03-2025
02dedc6732be7aebd7092ea31b4ab74a,Jalal Sons,Sector C,Lahore,"9 CCA, Khayaban-e-Jinnah، near Wateen Chowk, Sector C Phase 5 D.H.A, Lahore, 54000, Pakistan",54000.0,74.41109577,31.46327722,Retail & Shopping,Shopping Centers,Supermarket,Open,+92 300 4965000,jalalsons.com.pk,4.3,4814.0,53.86,People typically spend up to 45 min here,03-2025
95761ca9c98397b075d7206dc7758d10,Hussain Enterprises,UC-11 Allama Iqbal Colony,Karachi,"Shop No. A-1، Iqbal Zaman Building, Nishtar Rd, opp. K.M.C. WorkShop, Ghanchi Para, Karachi, 74700, Pakistan",74700.0,67.00718346,24.86442941,Retail & Shopping,Home & Furniture,Tool store,Open,+92 333 3945522,hetools.pk,4.5,43.0,45.0,People typically spend up to 3.5 hours here,03-2025
9e79437a78b7abdb692375d0e3db5c45,Toyota Creek Motors,Sindh,Karachi,"Plot#244/1, Deh Dih Tapo, Ibrahim Hyderi Road, Korangi Creek, Korangi Creek, Karachi, 75190, Pakistan",75190.0,67.12786486,24.80482586,Retail & Shopping,Auto & Vehicle Retail,Toyota dealer,Open,+92 21 111 334 632,toyotacreek.com,4.3,682.0,66.0,People typically spend up to 3.5 hours here,03-2025
5ee6941fcbd84cd678af222de0a34271,Toyota Highway Motors,Gadap Town,Karachi,"Toyota Highway Motors, Karachi - Hyderabad Motorway, Sector 8 B Gulzar E Hijri Scheme 33, Karachi, 75340, Pakistan",75340.0,67.13133381,24.99084434,Retail & Shopping,Auto & Vehicle Retail,Toyota dealer,Open,+92 21 36880001,toyota-highway.com,4.1,543.0,65.5,People typically spend up to 1.5 hours here,03-2025
8786c962fd190587914ff7f8b3797ac4,Pharma Street,Pakistan,Peshawar,"Street Number 2, Phase-4 Phase 4 Hayatabad, Peshawar, 25000, Pakistan",25000.0,71.44717183,33.99421133,Retail & Shopping,Drug & Pharma,Pharmacy,Open 24 hours,+92 91 3027757,facebook.com,3.0,6.0,30.43,People typically spend up to 1.5 hours here,03-2025
1c71530f4d9f4e9cb872190193f5bc80,Modern Electronics,UC-4 Quaidabad,Karachi,"CB-27 Gulistan Society, National Hwy, Gulistan Society Quaidabad, Karachi, 75120, Pakistan",75120.0,67.20558759,24.8585345,Retail & Shopping,Computers & Electronics,Electronics store,Open,+92 21 35001333,modernelectronics.pk,4.2,66.0,53.0,People typically spend up to 2 hours here,03-2025
880bc031ed3b87780f750586cdb1a2ed,Multicare Pharmacy,Pakistan,Lahore,"174 Millat Rd, Ittehad Colony, Lahore, 54000, Pakistan",54000.0,74.29046664,31.52738889,Retail & Shopping,Drug & Pharma,Pharmacy,Open,+92 42 37505777,multicare.pk,4.5,13.0,52.43,People typically spend up to 2 hours here,03-2025
85e7d384a0024b5083c436e4a3e4d9e0,Little Love,Satellite Town,Rawalpindi,"8, B1, B, Commercial Market, Satellite Block B town, Rawalpindi, 46000, Pakistan",46000.0,73.06936342,33.63839465,Retail & Shopping,Baby & Children,Baby clothing store,Open,+92 315 9159994,littlelovepk.com,4.1,184.0,68.29,People typically spend up to 1 hour here,03-2025
1829b2bea6ff92008f14cba6f0f6cff6,JUMBO MEDICAL & GENERAL STORE,UC-1 Dehli Mercantile,Karachi,"Shop No 46/A/2, Mohammad Ali Society Karachi, 75400, Pakistan",75400.0,67.08626293,24.87469466,Retail & Shopping,Shopping Centers,Supermarket,Open,+92 345 8954299,jumboonline.pk,4.1,827.0,61.0,People typically spend up to 15 min here,03-2025
c95af697d5d38745549510416603a5b7,Mr. Laptop,UC-4 City Railway Colony,Karachi,"Mr. Laptop GB 03, Ground Floor Technocity Mall, I.I Chundrigar Rd, New Chali, Karachi, 74000, Pakistan",74000.0,67.00520253,24.85066165,Retail & Shopping,Computers & Electronics,Computer store,Open,+92 321 2187111,mrlaptop.pk,4.0,240.0,60.0,People typically spend up to 1.5 hours here,03-2025
11142376be8d0f2d3a987473087a2929,Saeed Cloth House,UC-2 Civic Center,Karachi,"Saeed Cloth House, Shop #173 Rabi Arcade, Bahadur Yar Jang CHS, Karachi, 74800, Pakistan",74800.0,67.0654147,24.88137129,Retail & Shopping,Fashion & Accessories,Clothing store,Open,+92 345 2528290,saeedclothhouse.com,4.2,66.0,53.0,People typically spend up to 30 min here,03-2025
e8c9ef1dd8b29458d9d0d990074d0244,Honda Multan,Punjab,Multan,"Northern Bybass road, near NCBA, Multan, 60600, Pakistan",60600.0,71.53542826,30.24066512,Retail & Shopping,Auto & Vehicle Retail,Honda dealer,Open,+92 309 7772688,hondamultan.com.pk,4.2,417.0,55.57,People typically spend up to 1.5 hours here,03-2025
9aab08b92b42c4b90cd39da69fff25e3,Adnan Centre,Shorkot,Shorkot,"Shorkot City Rd, Main Bazar, Shorkot Cantt, Punjab, Shorkot, 35050, Pakistan",35050.0,72.24361315,30.78909391,Retail & Shopping,Shopping Centers,Shopping mall,Open,+92 314 7711123,m.facebook.com,3.9,632.0,70.83,People typically spend up to 45 min here,03-2025
9ab6b81b8d5cbc4c1f52d556e75e740c,Carvan Motors,Wah Cantt,Wah Cantt,"2 GT Rd, near BEERIER, CHARGHIYA TOWN, Wah Cantt, 47040, Pakistan",47040.0,72.76296098,33.74969089,Retail & Shopping,Auto & Vehicle Retail,Car dealer,Open,+92 305 5147902,youtube.com,3.4,106.0,15.67,People typically spend up to 1 hour here,03-2025
5f0119798be1eaa701e8c1c492e74484,United Autos Motorsports,Waris Khan,Rawalpindi,"N-21 Circular Rd, Waris Khan Rawalpindi, 46000, Pakistan",46000.0,73.06268342,33.61877151,Retail & Shopping,Auto & Vehicle Retail,Motorcycle dealer,Open,+92 321 5400001,unitedautos.com.pk,4.4,473.0,61.5,People typically spend up to 1 hour here,03-2025
86abcd3c3d1716b4056793ba181db77c,Shakirs Collection,Tauheed Commercial Area,Karachi,"tauheed commercial dha5, Tauheed Commercial Area Defence V Defence Housing Authority, Karachi, 75500, Pakistan",75500.0,67.03656821,24.80678489,Retail & Shopping,Misc. Stores,Store,Open,+92 331 7425477,shakirscollection.com,4.4,182.0,55.83,People typically spend up to 1.5 hours here,03-2025
9921a3d539f4ad2cf8e2c90ae4bdfe27,Jasmine Mall,Sector C,Lahore,"2nd floor, Sector C Jasmine Block Sector C Bahria Town, Lahore, 54000, Pakistan",54000.0,74.18458436,31.37669692,Retail & Shopping,Shopping Centers,Shopping mall,Open,+92 42 37861484,jasminemall.pk,4.2,3571.0,63.86,People typically spend up to 1 hour here,03-2025
77e082253577112a79e26d6b7bc39ad7,Imtiaz Supermarket,UC-2 Civic Center,Karachi,"Shaheed-e-Millat Rd, Bahadurabad Bahadur Yar Jang CHS, Karachi, 75400, Pakistan",75400.0,67.06780096,24.88309857,Retail & Shopping,Big Box & Department Stores,Department store,Open,+92 21 111 468 429,imtiaz.com.pk,4.2,6496.0,61.71,People typically spend up to 45 min here,03-2025
3e931a70a4208f75b01afa303854fdee,LRBT Eye Hospital,Pakistan,Ārifwāla,"Qaboola Rd, Ārifwāla, 57450, Pakistan",57450.0,73.06216218,30.2709456,Retail & Shopping,Eyewear & Optics,Eye care center,Open,+92 457 832288,lrbt.org.pk,4.7,29.0,66.0,People typically spend up to 3.5 hours here,03-2025
90a4479d3800da756933dbbc59b5b647,Miniso Iqbal Town,Punjab,Lahore,"Shop no. 2, Chenab Block Gulshan Block Allama Iqbal Town, Lahore, 54000, Pakistan",54000.0,74.29146362,31.51723896,Retail & Shopping,Shopping Centers,Outlet mall,Open,+92 42 37801333,miniso.pk,4.2,496.0,64.86,People typically spend up to 30 min here,03-2025
1aa953c60300dfa32eb4bca10100c6a8,Toyota Chenab Motors,Pakistan,Faisalabad,"Lahore - Sheikhupura - Faisalabad Rd, Paradise Valley Phase II, Faisalabad, 38000, Pakistan",38000.0,73.22089974,31.47843171,Retail & Shopping,Auto & Vehicle Retail,Car dealer,Open,+92 41 2423790,toyota-chenab.com,4.3,285.0,65.67,People typically spend up to 2 hours here,03-2025
7127e81fcf0233ce956a8b7b2ee1ccd8,Imtiaz Mega,UC-5 Gulshan-e-iqbal 1,Karachi,"Main Rashid Minhas Rd, opposite Moti Mehel, Block 2 Gulshan-e-Iqbal, Karachi, 75300, Pakistan",75300.0,67.08533419,24.92809017,Retail & Shopping,Big Box & Department Stores,Department store,Open,+92 21 111 468 429,imtiaz.com.pk,4.3,14744.0,61.14,People typically spend up to 1.5 hours here,03-2025
a034e8e4522d61d108d3f2112b278ba8,Awan Super Store,Shah Taj Colony,Lahore,"Walton Rd, Shahtaj Colony Shah Taj Colony, Lahore, 75600, Pakistan",75600.0,74.36839489,31.48735044,Retail & Shopping,Market & Grocers,Grocery store,Open,+92 300 8497971,facebook.com,4.3,63.0,54.57,People typically spend up to 45 min here,03-2025
34e7cbddb09c83930172f36e0a9f232c,QUETTA CARPETS,Satellite Town,Rawalpindi,"Infront Green Pharmacy, D-1021 Saidpur Rd, D Block Block D Satellite Town, Rawalpindi, 46300, Pakistan",46300.0,73.0609627,33.64021146,Retail & Shopping,Home & Furniture,Carpet store,Open,+92 310 4442794,quettacarpets.com,4.3,123.0,54.0,People typically spend up to 45 min here,03-2025
4f616593f09faed1aca964b229b5198e,Xin Mall,Sargodha,Sargodha,"7, 8 Queens Rd, Phase 2 Mansoorabad, Sargodha, 40100, Pakistan",40100.0,72.6775758,32.06474218,Retail & Shopping,Shopping Centers,Shopping mall,Open,+92 48 3766749,xinmall.pk,4.7,784.0,65.86,People typically spend up to 1.5 hours here,03-2025
566fb08976acb0603dd72ef69ead315a,Maharaja handicrafts,Islamabad Capital Territory,Islamabad,"Shop #3 block # 8, F, super market Shaukat Complex, 6, F-6 Markaz F 6 Markaz F-6, Islamabad, 44000, Pakistan",44000.0,73.07167066,33.7289974,Retail & Shopping,Arts & Crafts,Handicraft,Open,+92 300 9552952,instagram.com,4.6,83.0,51.86,People typically spend up to 1.5 hours here,03-2025
28383d3cb6c3b5ecf6a993d858540ae9,DVAGO Pharmacy & Wellness Experts,Pakistan,Hyderabad,"Plot No. 308, Block-C, Unit no. 7. Shah, Latifabad, Hyderabad, 71800, Pakistan",71800.0,68.35452025,25.37127426,Retail & Shopping,Drug & Pharma,Pharmacy,Open,+92 21 111 138 246,dvago.pk,4.1,53.0,35.57,People typically spend up to 30 min here,03-2025
0823351b06e7f58e32c2441846dca7de,Hopscotch Metro Mall,Pakistan,Hyderabad,"Metro Shopping Mall, Latifabad Unit # 3 Latifabad Unit 3 Machi Kot, Hyderabad, 71000, Pakistan",71000.0,68.33985126,25.37576941,Retail & Shopping,Baby & Children,Children's clothing store,Open,+92 22 3821444,ilovehopscotch.com,3.7,32.0,68.0,People typically spend up to 1.5 hours here,03-2025
1c65480a6def6ae3da971cba64497546,Jafferjees - Tariq Road Karachi,UC-6 P.e.c.h.s 1,Karachi,"Shop # 3, Najeeb Corner, 172 P Tariq Rd, Block 2 PECHS, Karachi, 74400, Pakistan",74400.0,67.05478998,24.86747736,Retail & Shopping,Misc. Stores,Leather goods store,Open,+92 21 34538790,jafferjees.com,4.4,1327.0,40.4,People typically spend up to 45 min here,03-2025
62e7a371fe0dc217b1b7db7291c5beb1,D-Mart Dadyal,South Asia,Dadyal,"G.Q Complex, Sector # 4، 319 One Way Main Rd, Dadyal, 10530",10530.0,73.68807237,33.3446281,Retail & Shopping,Shopping Centers,Supermarket,Open,+92 58274 65727,facebook.com,4.3,322.0,59.29,People typically spend up to 30 min here,03-2025
0a3dd0ececdebcf0cefedab4d43479a2,Abid Baloch & Co,Gadap Town,Karachi,"Shop # L-18 Block A-3 New Fruit Market, Karachi - Hyderabad Motorway, New Sabzi Mandi, Karachi, 75340, Pakistan",75340.0,67.15680259,24.9962207,Retail & Shopping,Market & Grocers,Fruit and vegetable store,Open 24 hours,+92 331 2999124,abc.com,4.0,74.0,30.71,People typically spend up to 4 hours here,03-2025
05cda2e62690a84ed728531033f8ef96,Zellbury,Pakistan,Abbottabad,"ZELLBURY, Mansehra Rd, near Shalimar Motors, Amir Alam Awan Town, Abbottabad, 22010, Pakistan",22010.0,73.22608543,34.17735044,Retail & Shopping,Fashion & Accessories,Clothing store,Open,+92 21 38402072,zellbury.com,4.4,170.0,57.0,People typically spend up to 30 min here,03-2025
9c84dfcfa92935f5d3c93e454422d5c0,NABRAS Building Material Solutions,Islamabad Capital Territory,Islamabad,"Shop No. LG-01 to LG-10, GRAND XCITO, D-Markaz, 44000, Pakistan",44000.0,73.20859141,33.60070158,Retail & Shopping,Construction & Hardware,Hardware store,Open,+92 348 9992225,xcitoenterprises.com,4.8,8.0,44.17,People typically spend up to 2.5 hours here,03-2025
3a62dff31694eb9811eb29d8a130368c,New Pak Trading Company,Waris Khan,Rawalpindi,"N-97, Allah Dad Road, Near Waris Khan Bus Stop، Off Murree Rd, Waris Khan, Rawalpindi, 46000, Pakistan",46000.0,73.06299963,33.62024711,Retail & Shopping,Auto & Vehicle Retail,Motorcycle dealer,Open,+92 334 5399453,newpaktradingcompany.com,3.9,502.0,59.0,People typically spend up to 1 hour here,03-2025
1d6cd2e9692074e330ccc666eb552f58,Hyundai Islamabad,Islamabad Capital Territory,Islamabad,"Off 9th Ave, I-9/3 I 9/3 I-9, Islamabad, 44000, Pakistan",44000.0,73.06066045,33.66172158,Retail & Shopping,Auto & Vehicle Retail,Car dealer,Open,+92 51 111 500 200,hyundai-islamabad.com,3.9,251.0,68.33,People typically spend up to 1 hour here,03-2025
3c6b98b67b60c2b81cba2aedfb5629cd,CA Sports,Sialkot,Sialkot,"Haji Pura Rd, Fatehgarh, Sialkot, 51310, Pakistan",51310.0,74.51984066,32.47676982,Retail & Shopping,Outdoor & Sporting,Cricket shop,Open,+92 52 3554222,ca-sports.com.pk,4.1,273.0,67.17,People typically spend up to 1 hour here,03-2025
6c4abe4d1cf11eb9466a3206e20bfaa9,New Ghani Sons,UC-10 Clifton,Karachi,"Old Sunset Boulevard, Phase 2 Gizri, Karachi, 75600, Pakistan",75600.0,67.0483388,24.82962639,Retail & Shopping,Fashion & Accessories,Uniform store,Open,+92 21 35384378,ghanisonsuniforms.com,3.9,740.0,51.0,People typically spend up to 25 min here,03-2025
ca839c3972e48fdcc5306c6dd11c164d,Toyota Capital Motors,Islamabad Capital Territory,Islamabad,"Plot No. 405، 406 9th Ave, I-9/3 I 9/3 I-9, Islamabad, 44000, Pakistan",44000.0,73.05802969,33.66561697,Retail & Shopping,Auto & Vehicle Retail,Toyota dealer,Open,+92 346 0089474,toyotacapital.com.pk,4.1,1350.0,71.5,People typically spend up to 1.5 hours here,03-2025
1dc130068ac21ef2dc2851c10af5a16f,H.F Smartphones,Pakistan,Lahore,"1st Floor, Metro Store, Model Town Link Rd, Block G Model Town, Lahore, 54700, Pakistan",54700.0,74.31716214,31.47195417,Retail & Shopping,Computers & Electronics,Cell phone store,Open,+92 323 4154131,facebook.com,4.5,571.0,57.5,People typically spend up to 1.5 hours here,03-2025
8ee042923255a54649821683a648cd0d,Utility Bachat Bazar بچت بازار,Shah Rukn E Alam Town,Multan,"Piran Ghaib Rd, Shah Rukn E Alam Town, Multan, 60650, Pakistan",60650.0,71.52023794,30.20673358,Retail & Shopping,Big Box & Department Stores,Department store,Open,+92 300 7532789,facebook.com,4.1,288.0,63.0,People typically spend up to 30 min here,03-2025
707baf438b0b879972cfd947bad43ffb,Frontier Institute of Ophthalmology - FIO Hospital,Pakistan,Peshawar,"Hayatabad Medical Complex Rd, opposite Hayatabad, Phase-4 Phase 4 Hayatabad, Peshawar, 25000, Pakistan",25000.0,71.44883261,33.99392539,Retail & Shopping,Eyewear & Optics,Eye care center,Open,+92 91 5812391,fiohospital.com,4.6,137.0,33.29,People typically spend up to 2.5 hours here,03-2025
7d4bad491ddbf467544fdea1c8650dc9,Shahzad Eye Hospital,UC-6 Gillani Railway Station,Karachi,"B-2 Rae Ave, Block 16 Gulshan-e-Iqbal, Karachi, 75530, Pakistan",75530.0,67.07663945,24.90457757,Retail & Shopping,Eyewear & Optics,Eye care center,Open,+92 21 34823148,shahzadeyehospital.com,4.3,164.0,53.67,People typically spend up to 2 hours here,03-2025
6827ef363ccad16b8994c02ad26f1c68,Honda Township (Pvt) Ltd,Punjab,Lahore,"Township Kot Lakhpat, Lahore, 54000, Pakistan",54000.0,74.32621842,31.45940396,Retail & Shopping,Auto & Vehicle Retail,Honda dealer,Open,+92 42 111 070 806,hondatownship.com.pk,4.3,1499.0,61.33,People typically spend up to 1 hour here,03-2025
4e96e4fdd501aadd37fc04c5c8e94231,"Ainak.pk - Eyeglasses, Sunglasses & Contact Lenses",Punjab,Lahore,"Shop # 1, Al-Masoom Center Ainak Market, Punjab 54100, 54000, Pakistan",54000.0,74.31339744,31.57659527,Retail & Shopping,Fashion & Accessories,Sunglasses store,Open,+92 322 5705757,ainak.pk,4.8,49.0,62.5,People typically spend up to 4 hours here,03-2025
306a146b975f5e86ab7c8b906e8e2aa5,Miss Rose Cosmetics,Pakistan,Lahore,"Zarina Shopping Mall, Dupatta Gali, Block C2 Block C 2 Gulberg III, Lahore, 54000, Pakistan",54000.0,74.34359071,31.50905544,Retail & Shopping,Cosmetics & Beauty,Cosmetics store,Open,+92 42 35772218,missrosestore.com,4.3,113.0,60.17,People typically spend up to 3.5 hours here,03-2025
7b84f938a0f5918eed021465a64a5cd3,Mama Love,Sialkot Cantonment,Sialkot,"Mall of sialkot, Aziz Bhati Shaheed Road, Sialkot Cantonment, Sialkot, 51310, Pakistan",51310.0,74.55467019,32.51750851,Retail & Shopping,Shopping Centers,Shopping mall,Open,+92 324 6488297,mamalove.pk,4.3,104.0,68.71,People typically spend up to 30 min here,03-2025
5b7e864becdb25bf38229a54f893e972,Shoe HUB,Walton,Lahore,"Office 46 Street 2, near Govt school, Gulbahar Colony Cantt, Lahore, 54000, Pakistan",54000.0,74.35728828,31.49855585,Retail & Shopping,Fashion & Accessories,Shoe store,Open 24 hours,+92 309 1495351,instagram.com,4.4,46.0,37.43,People typically spend up to 1.5 hours here,03-2025
16cc4930791e6928b44b8d9186640f77,Limelight DHA Y Block,Sector Y,Lahore,"Block Phase 3, Y, Commercial Market, 126 Y Block, DHA Sector Y DHA Phase 3, Lahore, 54830, Pakistan",54830.0,74.37391179,31.47288225,Retail & Shopping,Fashion & Accessories,Clothing store,Open,+92 42 35748026,limelight.pk,4.2,365.0,61.29,People typically spend up to 3 hours here,03-2025
c436c27e76ce165e327d453e1fc2346a,Lulusar Store Y Block Phase 3 DHA Lahore,Sector Y,Lahore,"156, Y Block DHA Phase 3, Lahore, 54000, Pakistan",54000.0,74.3754604,31.47311427,Retail & Shopping,Fashion & Accessories,Clothing store,Open,+92 324 2553434,lulusar.com,4.4,62.0,39.57,People typically spend up to 2 hours here,03-2025
8227a98da62dfad4a7a204b02341115d,Smoke Choice Mart,Punjab,Lahore,"Plaza no 5 AA commercial, opposite Islamabad Diagnostic Center lab, Sector D Lahore, 53720, Pakistan",53720.0,74.17027517,31.37347319,Retail & Shopping,Tobacco & Vape,Tobacco shop,Open 24 hours,+92 322 4718267,facebook.com,4.4,189.0,37.14,People typically spend up to 20 min here,03-2025
92e6956352973dc871dc074a47563311,Iftikhar Eye Hospital Dr zafar Ahmed ENT,Saddar,Rawalpindi,"183a Sir Syed Road, Saddar, Rawalpindi, 46000, Pakistan",46000.0,73.06263168,33.59059535,Retail & Shopping,Eyewear & Optics,Eye care center,Open,+92 51 5567204,iftikhareyehospital.com.pk,3.1,76.0,39.33,People typically spend up to 1.5 hours here,03-2025
99a30341b1cc775550ed029018689e73,Hassan Computer. Ichhra. Lahore,Punjab,Lahore,"Shakir Rd, Ichhra Lahore, 54000, Pakistan",54000.0,74.3111927,31.53410975,Retail & Shopping,Home & Furniture,Home goods store,Open 24 hours,+92 322 1499680,facebook.com,4.6,49.0,36.57,People typically spend up to 1.5 hours here,03-2025
9c610b3fb86979df665c707446c1073b,Greenvalley Premium Hypermarket,Punjab,Islamabad,"Green Valley, Bahria Paradise, Phase 4 Islamabad, 44000, Pakistan",44000.0,73.12050678,33.54339169,Retail & Shopping,Shopping Centers,Supermarket,Open,+92 51 83111156,greenvalley.pk,4.3,9392.0,51.71,People typically spend up to 45 min here,03-2025
1965d8751c0b292bdc63c21b84584f11,SO KAMAL,Pakistan,Lahore,"Shop No.8, Saqib palaza, ‏Main Blvd Gulshan-e-Ravi, Block A Gulshan-e-Ravi, Lahore, 54000, Pakistan",54000.0,74.28767723,31.54887429,Retail & Shopping,Fashion & Accessories,Clothing store,Open,+92 313 4444765,sokamal.com,4.1,109.0,65.86,People typically spend up to 30 min here,03-2025
c34b4047975ee05f7b1f3c5b5e40190d,Nazar Jan's Supermarket,Quetta,Quetta,"Panj Footy Tower, Samungli Rd, near the National Institute of Management (NIM) office, Quetta, 87300, Pakistan",87300.0,66.98281243,30.21539422,Retail & Shopping,Shopping Centers,Supermarket,Open,+92 81 4126008,nazarjanssupermarket.com,3.7,42.0,44.57,People typically spend up to 20 min here,03-2025
74575a927aa500609a4ac5d03ebd088a,Al-Madinah Sweets,Pakistan,Lahore,"Nai Abadi Gowaha, Bedian Rd, near Tipu Sultan School, Cantt, Lahore, 54792, Pakistan",54792.0,74.42268712,31.48417544,Retail & Shopping,Shopping Centers,Supermarket,Open 24 hours,+92 344 4224410,facebook.com,4.4,133.0,40.14,People typically spend up to 1.5 hours here,03-2025
02a821f86883c6e61833f4be114cd682,Emultan Games Store (Emultan Services Center),خواجہ آباد,Multan,"Emultan games Store, Kachehri Chowk Chungi No 7 & 8 Flyover, خواجہ آباد Khawajabad, Multan, 60000, Pakistan",60000.0,71.45883296,30.20647733,Retail & Shopping,Toys & Games,Game store,Open,+92 313 4006555,emultan.pk,4.5,50.0,72.67,People typically spend up to 1.5 hours here,03-2025
a4a8dc87fa80d532bda47a8b49d1e5e1,Infinix official store,Saddar,Rawalpindi,"Shahbaz plaza, ground floor shop 2, shahbaz plaza, Bank Rd, Saddar, Rawalpindi, 46000, Pakistan",46000.0,73.0468041,33.59842197,Retail & Shopping,Computers & Electronics,Cell phone store,Open,+92 301 5111800,whatsapp.com,4.2,65.0,43.71,People typically spend up to 1.5 hours here,03-2025
df1e9aaed2878e0640ef6429c7ff6e09,786 Motors,Township,Lahore,"Shop# 591, Plot 593 Block 1 Sector C-1, Township Block 1 Twp Sector C 1 Lahore, 54600, Pakistan",54600.0,74.29707888,31.44104912,Retail & Shopping,Auto & Vehicle Retail,Auto parts store,Open,+92 321 1668814,facebook.com,4.3,188.0,56.83,People typically spend up to 45 min here,03-2025
c2a1db86a2af0eb8410f34dbcd714fea,OnlineGiftShop.Pk,Punjab,Lahore,"LG-91, Zainab Tower, Model Town Link Rd, Model Town, Lahore, 54600, Pakistan",54600.0,74.31460219,31.46761598,Retail & Shopping,Souvenirs & Gifts,Gift shop,Open,+92 306 6964646,onlinegiftshop.pk,4.4,11.0,53.14,People typically spend up to 3 hours here,03-2025
87f6e56839fdd9e7db27a76e97737719,Adnan Mall,Toba Tek Singh,Pir Mahal,"Phase 1 Para Town (Phase 1), Pir Mahal, 36300, Pakistan",36300.0,72.43385235,30.77341956,Retail & Shopping,Shopping Centers,Shopping mall,Open,+92 333 5500225,facebook.com,4.1,385.0,63.67,People typically spend up to 45 min here,03-2025
d098d4f14eb9dd474cce71bd8cbd2f95,Jalal Sons - Allama Iqbal Town,Pakistan,Lahore,"13 Street 12, Hunza Block Allama Iqbal Town, Lahore, 54000, Pakistan",54000.0,74.29497341,31.51364352,Retail & Shopping,Market & Grocers,Grocery store,Open,+92 300 4635000,jalalsons.com.pk,4.3,2672.0,55.57,People typically spend up to 20 min here,03-2025
e9ea252047561576934277048498cd54,Wadud Sons Departmental Store,Pakistan,Peshawar,"PDA Building, Phase 5 Hayatabad, Peshawar, 25000, Pakistan",25000.0,71.43994181,33.98876497,Retail & Shopping,Shopping Centers,Shopping mall,Open,+92 91 5822940,wadudsons.enic.pk,4.1,391.0,42.14,People typically spend up to 1 hour here,03-2025
8a79f0ce1acb4f2998cef3ed084de2cd,Universal Printers (PVT) Ltd,Pakistan,Lahore,"14-A, Central Plaza Rd, Barkat Market Commercial Area Garden Town, Lahore, 54700, Pakistan",54700.0,74.3194138,31.50072022,Retail & Shopping,Printing & Copy,Screen printing shop,Open 24 hours,+92 320 2446666,universalprinters.pk,4.3,237.0,47.43,People typically spend up to 30 min here,03-2025
9ed31bd799a7ca6c58d3eaf1b9b7b1b9,Sehgal Motors,Saddar,Rawalpindi,"148/4-A Sehgal Plaza, Murree Rd, Saddar, Rawalpindi, 46000, Pakistan",46000.0,73.05645281,33.59618638,Retail & Shopping,Auto & Vehicle Retail,Car dealer,Open,+92 335 5500687,sehgalmotorsports.pk,3.9,395.0,64.5,People typically spend up to 2 hours here,03-2025
d4c2e19d32d297a02aba261d4b8b4313,Orchard Mall,Pakistan,Lahore,"Orchard, Orchard Mall Bahria, 4 Phase, Lahore, 54780, Pakistan",54780.0,74.22286254,31.31257722,Retail & Shopping,Shopping Centers,Shopping mall,Open,+92 335 1003699,orchardmall.pk,4.1,208.0,61.0,People typically spend up to 25 min here,03-2025
a8c18b48bab483e5f71180e938bd962d,Suzuki Samanabad Motors,Samanabad,Lahore,"44/45 Main St, Samanabad Town, Lahore, 54000, Pakistan",54000.0,74.29616682,31.54354181,Retail & Shopping,Auto & Vehicle Retail,Suzuki dealer,Open,+92 42 37576019,suzukisamanabad.com,4.2,743.0,57.0,People typically spend up to 1 hour here,03-2025
824bc3824d7ec6eb4874a114e2cd4758,Bashir Mall,Rahim Yar Khan Tehsil,Rahim Yar Khan,"MAIN Shahi Rd, opp. PTCL EXCHANGE, Rahim Yar Khan, 64200, Pakistan",64200.0,70.30713561,28.42253396,Retail & Shopping,Shopping Centers,Shopping mall,Open,+92 326 3991560,facebook.com,4.2,572.0,63.14,People typically spend up to 45 min here,03-2025
b6615526157979aca1bde1f67b16033c,Zellbury.,Punjab,Lahore,"1 Service Lane, Model Town Link Rd, opposite to Zainab Tower, G.E.C.H.S. Phase 3 Muhammadpura, Lahore, 54700, Pakistan",54700.0,74.31402477,31.46783281,Retail & Shopping,Fashion & Accessories,Clothing store,Open,+92 21 38402072,zellbury.com,4.3,388.0,47.43,People typically spend up to 30 min here,03-2025
93a2dd1dc776c3a1ea0c595c78fabfde,Baby Planet,Pakistan,Lahore,"21-B B, Block B Faisal Town, Lahore, 54000, Pakistan",54000,74.3046295,31.48068292,Retail & Shopping,Misc. Stores,Store,Open,+92 333 1421787,babyplanet.pk,4.3,19.0,48.17,People typically spend up to 3 hours here,03-2025
a3a51a45595c34e0741579103baecbc2,Baba Boota,Pakistan,Lahore,"6B College Road, near ameer chowk, PCSIR Staff Colony Block B PCSIR Staff Colony, Lahore, 54770, Pakistan",54770,74.28747173,31.43109072,Retail & Shopping,Shopping Centers,Shopping mall,Open 24 hours,+92 301 1155501,bababoota.com,4.7,106.0,45.86,People typically spend up to 1 hour here,03-2025
6dfff30119b70b054b3476beb15723a3,Raja Sahib - Model Town Link Road,Punjab,Lahore,"Model Town Link Rd, G. E. C. H. S Phase 3 Bhatti Colony, Lahore, 54600, Pakistan",54600,74.31409743,31.46814031,Retail & Shopping,Shopping Centers,Shopping mall,Open,+92 42 35168128,rajasahib.com,4.2,5456.0,64.14,People typically spend up to 45 min here,03-2025
fad508a2788243e99f45526b330f21f0,Chuburji Tower,Sanda,Lahore,"Lower Mall, Sham Nagar Sanda, Lahore, 54000, Pakistan",54000,74.30233248,31.55520469,Retail & Shopping,Shopping Centers,Shopping mall,Open 24 hours,+92 304 4645913,pakinvesment.com,4.0,356.0,39.43,People typically spend up to 1 hour here,03-2025
543c968e47c7a907396ba2b78bb153c4,"Clifton Center, Karachi - DVAGO Pharmacy & Wellness Experts",UC-10 Clifton,Karachi,"Branch, Clifton Center, opposite to Mottas Super Market, Block 5 Clifton, Karachi, 75600, Pakistan",75600,67.03131231,24.82718984,Retail & Shopping,Drug & Pharma,Pharmacy,Open,+92 21 111 138 246,dvago.pk,4.0,51.0,52.86,People typically spend up to 45 min here,03-2025
7cd86f27323ddbbd6d1e5402872b477f,MINISO Commercial Market,Satellite Town,Rawalpindi,"B 216, benath ideas, City plaza, 4th-B Rd, near chandni chowk, B-Block Block B Satellite Town, Rawalpindi, 44000, Pakistan",44000,73.06824277,33.63281326,Retail & Shopping,Shopping Centers,Shopping mall,Open,+92 305 2351487,miniso.pk,4.1,467.0,60.14,People typically spend up to 30 min here,03-2025
b504bf0831c13ad0907d8fd31afdd1ca,Saeed Book Depot,Umar Town,Sialkot,"Chowk, Fateh Garh Rd, near Agency, Sialkot, 51310, Pakistan",51310,74.51125991,32.47940616,Retail & Shopping,Office & Stationery,Stationery store,Open,+92 305 3251234,toshop.pk,4.3,29.0,70.33,People typically spend up to 1.5 hours here,03-2025
7db4296405de479a3afe506fd050e9b9,Khaadi,Pakistan,Hyderabad,"RECH Auto Bahn Rd, Latifabad, Hyderabad, 17000, Pakistan",17000,68.33129154,25.37774743,Retail & Shopping,Fashion & Accessories,Clothing store,Open,+92 22 3411444,pk.khaadi.com,4.2,384.0,55.57,People typically spend up to 30 min here,03-2025
f5e03936c69b2578453925c79dcaa8cc,Nice Mart & Pharmacy - نائیس مارٹ اینڈ فارمیسی,Sindh,Karachi,"Plot 51 C, Badar Commercial Street 7, Saba Ave, DHA Phase 5 Defence Housing Authority, Karachi, 75500, Pakistan",75500,67.04020948,24.79806334,Retail & Shopping,Market & Grocers,Grocery store,Open,+92 333 1838135,facebook.com,4.4,195.0,63.0,People typically spend up to 20 min here,03-2025
67afc7355db54576e3a23bec40988052,Suzuki Falcon Motors,Sargodha,Sargodha,"Lahore - Sargodha Rd, Sargodha, 40100, Pakistan",40100,72.7122679,32.05595281,Retail & Shopping,Auto & Vehicle Retail,Car dealer,Open,+92 48 3222031,facebook.com,4.4,1090.0,67.0,People typically spend up to 1.5 hours here,03-2025
c7a64137aa985518526bad0756645730,Sha Posh & Exact Fashion Store,Punjab,Mandi Bahauddin,"ward Street No.5, Mohalla Ward 5, Mandi Bahauddin, 50400, Pakistan",50400,73.48769887,32.58355997,Retail & Shopping,Fashion & Accessories,Clothing store,Open,+92 546 821186,exact.pk,4.1,268.0,55.57,People typically spend up to 1 hour here,03-2025
f6313613dd4001e480654ac02c72375a,Marhaba HOME SOLUTION FEROZPUR ROAD LAHORE,Pakistan,Lahore,"Lahore – Kasur Rd, Fazlia Colony, Lahore, 54000, Pakistan",54000,74.32087673,31.52619849,Retail & Shopping,Home & Furniture,Tile store,Open,+92 331 1111062,marhabatile.com,4.1,211.0,63.67,People typically spend up to 2 hours here,03-2025
ffadc7f1ea5a58b0b296bb80b8ab467a,Jalal Sons - Shadman,Shadman,Lahore,"102 - A, Shadman 1 Shadman, Lahore, 54000, Pakistan",54000,74.32629851,31.54130254,Retail & Shopping,Market & Grocers,Grocery store,Open,+92 320 5075000,jalalsons.com.pk,4.3,1337.0,69.43,People typically spend up to 20 min here,03-2025
3dba8d09b6422a36cadd578a21e63f85,edenrobe,Pakistan,Kharian,"Mohalla Jhandy Wali Kharian, 50090, Pakistan",50090,73.86057582,32.81282267,Retail & Shopping,Fashion & Accessories,Clothing store,Open,+92 53 7534507,edenrobe.com,3.6,14.0,41.14,People typically spend up to 2 hours here,03-2025
289dda0b65a640e65bcdad97488f1f56,Imtiaz Mega,UC-10 Clifton,Karachi,"DHA Phase 5 Defence V Defence Housing Authority, Karachi, 75500, Pakistan",75500,67.03802029,24.81573164,Retail & Shopping,Big Box & Department Stores,Department store,Open,+92 21 111 468 429,imtiaz.com.pk,4.4,4558.0,54.29,People typically spend up to 1.5 hours here,03-2025
c247e37dd3125d249206fdfedb43b287,RAPID RIDES,Pakistan,Lahore,"390 A1 Gurumangat Rd, Block Street Block A 1 Gulberg III, Lahore, 54000, Pakistan",54000,74.35525835,31.51339066,Retail & Shopping,Auto & Vehicle Retail,Motorcycle dealer,Open,+92 322 5775757,rapidrides.pk,4.7,129.0,51.33,People typically spend up to 1.5 hours here,03-2025
50710c22ab092f6a39252b4bfcf2bedd,Poonas Collection Warehouse & Outlet,Karachi City,Karachi,"PLOT # WAS 08, near H.E.F SCHOOL, FB Area Block 3 Hussainabad Block 3 Gulberg Town, Karachi, 75950, Pakistan",75950,67.05349779,24.91631461,Retail & Shopping,Fashion & Accessories,Clothing store,Open,+92 321 2165401,poonascollection.com,3.9,79.0,49.2,People typically spend up to 1 hour here,03-2025
6d0e55a8b1914b548ca872fd452d2d4a,Kaka Costumes,UC-8 Saddar,Karachi,"International centre, opposite Zainab Market, Saddar Civil Lines, Karachi, 74400, Pakistan",74400,67.02545754,24.85519313,Retail & Shopping,Costumes & Party Supplies,Costume store,Open,+92 328 2965695,facebook.com,4.1,60.0,46.57,People typically spend up to 30 min here,03-2025
0e07cef64446ff7436d467ca0845f406,NEW WAY STORE,Punjab,Lahore,"E 26/18, Main Walton Rd, near National Bank, Madina Colony, Lahore, 54000, Pakistan",54000,74.36581273,31.48930857,Retail & Shopping,Big Box & Department Stores,Department store,Open,+92 300 5532223,newwaystore.com.pk,4.3,24.0,47.0,People typically spend up to 3 hours here,03-2025
466bfa8f2935e2fd905ff1e2baa0d1d8,Vivo Official store 19,UC-9 Buffar Zone-2,Karachi,"shop 19, sareena mobile market, Sakhi Hassan Sector 15 A 1 chowrangi, Karachi, 74600, Pakistan",74600,67.05585363,24.9541721,Retail & Shopping,Shopping Centers,Shopping mall,Open,+92 306 2888200,19.pk,4.1,387.0,55.57,People typically spend up to 30 min here,03-2025
0c555398bb7d4e16946c4a0eb3144f75,Risen - Thokar,Pakistan,Lahore,"Raiwind Rd, Kibria Town Lahore, 54000, Pakistan",54000,74.24115364,31.46325712,Retail & Shopping,Shopping Centers,Supermarket,Open,+92 340 3115555,risen.com.pk,4.2,88.0,43.43,People typically spend up to 30 min here,03-2025
10e8090e5b5cbd493a388a7afc5235ff,Japan Electronics,Block G,Islamabad,"G, 74-E Jinnah Avenue, Blue Area, Islamabad Blue Area, Block, G 7/3, Islamabad, 44000, Pakistan",44000.0,73.0632262,33.71447894,Retail & Shopping,Computers & Electronics,Electronics store,Open,+92 309 5557062,japanelectronics.com.pk,4.9,1189.0,50.86,People typically spend up to 1.5 hours here,03-2025
b5ee63c88e054e439861481397bfe3e5,Dua Shopping Mall,Pakistan,Faisalabad,"Fazal Tower, Jaranwala Rd, near executive passport office, Kohinoor City Faisalabad, 38000, Pakistan",38000,73.11286464,31.41298744,Retail & Shopping,Fashion & Accessories,Clothing store,Open,+92 321 1468888,duashoppingmall.com,4.2,44.0,32.14,People typically spend up to 1.5 hours here,03-2025
94588529099e233df759d053b3853e4e,"Center Point, Kohinoor City Faisalabad",Pakistan,Faisalabad,"Alpine Lingeries Center point Plaza, Jaranwala Rd, near Al-Fatah Store, Kohinoor City Faisalabad, 38000, Pakistan",38000,73.1146455,31.41064157,Retail & Shopping,Fashion & Accessories,Lingerie store,Open,+92 41 8712335,facebook.com,4.3,1849.0,63.29,People typically spend up to 4 hours here,03-2025
418af1e98a078ea1175de23aebff6508,Chand Jewellers,Saroki,Gujrat,"Baba G Chok, Main, Sarafa Bazar Main Bazaar, Gujrat, 50700, Pakistan",50700,74.07739582,32.57442286,Retail & Shopping,Arts & Crafts,Jewelry store,Open,+92 344 6400851,facebook.com,4.5,31.0,55.33,People typically spend up to 3.5 hours here,03-2025
d6d3366d7d174965d6bcb8ad7fda962e,Ghazanfar Brothers Electronics,Punjab,Lahore,"Shop no. 18,19 . Madina Bara Centre Plastic Dana Mkt , Shah Alam Mkt, Shahalmi Bazaar, Mohalla Bela Nawab Sahib Walled City of Lahore, Lahore, 54000, Pakistan",54000,74.31666167,31.57841182,Retail & Shopping,Computers & Electronics,Electronics store,Open,+92 306 4351214,ghazanfarbrothers.com,5.0,194.0,42.83,People typically spend up to 4 hours here,03-2025
1fd555d4bdcef3fbe6f4876bd53c4393,Tayyab Mart,Rawalpindi Tehsil,Rawalpindi,"Dhamial Camp, Chakri Rd, Quaid-e-Azam Colony Quaid e Azam Colony, Rawalpindi, 46500, Pakistan",46500,73.01870257,33.56197732,Retail & Shopping,Market & Grocers,Grocery store,Open,+92 51 5129146,facebook.com,4.5,41.0,49.0,People typically spend up to 4 hours here,03-2025
499df4f98a7a273f5bffebe71eadd59d,Asif art and craft,Pakistan,Lahore,"8-9/A, Gulshann-e-Mustafa Scheme, PIA Main Boulevard, Lahore, 54000, Pakistan",54000.0,74.28745636,31.45226617,Retail & Shopping,Arts & Crafts,Art supply store,Open,+92 330 0008606,facebook.com,4.8,36.0,59.0,People typically spend up to 30 min here,03-2025
d9c991d2194df855196367a8b026b653,Kia Motors Potohar,Rawalpindi Tehsil,Islamabad,"G4w3+4XF, main GT Rd, Sowan Camp, Islamabad, 46000, Pakistan",46000.0,73.10258776,33.5451966,Retail & Shopping,Auto & Vehicle Retail,Car dealer,Open,+92 303 6665662,facebook.com,4.1,163.0,52.0,People typically spend up to 1 hour here,03-2025
87203df88bfe8a086f9f919b17392ce4,Al-Mumtaz Electronics Kamalia,Punjab,Kamalia,"Rajana Road, near Shell petrolium, Kamalia, 36350, Pakistan",36350.0,72.64645728,30.73081765,Retail & Shopping,Computers & Electronics,Electronics store,Open,+92 310 3337442,almumtaz.com.pk,4.1,37.0,59.0,People typically spend up to 1 hour here,03-2025
9ca07d9cc603677a9c501cbc7f5fccbb,GA Auto Display Outlet,Township,Lahore,"Plot # 510 Sector B 1, Block 4 Abu Bakar Rd, Township Lahore, 54000, Pakistan",54000.0,74.31161753,31.45821876,Retail & Shopping,Auto & Vehicle Retail,Auto parts store,Open,+92 309 7275007,gaautolhr.com,4.7,120.0,52.86,People typically spend up to 1 hour here,03-2025
447bcca91187eec76d3df25b480bcefc,Suzuki Champion Motors,UC-3 Khandu Goth,Karachi,"D-17 KDA Chorangi, Block-B Block B North Nazimabad Town, Karachi, 74600, Pakistan",74600.0,67.03404166,24.92952976,Retail & Shopping,Auto & Vehicle Retail,Suzuki dealer,Open,+92 21 36725051,suzukichampionmotors.com,4.8,764.0,58.0,People typically spend up to 1 hour here,03-2025
c1b1e6cc0a6090465e31f75a4b4f10f9,TOYOTA ISLAMABAD MOTORS,Islamabad Capital Territory,Islamabad,"7-Khyaban-e-Suharwardy G-6/1، 1, Aabpara Islamabad, 45240, Pakistan",45240.0,73.08161285,33.70510429,Retail & Shopping,Auto & Vehicle Retail,Car dealer,Open,+92 800 111 24,toyotaislamabad.com,4.1,1999.0,63.14,People typically spend up to 3 hours here,03-2025
3174ab178c9378438704c613e48c275d,Healthcare Mart Pharmacy,Pakistan,Faisalabad,"SHOP # P, Government General Hospital, 77 Main Road, Haseeb Shaheed Colony Block A People's Colony No 2, Faisalabad, 38090, Pakistan",38090.0,73.09721643,31.3930224,Retail & Shopping,Drug & Pharma,Pharmacy,Open 24 hours,+92 333 8662076,sakoon.pk,5.0,118.0,35.0,People typically spend up to 45 min here,03-2025
a2abc0426fc7a00e66b2240a96d04bad,Lyallpur Galleria 2 (Samundari Road),Pakistan,Faisalabad,"East Canal, Samundri Road, Faisalabad, 38000, Pakistan",38000,73.05754144,31.34701551,Retail & Shopping,Shopping Centers,Shopping mall,Open,+92 41 2401550,lyallpurgalleria.pk,4.3,113.0,67.57,People typically spend up to 2 hours here,03-2025
e503af2ea37bb95550a2db1291499558,Hush Puppies City FOL,Pakistan,Lahore,"Shops # 14 -15 (6-K) City Tower, II, Main Blvd Gulberg, Block K Gulberg 2, Lahore, 54660, Pakistan",54660,74.34611829,31.52295789,Retail & Shopping,Fashion & Accessories,Shoe store,Open,+92 42 35770020,hushpuppies.com.pk,4.1,274.0,58.57,People typically spend up to 2 hours here,03-2025
33f6ef6f5295011f652b774a2eba2b97,Bootsen,UC-10 Pehalwan Goth,Karachi,"Shop No: A-01, Shumail Heaven, Block 16 Gulistan-e-Johar, Karachi, 75290, Pakistan",75290,67.1174306,24.91772168,Retail & Shopping,Fashion & Accessories,Shoe store,Open,+92 321 2570960,bootsen.pk,4.2,392.0,58.43,People typically spend up to 30 min here,03-2025
19ae1b63bb98868fbcf96fb388475619,Suzuki ittehad motors,UC-12 Gulzar-e-hiijri,Karachi,"R55 scheme 33 sector 18 B quetta town, Karachi - Hyderabad Motorway, Karachi, 75330, Pakistan",75330,67.11753629,24.97365132,Retail & Shopping,Auto & Vehicle Retail,Suzuki dealer,Open,+92 336 0341289,suzukiittehadmotors.com,4.6,305.0,52.17,People typically spend up to 1.5 hours here,03-2025
1a7d2473d653f55308e00627e2221a67,Runway Gaming Zone,UC-10 Jamshed Qurts,Karachi,"Jamshed Rd, Hyderabad Colony Karachi, 75800, Pakistan",75800,67.05116944,24.88577789,Retail & Shopping,Toys & Games,Game store,Open,+92 332 3606701,facebook.com,4.4,51.0,32.71,People typically spend up to 2.5 hours here,03-2025
66b9d3246d8d70462ca776728adbf0c9,Ghani's Uniforms (Official),UC-7 P.e.c.h.s 2,Karachi,"9, Amber Arcade, Corner Tariq Rd, Delhi Society Delhi CHS Karachi, 74800, Pakistan",74800,67.06244954,24.87898397,Retail & Shopping,Fashion & Accessories,Uniform store,Open,+92 21 34385323,ghanisuniforms.com.pk,3.9,1057.0,67.67,People typically spend up to 1 hour here,03-2025
f778d2e74455b0a3403b50ff088f803f,Golden Drop Fragrances/Perfumes,UC-3 Kharadar,Karachi,"KUTCHERY ROAD, Dr Ziauddin Ahmed Rd, Karachi, 74800, Pakistan",74800,67.00750258,24.85494315,Retail & Shopping,Perfume & Cosmetics,Perfume store,Open,+92 21 32214577,alkhaleejperfumes.com,4.6,108.0,46.5,People typically spend up to 3.5 hours here,03-2025
e8e44a4ef509b7e742170febecf51156,Furniture Galleria,Pakistan,Lahore,"Shop no 2, Block C1 Block C 1 Nespak, Lahore, Lahore, 54770, Pakistan",54770,74.28433023,31.43471263,Retail & Shopping,Home & Furniture,Furniture store,Open,+92 321 4447160,furnituregalleria.pk,4.5,58.0,42.86,People typically spend up to 45 min here,03-2025
f1105ad853e57264aa41f5781818d04f,LiViNART Office Furniture,Rawalpindi,Islamabad,"Main Golra Rd, opposite CMT, H-13, Islamabad, 46000, Pakistan",46000,72.96696935,33.62807626,Retail & Shopping,Home & Furniture,Office furniture store,Open,+92 319 9461822,livinart.pk,4.1,20.0,38.67,People typically spend up to 4 hours here,03-2025
de8539d6b88b451bf4471f986a149a64,Rafi Mall,UC-7 Al Falah Society,Shah Faisal Town,"Office No.UG-64, Rafi Mall, malir, 75050, Pakistan",75050,67.19506172,24.87144945,Retail & Shopping,Shopping Centers,Shopping mall,Open,+92 21 34114261,nadra.gov.pk,3.9,416.0,63.5,People typically spend up to 1.5 hours here,03-2025
caa5017c1089c68908a4988dd9d98428,Hi-Tech Electronics & Mobiles Spare Parts,Punjab,Gujrat,"Gulzar-e-Madina Rd, Bakhshupura, Ramtalai, Bakhshupura, Gujrat, 50700, Pakistan",50700,74.07659412,32.56898868,Retail & Shopping,Computers & Electronics,Cell phone accessory store,Open,+92 300 6271499,facebook.com,4.1,426.0,59.33,People typically spend up to 25 min here,03-2025
e97c6429c5c49579f843dde38d9e52b0,Breakout,Punjab,Bahawalpur,"Islamia, University Chowk, near Hakki center Breakout, Bahawalpur Cantt, Bahawalpur, 63100, Pakistan",63100,71.68739277,29.3944351,Retail & Shopping,Fashion & Accessories,Youth clothing store,Open,+92 62 2250915,breakout.com.pk,4.1,31.0,51.86,People typically spend up to 45 min here,03-2025
578b1e5195f72a1b4e047b396f288014,Suzuki United Motors,Vehari,Vehari,"1-km Hasilpur - Vehari Rd, Rehmat Colony Vehari, 61100, Pakistan",61100.0,72.37774442,30.03851938,Retail & Shopping,Auto & Vehicle Retail,Car dealer,Open,+92 332 8888360 ext. 61,suzukiparts.pk,4.5,884.0,70.0,People typically spend up to 1.5 hours here,03-2025
4eee0689af9ab19faa0b44e2cccacba9,FAM Autos (Electric-Bike & Electric-Scooty Dealer Lahore),Punjab,Lahore,"26-A Nicholson Rd, Garhi Shahu, Lahore, 54000, Pakistan",54000.0,74.33027854,31.57117771,Retail & Shopping,Auto & Vehicle Retail,Motorcycle dealer,Open,+92 346 0000500,famautos.net,4.9,100.0,51.67,People typically spend up to 4 hours here,03-2025
d744568facf9d23118c9106cab3169d5,GT Honda Gujranwala,Punjab,Gujranwala,"GT Honda, Nazir Center, Jalil Town, Gujranwala Chan Da Qila, Gujranwala, 52302, Pakistan",52302.0,74.19869521,32.08961942,Retail & Shopping,Auto & Vehicle Retail,Honda dealer,Open,+92 311 1000442,gthonda.com.pk,4.5,26.0,51.14,People typically spend up to 1 hour here,03-2025
4a648444c22752d702c66bb351a4d104,Naeem Electronics,Rawalpindi Tehsil,Rawalpindi,"malik plaza, Kamalabad malik plaza opp st 14 dhoke syedan road rwp Kamalabad malik plaza opp st 14 dhoke syedan road, 14 Dhoke Syedian Rd, Gali Kamalabad, Rawalpindi, 46000, Pakistan",46000.0,73.03016328,33.57556937,Retail & Shopping,Computers & Electronics,Electronics store,Open,+92 318 5046650,facebook.com,3.9,96.0,54.57,People typically spend up to 4 hours here,03-2025
7f22c553ece75f5bc01d95bfa399de25,Islamabad Auctioneers,Rawalpindi,Islamabad,"East service road near Hascol pump Dhoke kala khan bridge, Islamabad Expy, Islamabad, 44000, Pakistan",44000.0,73.09742576,33.65022793,Retail & Shopping,Antiques & Auctions,Auction house,Open,+92 307 5781874,islamabadauctioneers.com,4.6,261.0,53.33,People typically spend up to 45 min here,03-2025
dd38b95df88fe09d64290d7289fdba71,MG City Authorized Car Dealership,Pakistan,Lahore,"126 E-1, 111 Main Boulevard Gulberg, Lahore, 54000, Pakistan",54000.0,74.3397347,31.51454527,Retail & Shopping,Auto & Vehicle Retail,Car dealer,Open,+92 311 1164641,mgcityofficial.com,4.2,39.0,36.0,People typically spend up to 2.5 hours here,03-2025
2bed4d81a357a12f985083773eb2570f,Haval Experience Islamabad Sale & Service Center,Islamabad Capital Territory,Islamabad,"Plot 295, 296 Street 1 Street 3, I-9/3 I 9/3 I-9, Islamabad, 46000, Pakistan",46000.0,73.05474847,33.66262733,Retail & Shopping,Auto & Vehicle Retail,Car dealer,Open,+92 320 8555007,havalexperience.com,4.2,136.0,64.33,People typically spend up to 1.5 hours here,03-2025
42975738f1a6b15aa4c9b9163f054049,Toyota Royal Motors,Rahim Yar Khan Tehsil,Rahim Yar Khan,"Main Khanpur Rd, Rahim Yar Khan, 64200, Pakistan",64200.0,70.34816143,28.43945083,Retail & Shopping,Auto & Vehicle Retail,Car dealer,Open,+92 300 0653335,toyotaroyal.com,4.4,65.0,66.33,People typically spend up to 1.5 hours here,03-2025
ff0719f2ac3ddc3cc4edf024c68478c0,Pak Motors Multan,Taraf Mubarik Doim,Multan,"Chowk, Main Khanewal Rd, opp. Bara Market, Rasheed Abad Shamsabad Colony, Multan, 60000, Pakistan",60000.0,71.48277578,30.21047115,Retail & Shopping,Auto & Vehicle Retail,Car dealer,Open,+92 305 4828282,m.facebook.com,4.4,71.0,37.5,People typically spend up to 4 hours here,03-2025
f50115f6f6fd1975f71fe8008dcaf10e,The Auto Kings Car Showroom,Punjab,Multan,"Vehari Rd, near Allah Wasaya Chowk, Peoples Colony, Multan, 66000, Pakistan",66000.0,71.49303351,30.17274948,Retail & Shopping,Auto & Vehicle Retail,Car dealer,Open 24 hours,+92 314 6262396,theautoking.netlify.app,4.9,11.0,30.29,People typically spend up to 2.5 hours here,03-2025
dfa7aa370dac73af1584a7364b6e274d,Changan Auto Lyallpur,Pakistan,Faisalabad,"Tezab mill, main Jaranwala Rd, chok, Faisalabad, 38000, Pakistan",38000.0,73.11925949,31.4062741,Retail & Shopping,Auto & Vehicle Retail,DS Automobiles dealer,Open,+92 300 8534892,changanautollyallpur.com,4.5,139.0,50.17,People typically spend up to 1 hour here,03-2025
3c39cc2df696466b5f6d1b3f47e614f1,Toyota Canal Motors,Theri Sansi,Gujranwala,"Main GT Rd, near Super Asia Group, Theri Sansi Gujranwala, 52220, Pakistan",52220.0,74.19482953,32.10690821,Retail & Shopping,Auto & Vehicle Retail,Toyota dealer,Open,+92 55 111 333 300,toyota-canal.com,4.3,82.0,44.86,People typically spend up to 1.5 hours here,03-2025
a7804664dfb96ecda2c35e99ec0b6cf2,Changan Auto - Rahim Yar Khan,Rahim Yar Khan,Rahim Yar Khan,"Shahbaz pur road, Rahim Yar Khan, 64200, Pakistan",64200.0,70.22501066,28.43888228,Retail & Shopping,Auto & Vehicle Retail,Car dealer,Open,+92 300 8678215,changanryk.com,4.8,165.0,48.17,People typically spend up to 1.5 hours here,03-2025
2a03bae114ef39d9a35aaf8c4bef66d7,Hafiz Autos Lahore,Pakistan,Lahore,"15 Multan Rd, near Hanjarwal Stop, Islam Block Azam Garden, Lahore, 54000, Pakistan",54000.0,74.25782133,31.48698537,Retail & Shopping,Auto & Vehicle Retail,Motorcycle dealer,Open,+92 42 35414222,facebook.com,3.9,52.0,60.5,People typically spend up to 1 hour here,03-2025
5bdbd87350aaed83fff9396b972fc781,Haval Karachi (Automotive Technologies (PVT) Ltd),Karachi City,Karachi,"Ground floor, Emarah Suites, Plot AA/B, 8 Shahra-e-Faisal, opposite FTC, Block A Karachi, 75400, Pakistan",75400.0,67.04988529,24.85964336,Retail & Shopping,Auto & Vehicle Retail,Car dealer,Open,+92 333 2630808,havalkhi.com,4.3,46.0,55.67,People typically spend up to 3.5 hours here,03-2025
3d5f5d9f1199ea34e5e9c7fff55d2c2a,Honda Lahore (Pvt.) Ltd.,Sheikhupura,Lahore,"12 km Lahore - Sheikhupura - Faisalabad Rd, Kot Abdul Malik, Lahore, 54000, Pakistan",54000.0,74.22095298,31.62771735,Retail & Shopping,Auto & Vehicle Retail,Car dealer,Open,+92 42 111 042 042,hondalahore.com,4.4,156.0,54.14,People typically spend up to 1.5 hours here,03-2025
0c6782e96e0db5972c6123b423877861,Sehgalmotorsports,Islamabad Capital Territory,Islamabad,"Al raas mall opposite DHA 2,Gate no.1, GT Rd, Islamabad, 45730, Pakistan",45730.0,73.12607177,33.53282637,Retail & Shopping,Auto & Vehicle Retail,Car dealer,Open,+92 335 5555633,sehgalmotorsports.pk,4.1,166.0,55.33,People typically spend up to 1 hour here,03-2025
36db3ed4c8a15cd070668f785a115af5,Honda Bahawalpur,Pakistan,Bahawalpur,"Karachi Morr, Bahawalpur Bypass, Bahawalpur, 63100, Pakistan",63100.0,71.64703955,29.42778133,Retail & Shopping,Auto & Vehicle Retail,Honda dealer,Open,+92 304 1110540,hondabwp.com,4.3,93.0,57.14,People typically spend up to 2 hours here,03-2025
a145b9290c414316a21a0bfa9a954b47,Suzuki Champion,Punjab,Lahore,"Fly over Azadi chowk, 12 Ravi Rd, Lahore, 54000, Pakistan",54000.0,74.30219797,31.59246089,Retail & Shopping,Auto & Vehicle Retail,Motorcycle dealer,Open,+92 321 7775789,youtube.com,4.1,95.0,68.83,People typically spend up to 1 hour here,03-2025
8c0ab5e8d0461c6caa861ce9cd35a117,Siezal Supermarket,Rawalpindi,Islamabad,"VIP, Service Road East, Ghori, Town, Islamabad, 44000, Pakistan",44000.0,73.11621982,33.62533931,Retail & Shopping,Shopping Centers,Supermarket,Open,+92 51 6166100,siezal.com,4.4,48.0,55.43,People typically spend up to 2.5 hours here,03-2025
6411cdbdcefb8b1b724b599c3eb115f2,Saleem Fabrics Gujaranwala,Warriach,Gujranwala,"Main G.T Road , Rahwali, Cantt, Gujranwala, 52280, Pakistan",52280.0,74.16546863,32.23279924,Retail & Shopping,Fashion & Accessories,Clothing store,Open,+92 307 4541415,saleemfabrics.com,4.3,26.0,42.0,People typically spend up to 1 hour here,03-2025
893515d948eada719df5d255cb1f695e,The Central Mall & Plaza دی سینٹرل مال اینڈ پلازہ,UC-6 Gazdarabad,Karachi,"Marston Rd, Saddar Preedy Quarters, Karachi, 74400, Pakistan",74400.0,67.01919247,24.86513041,Retail & Shopping,Shopping Centers,Shopping mall,Open,+92 21 32728868,facebook.com,4.2,3670.0,53.14,People typically spend up to 1.5 hours here,03-2025
05a09e4e9012276146204d758099803b,Pak China Mall,Islamabad Capital Territory,Islamabad,"Karachi Company, Mangla Rd, G-9 Markaz G 9 Markaz G-9, Islamabad, 44090, Pakistan",44090.0,73.0314262,33.68927927,Retail & Shopping,Shopping Centers,Shopping mall,Open,+92 51 2762662,pakchinamall.com,4.2,889.0,57.14,People typically spend up to 2 hours here,03-2025
26e2a4f73c6e9c6d9a979e2048f453fb,Singapore Plaza,Saddar,Rawalpindi,"Bank Rd, Saddar, Rawalpindi, 46000, Pakistan",46000.0,73.05231224,33.59405143,Retail & Shopping,Shopping Centers,Shopping mall,Open,+92 347 8519831,singaporeplazaonline.com,4.2,12774.0,56.86,People typically spend up to 1.5 hours here,03-2025
87afbe79bc1b0e28e91a7e095734343f,Suzuki Premier Motors,Pakistan,Lahore,"Commercial Area, Service Lane Kamahan Interchange Ring Road, Bahadrabad, Lahore, 53101, Pakistan",53101.0,74.38656997,31.45155284,Retail & Shopping,Auto & Vehicle Retail,Car dealer,Open,+92 311 1786600,suzukipremier.com,4.0,332.0,52.83,People typically spend up to 2.5 hours here,03-2025
febb0c05815e38fe1f49200cb233f0b7,ECS,Punjab,Chakwal,"Shop. No. 3, Main Plaza, Talagang Hwy, Chakwal, 48800, Pakistan",48800.0,72.8278325,32.93211259,Retail & Shopping,Fashion & Accessories,Shoe store,Open,+92 543 692175,shopecs.com,4.0,147.0,53.14,People typically spend up to 1 hour here,03-2025
21eb0c28e4bb454cd17e687231d53e7b,Square One Mall,UC-10 Pehalwan Goth,Karachi,"Plot # 118-G, Main National Stadium Rd, near Askari-IV, Gulshan-e-Iqbal, Karachi, 75300, Pakistan",75300.0,67.11133063,24.90107436,Retail & Shopping,Shopping Centers,Shopping mall,Open,+92 21 111 663 111,squareonemall.pk,4.4,1548.0,57.57,People typically spend up to 2 hours here,03-2025
54ae59b5aee8fd527d2a5d0af8f1d975,Laser Eye Centre Multan,Punjab,Multan,"20-30, Zainab Arcade, Nishtar Rd, near Ghuri Lab, Al Rahim Colony, Multan, 66000, Pakistan",66000.0,71.44924077,30.20198327,Retail & Shopping,Eyewear & Optics,Eye care center,Open,+92 61 4780192,facebook.com,4.5,23.0,53.6,People typically spend up to 3 hours here,03-2025
959553930fbc1382bc10cf1aecfc7d03,Rehman Autos,Pakistan,Lahore,"Ibrahim Rd, Data Gunj Buksh Town, Lahore, 54000, Pakistan",54000.0,74.29283566,31.57632571,Retail & Shopping,Auto & Vehicle Retail,Auto parts store,Open,+92 336 0400901,rehmanautos.pk,4.4,85.0,62.86,People typically spend up to 1.5 hours here,03-2025
73b08fc6464c0e8d9a21207fd5cb3787,Hopscotch Emporium Mall,Trade Centre,Lahore,"Trade Centre, Abdul Haque Rd, Trade Centre Commercial Area Phase 2 Johar Town, Lahore, 54000, Pakistan",54000.0,74.26297047,31.46703666,Retail & Shopping,Baby & Children,Children's clothing store,Open,+92 42 32592396,ilovehopscotch.com,4.3,28.0,32.57,People typically spend up to 1.5 hours here,03-2025
36c7531fa3a3f4d399a0c60dda75990e,SABROSO (The Chicken Specialist),Pakistan,Faisalabad,"Plot No 342, E, Block Chishtia Chowk, Saddar Bazar, Block B Ghulam Muhammad Abad, Faisalabad, 38000, Pakistan",38000.0,73.0482174,31.43720596,Retail & Shopping,Market & Grocers,Frozen food store,Open,+92 41 2691055,sabirsgroup.com,4.5,13.0,48.14,People typically spend up to 25 min here,03-2025
393970fc41c3dc71c0a20e458f786a07,Meri Pharmacy,UC-1 Bilal Colony,Karachi,"B, Mehran, 280 Anwarul Uloom Rd, Mehran Town Sector 6 F Town, Karachi, 74900, Pakistan",74900.0,67.09545782,24.84461067,Retail & Shopping,Drug & Pharma,Pharmacy,Open,+92 300 0446767,meripharmacy.pk,4.5,143.0,35.57,People typically spend up to 4 hours here,03-2025
3c3817729fd7066ff7a4b528bc53267b,Habitt - DHA,Zulfiqar & Al Murtaza Commercial Area,Karachi,"2, &, Zulfiqar, Al-Murtaza Commercial Ln 3, Phase 8 Defence Housing Authority, Karachi, 75300, Pakistan",75300,67.07648358,24.78679385,Retail & Shopping,Home & Furniture,Furniture store,Open,+92 336 3529887,habitt.com,4.1,123.0,61.43,People typically spend up to 45 min here,03-2025
bcd1a5a7c3f502bdb2876d8df11e0f5d,MashaAllah Cash & Carry Kamra,Punjab,Kamra Kalan,"Katba Village, Kamra Kalan, 43570, Pakistan",43570.0,72.43310784,33.86769171,Retail & Shopping,Shopping Centers,Shopping mall,Open,+92 315 1591234,mcc.com.pk,4.2,981.0,52.71,People typically spend up to 45 min here,03-2025
e0fdfa0b644cc298af1dad68abd0014a,Denim Privé office,UC-4 Quaidabad,Karachi,"183-186, Deh Khanto, Main, N-5, Karachi, 75100, Pakistan",75100,67.24710695,24.85322769,Retail & Shopping,Fashion & Accessories,Haute couture fashion house,Open,+92 21 111 336 467,denimprive.com,4.6,111.0,75.83,People typically spend up to 4 hours here,03-2025
254ecec519466bbcd8323c515d43006e,Rolex Islamabad - Kahf International,Islamabad Capital Territory,Islamabad,"3-4, Beverly Centre, Jinnah Ave, F 6/1 Blue Area, Islamabad, 44000, Pakistan",44000,73.07124332,33.72018417,Retail & Shopping,Fashion & Accessories,Watch store,Open,+92 51 2824901,kahfintl.com,4.5,71.0,44.67,People typically spend up to 4 hours here,03-2025
83b677ab9209b681ed942841af40c005,Borjan Shoes,Sialkot,Daska,"College Rd, Daska, 51010, Pakistan",51010,74.35229052,32.33235814,Retail & Shopping,Fashion & Accessories,Shoe store,Open,+92 303 4522811,borjan.com.pk,3.9,68.0,61.29,People typically spend up to 2 hours here,03-2025
f90ea41c6cfaa00612a8bb8ba45aa28c,EBCO Supermarket,UC-10 Clifton,Karachi,"EBCO Supermarket The Forum Mall, Block 9, 75600, Pakistan",75600,67.03539179,24.82694553,Retail & Shopping,Shopping Centers,Supermarket,Open,+92 21 35379072,ebco.com.pk,4.3,796.0,53.14,People typically spend up to 1 hour here,03-2025
a55ee5e0a132a26c0c6c197a2a58118c,Punjab Cash & Carry,Rawalpindi Tehsil,Rawalpindi,"Radiant School, Main service road west, near, stop Iqbal Town, Rawalpindi, 44000, Pakistan",44000,73.09656467,33.64523211,Retail & Shopping,Market & Grocers,Grocery store,Open,+92 337 8905237,punjabcashandcarry.com.pk,4.4,1741.0,57.57,People typically spend up to 30 min here,03-2025
8d0314a24032f54be75bde60cb353ecb,Online Bike Specialist,Islamabad Capital Territory,Islamabad,"Chakian Stop, Kahuta Rd, Miana Thub, Islamabad, 45800, Pakistan",45800,73.25244969,33.56668496,Retail & Shopping,Auto & Vehicle Retail,Motorcycle shop,Open,+92 332 5816511,youtube.com,4.4,109.0,49.71,People typically spend up to 45 min here,03-2025
45bbad5601b2f7830930f41c63e4c37c,Habib Centre,Pakistan,Lahore,"Main Multan Rd, Thoker Niaz Baig, Lahore, 54000, Pakistan",54000,74.25296016,31.48533847,Retail & Shopping,Shopping Centers,Shopping mall,Open,+92 333 7413880,dropshipping.com.pk,4.6,24.0,47.29,People typically spend up to 4 hours here,03-2025
4e3b2f85f3040cf4558f4ea271595b61,Khushal Mega MAll,Pakistan,Havelian,"Havelian, 22500, Pakistan",22500,73.15201634,34.05482558,Retail & Shopping,Shopping Centers,Shopping mall,Open,+92 312 6880216,facebook.com,4.2,9.0,34.14,People typically spend up to 1.5 hours here,03-2025
a917e4d3e5a84b5490bef18f61364de8,Gohar Rabi Centre,UC-6 P.e.c.h.s 1,Karachi,"Tariq Rd, Block 3 P.E.C.H.S., Karachi, 75400, Pakistan",75400,67.05891195,24.87601127,Retail & Shopping,Shopping Centers,Shopping mall,Open,+92 316 9878020,harjaga.com,4.7,11.0,44.57,People typically spend up to 4 hours here,03-2025
4c1fd33f203c78f874e74f4fff5a23fb,Zeb Mall And Residency,Rawalpindi,Islamabad,"Main Service Road East Khanna Pull, Flyover Islamabad Expy, Islamabad, 49620, Pakistan",49620,73.11171662,33.6311127,Retail & Shopping,Shopping Centers,Shopping mall,Open,+92 332 6888688,facebook.com,4.8,4.0,41.86,People typically spend up to 2 hours here,03-2025
9f314bf2a61be995368cfc2d1ab7130c,DVAGO Pharmacy & Wellness Experts,Punjab,Lahore,"Shop No. SE-6R, Garhi Shahu Branch, 82/B/2 Allama Iqbal Rd, near Punjab Bank, Lahore, 54000, Pakistan",54000,74.34402953,31.56262551,Retail & Shopping,Drug & Pharma,Pharmacy,Open,+92 21 111 138 246,dvago.pk,4.1,27.0,43.86,People typically spend up to 30 min here,03-2025
bcdeebbcac4b0fa38ddbc90da83683eb,Nishat Linen - Bahria Town,Sector C,Lahore,"64 Bahria Town Main Blvd, Commercial Zone Sector C Commercial Area Sector C Bahria Town, Lahore, 53720, Pakistan",53720.0,74.18407928,31.37017023,Retail & Shopping,Fashion & Accessories,Clothing store,Open,+92 42 35133577,nishatlinen.com,4.1,175.0,52.57,People typically spend up to 45 min here,03-2025
0a1b1cde78adfd29bf5e3ace5865bc52,Amanat Eye Hospital Islamabad,Islamabad Capital Territory,Islamabad,"Auqaf Building, Street 61, F-7/4 F 7/4 F-7, Islamabad, 44000, Pakistan",44000.0,73.06135525,33.7222405,Retail & Shopping,Eyewear & Optics,Eye care center,Open,+92 51 8438021,amanathospital.com,4.5,653.0,36.67,People typically spend up to 1 hour here,03-2025
65b591435d75e527c308de05f67d8a33,6th Road Center,Satellite Town,Rawalpindi,"J3V8+3JJ, 8-D 6th Rd, D Block Block D Satellite Town, Rawalpindi, 46300, Pakistan",46300.0,73.06416493,33.64336445,Retail & Shopping,Shopping Centers,Shopping mall,Open 24 hours,+92 340 0340555,gharbaar.com,4.4,111.0,44.86,People typically spend up to 2.5 hours here,03-2025
d7957ddf6d50e73c1481e71a5100f220,DVAGO Pharmacy & Wellness Experts,Block 14,Karachi,"Near Javed Nihari, Block 15, Federal B Area Dastagir Block 15 Gulberg Town, Karachi, 75950, Pakistan",75950.0,67.07315858,24.92879152,Retail & Shopping,Drug & Pharma,Pharmacy,Open 24 hours,+92 21 111 138 246,dvago.pk,3.3,34.0,31.71,People typically spend up to 10 min here,03-2025
9c0106040cebf27c3f0e22dc37a2bd21,Kale Karachi,Sindh,Karachi,"25 C Lane 4, D.H.A Phase 6 Bukhari Commercial Area Phase 6 Defence Housing Authority, Karachi, 75500, Pakistan",75500.0,67.06275749,24.79299835,Retail & Shopping,Home & Furniture,Home goods store,Open,+92 322 2500462,kale.com.pk,4.5,66.0,53.17,People typically spend up to 2.5 hours here,03-2025
6b3eea3a50b1a57148bdff180f58db75,Toyota Defence Motors,Sindh,Karachi,"118-C Main Korangi Rd, D.H.A. Phase 1 Phase 1 Defence Housing Authority, Karachi, 75500, Pakistan",75500.0,67.06687195,24.83695215,Retail & Shopping,Auto & Vehicle Retail,Toyota dealer,Open,+92 21 111 836 836,toyotadefence.com,4.1,982.0,58.5,People typically spend up to 1.5 hours here,03-2025
348cc4431a56053a496264a78be77e1b,Yaqin Vision Eye Center,Shadman,Lahore,"36 Shadman Colony I, Shadman 1 Shadman, Lahore, 54000, Pakistan",54000.0,74.32855155,31.54040373,Retail & Shopping,Eyewear & Optics,Eye care center,Open,+92 42 35408835,yaqinvision.com,3.4,45.0,57.83,People typically spend up to 2.5 hours here,03-2025
2c8eca2b2be646c96968f5ec7084f194,URDU BAZAR MALL,Punjab,Lahore,"7 Kabeer St, Urdu Bazar Lahore, 54000, Pakistan",54000.0,74.30822536,31.57580337,Retail & Shopping,Office & Stationery,Stationery store,Open,+92 42 37115555,stationers.pk,4.3,108.0,53.86,People typically spend up to 3.5 hours here,03-2025
277141d038155525453a2d91e3b6a0c3,U Mart,Pakistan,Kharian,"GT Rd, Panjan Kasana Kharian, 50090, Pakistan",50090.0,73.89789664,32.76555137,Retail & Shopping,Shopping Centers,Supermarket,Open,+92 53 7704347,umartpakistan.com,4.3,229.0,59.86,People typically spend up to 30 min here,03-2025
83f96ad4f4c8f2cc3fdcb16102ddcbef,BODLA MOBILES (A&J COMMUNICATION),Pakistan,Pākpattan,"shop no 10 Dream markeet, near bijli chowk, Pākpattan, 57400, Pakistan",57400.0,73.38958392,30.35105852,Retail & Shopping,Computers & Electronics,Cell phone store,Open,+92 321 6501765,facebook.com,4.1,64.0,61.17,People typically spend up to 1 hour here,03-2025
2037aae556635ecc4688eb04b8094daa,Cyber store,Punjab,Lahore,"City Tower, Gulshan Ravi Main Rd, Samanabad Town, Lahore, 54000, Pakistan",54000.0,74.29114098,31.54423177,Retail & Shopping,Misc. Stores,Store,Open 24 hours,+92 323 0434567,daraz.pk,3.2,13.0,42.0,People typically spend up to 2 hours here,03-2025
cf8b30b0fbaf8b0b6db21a96a34655e1,Acme Mart,UC-7 Korangi 33,Karachi,"No. 21/2, Plot No. SA-186, Sector - 33G, Near Gareeb Nawaz Stop, 33, G Korangi, Karachi, 75900, Pakistan",75900.0,67.14103118,24.83509034,Retail & Shopping,Market & Grocers,Grocery store,Open,+92 312 2172741,acmemart.pk,4.5,11.0,55.5,People typically spend up to 30 min here,03-2025
3df2b22a5190dfe35dadbdbcd5c896dd,Gomila Intersole Rawalpindi,Rawalpindi Tehsil,Rawalpindi,"Lalkurti, Rawalpindi, 46000, Pakistan",46000.0,73.0556976,33.58588231,Retail & Shopping,Fashion & Accessories,Shoe store,Open,+92 51 5147811,gomilaintersole.com,4.3,87.0,46.57,People typically spend up to 2 hours here,03-2025
1e10791c9fb040e3a2003dba55ec2264,Mashallah Autos & Yamaha Service Center,Sodhiwal,Lahore,"38, Bund Rd, Sodhiwal, Lahore, 54000, Pakistan",54000.0,74.27746122,31.53485491,Retail & Shopping,Auto & Vehicle Retail,Auto parts store,Open,+92 321 8412565,facebook.com,4.1,129.0,53.43,People typically spend up to 1.5 hours here,03-2025
d9ab79db415f956d82a5546a19d0572d,Changan Yazdani Motors Pvt. Ltd.,UC-1 Bilal Colony,Karachi,"H-3/B, EBM Cswy, Sector 5 Korangi Industrial Area, Karachi, 74900, Pakistan",74900.0,67.09484786,24.84221189,Retail & Shopping,Auto & Vehicle Retail,Auto market,Open,+92 300 0609380,changan.com.pk,4.1,376.0,64.67,People typically spend up to 1 hour here,03-2025
be411cb963771b77e746f4d31a42f24b,METRO Multan Store,Punjab,Multan,"Masood METRO Mall, Bosan Rd, opposite BZU, Multan, 60000, Pakistan",60000.0,71.48962373,30.26686853,Retail & Shopping,Shopping Centers,Shopping mall,Open,+92 42 111 786 622,metro.pk,4.1,2196.0,51.57,People typically spend up to 1 hour here,03-2025
e7bc16c6780880805c8226bf8e340231,Crescent Fabrics کریسنٹ فیبرکس,Pakistan,Mian Channu,"Crescent Bazar near HBL Tulamba, Road, Mian Channu, 58000, Pakistan",58000.0,72.35287256,30.44107112,Retail & Shopping,Fashion & Accessories,Clothing store,Open,+92 65 2661339,facebook.com,3.8,107.0,56.67,People typically spend up to 1 hour here,03-2025
1cde947c22009c927b2db504abd2c2a3,Decent Mart,Punjab,Lahore,"near Hakim chowk, Awan Market, Lahore, 54000, Pakistan",54000.0,74.3646377,31.43537319,Retail & Shopping,Convenience & Variety,General store,Open,+92 331 8333233,facebook.com,4.5,62.0,53.14,People typically spend up to 1.5 hours here,03-2025
ca8633c5299d642405e81b126e67494d,Dolmen Mall Lahore,Punjab,Lahore,"Plot#158, Sector A DHA Phase 6, Lahore, 54000, Pakistan",54000.0,74.43325851,31.46767655,Retail & Shopping,Shopping Centers,Shopping mall,Open,+92 42 111 363 111,dolmengroup.com,4.3,1295.0,43.86,People typically spend up to 2.5 hours here,03-2025
0baeaa18e2517f9d3e4e392669bbf0dc,Anwar Gems World,Waris Khan,Rawalpindi,"Asghar Mall Scheme, Rawalpindi, 46000, Pakistan",46000.0,73.06554346,33.62622372,Retail & Shopping,Arts & Crafts,Jewelry store,Open,+92 347 6257485,anwargemsworld.com,5.0,3.0,45.0,People typically spend up to 2.5 hours here,03-2025
d3fe813369ca093e8f6659b15cb176e4,Bunny Online Store,Punjab,Lahore,"Shop No 53, near Noori Building, Islampura, Lahore, 56131, Pakistan",56131.0,74.29340174,31.56335039,Retail & Shopping,Fashion & Accessories,Clothing store,Open,+92 309 6774355,bunnyonlinestore.pk,3.8,31.0,56.86,People typically spend up to 45 min here,03-2025
62dcf53e5fa9b6a681b55825de90719a,Changan Auto Shahrah-e-Faisal,Sindh,Karachi,"Pakistan Airforce Base, Faisal, adjacent Faisal Cantonment, Faisal Cantonment, Karachi, 75350, Pakistan",75350.0,67.1086783,24.88136159,Retail & Shopping,Auto & Vehicle Retail,Car dealer,Open,+92 21 34573329,changanshahrahefaisal.com,4.6,58.0,45.0,People typically spend up to 2 hours here,03-2025
0b44c6b11cdd8f48d750e8ceabc183d6,BOOKMARK,Punjab,Lahore,"Shop No, 1 Raiwind Rd, near Yasir Broast, Block C Judicial Colony, Lahore, 54000, Pakistan",54000.0,74.24101945,31.46695224,Retail & Shopping,Books & Comics,Book store,Open,+92 311 1760022,bookmark.pk,4.1,337.0,55.43,People typically spend up to 20 min here,03-2025
4c643b6315fb06306b068c2879ee8627,Awan Sports Industries (Pvt). Ltd,Sialkot,Sialkot,"near awan sports, Sialkot, 51040, Pakistan",51040.0,74.47810333,32.43272441,Retail & Shopping,Misc. Stores,Store,Open,+92 52 111 842 842,awansports.com,4.5,92.0,71.0,People typically spend up to 4 hours here,03-2025
51cdb26b5d82efd16fe0c4c758b5ad9d,Bachaa Party - Link Road,Pakistan,Lahore,"Shop #4, Main Model Town Link Rd, G. E. C. H. S Phase 3 Muhammadpura, Lahore, 54600, Pakistan",54600.0,74.31508738,31.46974553,Retail & Shopping,Baby & Children,Children's store,Open,+92 42 35222332,bachaaparty.com,4.7,2390.0,53.57,People typically spend up to 45 min here,03-2025
dcff92d8b7cb6049643728717a2aa266,PCC Premium (Punjab Cash and Carry),Rawalpindi Tehsil,Rawalpindi,"Ammar Shaheed Rd, Askari III Chaklala Cantt., Rawalpindi, 46000, Pakistan",46000.0,73.08054534,33.5871309,Retail & Shopping,Market & Grocers,Grocery store,Open,+92 337 8905251,punjabcashandcarry.pk,4.5,1177.0,64.29,People typically spend up to 45 min here,03-2025
495513ffd8eebb6722eea552a01d4631,Al Qadir Water Storage Tanks,UC-2 Firdous Colony,Karachi,"Shop#1, 16/3, Nazimabad golimar Karachi, 74600, Pakistan",74600.0,67.02801994,24.90012933,Retail & Shopping,Misc. Stores,Store,Open,+92 336 0124679,facebook.com,4.9,234.0,38.29,People typically spend up to 1.5 hours here,03-2025
7c65891f086df308ed6d1389bb127c3e,Minnie Minors,Punjab,Lahore,"Ground Floor, Amnah Mall, Model Town Link Rd, G.E.C.H.S. Phase 2 Muhammadpura, Lahore, 54600, Pakistan",54600.0,74.31295174,31.46705593,Retail & Shopping,Fashion & Accessories,Clothing store,Open,+92 42 35131658,minnieminors.com,4.3,9.0,34.57,People typically spend up to 1 hour here,03-2025
228d07b15f638de922cdbf22118db41f,Risen Cash & Carry - Sabzazar,Sabzazar Housing Scheme Phase 1 & 2,Lahore,"Cricket Stadium, Liaquat chowk, near Model Bazar Road, Sabzazar Block G Sabzazar Housing Scheme Phase 1 & 2 Lahore, 54000, Pakistan",54000.0,74.26477341,31.51975716,Retail & Shopping,Shopping Centers,Supermarket,Open,+92 340 3115555,risen.com.pk,4.1,86.0,40.71,People typically spend up to 45 min here,03-2025
5ff05bcdd56d195115f1d2c5e15345f8,Usman Ghani Fabrics (Wholesaler Faisalabad),Pakistan,Faisalabad,"Main ABC Rd, near Afghanabad 2, opposite Dar Ul Madinah School, Afghanabad 2 Afghanabad, Faisalabad, 38000, Pakistan",38000.0,73.04888238,31.41921717,Retail & Shopping,Fashion & Accessories,Clothing store,Open,+92 322 1227122,usmanghanifabrics.shop,4.0,10.0,46.43,People typically spend up to 1 hour here,03-2025
7f6b4deadc6dcbc1848b183f275cb0b0,Humayun Dental Supplies,Pakistan,Lahore,"building # 43, Mozang Rd, opposite Qaiser Opticals, Mozang Chungi, Lahore, 54000, Pakistan",54000.0,74.3147381,31.55733956,Retail & Shopping,Medical Supplies,Dental supply store,Open,+92 300 4158222,humayundental.com,4.0,22.0,69.5,People typically spend up to 45 min here,03-2025
756d1de0f90316a58be412008f009a7c,Print Stop,Punjab,Lahore,"Office No. B-1, Abbas Trade Center, 265-E Main Boulevard, PIA Housing Society, Lahore, 54770, Pakistan",54770.0,74.27522682,31.44411568,Retail & Shopping,Printing & Copy,Print shop,Open,+92 334 7000427,facebook.com,4.9,245.0,38.0,People typically spend up to 2 hours here,03-2025
509a28afb08f6a4e492a10570ff72e8a,Edenrobe,Sialkot Cantonment,Sialkot,"Sialkot Cantt, Sialkot, Pakistan, Sialkot Cantonment, Sialkot, 51310, Pakistan",51310.0,74.57243967,32.51422712,Retail & Shopping,Fashion & Accessories,Clothing store,Open,+92 52 4297474,edenrobe.com,4.1,56.0,45.43,People typically spend up to 4 hours here,03-2025
4405db89690ce7895cdd644717e441f0,Electronics Plus M Ishtiaq,Punjab,Jhang,"Aslam Market, Shaheed Rd, Mohalla Gohar Shah, Jhang, 35200, Pakistan",35200,72.31355941,31.27474188,Retail & Shopping,Shopping Centers,Shopping mall,Open,+92 314 9944444,facebook.com,4.0,258.0,56.14,People typically spend up to 30 min here,03-2025
4a82b95500721c09acea419ac2ab9caa,Muhammadi Autos,Waris Khan,Rawalpindi,"J, 309 Murree Rd, Dhoke Elahi Baksh, Rawalpindi, 46000, Pakistan",46000,73.06282219,33.61172421,Retail & Shopping,Auto & Vehicle Retail,Auto parts store,Open,+92 51 5593930,facebook.com,4.2,591.0,54.83,People typically spend up to 1 hour here,03-2025
161d1a8c5b9a662a4c481906a76dc9f9,Shahbaz Super Store,Punjab,Lahore,"Koh-e-Noor Rd, Farooq Gunj Mohalla Lahore, 54000, Pakistan",54000,74.32528472,31.58809679,Retail & Shopping,Convenience & Variety,General store,Open,+92 315 7050603,shahbazsuperstore.com,4.5,138.0,49.57,People typically spend up to 2 hours here,03-2025
c5da0e47563011222c168daeebe42bc9,AL SAFA 7 Departmental Store,Railway Colony,Lahore,"73-A Main G. T. Road, موڑ, Tezab Ahata Swami Nagar, Lahore, 54000, Pakistan",54000,74.34120775,31.57919166,Retail & Shopping,Market & Grocers,Grocery store,Open,+92 304 4242217,alsafa7.com,4.2,239.0,66.29,People typically spend up to 30 min here,03-2025
8124f6c2bb71020e3fdc735ade7061b8,VAPEGURUPK,Pakistan,Lahore,"Barkat Market, Commercial Area Garden Town, Lahore, 05309, Pakistan",05309,74.3185937,31.49917418,Retail & Shopping,Cannabis & Smoke Shops,Vaporizer store,Open,+92 300 0892208,vapeguru.pk,3.5,23.0,43.29,People typically spend up to 3.5 hours here,03-2025
3bb72b818584b63dcf9cd8a959cc87d3,D.Marina,Punjab,Multan,"Bosan Rd, New Shalimar Colony, Multan, 60000, Pakistan",60000,71.48776468,30.24582843,Retail & Shopping,Cosmetics & Beauty,Cosmetics store,Open,+92 61 2036452,dmarina.pk,4.3,301.0,47.0,People typically spend up to 45 min here,03-2025
e4a927213161187838458402b2bb0fe9,Japan Electronics,Waris Khan,Rawalpindi,"Japan Electronics Gul Noor Market, Near Naz Cinema, Murree Rd, Rawalpindi, 46300, Pakistan",46300,73.06616448,33.62495549,Retail & Shopping,Computers & Electronics,Electronics store,Open,+92 309 5554742,japanelectronics.com.pk,4.8,3505.0,50.29,People typically spend up to 45 min here,03-2025
a14b8a079a4cb3c2a01fe4b002c1767d,Tayyab Mobile,Punjab,Gujrat,"Tayyab mobile, Shah Jahangir Rd, Muslimabad, Gujrat, 50700, Pakistan",50700,74.08255668,32.57711783,Retail & Shopping,Computers & Electronics,Cell phone accessory store,Open,+92 310 7202576,facebook.com,3.9,12.0,66.5,People typically spend up to 30 min here,03-2025
f1b86ce3247d7bedb63ba2557a56bf21,Bespoke Tailors,Islamabad Capital Territory,Islamabad,"7,8 Madni plaza, Jinnah Ave, near Kulsum Hospital, G 6/2 Blue Area, Islamabad, 44000, Pakistan",44000.0,73.07088625,33.71848447,Retail & Shopping,Fashion & Accessories,Custom tailor,Open,+92 51 2342222,bespoketailors.pk,4.2,209.0,42.29,People typically spend up to 2 hours here,03-2025
0b709f2bf8af738cf797ddb23845ec1c,Outfitters Malir Cantt,Sindh,Karachi,"Shop # G-16,17,18 F16,17,18 Falcon Street, Malir Cant. Rd, opp. KIMS, Malir Cantonment, Karachi, 75080, Pakistan",75080.0,67.21130453,24.9474819,Retail & Shopping,Shopping Centers,Outlet mall,Open,+92 21 34491120,outfittersstores.com,4.1,61.0,33.0,People typically spend up to 45 min here,03-2025
ac545ca2c903a7fa4e9d6d96da5bf9cd,Dreams Pakistan,UC-1 Dehli Mercantile,Karachi,"M.A.C, PLOT NO. B/1/2 MAIN, H.S ROUNDABOUT, Karachi, 73350, Pakistan",73350.0,67.08575667,24.87504777,Retail & Shopping,Fashion & Accessories,Watch store,Open,+92 322 2883651,dreamspakistan.com,4.3,331.0,56.14,People typically spend up to 2.5 hours here,03-2025
bc16f04e2c3aa5a9aa7e5cad67f8c265,Shauqeen Computers,Punjab,Hazro,"Zia ul Haq Shaheed Rd, Hazro, 43600, Pakistan",43600.0,72.4847956,33.90832849,Retail & Shopping,Computers & Electronics,Computer store,Open,+92 333 5558487,g.page,4.1,29.0,42.67,People typically spend up to 1 hour here,03-2025
83714a16a81d7fa0b312177b6578aebc,Dubai Gift Centre,Sector Y,Gujranwala,"Main Rd Peoples Colony, near Allied Bank, Sector Y Peoples Colony, Gujranwala, 52250, Pakistan",52250.0,74.20550666,32.13777123,Retail & Shopping,Souvenirs & Gifts,Gift shop,Open,+92 316 7245710,wa.me,4.5,212.0,51.83,People typically spend up to 45 min here,03-2025
4d4e4f83ce6447127354b20b37d57b5d,Apple Zone Bhara kho,Barakahu,Islamabad,"shandar Mobile Mall, Main Murree Rd, Barakahu, Islamabad, 44000, Pakistan",44000.0,73.17711435,33.73913065,Retail & Shopping,Computers & Electronics,Cell phone store,Open,+92 307 8778601,facebook.com,4.2,49.0,62.71,People typically spend up to 3.5 hours here,03-2025
a2ef63ec89d1dad918fcd3537dc72993,Motifz,Tehkal Bala,Peshawar,"Shop No: 9-10 Jk Plaza Arbab Road Stop, University Rd, Tehkal, Peshawar, 25000, Pakistan",25000,71.50061866,34.00444614,Retail & Shopping,Fashion & Accessories,Clothing store,Open,+92 91 5850400,motifz.com.pk,4.3,13.0,37.43,People typically spend up to 4 hours here,03-2025
eb90f2e1823295dc7fee041b780ba2d0,Bilal Hardware House,UC-10 Jamshed Qurts,Karachi,"Shop 13 Jail Rd, Hyderabad Colony Karachi, 74200, Pakistan",74200,67.05210819,24.88582391,Retail & Shopping,Construction & Hardware,Hardware store,Open,+92 21 34927632,mbsattar.com,4.5,93.0,25.0,People typically spend up to 30 min here,03-2025
2adf3a76419c6df4082a2e9f2a6a91c5,Bachaa Party Gulgasht Avenue Multanبَچہ پارٹی,Taraf Mubarik Doim,Multan,"97A, 1 Gulgasht Ave, A Block Gulgasht Colony, Multan, 60700, Pakistan",60700,71.46973284,30.2178564,Retail & Shopping,Baby & Children,Children's store,Open,+92 61 6211174,bachaaparty.com,4.8,6160.0,53.14,People typically spend up to 45 min here,03-2025
6203bbca23a150810045b76dfaa50415,Abdullah Sons Fabric Store,Sargodha,Sargodha,"Kachery Rd, near GPO Chowk, Sargodha, 40100, Pakistan",40100,72.66778965,32.07500124,Retail & Shopping,Fashion & Accessories,Clothing store,Open,+92 311 1222719,abdullahsons.pk,4.3,56.0,47.0,People typically spend up to 1.5 hours here,03-2025
8a5c354c835b41dd8e7afc92dcf6f26f,BAWA VAPES (UNI TOWER),Punjab,Bahawalpur,"Shop #F17 First Floor, Uni Tower, University Chowk, Gulshan E Farid Colony, Bahawalpur, 63100, Pakistan",63100,71.68792447,29.39534629,Retail & Shopping,Cannabis & Smoke Shops,Vaporizer store,Open,+92 306 1836509,bawavape.com,4.5,96.0,47.57,People typically spend up to 45 min here,03-2025
370253a56de1bd7bacbfd9ed419cc5de,M. Ramzan Machinery Company,Pakistan,Lahore,"Bohar Wala Chowk , Sewing Machine Market, 6 Allama Iqbal Rd, Garhi Shahu, Lahore, 54000, Pakistan",54000,74.33481692,31.57235077,Retail & Shopping,Home & Furniture,Sewing machine store,Open,+92 42 111 726 926,mramzan.net,4.4,180.0,49.5,People typically spend up to 1.5 hours here,03-2025
0c471d080ab01a969a36470f8b3648ee,PCC - Punjab Cash and Carry Askari 14,Rawalpindi Tehsil,Rawalpindi,"Askari Blvd, Askari 14, Rawalpindi, 47311, Pakistan",47311,73.06548223,33.53885712,Retail & Shopping,Market & Grocers,Grocery store,Open,+92 337 8905240,punjabcashandcarry.com.pk,4.2,313.0,65.57,People typically spend up to 20 min here,03-2025
0ce6acccb7b3002264be8bc0d508018b,Siddiqui Book House and Stationers,Pakistan,Lahore,"جامع خالد بن ولید, Abul Hassan Isfahani Rd, Block M Model Town, Lahore, 54600, Pakistan",54600,74.30456978,31.48217647,Retail & Shopping,Books & Comics,Book store,Open,+92 333 4301999,siddiquibookcompany.com,4.3,796.0,62.83,People typically spend up to 15 min here,03-2025
443322487feec99b3a39e57e106039b6,Kia Motors Metropolis Islamabad,Islamabad Capital Territory,Islamabad,"Plot No, 375 Potohar Rd, I-9/3 I 9/3 Industrial Area, Islamabad, 46000, Pakistan",46000,73.05357139,33.65728183,Retail & Shopping,Auto & Vehicle Retail,Kia dealer,Open,+92 51 111 374 111,kiamotorsmetropolis.com,4.7,991.0,55.29,People typically spend up to 2 hours here,03-2025
4bbcfc29990db771edba44ffd4c7ad66,Hush Puppies,Satellite Town Market,Gujranwala,"113-A, Satellite Town, Near National Bank, 52250, Pakistan",52250,74.19966542,32.16409241,Retail & Shopping,Fashion & Accessories,Shoe store,Open,+92 55 3401546,hushpuppies.com.pk,4.0,134.0,57.57,People typically spend up to 45 min here,03-2025
ac1926b210ddf057141b20281b71be7d,Rana bedsheets,Shahdara Town,Shahdara,"25 no stopArfat park shaikhupura road 25 No stop main bazar irfat park, Shahdara, 54950, Pakistan",54950,74.27570744,31.62003831,Retail & Shopping,Fashion & Accessories,Clothing store,Open,+92 309 4708102,aisarrana664.wixsite.com,4.4,44.0,54.43,People typically spend up to 2 hours here,03-2025
77fb2dd04b1a02355dc7978bc359863a,Manto Studio (Office),UC-10 Clifton,Karachi,"3rd Floor, Emerald Tower, Do Talwar, Block 5 Clifton, Karachi, 75600, Pakistan",75600.0,67.03149197,24.82193224,Retail & Shopping,Fashion & Accessories,Clothing store,Open,+92 348 1262686,shopmanto.com,4.4,68.0,49.17,People typically spend up to 4 hours here,03-2025
fd2b45ac09e81d76b16b8a6fbc461d0a,Musa The Medicine Store,Sahiwal Tehsil,Sahiwal,"Plot, No 235F, Plot 235 F, Farid Town, Sahiwal, 57000, Pakistan",57000.0,73.08345472,30.67426859,Retail & Shopping,Drug & Pharma,Pharmacy,Open,+92 300 1287702,facebook.com,4.9,7.0,39.43,People typically spend up to 1 hour here,03-2025
dbc0c8c65ae22a1e97d0d877b549da6d,Bin Akram Pharmacy,Rahwali Cantonments,Rahwali Cantonments,"Bank Mor Rd, Askari Homes Rahwali Cantonment, Rahwali Cantonments, 52230, Pakistan",52230.0,74.1222719,32.24787262,Retail & Shopping,Drug & Pharma,Pharmacy,Open,+92 300 7175980,facebook.com,4.9,11.0,43.43,People typically spend up to 1 hour here,03-2025
84ad0144b3a150985f9e5f25d8704f0e,Faizeaam Dawakhana And Pharmacy,Rawalpindi Tehsil,Rawalpindi,"Kk 467 Khana kak Kuri road, Kuri Road Area, Rawalpindi, 46000, Pakistan",46000.0,73.09404824,33.6405896,Retail & Shopping,Drug & Pharma,Pharmacy,Open,+92 333 5116760,faizeaamdawakhana.com,4.6,5.0,49.29,People typically spend up to 1.5 hours here,03-2025
bc1350cd0264a5998572c8ea0ffb2110,U Mart Express,Sarai Alamgi,Sarai Alamgir,"Main GT Rd, near new metro city, Sarai Alamgir, 50000, Pakistan",50000.0,73.77539222,32.88490196,Retail & Shopping,Shopping Centers,Supermarket,Open,+92 306 9595222,linktr.ee,4.6,57.0,57.86,People typically spend up to 20 min here,03-2025
eb94d62758cd1ce988dbca557b9c9948,Basra Brothers Sanitary & Pipe Store,Super Town,Lahore,"Chaudhry Market, Walton Rd, Service Rd, Super Town Cavalry Ground, Lahore, 05444, Pakistan",5444.0,74.36827012,31.4909033,Retail & Shopping,Shopping Centers,Outlet mall,Open,+92 300 4555435,basratraders.com,4.1,263.0,63.0,People typically spend up to 45 min here,03-2025
406d8757e13c628bfa13e33847471236,"Naheed Super Market, Malir Cantt Branch",Sindh,Karachi,"Shop # GF 16 & FF 09, Safa Mall, Ziarat line, Malir Cantonment, Karachi, 75070, Pakistan",75070.0,67.20209151,24.94185255,Retail & Shopping,Market & Grocers,Grocery store,Open,+92 21 111 624 333,naheed.pk,3.9,53.0,60.57,People typically spend up to 30 min here,03-2025
9383b7d4d259007d1da86971c1cc4e42,HA MEGA MART,Punjab,Lahore,"Jehangir Rd, near Stylo shoes, Fatehgarh, Lahore, 51350, Pakistan",51350.0,74.40002523,31.56723691,Retail & Shopping,Shopping Centers,Supermarket,Open,+92 311 4966992,hamegamart.online,4.1,14.0,52.0,People typically spend up to 25 min here,03-2025
e6cc136f1644219306fc491ab33f0a9c,Toyota GT Motors,Islamabad Capital Territory,Islamabad,"f15, 2 GT Rd, F 15 Jammu Kashmir Housing Scheme, Islamabad, 44000, Pakistan",44000.0,72.91807617,33.64282379,Retail & Shopping,Auto & Vehicle Retail,Toyota dealer,Open,+92 348 1119600,toyotagt.com.pk,4.1,1069.0,70.5,People typically spend up to 2 hours here,03-2025
b972707e2bcc578bfea6a27bced29eff,Colaro Sports,Small Industrial Estate,Sialkot,"Liaqat Ali Rd, Small Industrial Estate Sialkot, 51310, Pakistan",51310.0,74.51419269,32.48585093,Retail & Shopping,Fashion & Accessories,Sportwear manufacturer,Open,+92 52 3253216,colarosports.com,4.6,33.0,65.83,People typically spend up to 4 hours here,03-2025
74e21598cde60b97c44e4ec2defa63ec,Cards Walay Multan,Tipu Sultan Colony,Multan,"Building# 40-13 (G-Floor). Israr Shafiq Business Center, Hassan Parwana Rd, Tipu Sultan Colony, Multan, 60000, Pakistan",60000.0,71.45818362,30.19260619,Retail & Shopping,Printing & Copy,Invitation printing service,Open,+92 61 4501450,cardswalay.com,4.3,80.0,62.17,People typically spend up to 2.5 hours here,03-2025
8496dbebb04ce80aa4664c88587c217d,Zellbury.,Trade Centre,Lahore,"Shop No. F-17, Nishat Emporium Mall, Abdul Haque Rd, adjacent to Lahore International Expo Centre, Trade Centre Commercial Area Phase 2 Johar Town, Lahore, 54782, Pakistan",54782.0,74.26340271,31.46736459,Retail & Shopping,Fashion & Accessories,Clothing store,Open,+92 21 38402072,zellbury.com,4.4,1637.0,52.86,People typically spend up to 3.5 hours here,03-2025
40dc6d66251ab3408e2e1155a79d9b27,Chase Value - Multan,Punjab,Multan,"126-H, Old Bahawalpur Road, Kaswar Gardezi Road, Lalazar Colony, Multan, 60000, Pakistan",60000.0,71.44681648,30.19961325,Retail & Shopping,Big Box & Department Stores,Department store,Open,+92 21 111 124 273,chasevalue.pk,4.2,4114.0,65.43,People typically spend up to 1 hour here,03-2025
87ca0111ffabde1e6da95be4e8957a02,Chaudhry Auto Store,Qila Gujjar Singh,Lahore,"17-A Montgomery Rd, Montgomery Park Qila Gujjar Singh, Lahore, 54000, Pakistan",54000.0,74.3253271,31.5669543,Retail & Shopping,Auto & Vehicle Retail,Auto parts store,Open,+92 322 4022262,chaudhryautostore.com,4.2,1292.0,69.17,People typically spend up to 1.5 hours here,03-2025
a5306b6b83e86a5044d589d485f58da2,Rajpoot Motors (Atlas Honda Dealership),Pakistan,Faisalabad,"Service Rd, Allama Iqbal Colony, Faisalabad, 38000, Pakistan",38000.0,73.07322882,31.39134218,Retail & Shopping,Auto & Vehicle Retail,Motorcycle dealer,Open,+92 41 8557224,atlashonda.com.pk,4.4,137.0,48.83,People typically spend up to 1 hour here,03-2025
78b93b62765bae7acb8c2a4dc98ba532,عمرجیولرز ️ Umar jewellers,Dera Ghazi Khan,Dera Ghazi Khan,"Quaid-E-Azam Rd, BLOCK 11 Block 11, Dera Ghazi Khan, 32200, Pakistan",32200.0,70.63533288,30.05720591,Retail & Shopping,Arts & Crafts,Jewelry store,Open,+92 335 4400032,umarjewellers.com,4.5,63.0,39.17,People typically spend up to 4 hours here,03-2025
65b4546d9971298055a43fae82a96ac7,Madina Electric & Light House,Pakistan,Khairpur,"Mirwah Canal Rd 2, Mirwah Colony, Khairpur, 66020, Pakistan",66020.0,68.75166512,27.52760392,Retail & Shopping,Home & Furniture,Lighting store,Open,+92 300 3513455,facebook.com,4.6,5.0,46.43,People typically spend up to 1.5 hours here,03-2025
d74d7aca66865eb8900a6f8b43ef4352,Toyota Jinnah Motors,Pakistan,Gajju Matah,"23-KM, Lahore – Kasur Rd, Kahna Nau, Gajju Matah, 54000, Pakistan",54000.0,74.36111879,31.38099436,Retail & Shopping,Auto & Vehicle Retail,Toyota dealer,Open,+92 42 35272031,toyotajinnah.com,4.4,898.0,65.86,People typically spend up to 1.5 hours here,03-2025
869003e9231d56d5f28377dec43f14c0,Ar electronic,Punjab,Lahore,"18c Raiwind Rd, near Yasir Broast, Block C Judicial Colony, Lahore, 54000, Pakistan",54000.0,74.24122715,31.46648382,Retail & Shopping,Computers & Electronics,Electronics store,Open,+92 321 4862463,ar-electronics.com,4.2,65.0,30.0,People typically spend up to 2 hours here,03-2025
3928ff784a6ba8435862bf9872fc2dc9,Hafiz Cloth House Main Bazar Since 1948,Sialkot,Sialkot,"Main Bazar, Muslim Bazaar, Sialkot, 51310, Pakistan",51310.0,74.54286137,32.49321917,Retail & Shopping,Fashion & Accessories,Clothing store,Open,+92 52 4587580,facebook.com,4.2,32.0,56.83,People typically spend up to 2.5 hours here,03-2025
ea77115e0c90cd02f51315a8cc174a0d,Saddiq Shafiq Store Dhobi Ghat,Pakistan,Haroonabad,"dhobi ghat, Haroonabad, 62100, Pakistan",62100,73.13421597,29.6036565,Retail & Shopping,Market & Grocers,Grocery store,Open,+92 331 5552426,sites.google.com,4.7,37.0,57.71,People typically spend up to 20 min here,03-2025
4fce7d5aa53fca099f7f5ecc079a65e6,"THE VAPE HOUSE MULTAN,Vape store,vape shops E-Cigarettes",Taraf Mubarik Doim,Multan,"Basement Saleem Mall, plaza Golbagh, C Block Gulgasht Colony, Multan, 59300, Pakistan",59300,71.47118844,30.2220892,Retail & Shopping,Cannabis & Smoke Shops,Vaporizer store,Open,+92 312 7452550,thevapehouse.pk,4.0,90.0,58.57,People typically spend up to 3 hours here,03-2025
bed0dae1b55723ce493ade2ab220ae76,JD sports,Islamabad Capital Territory,Islamabad,"1 Street 44, G-6/1 G 6/1 G-6, Islamabad, 44000, Pakistan",44000.0,73.08403362,33.70678049,Retail & Shopping,Shopping Centers,Shopping mall,Open,+92 305 4561717,jdsports.pk,4.4,154.0,60.57,People typically spend up to 1 hour here,03-2025
55edc2c870777aef1ee8bfd3c664fe87,BIN AQEEL SUPERMARKET بن عقیل سپر مارکیٹ,UC-12 Gulzar-e-hiijri,Karachi,"Kiran Hospital road Opp Chapal Sun City Main Gate, Maroora Gothh, Karachi, 75330, Pakistan",75330.0,67.13766497,24.95144857,Retail & Shopping,Shopping Centers,Supermarket,Open,+92 21 34641233,facebook.com,3.8,185.0,67.0,People typically spend up to 15 min here,03-2025
4f475f200539ac959dc7cb6f847e554d,Punjab Cash & Carry,Punjab,Lahore,"Grand Trunk Rd, Qazi Town, Lahore, 54000, Pakistan",54000.0,74.47202148,31.59448878,Retail & Shopping,Market & Grocers,Grocery store,Open,+92 337 8905289,punjabcashandcarry.com.pk,4.7,36.0,57.86,People typically spend up to 30 min here,03-2025
ee62856e1d257f768b32b19bcfb624df,Punjab Cash and Carry,Sector G,Islamabad,"Commercial Area, G DHA Phase II, Islamabad, 45730, Pakistan",45730,73.16965932,33.53247339,Retail & Shopping,Market & Grocers,Grocery store,Open,+92 51 5418050,punjabcashandcarry.com.pk,4.2,353.0,70.86,People typically spend up to 25 min here,03-2025
c8570edc91181fe2fa67ecc4e3a065fb,Mushtaq Optical Centre,Pakistan,Lahore,"Safanwala Chowk, Mozang Rd, Mozang Chungi, Lahore, 54000, Pakistan",54000,74.31473171,31.55757329,Retail & Shopping,Eyewear & Optics,Optician,Open,+92 323 4119600,wa.me,4.1,55.0,45.57,People typically spend up to 30 min here,03-2025
9b2c9683e2dd981ca845650896234c0c,Auto 2000 Sports | Faisal Town Branch | Auto Parts & Modification Expert,Pakistan,Lahore,"5-C1 Abul Hassan Isfahani Rd, Block C1 Block C 1 Faisal Town, Lahore, 54000, Pakistan",54000,74.30630649,31.47594167,Retail & Shopping,Auto & Vehicle Retail,Car accessories store,Open,+92 322 3802000,auto2000sports.com,4.0,104.0,71.83,People typically spend up to 1.5 hours here,03-2025
bb22ac999e01de3a79940d6d762db8b3,Bridal Symphony By Maaz,Punjab,Jhang,"Shop # 1, Ground floor, Abdullah plaza, Dhaji Road, Sadar, Jhang, 35200, Pakistan",35200,72.31065737,31.27413657,Retail & Shopping,Shopping Centers,Outlet store,Open,+92 322 7703162,bridalsymphonybymaaz.com,5.0,1.0,53.5,People typically spend up to 2.5 hours here,03-2025
0ebea0dab0992d67b31f7b7e1a76dd89,Nishat Linen,Pakistan,Lahore,"21 Km Lahore – Kasur Rd, Asif Town, Lahore, 54000, Pakistan",54000.0,74.35795673,31.40268795,Retail & Shopping,Fashion & Accessories,Clothing store,Open,+92 42 38023113,nishatlinen.com,4.1,940.0,69.83,People typically spend up to 4 hours here,03-2025
0b3b78ad31e30064a4f2a7ef6d598d2f,Hussnain furniture,Pakistan,Lahore,"main market, Gulberg 2, Lahore, 54000, Pakistan",54000.0,74.34237016,31.52641764,Retail & Shopping,Home & Furniture,Furniture store,Open,+92 306 4319167,furnitureidea.pk,4.3,108.0,56.0,People typically spend up to 3 hours here,03-2025
a6d197e24134eb33356e63596ba039ff,Lahore Centre,Pakistan,Lahore,"Abid Market, Plot 21 Temple Rd, Lahore, 54000, Pakistan",54000.0,74.31330676,31.54993689,Retail & Shopping,Computers & Electronics,Electronics store,Open,+92 300 8459442,lahorecentre.com,4.0,692.0,62.0,People typically spend up to 1.5 hours here,03-2025
e1fd06a82c57405bfc750500ba7979b9,M.I Tiles - One Stop-Shop for Tiles.,Punjab,Lahore,"186 Lahore – Kasur Rd, Ichhra Lahore, 54600, Pakistan",54600.0,74.31948287,31.52839966,Retail & Shopping,Home & Furniture,Tile store,Open,+92 321 4306430,mitiles.net,4.2,317.0,54.5,People typically spend up to 1.5 hours here,03-2025
b1a2be545aad18a70b20c03f3ff985e3,Star Shopping Plaza,Pakistan,Faisalabad,"Raheem Center, Tata Bazar, Factory Area, Faisalabad, 38000, Pakistan",38000.0,73.08007367,31.41056216,Retail & Shopping,Shopping Centers,Shopping mall,Open,+92 41 2625662,starshoppingplaza.com,4.0,501.0,57.5,People typically spend up to 1.5 hours here,03-2025
5bc4deffdc0565b1f0de04b4aaa791a4,Japan Electronics,Sector C,Rawalpindi,"Hassan Arcade, Main Main PWD Rd, PWD Housing Society Block C PWD Society, Rawalpindi, 46000, Pakistan",46000.0,73.13863234,33.5693388,Retail & Shopping,Computers & Electronics,Electronics store,Open,+92 308 5552107,japanelectronics.com.pk,4.5,810.0,46.0,People typically spend up to 2 hours here,03-2025
57dda260a60e858d3e25b4b785fd0049,Intag Laptop Store - Best Laptop Store in Rawalpindi,Saddar,Rawalpindi,"Intag Laptop Stores, Haider Rd، near Bread & Butter Bakery, Saddar, Rawalpindi, 46000, Pakistan",46000.0,73.05038178,33.59462149,Retail & Shopping,Computers & Electronics,Computer store,Open,+92 312 5226133,intaglaptops.com,4.7,648.0,59.14,People typically spend up to 3 hours here,03-2025
39c03816ed8b2c7e970f82a1ccb29986,Multan Kitab Ghar,Taraf Mubarik Doim,Multan,"2 Bosan Rd, A Block Gulgasht Colony, Multan, 60800, Pakistan",60800,71.47261974,30.2207235,Retail & Shopping,Books & Comics,Book store,Open,+92 336 6009981,mkg.com.pk,4.2,3141.0,58.14,People typically spend up to 20 min here,03-2025
f35a858560092647c476d92bdc1e2680,Sana Safinaz,Pakistan,Lahore,"Shop.#.15, Ground Floor, Gulberg Galleria, 18 Main Boulevard Gulberg, III, Lahore, 54660, Pakistan",54660,74.34897314,31.53186968,Retail & Shopping,Fashion & Accessories,Clothing store,Open,+92 42 35776957,sanasafinaz.com,4.3,166.0,38.71,People typically spend up to 3.5 hours here,03-2025
572da440bfe26a0a60e95207429e27a4,The Eye Consultants Rawalpindi,Rawalpindi Tehsil,Rawalpindi,"The Eye Consultants، 31، opp. Silver Oak School, Civil Lines, Rawalpindi, 46000, Pakistan",46000,73.06506018,33.58604685,Retail & Shopping,Eyewear & Optics,Eye care center,Open,+92 51 9272038,theeyeconsultants.pk,4.1,74.0,38.33,People typically spend up to 3.5 hours here,03-2025
8c4eb05b2dd90fef3eb5f913a4b46e0d,ChiniotFurniture,Salara,Chiniot,"Monji Wala ground chah yary wali, Chiniot, 35400, Pakistan",35400,72.98332083,31.71795283,Retail & Shopping,Home & Furniture,Furniture store,Open 24 hours,+92 324 7764073,chiniotfurniture.com,4.3,212.0,40.33,People typically spend up to 1 hour here,03-2025
de87689e9026d9c79d6e91f52de21fc3,Kamalia Khaddar Lahore,Shadman,Lahore,"Textile Plaza, Kamalia Khaddar, Shop No.4, LG Floor Tahir Khan Plaza, Main Shadman Market Rd, Lahore, 54610, Pakistan",54610,74.32749842,31.53952075,Retail & Shopping,Fashion & Accessories,Clothing store,Open,+92 345 4545814,kamaliakhaddar.pk,4.5,192.0,54.67,People typically spend up to 1.5 hours here,03-2025
0ad3745615bf9072aa9e01fd3df58f14,Purefoods PF,Pakistan,Lahore,"Plot 99, Jahanzeb Block Allama Iqbal Town, Lahore, 54000, Pakistan",54000,74.28773688,31.52529437,Retail & Shopping,Shopping Centers,Shopping mall,Open,+92 300 4928076,facebook.com,4.8,16.0,56.57,People typically spend up to 30 min here,03-2025
5b9591725097e5a1a0e876183b74a4a9,Centaurus Mall,Islamabad Capital Territory,Islamabad,"4 Jinnah Avenue, F 8/4 F-8, Islamabad, 44220, Pakistan",44220,73.0472115,33.70773237,Retail & Shopping,Shopping Centers,Shopping mall,Open,+92 51 8483040,thecentaurusmall.com,4.4,78095.0,61.71,People typically spend up to 2.5 hours here,03-2025
f695f3d8faf8016e99ed2e6125ad08b6,English Boot House Saddar,UC-8 Saddar,Karachi,"35 Zaibunnisa Street, Saddar Karachi, 75600, Pakistan",75600,67.02648536,24.85735611,Retail & Shopping,Fashion & Accessories,Shoe store,Open,+92 21 35212923,ebhfashion.com,4.0,423.0,59.57,People typically spend up to 30 min here,03-2025
47115b26d845428075ddb8f7491b8dfd,Thestationerycompany.pk - Art Supplies Store And Online Stationery Shop In Pakistan,Punjab,Lahore,"42 Chamberlain Rd, Anarkali Bazaar Lahore, 54000, Pakistan",54000,74.31602014,31.5702448,Retail & Shopping,Arts & Crafts,Art supply store,Open,+92 311 7770119,thestationerycompany.pk,4.3,12.0,48.17,People typically spend up to 1 hour here,03-2025
31f4cf0dd2e0cd11e52b72198773a948,Cougar,Punjab,Faisalabad,"Shop No, 1310-B Shahr-e-Faisal, Pilot Ground Block B People's Colony No 1, Faisalabad, 38090, Pakistan",38090,73.09920159,31.40999886,Retail & Shopping,Fashion & Accessories,Clothing store,Open,+92 41 8555824,cougar.com.pk,4.1,216.0,30.86,People typically spend up to 45 min here,03-2025
06b0c679f7942670358574288fb4d6fc,Modren Shopping Mall (MSM),فادوق کالونی,Sargodha,"University Road, Farooq Colony, Sargodha, 04100, Pakistan",04100,72.68373331,32.06878931,Retail & Shopping,Shopping Centers,Shopping mall,Open,+92 48 3769080,modrenshoppingmall.com,4.2,1011.0,71.57,People typically spend up to 45 min here,03-2025
c444ca0c27030969b5d98ffbefbf8954,DULHA HOUSE,Punjab,Lahore,"30-G Naqi Arcade, 71 The Mall Road, Lahore, 54000, Pakistan",54000,74.31831864,31.56070889,Retail & Shopping,Fashion & Accessories,Clothing store,Open,+92 321 4551465,dulhahouse.net,4.3,238.0,64.0,People typically spend up to 1 hour here,03-2025
e49530e1c3c5a11bcd1f247a9fbb6a2f,Outfitters,Saddar,Rawalpindi,"Zarkoon Plaza, Adam Jee Rd, Saddar, Rawalpindi, 46000, Pakistan",46000,73.05324592,33.59443992,Retail & Shopping,Fashion & Accessories,Clothing store,Open,+92 51 5112625,outfitters.com.pk,4.2,815.0,36.43,People typically spend up to 2 hours here,03-2025
3fd10247e387e9608f28721fa7e55ca7,AL SHAFIQ,Sahiwal Tehsil,Sahiwal,"42 Insar road, Outside souri gali, Sahiwal, 57000, Pakistan",57000,73.10901283,30.66472227,Retail & Shopping,Baby & Children,Baby clothing store,Open,+92 301 8691654,alshafiq.pk,3.9,75.0,56.29,People typically spend up to 1 hour here,03-2025
a02194b25a9d424158bea802217bf8e3,Ideas - Emporium Mall,Trade Centre,Lahore,"Shop # G 08, Emporium Mall, Abdul Haque Rd, Trade Centre Commercial Area Phase 2 Johar Town, Lahore, 54000, Pakistan",54000,74.26340275,31.46736431,Retail & Shopping,Fashion & Accessories,Clothing store,Open,+92 42 32592207,gulahmedshop.com,3.9,88.0,40.57,People typically spend up to 2 hours here,03-2025
8607c1dfd6ad32e798fb16c74c2fa0a3,Optica,Punjab,Lahore,"97 D Street 1, Block D1 Gulberg III, Lahore, 54000, Pakistan",54000,74.3393571,31.51111723,Retail & Shopping,Eyewear & Optics,Optician,Open,+92 327 5759588,shopoptica.com,4.4,82.0,66.33,People typically spend up to 2.5 hours here,03-2025
28cf5e72291947782a1153ebdfbd781e,Lahore Centre DHA,Punjab,Lahore,"Besides Faletti's Hotel, D.H.A. Main Blvd, Iqbal Park Cantt, Lahore, 54000, Pakistan",54000.0,74.37818962,31.48755146,Retail & Shopping,Computers & Electronics,Electronics store,Open,+92 333 3633637,lahorecentre.com,4.1,433.0,64.33,People typically spend up to 45 min here,03-2025
a27d2bd13d643130b468cd5a529fafd7,Tasco Super Mart And Pharmacy,Shahbaz Commercial Area,Karachi,"shop no:1-2، along Mcb bank, Khayaban-e-Seher, D.H.A Phase 6 Shahbaz Commercial Area Phase 6 Defence Housing Authority, Karachi, 75500, Pakistan",75500.0,67.06074728,24.80889081,Retail & Shopping,Shopping Centers,Supermarket,Open,+92 335 2231188,tasco.pk,4.2,430.0,60.57,People typically spend up to 20 min here,03-2025
07a73a33bc12ff037606646d7ad433a5,The Grand Atrium Shopping Mall Faisalabad,Pakistan,Faisalabad,"W Canal Rd, near Mansoorabad, near Toyota Faisalabad Motors, Canal Rd Mansoorabad, Faisalabad, 38000, Pakistan",38000.0,73.12083767,31.43340863,Retail & Shopping,Shopping Centers,Shopping mall,Open,+92 41 8734968,thegrandatrium.com,4.2,1526.0,55.57,People typically spend up to 1.5 hours here,03-2025
6da23228d66cb905055b29538024ac66,Honda Site,UC-4 Matroville,Karachi,"C-1، Main Manghopir Rd, Metroville Sindh Industrial Trading Estate, Karachi, 75700, Pakistan",75700.0,67.01302182,24.90669379,Retail & Shopping,Auto & Vehicle Retail,Honda dealer,Open,+92 321 9215200,wa.me,4.2,576.0,69.5,People typically spend up to 3 hours here,03-2025
e9315879feb3ce1d435967f3bee82073,CSD Malir Cantt (Canteen Stores Department),Sindh,Karachi,"E Malir Cantt. Rd, Karachi 75070 Malir Cantt. Rd, Malir Cantonment, Karachi, 75070, Pakistan",75070.0,67.20075025,24.92810029,Retail & Shopping,Shopping Centers,Supermarket,Open,+92 21 34491500,csd.gov.pk,3.9,1012.0,60.0,People typically spend up to 30 min here,03-2025
7e8cf4ca5ef7433d891a2004ece4f1e2,Xtra Computers,Islamabad Capital Territory,Islamabad,"Shop # 5، Muhammad Gulistan Khan House 82 East، A K fazl-ul-haque road, Blue Area, Islamabad, 44000, Pakistan",44000.0,73.06636993,33.71553172,Retail & Shopping,Computers & Electronics,Computer store,Open,+92 321 5100442,xtra.pk,4.5,492.0,63.5,People typically spend up to 1 hour here,03-2025
cebfd63653f7497c97bd2d3e5d55d2ad,Alvi Auctioneers,Islamabad Capital Territory,Islamabad,"St 37, G-7/4 G 7/4 G-7, Islamabad, 44000, Pakistan",44000.0,73.07277597,33.70335511,Retail & Shopping,Antiques & Auctions,Auction house,Open,+92 51 2890960,alviauctioneers.com,3.7,890.0,66.71,People typically spend up to 1 hour here,03-2025
57b0fed537081bd59303d84eb202ec94,Inspire Supermarket,Khyber Pakhtunkhwa,Peshawar,"Peshawar Ring Rd., near Hayatabad, Achini Meira Peshawar, 25000, Pakistan",25000.0,71.4557751,33.97335769,Retail & Shopping,Market & Grocers,Grocery store,Open,+92 91 5622555,inspiresupermarket.com,4.3,792.0,56.86,People typically spend up to 20 min here,03-2025
ba7b7994529ab03123a03e611ae8d40e,W Wilson Chemist,Saddar,Rawalpindi,"Saddar, Rawalpindi, 46000, Pakistan",46000.0,73.04717722,33.59474376,Retail & Shopping,Drug & Pharma,Pharmacy,Open,+92 51 5700097,wwilsonchemists.enic.pk,3.7,167.0,51.67,People typically spend up to 15 min here,03-2025
95859469eca448547306c4e143f55023,CSD Cavalry Shopping Mall,Punjab,Lahore,"Chand Mari Chowck, Cavalry Ground, Lahore, 54000, Pakistan",54000.0,74.37181138,31.50213513,Retail & Shopping,Shopping Centers,Shopping mall,Open,+92 42 36660572,csd.gov.pk,4.3,3932.0,56.43,People typically spend up to 1 hour here,03-2025
28916f52fa74b7140775cd73a24427d5,DVAGO Pharmacy & Wellness Experts,UC-10 Jamshed Qurts,Karachi,"Jamshed Road No.3 Opposite Yadgar Fish Near Bait ul islam Masjid, Karachi, Shikarpur Colony, Karachi, 75800, Pakistan",75800.0,67.04836729,24.88588388,Retail & Shopping,Drug & Pharma,Pharmacy,Open 24 hours,+92 21 111 138 246,dvago.pk,3.9,22.0,32.14,People typically spend up to 15 min here,03-2025
895eb1dd622ec4c686ae32173b87e0c3,Surmawala Sadder House - Furniture Showroom,UC-6 Gazdarabad,Karachi,"A-4 A1- A2, Hashoo Centre, Abdullah Haroon Road، Main Muhammad Ali Jinnah Rd, Saddar Preedy Quarters, Karachi, 74400, Pakistan",74400.0,67.02169263,24.8638889,Retail & Shopping,Computers & Electronics,Electronics store,Open,+92 300 2178400,surmawala.pk,3.8,1568.0,54.71,People typically spend up to 2 hours here,03-2025
1e5a572fe3025734c19da2c6b824e394,Faisal Fabrics,Pakistan,Lahore,"Main PIA Main Boulevard, Block A1 Block 1 A-1 Pia Housing Scheme, Lahore, 54770, Pakistan",54770.0,74.28328438,31.45086373,Retail & Shopping,Fashion & Accessories,Clothing store,Open,+92 323 8851597,facebook.com,3.8,258.0,47.57,People typically spend up to 2.5 hours here,03-2025
e74bc89a1eb105c5c88ca188cd910e20,Laptop Channel,Sahiwal Tehsil,Sahiwal,"Morewala chowk, Sadman Town Sahiwal, 57000, Pakistan",57000.0,73.10498052,30.66463957,Retail & Shopping,Computers & Electronics,Computer store,Open,+92 321 6906518,laptopchannel.online,4.5,239.0,59.33,People typically spend up to 1.5 hours here,03-2025
5f9167a74981182dff098b25f57e84de,Hammad Aatta Chakki,Sindh,Nawabshah,"near Taj Masjid, Golimar Nawabshah, 67450, Pakistan",67450.0,68.4026653,26.25661133,Retail & Shopping,Misc. Stores,Store,Open,+92 334 9099960,wa.me,4.4,8.0,31.14,People typically spend up to 3 hours here,03-2025
ecf5fd401402019727442d363d39fb27,Fine Tailors & Fabrics,Taraf Mubarik Doim,Multan,"339-B, B Block Gulgasht Colony, Multan, 60700, Pakistan",60700.0,71.47360881,30.22632266,Retail & Shopping,Fashion & Accessories,Men's clothing store,Open,+92 300 7334678,finetailors.co,4.0,80.0,56.67,People typically spend up to 45 min here,03-2025
3655f580444ae81a2b1994e46fbcd801,Shopping Box,Township,Lahore,"Akber Chowk, Plot No 17 Block 10 Sector B1, College Road, Township Lahore, 54770, Pakistan",54770.0,74.30411747,31.46625711,Retail & Shopping,Shopping Centers,Shopping mall,Open 24 hours,+92 334 4200042,shoppingbox.com.pk,4.3,42.0,40.71,People typically spend up to 45 min here,03-2025
bb2fa6fbcc0dd4035c7944206231c8af,Dominion Mall & Apartments,Bahria Town,Rawalpindi,"Lakeview Junction, near Statue of Liberty، Bahria Business District Phase 8 Bahria Town, Rawalpindi, 46000, Pakistan",46000.0,73.09089574,33.50161518,Retail & Shopping,Shopping Centers,Shopping mall,Open,+92 51 2724701,dominionmallisb.com,4.2,319.0,67.5,People typically spend up to 3 hours here,03-2025
9259cb78039b686e6ca89b06a73d9923,Home Design Furniture Store,Pakistan,Lahore,"382 Khayaban-e-Jinnah, Nasheman Iqbal Phase 1 Nasheman-e-Iqbal Housing Society, Lahore, 54770, Pakistan",54770.0,74.24858334,31.43014392,Retail & Shopping,Home & Furniture,Furniture store,Open,+92 313 4475325,homedesign.pk,4.4,59.0,57.0,People typically spend up to 2 hours here,03-2025
ea214bd3ed93042ef2064193043f161f,Outfitters Bahawalpur,Punjab,Bahawalpur,"Boulevard Mall, near DC Chowk, Bahawalpur Cantt, Bahawalpur, 63100, Pakistan",63100.0,71.68728462,29.39324771,Retail & Shopping,Fashion & Accessories,Clothing store,Open,+92 305 5152522,outfitters.com.pk,4.1,139.0,46.29,People typically spend up to 1.5 hours here,03-2025
e592e500812d2766764e1d8a3bcd49b6,Haji Yahya Ghulam Ghaus Jewellers,Swat Metropolitan Area,Mingora,"Haji Yahya Ghulam Ghaus Jewellers, Main Bazar, Wazir Mall Sahib Muhalla Mingora, 19130, Pakistan",19130.0,72.35809456,34.77307555,Retail & Shopping,Arts & Crafts,Jewelry store,Open,+92 946 711509,hyggjewellers.com,4.8,57.0,63.5,People typically spend up to 3.5 hours here,03-2025
75d9c0d9af812a57b06da2270f1f5f78,City Tiles & Sanitary Corporation,Pakistan,Lahore,"Ameer Chowk, 29 C College Road, Block C PCSIR, Lahore, 54740, Pakistan",54740.0,74.28464462,31.4298285,Retail & Shopping,Home & Furniture,Tile store,Open,+92 305 5401892,citytiles.com.pk,4.1,112.0,48.71,People typically spend up to 1 hour here,03-2025
0a58fb899e9d2ad319becc0537f731b3,"K&N's Chicken Store - Trust Colony, Bahawalpur",Raman,Bahawalpur,"Shop No. 253, B-8, Main, Circular Rd, Trust Colony, Bahawalpur, 63100, Pakistan",63100.0,71.6725125,29.39040245,Retail & Shopping,Shopping Centers,Outlet store,Open,+92 800 111 56,kandns.pk,4.3,57.0,39.57,People typically spend up to 3.5 hours here,03-2025
81a250709db97edc6450c19e87f72758,Ami’s Super Store DHA,Stadium Commercial Area,Karachi,"3-C, Stadium Lane# 4, Khayaban-e-Shamsheer, next to Habib Metropolitan Bank Limited, Stadium Commercial Area phase# 5 Defence Housing Authority, Karachi, 75500, Pakistan",75500.0,67.0460766,24.81377818,Retail & Shopping,Shopping Centers,Supermarket,Open,+92 304 1112647,amis.com.pk,4.2,525.0,56.86,People typically spend up to 20 min here,03-2025
3fc53f6e385f33d67db9039eb03240f7,Butt Brothers Auto Body Parts,Saroki,Gujrat,"main GT Rd, opposite Eid Gah, Shafi Abad Qamar Sialvi, Gujrat, 50700, Pakistan",50700.0,74.06658764,32.57260669,Retail & Shopping,Auto & Vehicle Retail,Auto parts store,Open,+92 321 6244409,facebook.com,3.8,57.0,52.17,People typically spend up to 45 min here,03-2025
93cb90fcd77a588cbed4e5ce9b93acd8,ONE,Punjab,Bahawalpur,"Shop # 29, Islamia Mission Market, Main Railway Rd, Model Town, Bahawalpur, 63100, Pakistan",63100.0,71.65474275,29.39945362,Retail & Shopping,Fashion & Accessories,Clothing store,Open,+92 62 2881566,beoneshopone.com,4.2,105.0,48.29,People typically spend up to 30 min here,03-2025
58accea30b8440e6bab74761e388a55b,Honda Chenab (Green View Motors Pvt. Ltd.),Pakistan,Faisalabad,"123jb, Green view, Raja Wala, Masjid Ismail Rd, near Daewoo Bus, Sidhupura 123jb Akbarabad, Faisalabad, 38001, Pakistan",38001.0,73.07606645,31.44926875,Retail & Shopping,Auto & Vehicle Retail,Motor vehicle dealer,Open,+92 300 6629598,hondachenab.com,4.1,686.0,60.86,People typically spend up to 1 hour here,03-2025
79a4db76ca4638ac2af77c95782aae7c,Indus Motors (Atlas Honda Dealership),Rehman Colony,Gujranwala,"Main Sheikhupura Rd, Ittefaq Colony, Gujranwala, 52250, Pakistan",52250.0,74.18007682,32.13353595,Retail & Shopping,Auto & Vehicle Retail,Motorcycle dealer,Open,+92 55 4440418,atlashonda.com.pk,3.9,41.0,53.0,People typically spend up to 45 min here,03-2025
aa70c28ce3bf7daa996d0586484400cc,Imtiaz Mega Store,UC-3 Gadap,Karachi,"2nd Ave, Precinct 19 Bahria Town Karachi, Karachi, 75340, Pakistan",75340.0,67.31482597,25.01704178,Retail & Shopping,Big Box & Department Stores,Department store,Open,+92 21 111 468 429,imtiaz.com.pk,4.3,2923.0,52.29,People typically spend up to 1 hour here,03-2025
f59f10bfb62916e464ec63c33ccb745b,Farman Plaza,Sector C 1,New Mirpur City,"Shaheedan Chowk, Thothal Rd, Sector C-1, Shaheedan Chowk, Mirpur, AJK, Chowk Shaheedan, New Mirpur City, 10250",10250.0,73.74655934,33.14933452,Retail & Shopping,Shopping Centers,Shopping mall,Open,+92 58274 39470,farmanplaza.wixsite.com,4.0,52.0,39.14,People typically spend up to 4 hours here,03-2025
3902ce02d392e378b942ce0e4e30392a,Saeed Ghani Herbal Cosmetics & Perfumes,Pakistan,Lahore,"ground floor, city towers, 6-k Main Blvd Gulberg, Block K Gulberg 2, Lahore, 54000, Pakistan",54000.0,74.34584488,31.52288571,Retail & Shopping,Perfume & Cosmetics,Perfume store,Open,+92 305 4088596,saeedghani.pk,3.9,156.0,60.29,People typically spend up to 45 min here,03-2025
694a2fdf05e45ef8572cdd97ee8740d3,Al Ameen Center & Fabrics,Pakistan,Pākpattan,"Circular Rd, Pākpattan, 57400, Pakistan",57400.0,73.38752372,30.33922044,Retail & Shopping,Shopping Centers,Shopping mall,Open,+92 457 352042,facebook.com,3.2,29.0,63.0,People typically spend up to 20 min here,03-2025
96a4386e611fa954e7c64f9c784f6ab4,Unze London,Satellite Town,Gujranwala,"Ajwa Mall, Block A Satellite Town, Gujranwala, 52250, Pakistan",52250.0,74.19435494,32.1656464,Retail & Shopping,Fashion & Accessories,Shoe store,Open,+92 55 3250050,unze.com.pk,4.1,132.0,58.71,People typically spend up to 45 min here,03-2025
befd5e16e8f17c1d6b155f12546cf558,SPAR DHA,Zulfiqar & Al Murtaza Commercial Area,Karachi,"AM Tower, 16th St, off Khayaban-e-Roomi, D.H.A. Phase 8 Zulfiqar & Al Murtaza Commercial Area Phase 8 Defence Housing Authority, Karachi, 75500, Pakistan",75500.0,67.07230866,24.78852073,Retail & Shopping,Shopping Centers,Supermarket,Open,+92 21 111 007 727,store.spar.pk,4.4,386.0,66.57,People typically spend up to 25 min here,03-2025
ff3a19401d5d02cc27b4f0f33e9dca70,Toyota Gujrat Motors,Pakistan,Gujrat,"Mouza Dheerkay, 5 KM Gujrat Toll Plaza Main Bypass, GT Rd, Gujrat, 50700, Pakistan",50700.0,74.06969955,32.52332379,Retail & Shopping,Auto & Vehicle Retail,Toyota dealer,Open,+92 309 5557448,toyotagujratmotors.com,4.3,328.0,71.83,People typically spend up to 1.5 hours here,03-2025
303302cf5868ca2eb2febc66e81f80e5,Al-Ain Eye Hospital (Al-Ain Institute of Eye Diseases),UC-6 P.e.c.h.s 1,Karachi,"241/3/A Shahra-e-Quaideen, P.E.C.H.S Block 2 Block 2 P.E.C.H.S., Karachi, 75400, Pakistan",75400.0,67.05581139,24.86135521,Retail & Shopping,Eyewear & Optics,Eye care center,Open,+92 21 34385562,alaineyehospital.com,4.2,64.0,43.33,People typically spend up to 2 hours here,03-2025
31e248163d6242b6448dd514b3ab0050,KIA Motors SITE,UC-4 Matroville,Karachi,"X, 2 Manghopir Rd, Metroville Sindh Industrial Trading Estate, Karachi, 75890, Pakistan",75890.0,67.0119572,24.90876042,Retail & Shopping,Auto & Vehicle Retail,Kia dealer,Open,+92 318 5427483,kiamotors-site.com,4.3,210.0,68.17,People typically spend up to 1 hour here,03-2025
a6800bf1ee0c605b908f32f3ef81ac61,Heart Beat Lawrencepur (Suiting & Fabric's),Saddar,Rawalpindi,"Shop no 1/c, Barkat plaza, Bank Rd, Saddar, Rawalpindi, 46000, Pakistan",46000.0,73.04919868,33.59698536,Retail & Shopping,Fashion & Accessories,Clothing store,Open,+92 344 5356007,facebook.com,4.3,83.0,54.43,People typically spend up to 1.5 hours here,03-2025
6061584458e6181a8e58a6839b000e01,Readings,Pakistan,Lahore,"K, 12, 2 Main Boulevard Gulberg, Block K Gulberg 2, Lahore, 54600, Pakistan",54600.0,74.34383942,31.51987125,Retail & Shopping,Books & Comics,Book store,Open,+92 42 35754535,readings.com.pk,4.6,5047.0,60.57,People typically spend up to 1 hour here,03-2025
5f71f2a480f735ea46cf57d5b1be231c,Faisal Super Store,Swat Tehsil,Mingora,"N-95, Mingora, 19210, Pakistan",19210.0,72.32312698,34.76378891,Retail & Shopping,Shopping Centers,Shopping mall,Open,+92 313 5311313,facebook.com,4.0,50.0,53.86,People typically spend up to 25 min here,03-2025
3003c1322a3ba6701efd72bb2f9c9218,JAN Chemist,South Asia,New Mirpur City,"Kotli Rd, New Mirpur City, 10250",10250.0,73.77112645,33.13796871,Retail & Shopping,Drug & Pharma,Pharmacy,Open,+92 58275 52244,janchemist.com.pk,3.5,25.0,57.71,People typically spend up to 20 min here,03-2025
9d15af66084f1385cfc64c55e64394a6,Stylo,Pakistan,Lahore,"126, Jahanzeb Block Allama Iqbal Town, Lahore, 54000, Pakistan",54000.0,74.2867024,31.52403812,Retail & Shopping,Fashion & Accessories,Fashion accessories store,Open,+92 326 3331216,stylo.pk,4.1,307.0,38.57,People typically spend up to 45 min here,03-2025
b04c67bc37f05dbbbec8bffc8f87d591,Raja Sahib - Mall Road,Punjab,Lahore,"Regal Chowk، Mall Rd، The Mall, Mozang Chungi, Lahore, 54000, Pakistan",54000.0,74.3195353,31.56052656,Retail & Shopping,Shopping Centers,Shopping mall,Open,+92 42 36306471,rajasahib.com,4.1,319.0,59.57,People typically spend up to 45 min here,03-2025
3a84423efa31ae7580647f8e26a71b57,ABDULLAH Shopping Mall,Sargodha - 9,Sargodha,"Mushaf Ali Mir Rd, near Air Base, Liaqat Colony Liaquat Colony, Sargodha, 40100, Pakistan",40100.0,72.68400064,32.03795539,Retail & Shopping,Shopping Centers,Shopping mall,Open,+92 300 4967754,facebook.com,4.1,189.0,59.29,People typically spend up to 45 min here,03-2025
af0d90a23ecacdc1352fa739e5fde1ae,Dua Shopping Mall,Pakistan,Faisalabad,"Street #6 Munshi muhallah liberty market, 38000, Pakistan",38000.0,73.07292695,31.4187636,Retail & Shopping,Shopping Centers,Shopping mall,Open,+92 313 7175722,duashoppingmall.com,4.2,162.0,52.43,People typically spend up to 1 hour here,03-2025
111842dfd5ad5444d37ce4063d4300be,Baba-e-Homeopathy Dr. Hamid National Homeo Stores & Clinic,Pakistan,Lahore,"59 Nicholson Road/Allama Iqbal Rd Boharwala Chowk, Near Orange Line Railway Station 59 Boharwala, Chowk, Lahore, 54000, Pakistan",54000.0,74.33436716,31.57287497,Retail & Shopping,Drug & Pharma,Homeopathic pharmacy,Open,+92 42 36364584,babaehomeopathy.com,4.1,65.0,42.29,People typically spend up to 3 hours here,03-2025
50e0f2e322daa092c6c3563e2053deec,Faiza Saqlain,Pakistan,Lahore,"Madison Square Mall, 54000, Pakistan",54000.0,74.34889072,31.50766278,Retail & Shopping,Fashion & Accessories,Clothing store,Open,+92 310 3111121,faizasaqlain.pk,4.0,733.0,63.0,People typically spend up to 30 min here,03-2025
129f955d780ed3beb47da13660877d60,Cha Cha Noor Din Kaptaan Chappal,Khyber Pakhtunkhwa,Peshawar,"Kaptaan chappal Shop, A/5 chowk, Namak Mandi, Peshawar, 25000, Pakistan",25000.0,71.56427173,34.00450895,Retail & Shopping,Fashion & Accessories,Shoe store,Open,+92 308 7111222,kaptaanchappal.net,4.4,244.0,60.29,People typically spend up to 30 min here,03-2025
11af6bf5f37bd35c8759fecaf7767720,Honda Avenue,Rawalpindi,Islamabad,"Honda Avenue, opp. Islamabad Expressway, Koral Town, Islamabad, 46000, Pakistan",46000.0,73.13710572,33.59745555,Retail & Shopping,Auto & Vehicle Retail,Car dealer,Open,+92 320 5007373,hondaavenue.com,4.1,2032.0,65.29,People typically spend up to 1.5 hours here,03-2025
94b427155f200db9a1f8848d6676e7d3,HOiD - The Furniture Store,Sindh,Karachi,"GF, 28-C Lane 12, D.H.A Phase 6 Bukhari Commercial Area DHA Karachi, Karachi, 75500, Pakistan",75500.0,67.06224313,24.79166162,Retail & Shopping,Home & Furniture,Furniture store,Open,+92 310 4411779,hoid.pk,4.3,115.0,61.57,People typically spend up to 45 min here,03-2025
4c643b6315fb06306b068c2879ee8627,Awan Sports Industries (Pvt). Ltd,Sialkot,Sialkot,"near awan sports, Sialkot, 51040, Pakistan",51040.0,74.47810376,32.43272451,Retail & Shopping,Misc. Stores,Store,Open,+92 52 111 842 842,awansports.com,4.5,92.0,71.0,People typically spend up to 4 hours here,03-2025
08aff59be1b7fd44941b767ca7754e57,Maestro Designers,UC-6 P.e.c.h.s 1,Karachi,"Shop Number G-9, Singapore Center, Tariq Rd, near Dolmen Center، Block 2 P.E.C.H.S., Karachi, 75400, Pakistan",75400.0,67.05947633,24.87396794,Retail & Shopping,Fashion & Accessories,Men's clothing store,Open,+92 333 2213435,maestro-designers.com,4.3,77.0,53.83,People typically spend up to 2 hours here,03-2025
e0fe4b87b702ef2007dd59ffd4e2b77b,Khaadi,Punjab,Bahawalpur,"D.C Office Chowk, opposite City Cafe & Grill, Bahawalpur Cantt, Bahawalpur, 63100, Pakistan",63100.0,71.68728657,29.39391989,Retail & Shopping,Fashion & Accessories,Clothing store,Open,+92 62 2284141,pk.khaadi.com,4.2,568.0,64.0,People typically spend up to 45 min here,03-2025
3d6117795d4c948bb3f1df22473313d1,Hafeez Center,Pakistan,Lahore,"Ground Floor، Hafeez Center, Block E1 Block E 1 Gulberg III, Lahore, 54000, Pakistan",54000.0,74.34080592,31.51609741,Retail & Shopping,Computers & Electronics,Cell phone store,Open,+92 333 8370637,facebook.com,4.3,11842.0,58.33,People typically spend up to 1.5 hours here,03-2025
4c4eaf511a523c5970823609a403cc9b,Motifz,Pakistan,Lahore,"19 KM OFF Ferozpur Road Behind, Glaxo Factory, Glaxo Town, Lahore, 54000, Pakistan",54000.0,74.35154787,31.41689458,Retail & Shopping,Fashion & Accessories,Clothing store,Open,+92 347 3000005,motifz.com.pk,4.4,45.0,48.14,People typically spend up to 4 hours here,03-2025
fd44f850ed510d22390ca6c5670bab0a,Al-Muslim Mall,Shakrial,Rawalpindi,"Khanna Rd, Shakrial Al Noor Colony, Rawalpindi, 46000, Pakistan",46000.0,73.10127249,33.62865042,Retail & Shopping,Shopping Centers,Shopping mall,Open,+92 334 5348206,facebook.com,4.0,226.0,58.57,People typically spend up to 1 hour here,03-2025
a4474fdf77c4b069e4f059dd555d6f50,"METRO Ravi Road Store, Lahore",Punjab,Lahore,"75 Ravi Rd, near Minar-e-Pakistan, Qasurpura, Lahore, 54000, Pakistan",54000.0,74.29592116,31.5971558,Retail & Shopping,Market & Grocers,Grocery store,Open,+92 42 111 786 622,metro.pk,4.2,6970.0,60.86,People typically spend up to 1.5 hours here,03-2025
9a5c733132fd301633ee04d50ae4ecbd,Khaadi,UC-7 P.e.c.h.s 2,Karachi,"Shop # LG-72 Ground Floor Dolmen, Tariq Rd, Delhi CHS P.E.C.H.S., Karachi, 75400, Pakistan",75400.0,67.0601178,24.87670861,Retail & Shopping,Fashion & Accessories,Clothing store,Open,+92 21 34551439,khaadi.com,4.3,1112.0,45.57,People typically spend up to 1.5 hours here,03-2025
d4f7c31e45b2bbfac9cf9468f71c918a,Hall Road Market,Pakistan,Lahore,"Hall Rd, Garhi Shahu, Lahore, 54000, Pakistan",54000.0,74.3162049,31.56364577,Retail & Shopping,Computers & Electronics,Cell phone accessory store,Open,+92 301 4299930,facebook.com,4.3,9963.0,58.33,People typically spend up to 1.5 hours here,03-2025
a85ab68ce70ba330166b9a5ab6c91a85,1st Step Millenium Mall,UC-10 Pehalwan Goth,Karachi,"Shop # 1, Basement Millenium Mall, Gulistan-e-Johar, Karachi, 74000, Pakistan",74000.0,67.1126147,24.90104697,Retail & Shopping,Fashion & Accessories,Shoe store,Open,+92 21 34688787,1ststep.pk,4.2,51.0,49.43,People typically spend up to 1.5 hours here,03-2025
9c23b08e7a07167fff9417295351a31d,J7 Mall Chakwal,Punjab,Chakwal,"J7 Mall, Chakwal, 48800, Pakistan",48800.0,72.82081079,32.93120375,Retail & Shopping,Shopping Centers,Shopping mall,Open,+92 331 5811120,j7mallchakwal.com,4.3,264.0,53.0,People typically spend up to 30 min here,03-2025
df2ce0aca3d92b674f669906f6403231,AutoJin.PK Car Accessories Retail Outlet,UC-6 P.e.c.h.s 1,Karachi,"173-L, Tariq Rd, near to Little China Restaurant, Block 2 PECHS, Karachi, 75400, Pakistan",75400.0,67.05493521,24.86678769,Retail & Shopping,Auto & Vehicle Retail,Car accessories store,Open,+92 312 0339999,autojin.pk,4.2,187.0,68.17,People typically spend up to 1 hour here,03-2025
38a545514c18af9d9e8e208f2a7ee08c,JAPAN TYRES,Islamabad Capital Territory,Islamabad,"office 6 Huma Plaza A.K. Fazl-ul-Haq Road Blue Area Islamabad Sector، F6 &, G-6, Islamabad, 44000, Pakistan",44000.0,73.08125835,33.72326087,Retail & Shopping,Auto & Vehicle Retail,Tire shop,Open,+92 345 2055505,japantyres.com.pk,4.4,1012.0,59.71,People typically spend up to 1.5 hours here,03-2025
322760012fcfebd0c0d3181ee7e4e438,Al-Mumtaz Electronics,Punjab,Burewala,"Vehari Bazar, Burewala, 61010, Pakistan",61010.0,72.67781082,30.15910573,Retail & Shopping,Computers & Electronics,Electronics store,Open,+92 310 3337429,almumtaz.com.pk,4.2,48.0,57.83,People typically spend up to 2 hours here,03-2025
71bde20bec35551fd4959110e27f8408,Basheeran Umar Eye Hospital,Sector A,Islamabad,"GM Plaza, Jinnah Boulevard, Main GT Rd, near Gate # 1, Sector A DHA Phase II, Islamabad, 46000, Pakistan",46000.0,73.13106817,33.53000333,Retail & Shopping,Eyewear & Optics,Eye care center,Open,+92 333 6606655,bueh.org,4.6,77.0,60.0,People typically spend up to 2 hours here,03-2025
a75a22f3083fed47eebffcbf48a6acc1,Ps4 Game Shop Karachi,UC-11 Metroville Colony,Karachi,"Shop No. G17, Grace Tower, opp. Bhayani Heights, near Maskan Appartment, Block 4 Gulshan-e-Iqbal, Karachi, 75300, Pakistan",75300.0,67.10223286,24.93562373,Retail & Shopping,Video & Entertainment,Video game store,Open,+92 332 0329000,wa.me,4.2,211.0,60.43,People typically spend up to 1 hour here,03-2025
cea29b3b19c81320407665644400b209,Delawalla Shopping Center,UC-10 Clifton,Karachi,"Block 9 Clifton, Karachi, 75600, Pakistan",75600.0,67.03335064,24.82725116,Retail & Shopping,Shopping Centers,Shopping mall,Open,+92 21 35864515,facebook.com,4.0,3227.0,76.33,People typically spend up to 1 hour here,03-2025
170475ecbdad6b316cc943f7e7abf2bf,Robin Art,Punjab,Lahore,"Shop No. 7 Ground Floor, Moon Market Car Parking Lot, near Satluj Block, Satluj Block Allama Iqbal Town, Lahore, 54570, Pakistan",54570.0,74.29058865,31.52052267,Retail & Shopping,Shopping Centers,Shopping mall,Open,+92 304 4750557,robinarts.com,4.5,136.0,60.33,People typically spend up to 2 hours here,03-2025
5bf01af6cb8b9f5d9e5692f10d3a8ed0,Khokhar Book Depot,Township,Lahore,"Al-Madina Road, Sector B-1 Block 12 Sector B 1 Lahore, 54770, Pakistan",54770.0,74.30693987,31.46152354,Retail & Shopping,Books & Comics,Book store,Open,+92 324 4888444,khokharbookdepot.com,4.3,1857.0,44.57,People typically spend up to 25 min here,03-2025
7743f3d7b842f65970e8abc626b67d95,Hafiz Jee Lohay Walay ( H.A STEEL ),Punjab,Lahore,"Cooper Rd, Garhi Shahu, Lahore, 54000, Pakistan",54000.0,74.3199094,31.56570085,Retail & Shopping,Construction & Hardware,Hardware store,Open,+92 42 37221454,hasteel.pk,4.3,165.0,68.33,People typically spend up to 1 hour here,03-2025
7fa655d6d259ee3072c5a0ca0a9fc5fc,Bonzer Sports,Sialkot,Sialkot,"Pasrur Road, Sialkot, 51310, Pakistan",51310.0,74.55893596,32.46619068,Retail & Shopping,Fashion & Accessories,Sportswear store,Open,+92 302 8616050,bonzersports.com,4.4,49.0,53.33,People typically spend up to 4 hours here,03-2025
cf45cb5eb3634e17a8564dbe0d74a920,LaLa Garments,Rawalpindi Tehsil,Rawalpindi,"Raja Market, Allama Iqbal Colony Tench Bhata, Rawalpindi, 46000, Pakistan",46000.0,73.0249906,33.58306764,Retail & Shopping,Shopping Centers,Shopping mall,Open,+92 310 5149693,facebook.com,4.3,1692.0,57.43,People typically spend up to 1.5 hours here,03-2025
4322844a532ef3f21ff0f6b2cc5ad355,Almas,Punjab,Faisalabad,"Galleria, Shop No 05, 2nd Floor, E Canal Rd, Nasar Ullah Khan Town, Faisalabad, 38000, Pakistan",38000,73.12930051,31.43778048,Retail & Shopping,Fashion & Accessories,Shoe store,Open,+92 311 4345408,almas.pk,3.9,27.0,61.17,People typically spend up to 2.5 hours here,03-2025
76ea1655af373a0fb2c221e372bfa367,Stylo,Punjab,Lahore,"Plot # 26, AIT Cut Price, Gulshan Block Jahanzeb Block Allama Iqbal Town, Lahore, 54000, Pakistan",54000,74.2915634,31.51648673,Retail & Shopping,Fashion & Accessories,Shoe store,Open,+92 42 37802316,stylo.pk,4.1,538.0,44.29,People typically spend up to 45 min here,03-2025
3e931a70a4208f75b01afa303854fdee,LRBT Eye Hospital,Pakistan,Ārifwāla,"Qaboola Rd, Ārifwāla, 57450, Pakistan",57450,73.06216292,30.27094574,Retail & Shopping,Eyewear & Optics,Eye care center,Open,+92 457 832288,lrbt.org.pk,4.7,29.0,66.0,People typically spend up to 3.5 hours here,03-2025
91705c7c97c5d7e56730374b1297d4d8,Javeed Naveed Optical Service (JN GLASSES.Pk),Pakistan,Lahore,"Javeed Naveed Optical Service Nadirabad 2, near Syed Public School, Cantt, Lahore, 54810, Pakistan",54810,74.40283354,31.4941874,Retail & Shopping,Eyewear & Optics,Optician,Open,+92 335 4524013,jnglasses.pk,4.8,221.0,51.0,People typically spend up to 45 min here,03-2025
443defaafc53c5fdd7093d21fa38ac07,New City Arcade Shopping Mall,Attock,Wah Cantt,"Commercial avenue Motorway، New City Phase 2 Phase 2 New City, Wah Cantt, M40, Pakistan",M40,72.71955481,33.73750751,Retail & Shopping,Shopping Centers,Shopping mall,Open,+92 800 000 88,newcityarcade.com.pk,4.3,2995.0,56.14,People typically spend up to 1.5 hours here,03-2025
c5bc3d6e4e256259ebaac711403f3f15,Universal Book Depot,Pakistan,Hyderabad,"Zulfiqar Plaza, 7100 Foujdari Rd, Doctors Colony, Hyderabad, 71000, Pakistan",71000,68.36364977,25.39341896,Retail & Shopping,Books & Comics,Book store,Open,+92 22 2729601,universalbookdepot.enic.pk,3.9,883.0,65.67,People typically spend up to 25 min here,03-2025
15505088549664c9ccd1aa2b105cc812,Toyota Society Motors,UC-7 P.e.c.h.s 2,Karachi,"150 F, 151 D Khalid Bin Walid Rd, Block 2 P.E.C.H.S., Karachi, 75400, Pakistan",75400,67.05435821,24.87488973,Retail & Shopping,Auto & Vehicle Retail,Toyota dealer,Open,+92 21 111 786 113,toyota-society.com,4.0,698.0,46.57,People typically spend up to 1 hour here,03-2025
815d325ede03ef4352494da12c82ac60,Waziristan bedsheet,Swat Tehsil,Swat,"Swat, 19130, Pakistan",19130,72.31959723,34.76067857,Retail & Shopping,Shopping Centers,Shopping mall,Open,+92 343 9002937,waziristanbedsheet.com,4.1,52.0,53.17,People typically spend up to 1 hour here,03-2025
8af56f661d113d6b04e89f3cfc9e0c7c,CSD SHOPPING COMPLEX ABBOTTABAD,Pakistan,Abbottabad,"Chowk, near Tank, Abbottabad, 22010, Pakistan",22010,73.22077148,34.16629241,Retail & Shopping,Shopping Centers,Shopping mall,Open,+92 992 416142,csd.gov.pk,4.0,502.0,54.29,People typically spend up to 45 min here,03-2025
f7a2af51c4dc5012f58e9dbd7c730694,Khaadi,Pakistan,Lahore,"15L, Mini Market, MM Alam Rd, Block L Gulberg 2, Lahore, 54660, Pakistan",54660,74.34832392,31.52062747,Retail & Shopping,Fashion & Accessories,Clothing store,Open,+92 42 35878664,pk.khaadi.com,4.4,3449.0,65.86,People typically spend up to 30 min here,03-2025
c19bb161687481c9208797c10bc34e2c,Bells & Beeps (United Mobile Since 2004),Pakistan,Jhelum,"Road, opposite City Police Stations, Machine Mohalla 3, Jhelum, 49600, Pakistan",49600,73.72741478,32.93081486,Retail & Shopping,Computers & Electronics,Cell phone store,Open,+92 321 5444321,bellsandbeeps.com,4.4,85.0,65.33,People typically spend up to 1 hour here,03-2025
16c3153e18020dc7d27fc01acb2e097f,Mehria Mall And Residencia,Punjab,Attock,"Mehria Town, Attock, 43600, Pakistan",43600,72.34952964,33.81228838,Retail & Shopping,Shopping Centers,Shopping mall,Open,+92 57 2364801,mehriatownattock.com,4.1,375.0,48.0,People typically spend up to 1 hour here,03-2025
692ce836430c51284e5f5ab5d42a822c,Wrap & Roll,Shahbaz Commercial Area,Karachi,"39-E Khayaban-e-Seher, D.H.A Phase 6 Shahbaz Commercial Area Phase 6 Defence Housing Authority, Karachi, 75500, Pakistan",75500,67.05856592,24.8068472,Retail & Shopping,Souvenirs & Gifts,Gift shop,Open,+92 324 2588822,wrapnrollstudio.com,4.3,114.0,46.0,People typically spend up to 3 hours here,03-2025
19caab219f5dacd17b2657f88eb6bf8a,Expo Store Badar Commercial,Sindh,Karachi,"Plot no, 38-C Badar Commercial Street 7، Badar Commercial Area Defence V Defence Housing Authority, Karachi, 75500, Pakistan",75500,67.04254228,24.7962335,Retail & Shopping,Fashion & Accessories,Clothing store,Open,+92 21 35244557,expostore.pk,4.0,409.0,55.29,People typically spend up to 1 hour here,03-2025
a5dce8f69987f664dd6a1d792be45b5d,"Carrefour, Emporium Mall, Lahore",Trade Centre,Lahore,"16m Abdul Haque Rd, Trade Centre Commercial Area Phase 2 Johar Town, Lahore, 54000, Pakistan",54000,74.26406325,31.46735218,Retail & Shopping,Big Box & Department Stores,Hypermarket,Open,+92 800 497 37,carrefour.com,4.4,24486.0,49.14,People typically spend up to 2.5 hours here,03-2025
be26372a9c03abb3f146c4fd0301a1ad,Physio Shop,Punjab,Lahore,"963 L Block, Main Blvd, near Khokar Chowk, Block L Johar Town, Lahore, 54000, Pakistan",54000,74.2707565,31.46701115,Retail & Shopping,Medical Supplies,Physiotherapy equipment supplier,Open,+92 345 1425124,physioshop.pk,4.5,136.0,67.5,People typically spend up to 45 min here,03-2025
94af479188f5c7256ac1ed3babd5778c,ECS,Dera Ghazi Khan,Dera Ghazi Khan,"Katcheri Road, Block A, Dera Ghazi Khan, 32200, Pakistan",32200,70.63083464,30.05308019,Retail & Shopping,Fashion & Accessories,Shoe store,Open,+92 64 2403879,shopecs.com,4.1,100.0,53.71,People typically spend up to 1 hour here,03-2025
b60aedaa0452cd15936f83cb56b28f6d,Bin Saeed Fabric,UC-10 Clifton,Karachi,"Shop No. 25,27, Mehran Shopping Centre، Main Clifton Road، near Jaffarjees, Block 8 Clifton, Karachi, 75600, Pakistan",75600,67.03231469,24.82981256,Retail & Shopping,Fashion & Accessories,Women's clothing store,Open,+92 311 2900343,binsaeedfabric.com,4.3,188.0,47.71,People typically spend up to 2 hours here,03-2025
27a932f8fb4e3ecbb6fa3bc77f2ea8f0,Blue Pottery Multan - Display & Factory,Samejabad,Multan,"Near Biomonde Plants, Nehar Naubahar Road, opposite OGDCL Office, Multan, 61000, Pakistan",61000,71.54560326,30.19791898,Retail & Shopping,Arts & Crafts,Pottery store,Open 24 hours,+92 321 7229257,multaniblueart.com,4.4,80.0,42.0,People typically spend up to 2.5 hours here,03-2025
3149fdf94b8dc3d49f829e6cddb28ab9,Rehmani book center & uniform house,Punjab,Lahore,"Main Bazar, Amar Sidhu Gul Colony, Lahore, 54600, Pakistan",54600,74.3514806,31.44929285,Retail & Shopping,Books & Comics,Book store,Open,+92 321 1616833,primesunshine.com,4.0,640.0,60.14,People typically spend up to 20 min here,03-2025
5ee6941fcbd84cd678af222de0a34271,Toyota Highway Motors,Gadap Town,Karachi,"Toyota Highway Motors, Karachi - Hyderabad Motorway, Sector 8 B Gulzar E Hijri Scheme 33, Karachi, 75340, Pakistan",75340,67.13133332,24.99084449,Retail & Shopping,Auto & Vehicle Retail,Toyota dealer,Open,+92 21 36880001,toyota-highway.com,4.1,543.0,65.5,People typically spend up to 1.5 hours here,03-2025
4d7ed57829c826f505e9be3051ae4806,Al Janat Mall trunk bazar,Rawalpindi Tehsil,Rawalpindi,"Shah Nizam Market Iqbal Rd Trunk Bazar, Raja Bazar Committe Chowk, Rawalpindi, 46000, Pakistan",46000,73.05571236,33.61311574,Retail & Shopping,Fashion & Accessories,Clothing store,Open,+92 347 5666669,aljanat.com.pk,4.1,581.0,61.57,People typically spend up to 4 hours here,03-2025
e082330713c91814891143069a1e1dd4,Suzuki Rahim Yar Khan Motors,Rahim Yar Khan Tehsil,Rahim Yar Khan,"5-7 Shahbazpur Road, Rahim Yar Khan, 64200, Pakistan",64200.0,70.28907337,28.42249973,Retail & Shopping,Auto & Vehicle Retail,Suzuki dealer,Open,+92 68 5885552,suzukirykmotors.com,4.4,865.0,73.14,People typically spend up to 45 min here,03-2025
e70b70346a9efbe6881b42f1836356f6,Al Maxi Center Samundri,Samundri Tehsil,Samundri,"Kachahry Bazar, Anarkali Samundri, 37300, Pakistan",37300.0,72.95650378,31.06275241,Retail & Shopping,Shopping Centers,Shopping mall,Open,+92 41 3423477,facebook.com,4.3,1411.0,66.33,People typically spend up to 1.5 hours here,03-2025
50c332841a396a3d7ee66589d9ad5327,ONE,Sector C,Lahore,"Haram Height، Shop # 156-B (Commercial، near Talwar Chowk، near Jasmine Mall, Sector C Bahria Town, Lahore, 53720, Pakistan",53720.0,74.18449723,31.37663517,Retail & Shopping,Fashion & Accessories,Clothing store,Open,+92 42 37861249,beoneshopone.com,4.4,52.0,37.71,People typically spend up to 2 hours here,03-2025
ecdd9f49612545c87fbbdb6ae705addd,Hilal Pharmacy,TARU,Nowshera,"GT Road Taru Jabba, main GT Rd, opp. to national bank, Nowshera, 24310, Pakistan",24310.0,71.71995971,34.01625766,Retail & Shopping,Drug & Pharma,Pharmacy,Open,+92 317 0453346,facebook.com,4.8,16.0,50.71,People typically spend up to 45 min here,03-2025
4e606bcec4f38b53c7a32bfc45f3bc7f,Jacked Nutrition Faisalabad,Pakistan,Faisalabad,"Shop No 14-L Koh-e-Noor Plaza, 38000, Pakistan",38000.0,73.11229227,31.41258132,Retail & Shopping,Supplements & Nutrition,Vitamin & supplements store,Open,+92 333 5695695,jackednutrtion.pk,4.8,318.0,65.57,People typically spend up to 1.5 hours here,03-2025
4928ced98376b9cbb5468d9bb4cd5ea3,SHAFIQUE SONS FioRa Ceramica,Rana Colony,Gujranwala,"N5, GT Rd، opposite Punjab College of Commerce, Gujranwala, 52300, Pakistan",52300.0,74.1922203,32.13125637,Retail & Shopping,Home & Furniture,Tile store,Open,+92 333 1154001,shafiquesons.com,4.5,631.0,62.67,People typically spend up to 1.5 hours here,03-2025
544b875ea687df55ca49c1e788d940e6,Outfitters Jan Mall Quetta,Quetta,Quetta,"Shop # 4,5,6 Ground Floor Jan Mall, Hali Rd, Quetta, 87650, Pakistan",87650.0,67.01109116,30.20243893,Retail & Shopping,Shopping Centers,Outlet mall,Open,+92 81 2865527,outfittersstores.com,4.0,268.0,65.86,People typically spend up to 1.5 hours here,03-2025
58ef1e81c2ec7d9ffa7123f3be27fe23,ECS,Punjab,Bahawalpur,"Circular Rd, Old City Bahawalpur, Bahawalpur, 63100, Pakistan",63100.0,71.67425095,29.39071261,Retail & Shopping,Fashion & Accessories,Shoe store,Open,+92 62 2881755,shopecs.com,4.0,241.0,56.0,People typically spend up to 2 hours here,03-2025
31af5221d5b29335a53fdf576664ebaf,Nishat Dill Bhar Pista Mhawa Lassi House,Sindh,Hyderabad,"Haji Ehsan Ali Rd, Domanwa Road Hyderabad, 71000, Pakistan",71000.0,68.3744685,25.39557468,Retail & Shopping,Misc. Stores,Store,Open 24 hours,+92 314 2451907,nishatdillbharlassihouse.com,4.0,480.0,40.0,People typically spend up to 20 min here,03-2025
f418b375ace05fbb644214e757db57c3,Lahore Center Shahdra,Shahdara Town,Shahdara,"Main sheikhupoora road, tarahgarh shahdra, opp. rustam suhrab cycle factory, Shahdara, 54950, Pakistan",54950.0,74.27075372,31.61579319,Retail & Shopping,Computers & Electronics,Electronics store,Open,+92 42 37923939,lahorecentre.com,4.1,88.0,55.83,People typically spend up to 2 hours here,03-2025
eedef98d7102cb8d978d7d9a51110a3a,KIA Motors Khyber,Khyber Pakhtunkhwa,Peshawar,"Peshawar Ring Rd., Pishtakhara Bala, Peshawar, 25000, Pakistan",25000.0,71.49255894,33.96586753,Retail & Shopping,Auto & Vehicle Retail,Car dealer,Open,+92 91 5230257,kiamotors-khyber.com,4.4,224.0,60.5,People typically spend up to 2 hours here,03-2025
233a63b1354fff111584e72420f57424,Kayseria - Model Town Link Road,Punjab,Lahore,"Model Town Link Rd, Muhammadpura, Lahore, 54600, Pakistan",54600.0,74.31453486,31.46840559,Retail & Shopping,Fashion & Accessories,Women's clothing store,Open,+92 42 37803118,kayseria.com,4.4,54.0,44.86,People typically spend up to 4 hours here,03-2025
6f8fa601bbbea24b233365580698249b,SULTAN CROCKERY HOUSE,Pakistan,Lahore,"Sagian Wala Bypass Rd, Lahore, 54000, Pakistan",54000.0,74.25281991,31.59434537,Retail & Shopping,Shopping Centers,Shopping mall,Open 24 hours,+92 309 5146894,sitc.com,4.0,52.0,37.29,People typically spend up to 1 hour here,03-2025
eca04e2f4299880b425d4792f0d0f9b1,Ideas F-10 Markaz,Islamabad Capital Territory,Islamabad,"3, F-10 Markaz F 10/3 F-10, Islamabad, 44000, Pakistan",44000,73.0095267,33.69608337,Retail & Shopping,Fashion & Accessories,Clothing store,Open,+92 51 2113617,gulahmedshop.com,4.2,856.0,60.71,People typically spend up to 1 hour here,03-2025
8c70d9eddb2b21a9385c6f70a98c490d,Bata Shoes pia colony,Pakistan,Lahore,"BATA shore, Shahrah-e-Nazria Pakistan, 177 f pia colony, Lahore, 54770, Pakistan",54770,74.27113862,31.44448021,Retail & Shopping,Fashion & Accessories,Shoe store,Open,+92 323 4092425,bata.com.pk,3.7,858.0,42.86,People typically spend up to 30 min here,03-2025
e350da251322680ac6d3a9b8b96bcc23,Makeup City Dolmen Mall Tariq Road,UC-7 P.e.c.h.s 2,Karachi,"3rd floor, Shop # TF-1, Block, 3 Tariq Rd, Delhi Society Delhi CHS P.E.C.H.S., Karachi, 75400, Pakistan",75400,67.06009929,24.87652064,Retail & Shopping,Cosmetics & Beauty,Cosmetics store,Open 24 hours,+92 21 34321536,makeupcityshop.com,2.8,12.0,36.4,People typically spend up to 30 min here,03-2025
0840706ea4cb196a55e471b8713ae5eb,Ghosia Moters Showroom Samundri,Samundri Tehsil,Samundri,"Samundri - Rajana Rd, near Mane Bypass, Samundri, 37300, Pakistan",37300,72.94384217,31.05350122,Retail & Shopping,Auto & Vehicle Retail,Used car dealer,Open,+92 300 4812452,wwe.ghosiamoters.com,4.3,11.0,55.33,People typically spend up to 45 min here,03-2025
08dcbd35756fd514eefe3d53f56b0416,Junaid Jamshed,Saddar,Rawalpindi,"Adam Jee Rd, Bank Rd, Saddar, Rawalpindi, 46000, Pakistan",46000,73.0521678,33.59427813,Retail & Shopping,Fashion & Accessories,Clothing store,Open,+92 51 5120342,junaidjamshed.com,4.3,1877.0,58.71,People typically spend up to 1.5 hours here,03-2025
959ecb73a1497c3b2bc538d22e9f95b2,Miracle Interiors,Tipu Block,Lahore,"52-D New, Tipu Block Garden Town, Lahore, 54000, Pakistan",54000,74.32677796,31.50184624,Retail & Shopping,Home & Furniture,Furniture store,Open,+92 321 2222556,miracles.pk,4.4,479.0,39.0,People typically spend up to 1.5 hours here,03-2025
66e9967da86c737bf3a145acd6d18693,sharif jewellers,Pakistan,Lahore,"Gold Center, 32-C Commercial Zone Liberty Market Gulberg III, Lahore, 54000, Pakistan",54000,74.34109762,31.51049293,Retail & Shopping,Shopping Centers,Outlet mall,Open,+92 333 4243815,sharifjewellers.com,3.8,16.0,33.83,People typically spend up to 2.5 hours here,03-2025
90c0ddbbb4ba70931e08c1a93265b5be,Gourmet Furnishers,Pakistan,Lahore,"70 A/E Hali Rd, Block E1 Block E 1 Gulberg III, Lahore, 54000, Pakistan",54000,74.33778949,31.51480518,Retail & Shopping,Home & Furniture,Furniture store,Open,+92 42 35785074,gourmetfurnishers.com,3.9,155.0,38.43,People typically spend up to 1 hour here,03-2025
9bd1ca02c82ea10f5520ccc61872c2fd,Khushi Muhammad Plaza,Pakistan,Faisalabad,"Plot No. 5, Civic Center, Phase 1 Lahore - Sheikhupura - Faisalabad Rd, opp. Paradise Valley, Faisalabad, 38000, Pakistan",38000,73.18691824,31.46658851,Retail & Shopping,Shopping Centers,Shopping mall,Open,+92 41 5389585,facebook.com,4.0,151.0,54.33,People typically spend up to 1 hour here,03-2025
c81f68a94ea450f29573ad2b40d27219,Motifz,Pakistan,Faisalabad,"Rcg Mall, Jaranwala Rd, Kohinoor City, Faisalabad, 38000, Pakistan",38000,73.11470542,31.41050569,Retail & Shopping,Fashion & Accessories,Clothing store,Open,+92 311 1111021,motifz.com.pk,4.1,23.0,52.0,People typically spend up to 1 hour here,03-2025
8227a98da62dfad4a7a204b02341115d,Smoke Choice Mart,Punjab,Lahore,"Plaza no 5 AA commercial, opposite Islamabad Diagnostic Center lab, Sector D Lahore, 53720, Pakistan",53720,74.1702751,31.37347387,Retail & Shopping,Tobacco & Vape,Tobacco shop,Open 24 hours,+92 322 4718267,facebook.com,4.4,189.0,37.14,People typically spend up to 20 min here,03-2025
443da460daf50575033112e39c306dd6,MNR Design Studio Lahore,Pakistan,Lahore,"9C Tariq Rd, Block C2 Block C 2 Gulberg III, Lahore, 54000, Pakistan",54000,74.34762077,31.51061555,Retail & Shopping,Fashion & Accessories,Fashion designer,Open,+92 42 35750306,m.facebook.com,3.8,207.0,55.67,People typically spend up to 2 hours here,03-2025
984e4966b291beffcda3ad74a2ae82fe,Siaka Furniture & Interiors,Pakistan,Faisalabad,"P-16 Rao Arif Palaza, Narwala Rd, Jinnah Colony, Faisalabad, 38000, Pakistan",38000,73.0680618,31.42118068,Retail & Shopping,Home & Furniture,Office furniture store,Open,+92 321 7999907,siakainterior.myshopify.com,4.5,53.0,59.0,People typically spend up to 1 hour here,03-2025
82961bc44016b94e7531ce0dc4ce6e14,"Fancy Silk, Lace & Button Corner",Pakistan,Lahore,"Shop 13 B-1/B-2, Wirah Plaza, Ghalib Market, Block B1 Ghalib Market Gulberg III, Lahore, 54660, Pakistan",54660.0,74.35137953,31.51338996,Retail & Shopping,Fashion & Accessories,Clothing store,Open,+92 331 4259715,fancybuttoncorner.com,4.9,19.0,57.83,People typically spend up to 2.5 hours here,03-2025
a4c889521b6ddf04769bdcb5f2c5dac5,Suzuki Burj Motors,Pakistan,Faisalabad,"Iqbal Stadium, New Civil Lines، opp. Sindbad, Faisalabad, 38000, Pakistan",38000.0,73.08557655,31.43423691,Retail & Shopping,Auto & Vehicle Retail,Motor vehicle dealer,Open,+92 321 7831385,suzukiburj.com,3.9,982.0,65.33,People typically spend up to 45 min here,03-2025
96552cb318c003fd4ff936d256e09277,Modila Footwear,UC-6 P.e.c.h.s 1,Karachi,"124 T Tariq Rd, Block 2 P.E.C.H.S., Karachi, 75100, Pakistan",75100.0,67.05546682,24.8691101,Retail & Shopping,Fashion & Accessories,Handbags shop,Open,+92 303 2308786,modila.pk,4.0,181.0,52.29,People typically spend up to 25 min here,03-2025
16da2054b356130e16ac8c9c70cff09d,Syed Sons,Sector B2,Lahore,"Syed Sons, 125 College Road, Township Block A 3 Phase 1 Johar Town, Lahore, 54770, Pakistan",54770.0,74.29882934,31.4570371,Retail & Shopping,Construction & Hardware,Hardware store,Open,+92 302 2665557,syedsons.com,4.3,586.0,47.67,People typically spend up to 45 min here,03-2025
3db7dd26ec41ddb4a93b176925113977,COM 3 Shopping Mall,UC-2 Sultanabad,Karachi,"Com3 Tower, 3 Bilawal Chowrangi, Block 6 Clifton, Karachi, 75600, Pakistan",75600.0,67.01725796,24.81643216,Retail & Shopping,Shopping Centers,Shopping mall,Open,+92 331 0269143,pixarch.net,4.2,806.0,72.71,People typically spend up to 2 hours here,03-2025
bc16f04e2c3aa5a9aa7e5cad67f8c265,Shauqeen Computers,Punjab,Hazro,"Zia ul Haq Shaheed Rd, Hazro, 43600, Pakistan",43600.0,72.48479525,33.90832818,Retail & Shopping,Computers & Electronics,Computer store,Open,+92 333 5558487,g.page,4.1,29.0,42.67,People typically spend up to 1 hour here,03-2025
c070558d0cd0824dbc7bbe33fc982155,DVAGO Pharmacy & Wellness Experts,UC-2 Karimabad,Karachi,"Usman Memorial Hospital, Street no. 12، FB Area Block 1 Block 1 Gulberg Town, Karachi, 75950, Pakistan",75950.0,67.05417533,24.91474922,Retail & Shopping,Drug & Pharma,Pharmacy,Open 24 hours,+92 21 111 138 246,dvago.pk,3.5,27.0,39.86,People typically spend up to 45 min here,03-2025
035d6a7593f371a5cc4bbedbc0a451a2,HEELS Corporate Office,Punjab,Lahore,"219 Sofiabad, Heels Corporate Office, Main Lahore – Kasur Rd, Shadab Garden, Lahore, 54000, Pakistan",54000,74.35228056,31.42739891,Retail & Shopping,Fashion & Accessories,Shoe store,Open,+92 333 1030450,heelsshoes.pk,4.4,58.0,48.5,People typically spend up to 3 hours here,03-2025
37355d578e30378e25aa03d4e6f14649,Dogar Publisher,Punjab,Lahore,"36 Urdu Bazar, Anarkali Bazaar Lahore, 54000, Pakistan",54000,74.30642361,31.57590546,Retail & Shopping,Books & Comics,Book store,Open,+92 325 0427407,dogarpublishers.com.pk,4.4,111.0,42.67,People typically spend up to 4 hours here,03-2025
57831b9e57e11643c14f233a3074890f,Isuzu Federal motors,Islamabad Capital Territory,Islamabad,"GT Rd, Sarai Kharbuza, ICT, Islamabad, 44000, Pakistan",44000,72.89149651,33.66087614,Retail & Shopping,Auto & Vehicle Retail,Isuzu dealer,Open,+92 51 2226970,isuzufederal.pk,4.2,146.0,61.86,People typically spend up to 1 hour here,03-2025
7165651b7bba4877506304a78e89c73e,Building Hardware Store,Upper Gizri,Karachi,"Gizri Rd, Gizri Village Defence Housing Authority, Karachi, 75500, Pakistan",75500,67.04562884,24.81894533,Retail & Shopping,Construction & Hardware,Hardware store,Open,+92 21 35821847,buildinghardware.pk,4.2,222.0,64.83,People typically spend up to 45 min here,03-2025
9356d36f33ffb08b6a0c48d3ee4543f5,Generation Zamzama,UC-10 Clifton,Karachi,"2C 10th Commercial Ln, Zamzama Commercial Area Defence V Defence Housing Authority, Karachi, 75600, Pakistan",75600,67.03694954,24.81913013,Retail & Shopping,Fashion & Accessories,Clothing store,Open,+92 21 35867404,generation.com.pk,4.3,356.0,57.71,People typically spend up to 1.5 hours here,03-2025
a850beb2430819578ba65e03b0f1aa92,Paradise Express - Pak Paradise Store,Sindh,Karachi,"Centre Point Building, Main Korangi Rd, D.H.A. Phase 1 Phase 1 Defence Housing Authority, Karachi, 75500, Pakistan",75500,67.05849987,24.84081124,Retail & Shopping,Market & Grocers,Grocery store,Open,+92 321 2332643,facebook.com,4.3,378.0,55.29,People typically spend up to 30 min here,03-2025
5abed258946273d6cfecb26456f23175,D. Watson Chemist,Saddar,Rawalpindi,"Al Amin Plaza, Mall Rd, Saddar Cantt، Rawalpindi, 46000, Pakistan",46000,73.04444388,33.59678566,Retail & Shopping,Drug & Pharma,Pharmacy,Open,+92 51 5701070,dwatson.com.pk,4.1,463.0,54.71,People typically spend up to 20 min here,03-2025
e2cfeffcfd4d775898cff2af98ac45fb,Tailors De Pak,Karachi City,Karachi,"Shop # CG-1, Sc 40, Zafar Arcade, National Stadium Rd, Chandni Chowk Chandni Chowk (New Town), Karachi, 74800, Pakistan",74800,67.06188839,24.88992369,Retail & Shopping,Fashion & Accessories,Clothing store,Open,+92 300 2426051,facebook.com,4.3,343.0,46.83,People typically spend up to 30 min here,03-2025
a6f506d37aa1d9e071a24fcb1eada98e,Billo paper mart,Punjab,Lahore,"Urdu bazar venus market, Kabeer St, Lahore, 54000, Pakistan",54000.0,74.30647217,31.57608176,Retail & Shopping,Market & Grocers,Grocery store,Open,+92 333 4423884,papermart.com,2.8,4.0,36.83,People typically spend up to 3 hours here,03-2025
c6850ae103386a1bdbcb83ca8dccf667,Focus Interiors (Pvt) Ltd,Punjab,Lahore,"14/A1 Ghalib Rd, Block D1 Gulberg III, Lahore, 54660, Pakistan",54660.0,74.34356137,31.51402158,Retail & Shopping,Home & Furniture,Office furniture store,Open,+92 42 35761755,focusinteriors.com.pk,4.5,43.0,40.83,People typically spend up to 2 hours here,03-2025
80b19057b18915cc686e636ab71ae7f1,Naymat,Satellite Town,Rawalpindi,"4, B10, B-Block Block B Satellite Town, Rawalpindi, 46000, Pakistan",46000.0,73.06921737,33.63811287,Retail & Shopping,Fashion & Accessories,Clothing store,Open,+92 51 4572041,itemsworld.pk,4.3,385.0,66.67,People typically spend up to 1 hour here,03-2025
38bb81ab0cad16e1ddebfb1f75de23d7,Roshi Sports Lahore,Shera Kot,Lahore,"Roshi Sports, plot # 2, Street # 3, Ghousia colony, Band Rd, Shera Kot Lahore, 54000, Pakistan",54000.0,74.27270479,31.5435457,Retail & Shopping,Supplements & Nutrition,Sporting goods store,Open,+92 331 4214122,roshisports.com,4.4,68.0,54.83,People typically spend up to 2.5 hours here,03-2025
c1ce65e92d6cc95d719c140a9030b781,Ideas - Sahiwal,Sahiwal Tehsil,Sahiwal,"Girls College Rd, near Bhandhari Chowk, Muslim Abad Sahiwal, 57000, Pakistan",57000.0,73.10505577,30.67006252,Retail & Shopping,Fashion & Accessories,Clothing store,Open,+92 40 4460222,gulahmedshop.com,4.1,372.0,55.29,People typically spend up to 45 min here,03-2025
113e1aa85c987b98659ec44e3d82508a,Mohsin Sons Chandni chowk Murree Road Rawalpindi,Rawalpindi Tehsil,Rawalpindi,"Al-Sheikh Plaza, Chandni chowk Murree Rd, C Block Block C Chah Sultan, Rawalpindi, 46000, Pakistan",46000.0,73.07061087,33.63092248,Retail & Shopping,Fashion & Accessories,Bridal shop,Open,+92 51 4851193,mohsinsons.pk,4.1,742.0,66.83,People typically spend up to 2 hours here,03-2025
c4875b8b57b0053fbea34ec9ecfd8a59,Zohra Shopping Mart,Punjab,Lahore,"18 A Commerial Zone, Block A Izmir, Lahore, 54000, Pakistan",54000.0,74.18065514,31.42094241,Retail & Shopping,Market & Grocers,Grocery store,Open,+92 42 35961726,zohramart.pk,4.1,846.0,64.71,People typically spend up to 25 min here,03-2025
2dbc239bf88427c07b07b79ecd39135a,Friends Mart,Safari Block,Lahore,"29G, Maj. Aziz Bhatti Ave E, Safari Block, Commercial Umer Block Sector B Bahria Town, Lahore, 53720, Pakistan",53720.0,74.19271238,31.38419442,Retail & Shopping,Market & Grocers,Grocery store,Open,+92 316 4664401,facebook.com,4.1,674.0,57.86,People typically spend up to 30 min here,03-2025
ebc25d1e28a02546cb2f58af2be540d3,Bata Shoes,UC-10 Clifton,Karachi,"Block 9 Clifton, Karachi, 75600, Pakistan",75600.0,67.03281792,24.82694333,Retail & Shopping,Fashion & Accessories,Shoe store,Open,+92 21 35862661,bata.pk,3.9,529.0,46.0,People typically spend up to 30 min here,03-2025
7bee7a8a94b569ae8c560c635ebb79e3,Al Burhan Computers,UC-6 Farooq-e-Azam,Karachi,"Shop no-36, Al-Burhan Shopping Arcade Block E North Nazimabad, Hyderi, Karachi, 74700, Pakistan",74700.0,67.03981866,24.93852774,Retail & Shopping,Computers & Electronics,Computer store,Open,+92 314 0291353,alb.net.pk,4.3,222.0,42.57,People typically spend up to 1.5 hours here,03-2025
4d452b7632f0a1f405cf5e864bd5851c,BADA PLAZA,Khyber Pakhtunkhwa,Swari,"BADA PLAZA, Dewana Baba Rd, Swari, 19290, Pakistan",19290.0,72.48962324,34.47759591,Retail & Shopping,Shopping Centers,Supermarket,Open,+92 335 2016016,badaplaza.wordpress.com,4.1,189.0,47.86,People typically spend up to 1 hour here,03-2025
8d5e818a7659019bf2cffacfff41cd94,ALnoor store,Pakistan,Lahore,"Alnoor store, 106 Sutlej Ave, Block C2 Block C 1 Nespak Housing Scheme, Lahore, 54770, Pakistan",54770.0,74.28437425,31.43778463,Retail & Shopping,Shopping Centers,Shopping mall,Open,+92 316 4091995,instagram.com,4.1,219.0,43.71,People typically spend up to 30 min here,03-2025
d2bbde794247b32a47d52831964271ef,Kamalia Khaddar,Punjab,Kamalia,"Shop # 9, Ghalla Mandi Road, near Ideal Bakers, Kamalia, 36350, Pakistan",36350.0,72.63799617,30.73454513,Retail & Shopping,Fashion & Accessories,Clothing store,Open 24 hours,+92 343 6063834,kamaliankhaddar.com,4.9,56.0,33.43,People typically spend up to 1 hour here,03-2025
14b46ff93744e46ce3b84e4403dc41f3,Najeeb pharmacy E-11/2,Services Society,Islamabad,"Street 45 Khalid Bin Waleed Rd, 2 Markaz SCHS E 11/3 E-11, Islamabad, 44000, Pakistan",44000.0,72.97041555,33.6999585,Retail & Shopping,Drug & Pharma,Pharmacy,Open 24 hours,+92 51 2318030,najeebpharmacy.com,4.2,110.0,45.57,People typically spend up to 30 min here,03-2025
c1b1e6cc0a6090465e31f75a4b4f10f9,TOYOTA ISLAMABAD MOTORS,Islamabad Capital Territory,Islamabad,"7-Khyaban-e-Suharwardy G-6/1، 1, Aabpara Islamabad, 45240, Pakistan",45240.0,73.08161275,33.70510465,Retail & Shopping,Auto & Vehicle Retail,Car dealer,Open,+92 800 111 24,toyotaislamabad.com,4.1,1999.0,63.14,People typically spend up to 3 hours here,03-2025
80b43bd6c18f6b62d5d3abaa611ffa44,Outfitters Gulistan-e-Johar,UC-10 Pehalwan Goth,Karachi,"Plot # SB-08, Block-14, AL-Ghafoor Square Tower, Block 14 Gulistan-e-Johar, Karachi, 74600, Pakistan",74600.0,67.13112123,24.92013547,Retail & Shopping,Shopping Centers,Outlet mall,Open,+92 21 34010178,outfitters.com.pk,4.2,475.0,61.29,People typically spend up to 1 hour here,03-2025
cc992dc20d60f21061b17866307c2790,"Khaadi Outlet Store, Dolmen Mall, N. Nazimabad",UC-4 Hyderi,Karachi,"Shop # S-2 S- 10 S-12 Dolmen Hyderi, D-4, Block C North Nazimabad Town, Karachi, 74700, Pakistan",74700.0,67.03785998,24.93547586,Retail & Shopping,Fashion & Accessories,Clothing store,Open,+92 21 36724256,khaadi.com,4.2,287.0,52.43,People typically spend up to 3.5 hours here,03-2025
339a414b127f18e94b20d5219bbf404f,Dir Super Store Darora,Khyber Pakhtunkhwa,Darora,"Darora, 18000, Pakistan",18000.0,71.98609576,35.10494736,Retail & Shopping,Market & Grocers,Grocery store,Open 24 hours,+92 302 8361652,facebook.com,4.2,93.0,31.71,People typically spend up to 2.5 hours here,03-2025
806eba021ba949497a78eaf4ffea42c5,CSD Shop,Rawalpindi Tehsil,Rawalpindi,"PAF Base Nur khan, Chaklala Cantt., Rawalpindi, 46000, Pakistan",46000.0,73.08082947,33.61077638,Retail & Shopping,Shopping Centers,Supermarket,Open,+92 51 9280031,csd.gov.pk,4.1,544.0,66.14,People typically spend up to 30 min here,03-2025
f66f8636d8ead5bea1e9009b3e627f9e,Startech Technology (Gaming Solutions),Satellite Town,Rawalpindi,"Muree road 6th road chowk Umair plaza first floor shop 131-32, Rawalpindi, 46000, Pakistan",46000.0,73.07479993,33.64153347,Retail & Shopping,Toys & Games,Game store,Open,+92 334 5181848,startechtechnology.com,4.8,123.0,43.43,People typically spend up to 1.5 hours here,03-2025
36229190254e0d3be7fc2f3d6a6a1d6b,Model Bazaar Gujranwala,Sector W,Gujranwala,"Kashmir Rd, Sector W Peoples Colony, Gujranwala, 52250, Pakistan",52250.0,74.20619788,32.14750763,Retail & Shopping,Shopping Centers,Shopping mall,Open,+92 55 4274141,pmbmc.punjab.gov.pk,4.2,627.0,51.0,People typically spend up to 1 hour here,03-2025
51ccaa08eaf85a395a3ec5c38896f309,Maqsood Faisal Printing Press,Punjab,Lahore,"Local Rd, Shadab Garden, Lahore, 54000, Pakistan",54000.0,74.35198317,31.42650262,Retail & Shopping,Printing & Copy,Commercial printer,Open,+92 42 35402021,mfp.com.pk,4.3,58.0,50.5,People typically spend up to 4 hours here,03-2025
a21969db95a061b6b09b50c14cf65e50,Closet Store,UC-6 P.e.c.h.s 1,Karachi,"Basement Lavish Mall, Tariq Rd, opposite to Rabi Center, Block 2 UG-01, Karachi, 79001, Pakistan",79001.0,67.06009312,24.87554824,Retail & Shopping,Fashion & Accessories,Clothing store,Open,+92 304 1117368,closetor.com,4.3,151.0,65.67,People typically spend up to 4 hours here,03-2025
1affc9b3ac618c03f8b1cffb048b4200,J. Junaid Jamshed,Sahiwal Tehsil,Sahiwal,"Fateh Sher Colony, Sahiwal, 57000, Pakistan",57000.0,73.11260737,30.6724424,Retail & Shopping,Fashion & Accessories,Clothing store,Open,+92 321 8202687,junaidjamshed.com,4.2,529.0,69.14,People typically spend up to 30 min here,03-2025
dbfa87a33d72719a25ce3593ab654497,Ideas by Gulahmed,Pakistan,Kasur,"Chandni Chowk Railway Rd, Kasur, 55055, Pakistan",55055.0,74.44234917,31.11916977,Retail & Shopping,Fashion & Accessories,Clothing store,Open,+92 49 2760660,gulahmedshop.com,3.9,70.0,54.14,People typically spend up to 45 min here,03-2025
dea1a06e568c0cd0f656569ef6f483b9,The Mall of Sialkot,Sialkot Cantonment,Sialkot,"100 Aziz Bhati Shaheed Road, Sialkot Cantonment, Sialkot, 51310, Pakistan",51310,74.55462148,32.51759646,Retail & Shopping,Shopping Centers,Shopping mall,Open,+92 52 4560001,mallofsialkot.co,4.1,4151.0,64.57,People typically spend up to 1 hour here,03-2025
49186b2bfcd927a558eb1d3ff4a81d3c,ZELLBURY,Pakistan,Bahawalnagar,"Zellbury, Mall of, Police Line Rd, Bahawalnagar, 62300, Pakistan",62300,73.25958293,29.99747492,Retail & Shopping,Fashion & Accessories,Clothing store,Open,+92 21 38402072,zellbury.com,4.1,73.0,56.29,People typically spend up to 30 min here,03-2025
5b1cb13e20a0385b4cb1a09fd04ee5b8,Cherry,UC-7 P.e.c.h.s 2,Karachi,"Cherry Executive, 233C, CC Area،, Karachi, 75400, Pakistan",75400,67.05647787,24.87358149,Retail & Shopping,Fashion & Accessories,Men's clothing store,Open,+92 345 2059360,cherryhouse.com.pk,4.3,504.0,61.5,People typically spend up to 1 hour here,03-2025
1153f674a4441abfff5a5dbea3b7414b,Bin Dawood Martبن داود مارٹ,Sheikhupura,Sheikhupura,"Civil Quarters Rd, Allama Iqbal Park, Sheikhupura, 39350, Pakistan",39350,73.97872035,31.70986668,Retail & Shopping,Cosmetics & Beauty,Cosmetics store,Open,+92 321 6363302,fb.com,4.2,121.0,58.57,People typically spend up to 1 hour here,03-2025
86d3361f5d5740711d28da001eceeb3e,SaqafatBazar,UC-2 Kalaboard,Karachi,"R-64,65, Block B Millat Garden Malir Ghazi Dawood Brohi Goth, Karachi, 75080, Pakistan",75080,67.18607012,24.88462715,Retail & Shopping,Shopping Centers,Shopping mall,Open 24 hours,+92 309 2419832,saqafatbazar.pk,4.2,35.0,34.57,People typically spend up to 4 hours here,03-2025
a4dbbb00d746fcd871c2ebf3cde424e5,New Naveed Books & Stationers,Punjab,Lahore,"Poonch Rd, Islamia Park Lahore, 54500, Pakistan",54500,74.29982214,31.54771055,Retail & Shopping,Office & Stationery,Stationery store,Open,+92 42 35244625,instagram.com,4.2,252.0,69.5,People typically spend up to 30 min here,03-2025
bde6caf6dbdedb56f9c348101116c438,MG Capital,Islamabad Capital Territory,Islamabad,"Plot 210, 3 Service Road East, I-10/3 I-10, Islamabad, 44000, Pakistan",44000,73.04274856,33.65341449,Retail & Shopping,Auto & Vehicle Retail,Motor vehicle dealer,Open,+92 335 1111555,mgcapital.com.pk,4.0,308.0,62.83,People typically spend up to 1 hour here,03-2025
e6291b2be6f777c8e7b0bd33f6ea9747,Ideas - Jasmine Mall Bahria Lahore,Sector C,Lahore,"Jasmine Mall، near talwar chowk, Lahore, 53720, Pakistan",53720,74.18459496,31.37688117,Retail & Shopping,Fashion & Accessories,Clothing store,Open,+92 42 37862763,gulahmedshop.com,4.0,426.0,59.57,People typically spend up to 30 min here,03-2025
75aca88b7b58c8d3046a0e02b386c76e,Tasty Nimco And Frozen Items Since 1970,UC-4 Hyderi,Karachi,"Yasin Malik Rd, Block E North Nazimabad Town, Karachi, 74700, Pakistan",74700,67.03838985,24.93679012,Retail & Shopping,Market & Grocers,Frozen food store,Open,+92 312 1754859,tastynimco.com,4.3,294.0,45.29,People typically spend up to 25 min here,03-2025
bb70bbf0cd4ae49402b335068cf308c1,Ch. Muhammad Hussain Natt Trust Eye Hospital,Islamabad Capital Territory,Islamabad,"G, 8 Square Doctors Plaza, Markaz Rd, G-8 Markaz G 8 Markaz G-8, Islamabad, 44080, Pakistan",44080,73.04874841,33.6967987,Retail & Shopping,Eyewear & Optics,Eye care center,Open,+92 51 2266477,cmhntrust.org,4.3,27.0,51.83,People typically spend up to 2 hours here,03-2025
64441098928476a19290d12a5f619a9e,Outfitters Com3 Mall,UC-2 Sultanabad,Karachi,"Bilawal Chowrangi, Block 6 Clifton, Karachi, 75000, Pakistan",75000,67.0174971,24.81634853,Retail & Shopping,Shopping Centers,Outlet mall,Open,+92 21 35375989,outfittersstores.com,4.2,13.0,62.29,People typically spend up to 4 hours here,03-2025
4ea7d2e72a7347a57d4974273fb93282,Wood Xpert®,UC-8 Jamali Colony,Karachi,"R-273 Furniture Market, opp. Wasim Bagh, Block 13D-2 Block 13 D 2 Gulshan-e-Iqbal, Karachi, 75000, Pakistan",75000,67.07193357,24.90743134,Retail & Shopping,Home & Furniture,Furniture store,Open,+92 336 2141231,woodxpert.pk,4.2,41.0,56.33,People typically spend up to 1 hour here,03-2025
ebfb46c8ff460a77a244984a1f25029b,Chase Value - Five Star Chowrangi,UC-4 Hyderi,Karachi,"Plot D، 52 Shahrah-e-Jahangir Rd، near Five Star Chowrangi, Block H North Nazimabad Town, Karachi, 74600, Pakistan",74600,67.04587662,24.94155998,Retail & Shopping,Big Box & Department Stores,Department store,Open,+92 21 111 124 273,chasevalue.pk,4.2,8510.0,52.43,People typically spend up to 45 min here,03-2025
1189627f659bf58e6600e2e00e291f59,Khan Motors (Atlas Honda Dealership),Sargodha,Sargodha,"Fatima Jinnah Rd, Sargodha, 40400, Pakistan",40400,72.66800589,32.08302667,Retail & Shopping,Auto & Vehicle Retail,Motorcycle dealer,Open,+92 48 3714184,atlashonda.com.pk,4.1,267.0,55.0,People typically spend up to 45 min here,03-2025
ffd40c903456bfee15dff280095e4599,DUBAI TAILORS,Township,Lahore,"163-12-B1 Maryam Plaza Makkah Bazar, Plot 163 Main Market, Township Block 12 Sector B 1 Lahore, 54770, Pakistan",54770,74.30582837,31.46266168,Retail & Shopping,Fashion & Accessories,Men's tailor,Open,+92 333 4541525,dubai-tailors.business.site,4.8,21.0,39.67,People typically spend up to 3.5 hours here,03-2025
0360467ed08fa69045024b1dfae6f005,Dar Computers,Punjab,Gujrat,"Jinnah Rd, Gulberg Colony, Gujrat, 50700, Pakistan",50700,74.07264948,32.57634585,Retail & Shopping,Computers & Electronics,Computer store,Open,+92 300 6203312,facebook.com,3.9,240.0,62.33,People typically spend up to 1 hour here,03-2025
b92497468494e4c79dfdcf4e3060329f,Anees Book Corner,Pakistan,Lahore,"Anees Book Corner 34/F Main Market, Block F Gulberg 2, Lahore, 54660, Pakistan",54660,74.34278011,31.52569668,Retail & Shopping,Books & Comics,Book store,Open,+92 323 4074295,aneesbookcorner.com,4.2,2051.0,54.17,People typically spend up to 30 min here,03-2025
58139c88c44e3c9b29911ff3387ee9f4,PreSkin Cosmetics,Punjab,Depalpur,"Charagh Al Nabi Shopping center Super market, Super Market, near Faysal Bank, Depalpur, 56180, Pakistan",56180,73.65096026,30.67165256,Retail & Shopping,Cosmetics & Beauty,Cosmetics store,Open,+92 305 1192929,preskincosmetics.com,4.2,437.0,70.57,People typically spend up to 45 min here,03-2025
e30f1106c53808fb41ff2de950915149,Read The School Shop ModelTown Multan,Punjab,Multan,"38-B Model Town Blvd, Model Town B Block B Model Town, Multan, 60000, Pakistan",60000,71.49282366,30.24509472,Retail & Shopping,Books & Comics,Book store,Open,+92 61 2076480,readstore.pk,4.3,121.0,43.17,People typically spend up to 15 min here,03-2025
14cdace08b13a11269ed7c56d11e9359,MEGA STORE,Rahim Yar Khan Tehsil,Rahim Yar Khan,"Abbasia Town Main Road, near Fitness Gym, Rahim Yar Khan, 64200, Pakistan",64200,70.30134968,28.42999092,Retail & Shopping,Market & Grocers,Grocery store,Open,+92 301 1133338,facebook.com,4.3,306.0,41.29,People typically spend up to 1 hour here,03-2025
6287d861c9d03749c5bc615e8e2d3d39,Quetta Shopping Mall,Quetta,Quetta,"Sariab Mills Colony Quetta, 45000, Pakistan",45000,66.97166671,30.1047754,Retail & Shopping,Shopping Centers,Shopping mall,Open,+92 312 8962085,facebook.com,3.9,201.0,54.0,People typically spend up to 45 min here,03-2025
477c502bde5b9f279648a7bf3fde799a,IC TRADERS,Karachi City,Karachi,"Shop, No 64, center mobile market, Paposh Nagar Block 5 B Block 5 Nazimabad, Karachi, 75800, Pakistan",75800,67.02194011,24.92291156,Retail & Shopping,Computers & Electronics,Computer store,Open,+92 346 2477165,wa.me,3.2,15.0,43.17,People typically spend up to 1 hour here,03-2025
b53030cf24c9bc494f251a9cfba10fd8,Imtiaz Mega,Talwandi Rah,Gujranwala,"KINGS MALL, Judicial Housing Colony Gujranwala, 52250, Pakistan",52250,74.18659898,32.10265323,Retail & Shopping,Big Box & Department Stores,Department store,Open,+92 21 111 468 429,imtiaz.com.pk,4.4,6536.0,51.86,People typically spend up to 1.5 hours here,03-2025
0c16a5aa8ceef39500602a6cd278365c,Servaid Pharmacy,Pakistan,Lahore,"7A Model Town Circular Rd, Block C Model Town, Lahore, 54000, Pakistan",54000,74.32362193,31.48914765,Retail & Shopping,Drug & Pharma,Pharmacy,Open,+92 42 111 626 364,foodpanda.pk,3.9,77.0,35.86,People typically spend up to 2 hours here,03-2025
4797b96e2892802f49ae6b9878dd481c,Zafar Habib Packages (Pvt.) Ltd.,Punjab,Faisalabad,"77-A Sargodha Road، Small Industrial Estate Punjab Small Industries Corporation, Faisalabad, 38850, Pakistan",38850,73.04965076,31.49432283,Retail & Shopping,Packaging & Shipping,Packaging supply store,Open,+92 41 8586374,zafarhabib.com,4.2,36.0,47.5,People typically spend up to 4 hours here,03-2025
c192842fe9ed9f201de49ce0d7731560,Hookah Pani,Shaheen Block,Lahore,"Shop 15 GF, D-1 Plaza St 8, Sector B, Shaheen Block Commercial Bahria Town, Lahore, 53720, Pakistan",53720.0,74.18733384,31.38621513,Retail & Shopping,Misc. Stores,Store,Open 24 hours,+92 310 4299543,facebook.com,4.1,258.0,37.71,People typically spend up to 1 hour here,03-2025
c9a98c13b898b33f403333c44a8a9c1c,City Bazar,Sialkot,Sialkot,"Office No. 209, City Bazar, City Bazar, Ugoki Rd, Saga Square, Shahabpura, Shahab Pura Rd, Muzaffarpur, Sialkot, 51310, Pakistan",51310.0,74.50333562,32.48639312,Retail & Shopping,Shopping Centers,Shopping mall,Open,+92 316 5585858,flinklogisticsint.com,4.0,185.0,63.33,People typically spend up to 45 min here,03-2025
a59dd2c941ca74072a25d8e4fbf1ddba,Hush Puppies,Pakistan,Abbottabad,"Opposite Radio Pakistan, Mansahra Road, Abbottabad, 22010, Pakistan",22010.0,73.22680542,34.18014888,Retail & Shopping,Fashion & Accessories,Shoe store,Open,+92 992 403452,hushpuppies.com.pk,3.5,176.0,46.14,People typically spend up to 2.5 hours here,03-2025
b5d0db9d53f2c3438407931d07f55103,Atrium Mall,UC-8 Saddar,Karachi,"249, Staff Lines، Main Zaibunnisa Street, Karachi Cantonment صدر, Karachi, 74400, Pakistan",74400.0,67.02769196,24.85607875,Retail & Shopping,Shopping Centers,Shopping mall,Open,+92 21 111 287 486,atrium.com.pk,4.3,38643.0,59.0,People typically spend up to 1.5 hours here,03-2025
161d1a8c5b9a662a4c481906a76dc9f9,Shahbaz Super Store,Punjab,Lahore,"Koh-e-Noor Rd, Farooq Gunj Mohalla Lahore, 54000, Pakistan",54000.0,74.32528472,31.58809648,Retail & Shopping,Convenience & Variety,General store,Open,+92 315 7050603,shahbazsuperstore.com,4.5,138.0,49.57,People typically spend up to 2 hours here,03-2025
f6d58b24dadac43a519131b1cfb1ce01,Carzstore.pk,Pakistan,Lahore,"Plot 6, Al-Qaim Plaza, Abul Hassan Isfahani Rd, Block C1 Block C 1 Faisal Town, Lahore, 54770, Pakistan",54770.0,74.30639998,31.4758719,Retail & Shopping,Auto & Vehicle Retail,Car accessories store,Open,+92 300 1860033,carzstore.pk,3.9,103.0,29.43,People typically spend up to 2 hours here,03-2025
a1511ae702cbab76507e02131c1dadd1,Rainbow Cash & Carry - Wapda Town,WAPDA Town,Lahore,"Usmania Tower, rehmat chowk, K-1 Block K 1 Wapda Town Phase 1 Lahore, 53700, Pakistan",53700.0,74.2633731,31.41972232,Retail & Shopping,Market & Grocers,Grocery store,Open,+92 42 35224612,rainbowcc.com.pk,4.2,5142.0,58.0,People typically spend up to 45 min here,03-2025
4a95f8e5531a0f578b28abf1c32f9979,Aaban Motors Rawalpindi ( Auto care ),Rawalpindi Tehsil,Rawalpindi,"GT Rd, Rawalpindi, 46000, Pakistan",46000.0,73.10306555,33.54467122,Retail & Shopping,Auto & Vehicle Retail,Used car dealer,Open,+92 334 9898985,youtube.com,4.8,119.0,40.33,People typically spend up to 3 hours here,03-2025
5c2652535fe8c00841c812666b508ff9,The City Tiles,UC-11 Kehkeshan,Karachi,"Plot: F-41/3, Block 4, Clifton, Karachi, Block 4 Clifton, Karachi, 75500, Pakistan",75500.0,67.03269925,24.80814721,Retail & Shopping,Home & Furniture,Tile store,Open,+92 21 35820477,thecitytiles.com,4.2,162.0,52.0,People typically spend up to 2 hours here,03-2025
11ed4930a34d2f47698e9c52bf4f5c3a,Pakistan Television News Centre,Islamabad Capital Territory,Islamabad,"Agha Khan Rd, F-5/1 F-5, Islamabad, 44000, Pakistan",44000.0,73.08756634,33.73456374,Retail & Shopping,Convenience & Variety,General store,Open 24 hours,+92 51 9213333,ptv.com.pk,4.6,445.0,39.0,People typically spend up to 4 hours here,03-2025
e8c9ef1dd8b29458d9d0d990074d0244,Honda Multan,Punjab,Multan,"Northern Bybass road, near NCBA, Multan, 60600, Pakistan",60600.0,71.53542893,30.24066527,Retail & Shopping,Auto & Vehicle Retail,Honda dealer,Open,+92 309 7772688,hondamultan.com.pk,4.2,417.0,55.57,People typically spend up to 1.5 hours here,03-2025
67ed07d6f100dacc0d1d6822851bed34,Fashion Pakistan Lounge (FPL) - Multi Designer Store Lahore,Pakistan,Lahore,"165-P College Rd, Block P Gulberg 2, Lahore, 54660, Pakistan",54660.0,74.34940126,31.52134392,Retail & Shopping,Fashion & Accessories,Clothing store,Open,+92 42 35762884,fplounge.com,4.2,299.0,53.14,People typically spend up to 1 hour here,03-2025
58fc3e7d6d9da9a2cf9c98eb8935e807,Zahoor Hardware Group | S.M Nazir & Co,Punjab,Lahore,"Nawab tubewell street Brandreth, road, Lahore, 54000, Pakistan",54000.0,74.32659916,31.57516963,Retail & Shopping,Construction & Hardware,Hardware store,Open,+92 42 37113773,zahoorhardware.com,4.3,103.0,60.0,People typically spend up to 3 hours here,03-2025
1329547afe2e13a02d01df8e39b0d134,Saving Point Shopping Complex & Utility Store,Rahim Yar Khan,Rahim Yar Khan,"Zafar Abad Colony Rahim Yar Khan, 64200, Pakistan",64200.0,70.30523265,28.43394271,Retail & Shopping,Shopping Centers,Shopping mall,Open 24 hours,+92 300 8643100,facebook.com,4.5,17.0,50.57,People typically spend up to 2 hours here,03-2025
acb51d8ad0b664d72441dd596e1a3c90,Al Zaban Hardware Store,Township,Lahore,"Plot#3 block#11, Sector B-1 Block 11 Sector B 1 Lahore, 54770, Pakistan",54770.0,74.30836758,31.46412277,Retail & Shopping,Construction & Hardware,Hardware store,Open,+92 42 35110830,alzaban.com,4.3,2079.0,58.17,People typically spend up to 30 min here,03-2025
05a9bb7956681a6b9f546a47ca7ad310,Ethnc,Satellite Town,Gujranwala,"1/A Satellite town, Jail Road, opposite Districts Civil Courts, Block A Satellite Town, Gujranwala, 52250, Pakistan",52250.0,74.19362237,32.16588921,Retail & Shopping,Fashion & Accessories,Clothing store,Open,+92 55 3736052,ethnic.pk,4.1,158.0,54.57,People typically spend up to 30 min here,03-2025
f9d2b6c397a14d7c325fbf555209f458,Waleed Party Decoration,Shan Chan Chiragh,Rawalpindi,"Jamia Masjid Rd, Shan Chan Chiragh, Rawalpindi, 46000, Pakistan",46000.0,73.05506066,33.61945715,Retail & Shopping,Costumes & Party Supplies,Wedding store,Open,+92 336 5559393,wabdecor.com,4.8,256.0,49.67,People typically spend up to 45 min here,03-2025
fbfddf7093edd3ff29fd4e457b81cdb7,Khaadi,Sargodha,Sargodha,"Main University Road, opposite Fatima Hospital, Jaan Colony, Sargodha, 40100, Pakistan",40100.0,72.68656782,32.06639086,Retail & Shopping,Fashion & Accessories,Clothing store,Open,+92 48 3215273,pk.khaadi.com,4.2,901.0,64.29,People typically spend up to 30 min here,03-2025
e0d86842de90561063f5412d61c6e88f,Punjab Cash and Carry,Rawalpindi Tehsil,Rawalpindi,"Range Rd, Afshan Colony, Rawalpindi, 46000, Pakistan",46000.0,73.01931038,33.59792862,Retail & Shopping,Shopping Centers,Supermarket,Open,+92 337 8905264,punjabcashandcarry.com.pk,4.3,3041.0,53.14,People typically spend up to 30 min here,03-2025
7d41964fc4421e79eb43374de96e2628,Iqbal Brothers Master Paints,Khyber Pakhtunkhwa,Peshawar,"Sardar Garhi, GT Rd, sardargarhi, Peshawar, 25000, Pakistan",25000,71.63362166,34.01881592,Retail & Shopping,Construction & Hardware,Paint store,Open,+92 330 2263355,masterpaints.com,4.6,42.0,56.67,People typically spend up to 2 hours here,03-2025
eebaf69470f3bc178161146c5a9e9db6,Pakistan Flex,Pakistan,Faisalabad,"222 A block Alama iqbal conly, Allama Iqbal Colony, Faisalabad, 38000, Pakistan",38000,73.07244493,31.38838388,Retail & Shopping,Printing & Copy,Print shop,Open 24 hours,+92 300 2447735,youtube.com,4.9,9.0,29.43,People typically spend up to 2 hours here,03-2025
331d9cfb930194bc32da4d2b7d3a6e66,The Eye Associates,Pakistan,Lahore,"2 Justice Sardar Iqbal Road, Gulberg V, Lahore, 54000, Pakistan",54000,74.34642464,31.54157828,Retail & Shopping,Eyewear & Optics,Eye care center,Open,+92 308 4667639,eyeassociates.pk,4.4,17.0,35.33,People typically spend up to 2 hours here,03-2025
6c587119a396318e8f8ff022ce58efbe,Retex Global (Pvt) Ltd,UC-1 Muzzafarabad,Karachi,"Karachi Export Processing Zone (KEPZ) Phase 2, Karachi, 75150, Pakistan",75150,67.23385057,24.83005743,Retail & Shopping,Fashion & Accessories,Clothing store,Open,+92 21 35131073,retexglobal.com,4.3,137.0,63.83,People typically spend up to 4 hours here,03-2025
17beac6aa86aab5862155a29c6f43825,SehgalMotors.PK - Johar Town Branch,Punjab,Lahore,"862- R Main Boulevard Johar Town Near Shadewal, Chowk, opposite Gloria Jeans, Lahore, 54000, Pakistan",54000,74.27382033,31.45689038,Retail & Shopping,Auto & Vehicle Retail,Car accessories store,Open,+92 311 1222357,sehgalmotors.pk,4.5,1545.0,62.71,People typically spend up to 1 hour here,03-2025
b738379627ad59bc18558aa7d815484e,Eastern Supermarket & Medico,UC-10 Pehalwan Goth,Karachi,"118 Main, Main Rashid Minhas Rd, adjacent Toyota Eastern Motors, Block 10 A Gulshan-e-Iqbal, Karachi, 75300, Pakistan",75300,67.10796288,24.90771527,Retail & Shopping,Shopping Centers,Supermarket,Open,+92 21 34617777,facebook.com,4.0,468.0,62.43,People typically spend up to 1 hour here,03-2025
6878e0a6437ead7b5f860dea09c43b9e,Bachaa Party | North Nazimabad | Karachi,UC-4 Hyderi,Karachi,"Plot F, 95, Block-B Block B North Nazimabad Town, Karachi, 74600, Pakistan",74600,67.03680266,24.9295536,Retail & Shopping,Baby & Children,Children's store,Open,+92 21 36630670,bachaaparty.com,4.6,4138.0,45.57,People typically spend up to 45 min here,03-2025
4efd28acda8d9ca795066af9864ce9c7,Ideas - Nawabshah,Sindh,Nawabshah,"Nawabshah, 67450, Pakistan",67450,68.40585035,26.2462787,Retail & Shopping,Fashion & Accessories,Clothing store,Open,+92 244 366283,gulahmedshop.com,4.1,235.0,69.86,People typically spend up to 30 min here,03-2025
df74336b01d7f599246c481c3740b8f6,Stile Emporium & Design Studio - Bahawalpur,Pakistan,Bahawalpur,"Khawat No. 199/197, Moza Bindra, Commercial Building, Ground Floor, Multan Rd, Bahawalpur, 63100, Pakistan",63100,71.66359425,29.42118873,Retail & Shopping,Home & Furniture,Tile store,Open,+92 315 2780764,stile.com.pk,4.1,40.0,41.57,People typically spend up to 1.5 hours here,03-2025
b5ebac20d01359dbde35d6a29ef7413c,Honda Drive-In,UC-10 Pehalwan Goth,Karachi,"118-C/1، Main Rashid Minhas Rd, Block 10-A Block 10 A Gulshan-e-Iqbal, Karachi, 75300, Pakistan",75300,67.11143273,24.90335223,Retail & Shopping,Auto & Vehicle Retail,Honda dealer,Open,+92 21 34992832,hondadrivein.com,3.8,1259.0,53.0,People typically spend up to 45 min here,03-2025
6d7df755fa197c4dded247dc77d602e8,Kia Motors City of Saints,Wapda Colony,Multan,"348 Khanewal Rd, Wapda Colony, Multan, 60000, Pakistan",60000,71.50158046,30.20961317,Retail & Shopping,Auto & Vehicle Retail,Car dealer,Open,+92 61 6780881,facebook.com,4.2,441.0,75.0,People typically spend up to 1 hour here,03-2025
955362413c8ccbc893dbb52e282c60fc,Pensy,Rewaz Garden,Lahore,"garden, Rewaz, Rewaz Garden Rewaz Gardens, Lahore, 54000, Pakistan",54000,74.30060768,31.55944271,Retail & Shopping,Fashion & Accessories,Clothing store,Open,+92 42 37112137,pensy.pk,4.3,44.0,33.17,People typically spend up to 1.5 hours here,03-2025
81ca9994be5c5b1f41e20fc8bb16c4c3,Starlet Shoes,Pakistan,Lahore,"10 Main Blvd Allama Iqbal Town, Pak Block Allama Iqbal Town, Lahore, 54570, Pakistan",54570.0,74.29362249,31.51553533,Retail & Shopping,Fashion & Accessories,Shoe store,Open,+92 42 37802237,starlet.pk,4.1,304.0,50.43,People typically spend up to 30 min here,03-2025
4fd2a6a62d39e00d07649725e61b7905,MG SIALKOT,Sialkot,Sialkot,"Fazal Abad, 14-KM Daska Rd, Sialkot, 51040, Pakistan",51040.0,74.43658053,32.39814283,Retail & Shopping,Auto & Vehicle Retail,Car dealer,Open,+92 312 8646464,mgsialkot.com,4.8,138.0,45.17,People typically spend up to 3 hours here,03-2025
61052167a9e488dfda8497f6dceaa2e6,"METRO Stargate Store, Karachi",Sindh,Karachi,"Shahrah e Faisal, Star Gate Rd, Mall, Karachi, 75200, Pakistan",75200.0,67.14949134,24.88764592,Retail & Shopping,Market & Grocers,Grocery store,Open,+92 21 34606100,metro.pk,4.1,8208.0,58.0,People typically spend up to 1.5 hours here,03-2025
8a6d8cff3e9217d6a8ab6f52dc12e821,GALAXY VAPERS - VAPE SHOP GULBERG (Electronic Cigarettes),Pakistan,Lahore,"Shop# 1, Ahad Arcade Lower Ground, opposite Raja Sahib, Gulberg III, Lahore, 54000, Pakistan",54000.0,74.34526665,31.50753166,Retail & Shopping,Cannabis & Smoke Shops,Vaporizer store,Open,+92 322 7229172,galaxyvapers.com,5.0,335.0,34.57,People typically spend up to 3 hours here,03-2025
4547da49a8a8ae13bde2b30caa3e1aae,H2o Home - Luxury Bathroom Boutique - Islamabad/ Rawalpindi Branch,Shamsabad,Rawalpindi,"Shop No. 1, Ground Floor, Murree Rd, Shamsabad, Rawalpindi, 46000, Pakistan",46000.0,73.07880141,33.65210336,Retail & Shopping,Home & Furniture,Tile store,Open,+92 304 1113304,h2ohome.com.pk,4.3,57.0,72.5,People typically spend up to 3.5 hours here,03-2025
e5d0830c7a264832d4f2c1ae30088470,eToys Pk,Punjab,Lahore,"2km THOKAR Raiwind Road, near AUDI CENTRE, Block D Nawab Town, Lahore, 54000, Pakistan",54000.0,74.24586993,31.4502826,Retail & Shopping,Toys & Games,Toy store,Open,+92 308 3756378,etoys.pk,4.6,166.0,60.86,People typically spend up to 1 hour here,03-2025
fee1ec047a68299859c0ed9c415463fd,Springs Store- DHA,Sindh,Karachi,"15-C, 13th Lane, Khayaban-e-Bukhari, Bukhari Commercial Area Phase 6 Defence Housing Authority, Karachi, 75500, Pakistan",75500.0,67.06124694,24.79209875,Retail & Shopping,Market & Grocers,Grocery store,Open,+92 332 2777464,springs.com.pk,4.3,2587.0,64.57,People typically spend up to 45 min here,03-2025
845a7477a183a7e750f3380a748c6e75,New Sethi Leather House Men,Punjab,Gujrat,"Khwajgan Rd, Khwajgan, Gujrat, 50700, Pakistan",50700.0,74.07758354,32.57654122,Retail & Shopping,Misc. Stores,Leather goods store,Open,+92 53 3532410,sethisstores.com,3.7,250.0,67.43,People typically spend up to 1 hour here,03-2025
b40e7fa69b1b98ce27a218878879be19,Clinix - G1 Market,Pakistan,Lahore,"Bilal Arcade, Abdul Haque Rd, Block G Phase 1 Johar Town, Lahore, 54700, Pakistan",54700.0,74.27922622,31.4775772,Retail & Shopping,Drug & Pharma,Pharmacy,Open,+92 42 35240632,clinix.com.pk,4.3,85.0,45.71,People typically spend up to 15 min here,03-2025
a165fc70ad536dc4736b14e457fa259f,Sanaulla Store - Tariq Road,UC-6 P.e.c.h.s 1,Karachi,"138 D Tariq Rd, Block 2 P.E.C.H.S., Karachi, 75400, Pakistan",75400.0,67.0557331,24.86975717,Retail & Shopping,Fashion & Accessories,Clothing store,Open,+92 311 1444910,sanaullastore.com,4.1,963.0,49.29,People typically spend up to 1 hour here,03-2025
7127e81fcf0233ce956a8b7b2ee1ccd8,Imtiaz Mega,UC-5 Gulshan-e-iqbal 1,Karachi,"Main Rashid Minhas Rd, opposite Moti Mehel, Block 2 Gulshan-e-Iqbal, Karachi, 75300, Pakistan",75300.0,67.08533443,24.92809023,Retail & Shopping,Big Box & Department Stores,Department store,Open,+92 21 111 468 429,imtiaz.com.pk,4.3,14745.0,61.14,People typically spend up to 1.5 hours here,03-2025
a30318fbb0c9f6705fe83bb9ff9d5a39,Al Noor Honda (Atlas Honda Dealership),Punjab,Gujranwala,"Main Gondlanwala Rd, near Dhullay Chowk, Block A Model Town, Gujranwala, 52250, Pakistan",52250.0,74.17210422,32.17137926,Retail & Shopping,Auto & Vehicle Retail,Motorcycle dealer,Open,+92 300 2497064,atlashonda.com.pk,4.1,153.0,64.17,People typically spend up to 1 hour here,03-2025
7e1eaf48aad217cf158e28b1b9e18664,Starlet shoes,Punjab,Lahore,"Shalimar Link Road, Gunj Bazar Gunj, Lahore, 54840, Pakistan",54840.0,74.37837373,31.5650119,Retail & Shopping,Fashion & Accessories,Shoe store,Open,+92 322 0009802,starlet.pk,4.2,69.0,59.14,People typically spend up to 25 min here,03-2025
bab396460977e6ccda0e7ee25b1d938c,"METRO Manghopir Store, Karachi",Karachi City,Karachi,"D-22 Manghopir Rd, Metroville Sindh Industrial Trading Estate, Karachi, 75700, Pakistan",75700.0,67.01297574,24.91983896,Retail & Shopping,Market & Grocers,Grocery store,Open,+92 42 111 786 622,metro.pk,4.2,1035.0,63.0,People typically spend up to 1 hour here,03-2025
eb8a057182ca9602288311d8857439c4,Madina Electric Centre,Punjab,Lahore,"47 Shalimar Link Road, Baghbanpura, Lahore, 54000, Pakistan",54000.0,74.37857261,31.58232155,Retail & Shopping,Computers & Electronics,Electronics store,Open,+92 324 3246464,madinaelectriccentre.com,4.3,166.0,57.0,People typically spend up to 45 min here,03-2025
98918b6a2ee03a19ea76710e35ddb935,AL JABRAN ENTERPRISES,Shahi Bagh,Peshawar,"Jabran Adeel Plaza Bilal Town, GT Rd, Zaryab Colony, Peshawar, 25000, Pakistan",25000.0,71.58682558,34.01578165,Retail & Shopping,Misc. Stores,Store,Open,+92 91 2584445,aljabran.com,4.1,133.0,63.0,People typically spend up to 1 hour here,03-2025
259300d62b3f72ed3054baf71dea4847,Sunrise fashion martفیصل اقبال ملک,Pakistan,Dina,"Sunrise Cloth St 1, Dina, 49400, Pakistan",49400.0,73.59784691,33.02879754,Retail & Shopping,Misc. Stores,Store,Open,+92 319 0550556,sunrisefashionmart.com,4.2,5.0,31.14,People typically spend up to 3 hours here,03-2025
43ea9aae591886a08d4bb9660b72abe0,Abdullah Mobiles,Sargodha,Sargodha,"1st Floor, Trust Plaza Shop 46، 47 Fatima Jinnah Rd, Sargodha, 40100, Pakistan",40100.0,72.66493474,32.08121939,Retail & Shopping,Computers & Electronics,Cell phone accessory store,Open,+92 300 6003748,abd.com.pk,3.9,57.0,64.5,People typically spend up to 45 min here,03-2025
724240c7c6da9f5b08c3ecca34e18ea1,Al Fatah Exclusive Mall - Hussain Chowk,Pakistan,Lahore,"1st floor, 51-B, near Hussain Chowk, Block B3 Block B 3 Gulberg III, Lahore, 54000, Pakistan",54000.0,74.35042251,31.50698379,Retail & Shopping,Shopping Centers,Shopping mall,Open,+92 42 32307777,alfatah.pk,4.4,9753.0,66.57,People typically spend up to 45 min here,03-2025
e9ea252047561576934277048498cd54,Wadud Sons Departmental Store,Pakistan,Peshawar,"PDA Building, Phase 5 Hayatabad, Peshawar, 25000, Pakistan",25000.0,71.43994182,33.98876441,Retail & Shopping,Shopping Centers,Shopping mall,Open,+92 91 5822940,wadudsons.enic.pk,4.1,391.0,42.14,People typically spend up to 1 hour here,03-2025
351109b66aed72e532ce8d979bb2c37b,DAY to NIGHT STORE,Pakistan,Peshawar,"SJ Peshawar Icon, Main Peshawar Ring Rd., near Dilzak Road, Kamboh, Peshawar, 25000, Pakistan",25000.0,71.61011075,34.02928775,Retail & Shopping,Fashion & Accessories,Clothing store,Open,+92 91 2260195,daytonightstore.com,4.0,580.0,59.86,People typically spend up to 45 min here,03-2025
cd012751ee69ef0076617e1825e70036,New IT Systems,Pakistan,Jhelum,"Machine Mohalla No.2 Machine Mohalla 3, Jhelum, 49600, Pakistan",49600.0,73.72256285,32.93594374,Retail & Shopping,Computers & Electronics,Computer accessories store,Open,+92 544 620014,itplaza.pk,4.1,76.0,57.5,People typically spend up to 45 min here,03-2025
3f9880cacfcfdb91c1ad2231ce3de8bb,Shadman Mall,Shadman,Lahore,"Shadman 1 Shadman, Lahore, 54000, Pakistan",54000.0,74.32757363,31.5384694,Retail & Shopping,Shopping Centers,Shopping mall,Open,+92 42 37577402,hrservices.com.pk,3.9,562.0,39.71,People typically spend up to 4 hours here,03-2025
b567389503f0f8da77d6f553d0d3b845,METRO Islamabad Store,Islamabad Capital Territory,Islamabad,"Plot 1-A, Laila Rd, adjacent Railway Carriage Factory Road, I-11/4 I 11/4 I-11, Islamabad, 44000, Pakistan",44000,73.02358619,33.63992245,Retail & Shopping,Market & Grocers,Grocery store,Open,+92 51 4020073,metro.pk,4.3,13784.0,54.43,People typically spend up to 1.5 hours here,03-2025
9fa4ce6cbf5b3d7a9b8c7f24899d6948,Hobby Lobby Gulberg,Pakistan,Lahore,"Shop#29, Center Point Plaza, Main Blvd, Block E 2 Gulberg III, Lahore, 54000, Pakistan",54000,74.33349115,31.50723256,Retail & Shopping,Framing & Hobbies,Hobby store,Open,+92 42 35764234,hobbylobby.com.pk,4.2,162.0,56.5,People typically spend up to 2.5 hours here,03-2025
01f4f689db16b0d7f62efdc3a196764a,LimeLight Flagship Store,Pakistan,Lahore,"Shop No. 3/4 Tenth Avenue Mall, Gulberg III Near Blue Mall, Lahore, Pakistan, MM Alam Rd, Lahore, 54600, Pakistan",54600,74.34962818,31.51911638,Retail & Shopping,Fashion & Accessories,Clothing store,Open,+92 42 35778900,limelight.pk,4.4,1902.0,51.29,People typically spend up to 45 min here,03-2025
af1d7bf2f1e7e07d912d8a90d062dd17,ECS,Pakistan,Faisalabad,"S-9, Madina Town, Near Hockey Stadium, Susan Road, Madina Town, Faisalabad, 38000, Pakistan",38000,73.11104487,31.41743776,Retail & Shopping,Fashion & Accessories,Shoe store,Open,+92 41 8716058,shopecs.com,4.2,337.0,52.71,People typically spend up to 25 min here,03-2025
567edc6dff2710fddf60523c44803537,Humayun Alamgir - Zamzama,Zamzama Commercial Area,Karachi,"4th Zamzama Ln, Zamzama Commercial Area Defence V Karachi, 75600, Pakistan",75600,67.03932171,24.81724049,Retail & Shopping,Fashion & Accessories,Men's clothing store,Open,+92 21 35140562,humayunalamgir.com,4.3,215.0,59.33,People typically spend up to 1.5 hours here,03-2025
b14862280ecf412a298ec6eb7dff113a,ZELLBURY,Sukkur,Sukkur,"Sukkur, 65200, Pakistan",65200,68.86683543,27.6944381,Retail & Shopping,Fashion & Accessories,Clothing store,Open,+92 21 38402072,zellbury.com,4.1,81.0,54.43,People typically spend up to 1 hour here,03-2025
12416a98e57c018f2a62a249c81a5f53,J. Fragrances and Cosmetics BAHRIA TOWN LAHORE,Sector C,Lahore,"Jasmeen Heights, Sector C Jasmine Block Sector C Bahria Town, Lahore, 53720, Pakistan",53720,74.18462622,31.37662978,Retail & Shopping,Perfume & Cosmetics,Perfume store,Open,+92 321 4460190,junaidjamshed.com,4.3,51.0,43.29,People typically spend up to 25 min here,03-2025
fe28d04a0f193731efaf2919b7591a8f,"Zubaida's Graco Babyshop and Homestore – G.T. ROAD, ISLAMABAD",Islamabad Capital Territory,Islamabad,"G.T. Rd, Main Islamabad, 45730, Pakistan",45730,73.14644753,33.52232333,Retail & Shopping,Misc. Stores,Store,Open,+92 345 0022350,zubaidas.com,3.9,533.0,51.86,People typically spend up to 1 hour here,03-2025
db983e58abfea0ecd4324112bcd9e27b,Changan Auto Islamabad,Islamabad Capital Territory,Islamabad,"Plot # 384 Potohar Rd, Industrial Area I 9/3 I-9, Islamabad, 44000, Pakistan",44000,73.05641071,33.65891886,Retail & Shopping,Auto & Vehicle Retail,Car dealer,Open,+92 51 111 246 111,changanislamabadmotors.com,4.2,794.0,63.86,People typically spend up to 1.5 hours here,03-2025
dd75d814990dba7bcec2e8a54276a143,Clive Shoes Multan Cantt,Rangeel Pur,Multan,"Aziz shaheed road, Multan Cantonment, Multan, 61000, Pakistan",61000,71.43346882,30.18607117,Retail & Shopping,Fashion & Accessories,Shoe store,Open,+92 321 1688815,cliveshoes.com,4.3,81.0,58.43,People typically spend up to 30 min here,03-2025
494c1f6a0f5d43bd491d137e3a42e60e,Nishat,Pakistan,Abbottabad,"Mansehra Rd, Jhangi Syedan Abbottabad, 22040, Pakistan",22040.0,73.22940636,34.18647352,Retail & Shopping,Fashion & Accessories,Clothing store,Open,+92 992 385293,bit.ly,4.2,295.0,50.43,People typically spend up to 45 min here,03-2025
7becab38556ee5dafce673b8dbdcc4cd,Risen - Fatehgarh,Punjab,Lahore,"Jehangir Rd, Fateh Garh Fatehgarh, Lahore, 54000, Pakistan",54000.0,74.4064489,31.56856021,Retail & Shopping,Shopping Centers,Supermarket,Open,+92 340 3115555,risen.com.pk,4.3,3334.0,58.57,People typically spend up to 30 min here,03-2025
9bca3419163c2fed2580931a9c0abb7a,RB Tech & Games,Punjab,Lahore,"Store G-2, Ground Floor, Al-Hafeez Heights, Ghalib Rd, Block D1 Gulberg III, Lahore, 54660, Pakistan",54660.0,74.34211972,31.51458222,Retail & Shopping,Computers & Electronics,Computer store,Open,+92 302 0111136,rbtechngames.com,4.9,584.0,58.17,People typically spend up to 1.5 hours here,03-2025
0ced26fa92475ae43f959c07f6252ab5,Mama Love,Sialkot,Sialkot,"Able Plaza Chowk, Jinnah Islamia College Rd, Jinnah Park Colony 2, Sialkot, 51310, Pakistan",51310.0,74.54879063,32.50388189,Retail & Shopping,Fashion & Accessories,Clothing store,Open,+92 52 4595656,mamalove.pk,4.0,89.0,52.14,People typically spend up to 30 min here,03-2025
87ca0111ffabde1e6da95be4e8957a02,Chaudhry Auto Store,Qila Gujjar Singh,Lahore,"17-A Montgomery Rd, Montgomery Park Qila Gujjar Singh, Lahore, 54000, Pakistan",54000.0,74.32532735,31.56695454,Retail & Shopping,Auto & Vehicle Retail,Auto parts store,Open,+92 322 4022262,chaudhryautostore.com,4.2,1292.0,69.17,People typically spend up to 1.5 hours here,03-2025
cb24763c4f4a615de0cb80baaec6db5f,Javed Karyana Merchant,Rahim Yar Khan Tehsil,Rahim Yar Khan,"Thali Rd, Rahim Yar Khan, 64200, Pakistan",64200.0,70.29048452,28.43317796,Retail & Shopping,Market & Grocers,Grocery store,Open,+92 304 6197769,javedkaryanamercha.wixsite.com,3.9,26.0,63.86,People typically spend up to 1 hour here,03-2025
f6dd098a2cc36ddfbaed5c23f9a6421d,Ashraf Jewellers ®️,Pakistan,Kasur,"Kot Usman Khan Rd, Kot Usman Khan Kasur, 55050, Pakistan",55050.0,74.44489579,31.11666234,Retail & Shopping,Arts & Crafts,Jeweler,Open,+92 300 6592097,wa.me,4.5,86.0,59.67,People typically spend up to 2 hours here,03-2025
cc302e8e815ab8209c8712dbacbe25d9,Imtiaz Xpress,UC-2 Civic Center,Karachi,"CP & Bihar Society, CP & Berar Society Gulshan-e-Iqbal, Karachi, 75300, Pakistan",75300.0,67.0634847,24.88638442,Retail & Shopping,Big Box & Department Stores,Department store,Open,+92 21 111 468 429,imtiaz.com.pk,4.2,3327.0,65.14,People typically spend up to 30 min here,03-2025
1e891b9f8cb4e989ffd47e6f64b98fec,Breakout Wapda Town,Pakistan,Lahore,"Nazaria-e, Roundabout, near Wapda Town, Lahore, 54770, Pakistan",54770.0,74.27160786,31.44306788,Retail & Shopping,Fashion & Accessories,Clothing store,Open,+92 42 35955603,breakout.com.pk,4.2,493.0,43.29,People typically spend up to 45 min here,03-2025
7db4296405de479a3afe506fd050e9b9,Khaadi,Pakistan,Hyderabad,"RECH Auto Bahn Rd, Latifabad, Hyderabad, 17000, Pakistan",17000,68.33129195,25.3777474,Retail & Shopping,Fashion & Accessories,Clothing store,Open,+92 22 3411444,pk.khaadi.com,4.2,384.0,55.57,People typically spend up to 30 min here,03-2025
8706ea27196fb08237c24371d78e8626,Book Corner Showroom Jhelum,Pakistan,Jhelum,"Iqbal Library Rd, opposite Iqbal Library, Naya Mohalla Jhelum, Jhelum, 49600, Pakistan",49600,73.72946193,32.93078822,Retail & Shopping,Books & Comics,Book store,Open,+92 321 5440882,bookcorner.shop,4.6,370.0,55.14,People typically spend up to 45 min here,03-2025
ac50c739e143e8859bf59be21fafc5b4,"edenrobe & FUROR - Model Town, Bahawalpur",Punjab,Bahawalpur,"Ace Galleria، M-Bin Qasim Road, Model Town, Bahawalpur, 63100, Pakistan",63100,71.65787396,29.39353275,Retail & Shopping,Fashion & Accessories,Clothing store,Open,+92 62 2882619,edenrobe.com,4.1,995.0,71.86,People typically spend up to 2.5 hours here,03-2025
5583b6bc8af45aa37773ffd81ffd27de,Digital Computers,UC-8 Saddar,Karachi,"Shop # 85, Cambridge Computer and Mobile Mall, Saddar Karachi, 75400, Pakistan",75400,67.03036013,24.86049652,Retail & Shopping,Misc. Stores,Store,Open,+92 333 3539019,ovaisfarooqi2020.wixsite.com,4.8,14.0,49.33,People typically spend up to 3.5 hours here,03-2025
afd9dcda9349cf457299f4fcba7b7c41,ENGLISH BOOT HOUSE,UC-6 P.e.c.h.s 1,Karachi,"124j, Main Tariq Rd, Block 2 P.E.C.H.S., Karachi, 75600, Pakistan",75600,67.05438474,24.86740849,Retail & Shopping,Fashion & Accessories,Shoe store,Open,+92 21 34551116,ebhfashion.com,3.8,221.0,51.17,People typically spend up to 3.5 hours here,03-2025
baa1234a399bab77d1254e9de7df32aa,The Nawabshah Bakers And Sweets,Sindh,Nawabshah,"Masjid Rd, Nawabshah, 67450, Pakistan",67450,68.40540048,26.24340559,Retail & Shopping,Market & Grocers,Grocery store,Open,+92 244 370400,facebook.com,4.2,190.0,59.57,People typically spend up to 20 min here,03-2025
ff55a19dc1ec8e51319ee08e71063557,edenrobe,Punjab,Faisalabad,"Shahr-e-Faisal, Pilot Ground Block B People's Colony No 1, Faisalabad, 38000, Pakistan",38000,73.10134914,31.41192443,Retail & Shopping,Fashion & Accessories,Clothing store,Open,+92 41 8556444,edenrobe.com,4.2,362.0,59.0,People typically spend up to 30 min here,03-2025
08b036bc1b8050e2fad8cdc89ac690dd,Jalal Sons,Pakistan,Lahore,"12-E Zanjani Rd, Main Market, Lahore, 54000, Pakistan",54000,74.34302333,31.52379359,Retail & Shopping,Market & Grocers,Grocery store,Open,+92 42 111 525 625,jalalsons.com.pk,4.4,5850.0,67.57,People typically spend up to 25 min here,03-2025
27fc054d76bc7e53309dbce875b12d25,Kitabistan,Taraf Mubarik Doim,Multan,"Kitabistan Book Cnter, Chowk Qazzafi, Kumharanwala Qaiserabad, Multan, 60000, Pakistan",60000,71.51361798,30.21055469,Retail & Shopping,Books & Comics,Book store,Open,+92 334 6098277,kitabistanmultan.com,4.3,251.0,48.14,People typically spend up to 20 min here,03-2025
b7a1ce494e03ca4f577a6d1ab7253117,Ilmi Kitab Khana,Punjab,Lahore,"4 Kabeer St, Urdu Bazar Lahore, 54000, Pakistan",54000,74.30818724,31.57582215,Retail & Shopping,Books & Comics,Book store,Open,+92 42 37353510,ilmikitabkhana.com,4.4,636.0,61.0,People typically spend up to 45 min here,03-2025
761ef6179e323b88fe8d405235ad8af2,Imtiaz Supermarket,UC-7 P.e.c.h.s 2,Karachi,"Sir Syed Road, Block 3 P.E.C.H.S., Karachi, 75100, Pakistan",75100,67.05733681,24.87680134,Retail & Shopping,Big Box & Department Stores,Department store,Open,+92 21 111 468 429,imtiaz.com.pk,4.3,9357.0,64.29,People typically spend up to 1 hour here,03-2025
2078b1ae06d03eee4b39f61f3bca3837,Toyota Multan Motors,Taraf Mubarik Doim,Multan,"Bosan Rd, Shalimar Colony, Multan, 60000, Pakistan",60000,71.48164174,30.2421291,Retail & Shopping,Auto & Vehicle Retail,Toyota dealer,Open,+92 61 111 111 343,toyotamultan.com,4.2,1485.0,62.71,People typically spend up to 1.5 hours here,03-2025
7733bf187c11edc1db0b2e372a47d04c,Suzuki Master Motor Engineers (Queens Rd. Branch),Punjab,Lahore,"4 Queen's Road, Mozang Chungi, Lahore, 54000, Pakistan",54000,74.32097984,31.55857516,Retail & Shopping,Auto & Vehicle Retail,Suzuki dealer,Open,+92 42 36364293,suzukimaster.com,4.0,187.0,55.17,People typically spend up to 2.5 hours here,03-2025
da939753b376e87d220bad68bbf2185a,Guardian Pharmacy,Islamabad Capital Territory,Islamabad,"Malot, Islamabad Capital Territory, Jinnah Ave, Islamabad, 44000, Pakistan",44000,73.15377442,33.68201417,Retail & Shopping,Medical Supplies,Medical supply store,Open,+92 312 5005103,guardianpharmacy.com,4.8,8.0,32.43,People typically spend up to 4 hours here,03-2025
87b69feda523236740dfd77744f1865d,Malik Traders,Pakistan,Faisalabad,"337- D Satayana Rd, D Ground Block D People's Colony No 1, Faisalabad, 38000, Pakistan",38000,73.1079523,31.39899754,Retail & Shopping,Auto & Vehicle Retail,Motorcycle dealer,Open,+92 41 8540657,facebook.com,4.2,52.0,69.33,People typically spend up to 1.5 hours here,03-2025
fb8e846ddca39f0300c116f8d91f5129,Yaqeen Art Press (Private) Limited,Karachi City,Karachi,"Plot 150 Sabin Mehmood Rd, Mehran Town Sector 23 Korangi, Karachi, 74900, Pakistan",74900,67.10052356,24.83293126,Retail & Shopping,Printing & Copy,Commercial printer,Open,+92 21 35057265,yaqeen.biz,4.5,49.0,61.33,People typically spend up to 4 hours here,03-2025
9af42e983482ca47624ccd1a271b6354,Allah Walay Hardware Store - Toolstation,Pakistan,Jhelum,"Raam seen bazar, 49600, Pakistan",49600,73.7296545,32.92670247,Retail & Shopping,Construction & Hardware,Hardware store,Open,+92 544 620534,toolstation.com.pk,4.1,153.0,52.0,People typically spend up to 30 min here,03-2025
e968052e5d539fa1a0449f928561e839,Hush Puppies,Sector B,Islamabad,"18-B Main PWD Road, Opposite Punjab Cash and Carry, Sector B PWD Society, Islamabad, 44000, Pakistan",44000,73.13914318,33.57009595,Retail & Shopping,Fashion & Accessories,Shoe store,Open,+92 51 5170771,hushpuppies.com.pk,4.1,229.0,49.71,People typically spend up to 45 min here,03-2025
4b450b9e6370ea46d1911c7ae49542d7,Ideas - Tariq Road,UC-6 P.e.c.h.s 1,Karachi,"346 Tariq Rd, opposite Auliya Masjid, Block 2 P.E.C.H.S., Karachi, 75400, Pakistan",75400,67.05708567,24.87171945,Retail & Shopping,Fashion & Accessories,Clothing store,Open,+92 21 35144311,gulahmedshop.com,4.2,240.0,57.43,People typically spend up to 1 hour here,03-2025
943a78722bbdd084d76dd64cc6a5476a,ChenOne,Saddar,Rawalpindi,"Ground Floor/1st Floor, Makkah Tower, Adam Jee Rd, Saddar, Rawalpindi, 46000, Pakistan",46000,73.05096347,33.59609173,Retail & Shopping,Textiles & Fabrics,Fabric store,Open,+92 323 3777963,chenone.com,4.1,600.0,40.57,People typically spend up to 4 hours here,03-2025
c2518b4165941647a0f68332ce49c18f,Musa Carpets,Saddar,Rawalpindi,"Massey Gate Chowk, Shop 188 Adam Jee Rd, Saddar, Rawalpindi, 46000, Pakistan",46000,73.04992928,33.59729862,Retail & Shopping,Home & Furniture,Carpet store,Open,+92 51 5580777,musacarpets.com,4.1,176.0,62.86,People typically spend up to 45 min here,03-2025
8b29062f096f024b4e8cc62b6db62bcd,Fast Computers,UC-7 Al Falah Society,Shah Faisal Town,"Sc-10, Bagh E Ibrahim Society Bagh e Ibrahim Society Model Town, Shah Faisal Town, 75210, Pakistan",75210,67.18710542,24.87621182,Retail & Shopping,Computers & Electronics,Computer store,Open,+92 335 2807057,facebook.com,4.3,208.0,53.43,People typically spend up to 1.5 hours here,03-2025
136b58c73bc6d417c9ae6cb7c86a3998,Unze London,Taraf Mubarik Doim,Multan,"Shop no-12, Second Floor, Mall Of Multan, Bosan Rd, Shalimar Colony, Multan, 66000, Pakistan",66000,71.48217629,30.24252974,Retail & Shopping,Fashion & Accessories,Shoe store,Open,+92 61 2040089,unze.com.pk,3.8,193.0,40.57,People typically spend up to 1.5 hours here,03-2025
0954daf30d4b7b0614ee71ee8725495a,Sapphire Saddar,Saddar,Rawalpindi,"60-B Adam Jee Rd, Saddar, Rawalpindi, 43600, Pakistan",43600,73.05214255,33.59529015,Retail & Shopping,Fashion & Accessories,Clothing store,Open,+92 51 5120309,pk.sapphireonline.pk,4.3,227.0,63.29,People typically spend up to 45 min here,03-2025
f36a303464c12215be2db0bda724e9a0,H&S Apparel,Sindh,Karachi,"Building # 41-C, Mezzanine Floor، Street 2, D.H.A. Phase 7 Phase 2 Commercial Area Defence Housing Authority, Karachi, 75500, Pakistan",75500.0,67.07021651,24.82973573,Retail & Shopping,Fashion & Accessories,Clothing store,Open,+92 300 9227425,hnsapparel.com,4.3,1926.0,70.0,People typically spend up to 1.5 hours here,03-2025
24cc749fd5e80a1a353dbb3fe94d6521,Mahmood Pharmacy,Zeenat Block,Lahore,"447 Multan Rd, Zeenat Block Allama Iqbal Town, Lahore, 54000, Pakistan",54000.0,74.27978762,31.52234941,Retail & Shopping,Drug & Pharma,Pharmacy,Open 24 hours,+92 341 1100165,mahmoodpharmacy.com.pk,4.2,35.0,42.14,People typically spend up to 15 min here,03-2025
caa5017c1089c68908a4988dd9d98428,Hi-Tech Electronics & Mobiles Spare Parts,Punjab,Gujrat,"Gulzar-e-Madina Rd, Bakhshupura, Ramtalai, Bakhshupura, Gujrat, 50700, Pakistan",50700.0,74.07659435,32.56898894,Retail & Shopping,Computers & Electronics,Cell phone accessory store,Open,+92 300 6271499,facebook.com,4.1,426.0,59.33,People typically spend up to 25 min here,03-2025
27fb933360b9c682cfe36fc096894245,Elanza Mall & Residency Islamabad,Islamabad Capital Territory,Islamabad,"CT-5B, Gulberg Residencia Block D Markaz Gulberg Residencia, Islamabad, 44000, Pakistan",44000.0,73.20912364,33.5988973,Retail & Shopping,Shopping Centers,Shopping mall,Open,+92 332 5840854,dealanddeals.pk,4.4,25.0,47.86,People typically spend up to 2 hours here,03-2025
2fbee53748f4247f4577a946a3858c70,Sapphire - Allama Iqbal Town,Pakistan,Lahore,"Shop No، 13, Pak Block Allama Iqbal Town, Lahore, 54000, Pakistan",54000.0,74.29319635,31.51588238,Retail & Shopping,Fashion & Accessories,Clothing store,Open,+92 42 37800944,pk.sapphireonline.pk,4.3,1157.0,51.57,People typically spend up to 30 min here,03-2025
8eb8ab38869cdfedd043d874038ec4cc,Hamza Younas Automobiles,Saddar,Rawalpindi,"near Hamza Younas Auto.Autos, Saddar, Rawalpindi, 46000, Pakistan",46000.0,73.05142053,33.59770384,Retail & Shopping,Auto & Vehicle Retail,Toyota dealer,Open,+92 51 5566603,hyaparts.com,4.0,390.0,57.67,People typically spend up to 1 hour here,03-2025
d605d5470f289396875347b0550626c9,Royal Tag,Saddar,Rawalpindi,"Saddar, Rawalpindi, 46000, Pakistan",46000.0,73.04740618,33.59791456,Retail & Shopping,Fashion & Accessories,Clothing store,Open,+92 51 5123032,royaltag.com.pk,4.1,364.0,45.14,People typically spend up to 30 min here,03-2025
b2828c389e78ff1e8061b4704f283197,Clinix,Pakistan,Lahore,"Honda Centre Building, Wahdat Rd, Old Muslim Town, Mulsim Town, Lahore, Punjab, 54700, Pakistan",54700,74.3183589,31.51976177,Retail & Shopping,Drug & Pharma,Pharmacy,Open,+92 42 35912798,clinix.com.pk,4.4,76.0,45.57,People typically spend up to 45 min here,03-2025
7df91489273def369953827461fc9c82,edenrobe,Shaheed Benazirabad,Nawabshah,"32-A، Otaq Quarters، Hospital Road, Civil Lines, Nawabshah, 67450, Pakistan",67450,68.40602113,26.24441377,Retail & Shopping,Fashion & Accessories,Clothing store,Open,+92 244 366244,edenrobe.com,4.1,191.0,56.0,People typically spend up to 1 hour here,03-2025
b54772767ece49ec8591f0a0d94783ee,VapeMall Vape Shop - Electronic Cigarettes Ecig Kits Mod E-liquids,Sector C,Lahore,"73 CCA, Commercial Area, Sector C Phase 5 D.H.A, Lahore, 54810, Pakistan",54810,74.41076137,31.46258769,Retail & Shopping,Cannabis & Smoke Shops,Vaporizer store,Open,+92 304 1111291,vapemall.pk,4.7,769.0,43.0,People typically spend up to 1 hour here,03-2025
8b7059387e98329fc20491ebf04268bd,French Galleria,Pakistan,Phalia,"Phalia, 50430, Pakistan",50430,73.5763668,32.43520916,Retail & Shopping,Shopping Centers,Shopping mall,Open,+92 348 5238035,facebook.com,4.0,334.0,56.29,People typically spend up to 45 min here,03-2025
e61efba3108c78378532aae30fe9d746,Mall of Sargodha,Sargodha,Sargodha,"Mall of Sargodha, Main University Road, Pir Muhammad Colony, Sargodha, 40100, Pakistan",40100,72.69123841,32.06298122,Retail & Shopping,Shopping Centers,Shopping mall,Open,+92 302 8600879,mallofsargodha.com,4.3,2325.0,58.0,People typically spend up to 1 hour here,03-2025
f999ef6b8b1c5edff4ad2105f116eab9,Honda Gujranwala Pvt Ltd,Warriach,Gujranwala,"GT Rd, Meher Colony, Gujranwala, 52250, Pakistan",52250,74.16699132,32.22414635,Retail & Shopping,Auto & Vehicle Retail,Honda dealer,Open,+92 333 2415409,honda.com.pk,4.2,633.0,41.0,People typically spend up to 1 hour here,03-2025
bc105bf75a89f8c49a324da82fdca829,Munawar Computers,Punjab,Sanawan,"Munawar Computers Rana market Sanawan, Sanawan, 34100, Pakistan",34100,70.97223232,30.32494283,Retail & Shopping,Computers & Electronics,Computer store,Open,+92 341 3133329,justlap.store,4.9,9.0,31.14,People typically spend up to 3.5 hours here,03-2025
10d15efb574f9c6afd625c7709498406,Suzuki Mardan Motors,Pakistan,Mardan,"Nowshera Mardan Rd, Erum Colony, Mardan, 23200, Pakistan",23200,72.03063019,34.17990557,Retail & Shopping,Auto & Vehicle Retail,Car dealer,Open,+92 316 5200002,suzukimardan.com,4.5,817.0,48.57,People typically spend up to 1.5 hours here,03-2025
55dfc0197c311ed1d4b763bf304261ab,Bonanza | Satrangi,UC-10 Clifton,Karachi,"Deen Arcade, Block 8 Clifton, Karachi, 75500, Pakistan",75500,67.03310016,24.82803441,Retail & Shopping,Fashion & Accessories,Clothing store,Open,+92 21 111 244 266,bonanzasatrangi.com,4.2,118.0,39.17,People typically spend up to 2.5 hours here,03-2025
67cc7f065753f8e3e9e9be7096d3c17a,KASHIF Sports & Snooker Materials Shop,Sialkot Metropolitan Area,Sialkot,"Mujahid Rd, opposite Mezan bank, Rehmat Pura Latefa Bad, Sialkot, 51310, Pakistan",51310,74.53147774,32.49579875,Retail & Shopping,Outdoor & Sporting,Sports equipment rental service,Open,+92 331 8614995,facebook.com,4.6,19.0,65.71,People typically spend up to 1 hour here,03-2025
6547f80e5017f51fbce881fc74917ad6,Optimum Motorsport,Zamzama Commercial Area,Karachi,"Ground Floor, Bld, 24-E 4th Zamzama Ln, DHA Phase 5 Karachi, 75500, Pakistan",75500,67.03896033,24.81605912,Retail & Shopping,Auto & Vehicle Retail,Car accessories store,Open,+92 333 3075224,optimummotorsport.com,4.3,149.0,57.0,People typically spend up to 4 hours here,03-2025
103a192ae6a9dde4583ccd17a73239e9,Pharm-aid Pharmacy,Pakistan,Faisalabad,"block 62-D Ayesha Blvd, near Kalma Chowk Flyover, Abdullah Gardens Abdullah Garden, Faisalabad, 38000, Pakistan",38000,73.16994863,31.44754313,Retail & Shopping,Drug & Pharma,Pharmacy,Open,+92 321 3412001,facebook.com,4.7,18.0,54.86,People typically spend up to 20 min here,03-2025
ec31aff1a0e2244bc424d30d021b4497,The World of HSY,Pakistan,Lahore,"HSY Mansion, 23-G, Firdous Mkt Rd, Block G Gulberg III, Lahore, 54660, Pakistan",54660,74.34386369,31.50311651,Retail & Shopping,Fashion & Accessories,Haute couture fashion house,Open,+92 333 1213177,theworldofhsy.com,4.3,114.0,58.83,People typically spend up to 2 hours here,03-2025
291d7c36c6a99fda2ca25ec98105b0c9,Esajee's,Sector Y,Lahore,"Shop # 175, Y Block Market, DHA Phase 3, Lahore, 54000, Pakistan",54000,74.37477425,31.47220778,Retail & Shopping,Market & Grocers,Grocery store,Open,+92 42 35731139,esajee.com,4.2,583.0,56.43,People typically spend up to 1.5 hours here,03-2025
b3bc3dea15f9602e3c6e45467f4c0fe6,Uniworth,Sector C,Rawalpindi,"Plot # 419-C Shop #1-3, All ghani Arcade, Main PWD Rd, PWD Housing Society Sector C PWD Society, Rawalpindi, 46000, Pakistan",46000,73.1393146,33.56990744,Retail & Shopping,Fashion & Accessories,Clothing store,Open,+92 51 5194260,uniworthshop.com,4.2,277.0,43.86,People typically spend up to 30 min here,03-2025
c40f157d3e79cd5386d1c9a07256e934,Aqsa Mall,Punjab,Lahore,"24 Commercial Zone Karim Block market, Allama Iqbal Town, Lahore, 54000, Pakistan",54000,74.2785129,31.50292781,Retail & Shopping,Fashion & Accessories,Clothing store,Open,+92 326 0427427,facebook.com,3.7,158.0,35.29,People typically spend up to 4 hours here,03-2025
65b591435d75e527c308de05f67d8a33,6th Road Center,Satellite Town,Rawalpindi,"J3V8+3JJ, 8-D 6th Rd, D Block Block D Satellite Town, Rawalpindi, 46300, Pakistan",46300,73.06416425,33.64336438,Retail & Shopping,Shopping Centers,Shopping mall,Open 24 hours,+92 340 0340555,gharbaar.com,4.4,111.0,44.86,People typically spend up to 2.5 hours here,03-2025
510336287eaa32ad37328a61a17b0689,Bookmark,Sector C,Lahore,"Gulmohar Block near Talwar, chowk, Commercial Area Sector C Bahria Town, Lahore, 53720, Pakistan",53720,74.18280647,31.37486174,Retail & Shopping,Books & Comics,Book store,Open,+92 332 8411008,bookmark.pk,4.1,522.0,50.71,People typically spend up to 20 min here,03-2025
f571c2dc0384b5913833791bda0465f4,Uniworth,Pakistan,Okara,"Ground Floor، M.R. Center, Mohammad Ali Jinnah Rd, Okara, 56300, Pakistan",56300,73.43262457,30.80423961,Retail & Shopping,Fashion & Accessories,Men's clothing store,Open,+92 345 4037778,uniworthshop.com,4.3,73.0,45.0,People typically spend up to 2 hours here,03-2025
4cd1c5d0592e91b853642b5c02695600,Tahir pharmacy,Warriach,Rahwali Cantonments,"Rahwali Cantonments, 52280, Pakistan",52280,74.15973285,32.25269246,Retail & Shopping,Drug & Pharma,Pharmacy,Open,+92 300 6483337,tahirpharmacy.pk,5.0,7.0,53.43,People typically spend up to 30 min here,03-2025
134c948b31ae8b02811fb90bf973bfd8,BASHIR SONS PHARMACY,Rachna Block,Lahore,"40 Fazal e Haq Rd, Rachna Block Allama Iqbal Town, Lahore, 54000, Pakistan",54000,74.28359141,31.51418228,Retail & Shopping,Drug & Pharma,Pharmacy,Open,+92 309 4440597,bashirsonspharmacy.com,4.5,85.0,38.0,People typically spend up to 30 min here,03-2025
0e8a631c06f3b6e91095c8b9bca21265,Abc Mobile Accessories Store,Pakistan,Faisalabad,"Dragon Mall, Shop No 28 29 30 Ground Floor mall of, Hariaan wala Chowk, D Ground Faisalabad, 38000, Pakistan",38000,73.10487862,31.40413334,Retail & Shopping,Computers & Electronics,Cell phone accessory store,Open,+92 321 5500050,abcstore.pk,4.6,48.0,50.0,People typically spend up to 1.5 hours here,03-2025
6ee68b5b1b1855ec4509ac32cdeb9608,METRO - Cash and Carry,Pakistan,Lahore,"Model Town Link Rd, G-Block Block G Model Town, Lahore, 54700, Pakistan",54700,74.31753946,31.47198952,Retail & Shopping,Shopping Centers,Supermarket,Open,+92 42 35904600,metro.pk,4.2,10693.0,58.71,People typically spend up to 1 hour here,03-2025
cbb72454fcab3cc9a3fe819b08ab9df6,RCG,Pakistan,Faisalabad,"Jaranwala Rd, Kohinoor City Faisalabad, 38000, Pakistan",38000,73.11472968,31.41046739,Retail & Shopping,Shopping Centers,Shopping mall,Open,+92 311 1111021,rcg.com.pk,4.3,1593.0,56.0,People typically spend up to 45 min here,03-2025
830a328ab0c7064ccf64461c8c433548,Nagina Model Pharmacy,Township,Lahore,"640-C, Block-3, Sector D-1, Main Bazar Keer Kalan Road, Lahore, 54000, Pakistan",54000,74.30909869,31.43961053,Retail & Shopping,Drug & Pharma,Pharmacy,Open,+92 321 8899049,facebook.com,4.8,9.0,57.43,People typically spend up to 1 hour here,03-2025
8b2c5ab5d6218384391579fa56a66bce,M Store,Services Society,Islamabad,"plot # 14, ground floor، Al Memar Tower, Services Society SCHS E 11/3 E-11, Islamabad, 44000, Pakistan",44000.0,72.97105932,33.69988451,Retail & Shopping,Market & Grocers,Grocery store,Open,+92 51 2305629,fb.com,4.5,1479.0,58.0,People typically spend up to 25 min here,03-2025
abf8c56621de4e13661573b5c53a0287,HE&SHE,Sector 1,Rawalpindi,"center, Civic, Airport housing society Sector 1 Airport Employees CHS, Rawalpindi, 46222, Pakistan",46222.0,73.12970097,33.59042566,Retail & Shopping,Fashion & Accessories,Clothing store,Open,+92 312 5313340,heandshe.com,4.2,173.0,65.57,People typically spend up to 30 min here,03-2025
167a2acafbbefb6edfdd4ef0b6899fa1,KY BOOKSHOP,Pakistan,Lahore,"Al-Mumtaz Rd, Bait-ul-Raza Colony Baitul Raza Colony, Lahore, 54000, Pakistan",54000.0,74.28648284,31.53081477,Retail & Shopping,Books & Comics,Book store,Open,+92 325 6110006,facebook.com,4.2,90.0,60.17,People typically spend up to 30 min here,03-2025
c2708311ba7ee84cc5f971a8ad713318,Unze London,Khyber Pakhtunkhwa,Peshawar,"Bala BRT Station, University Rd, opp. Tahkal, Tehkal, Peshawar, 25150, Pakistan",25150.0,71.50638361,34.00653628,Retail & Shopping,Fashion & Accessories,Shoe store,Open,+92 91 5851143,unze.com.pk,4.1,198.0,42.57,People typically spend up to 1.5 hours here,03-2025
cde899bbd444866bbb3216f228254c37,Naeem Electronics ura chowk,Sialkot Metropolitan Area,Sialkot,"Oura, Ranger road, Chowk, Sialkot, 12637, Pakistan",12637.0,74.59228645,32.4929237,Retail & Shopping,Computers & Electronics,Electronics store,Open,+92 309 8200737,facebook.com,3.9,41.0,59.71,People typically spend up to 30 min here,03-2025
87afbe79bc1b0e28e91a7e095734343f,Suzuki Premier Motors,Pakistan,Lahore,"Commercial Area, Service Lane Kamahan Interchange Ring Road, Bahadrabad, Lahore, 53101, Pakistan",53101.0,74.38656963,31.4515527,Retail & Shopping,Auto & Vehicle Retail,Car dealer,Open,+92 311 1786600,suzukipremier.com,4.0,332.0,52.83,People typically spend up to 2.5 hours here,03-2025
2ae2725dcbf8a0b2dbee6c69b271e823,Changan Gul motors,UC-7 P.e.c.h.s 2,Karachi,"111 C Khalid Bin Walid Rd, Block 2 P.E.C.H.S., Karachi, 74400, Pakistan",74400.0,67.05108918,24.86890934,Retail & Shopping,Auto & Vehicle Retail,Car dealer,Open,+92 21 34551521,facebook.com,4.3,319.0,33.0,People typically spend up to 1 hour here,03-2025
c7de4121bf5edb27e3987ebc6f6b6864,Miniso Boulevard Mall,Pakistan,Hyderabad,"2nd floor Boulevard Mall A،, 14 Auto Bahn Rd, Hyderabad, 17000, Pakistan",17000.0,68.37772022,25.36397823,Retail & Shopping,Shopping Centers,Outlet mall,Open,+92 340 5774476,miniso.pk,4.0,54.0,47.43,People typically spend up to 25 min here,03-2025
729feb18b885d769217a8249dd7d8393,Arab Packages Pvt Ltd.,Punjab,Multan,"Chah Kot Wala, Bahwalpur Road, Peer Wali Pul, behind Multan Canal View, Multan, 60000, Pakistan",60000.0,71.48214581,30.12005712,Retail & Shopping,Printing & Copy,Digital printing service,Open,+92 61 4230004,arabpackagespvt.com,5.0,15.0,53.67,People typically spend up to 3 hours here,03-2025
eaabe79ff4a7666833cad46a65555b03,Euro Store,WAPDA Town,Lahore,"1, WAPDA Town Block K 2 Wapda Town Phase 1 Lahore, 54000, Pakistan",54000.0,74.26267654,31.42193671,Retail & Shopping,Shopping Centers,Supermarket,Open,+92 300 1883366,eurostore.order.com,3.9,1495.0,62.71,People typically spend up to 15 min here,03-2025
ed2a3a3d6fc5dca6695800b00abd96ac,Ajwa Super Mart,Pakistan,Larkana,"wakeel colony, Larkana, 77150, Pakistan",77150.0,68.19553188,27.55984135,Retail & Shopping,Market & Grocers,Grocery store,Open,+92 74 4752275,facebook.com,3.8,312.0,63.0,People typically spend up to 25 min here,03-2025
a7d1834a760d1621c1bf9465bf7b2e2f,Amanah Mall,Punjab,Lahore,"Model Town Link Rd, G.E.C.H.S. Phase 2 Muhammadpura, Lahore, 54600, Pakistan",54600.0,74.31333277,31.46697469,Retail & Shopping,Shopping Centers,Shopping mall,Open,+92 42 35131698,amanahmall.com.pk,4.3,19587.0,65.14,People typically spend up to 1.5 hours here,03-2025
26e2a4f73c6e9c6d9a979e2048f453fb,Singapore Plaza,Saddar,Rawalpindi,"Bank Rd, Saddar, Rawalpindi, 46000, Pakistan",46000.0,73.0523127,33.59405152,Retail & Shopping,Shopping Centers,Shopping mall,Open,+92 347 8519831,singaporeplazaonline.com,4.2,12775.0,56.86,People typically spend up to 1.5 hours here,03-2025
177b17e31f2831228912d7f26baa6a65,Chapter 2 It's More Than A Bookstore,Taraf Mubarik Doim,Multan,"18، Citi Mall, Gole Bagh، MCB Bank Road، near Zavia School System, C Block Gulgasht Colony, Multan, 60000, Pakistan",60000.0,71.47021588,30.22321865,Retail & Shopping,Souvenirs & Gifts,Gift shop,Open,+92 61 6222637,chapter2.pk,4.3,584.0,47.43,People typically spend up to 45 min here,03-2025
85fc123614413640bb2e804be384f06e,Hyundai Chakwal,Punjab,Chakwal,"Near PAF base murid Talagang road Murid, Chakwal, 48800, Pakistan",48800.0,72.7725472,32.92384713,Retail & Shopping,Auto & Vehicle Retail,Car dealer,Open,+92 348 4727272,hyundaichakwal.com,4.2,54.0,44.86,People typically spend up to 1.5 hours here,03-2025
093ab2903ea42f9e08fb14c1ef16e8c4,Mohsin Ali Marble,Punjab,Lahore,"E-25/1 Link main ghazi road, Near AA block, phase 4 DHA, Defence fort scheme, La, Nishtar Town, Lahore, 00000, Pakistan",0.0,74.36264385,31.4619654,Retail & Shopping,Construction & Hardware,Granite supplier,Open,+92 322 8888851,facebook.com,4.9,7.0,60.5,People typically spend up to 2 hours here,03-2025
a29955a4a4786ae07d06c9fdc47063f6,City Hyperstar,Pakistan,Peshawar,"Block E, Deans heights, Phase 2 Hayatabad, Peshawar, 25000, Pakistan",25000.0,71.43451734,33.96966927,Retail & Shopping,Shopping Centers,Supermarket,Open,+92 91 5811168,facebook.com,4.1,613.0,60.29,People typically spend up to 10 min here,03-2025
b278d6d8de49d3ef4e835a784f5767d1,Agha Noor Bridal Studio,Sindh,Karachi,"Lane 6, Bukhari Commercial Area Phase 6 Defence Housing Authority, Karachi, 75500, Pakistan",75500.0,67.06216785,24.79507342,Retail & Shopping,Fashion & Accessories,Clothing store,Open,+92 21 38895935,aghanoorofficial.com,3.9,139.0,62.5,People typically spend up to 2.5 hours here,03-2025
4c0079cec9e79be260022d0eee65851c,Changan Jhelum Motors,Pakistan,Jhelum,"Main GT Rd, opposite Tobacco Company, Kala Gujran, Jhelum, 49600, Pakistan",49600.0,73.67994892,32.97840882,Retail & Shopping,Auto & Vehicle Retail,Car dealer,Open,+92 321 5097000,facebook.com,3.9,251.0,60.67,People typically spend up to 1.5 hours here,03-2025
c0211901645a59f50e93f20e80298fca,edenrobe,Wah Cantt.,Wah Cantt,"Nael Shopping Mall, Plot# B-4, Post Office Road, Lala Rukh St, Wah Cantt, 47040, Pakistan",47040.0,72.72392326,33.78426054,Retail & Shopping,Fashion & Accessories,Clothing store,Open,+92 51 4530646,edenrobe.com,4.0,293.0,63.29,People typically spend up to 45 min here,03-2025
39fa05bb61dd106087835549565e920b,TCL Electronics Flagship Store,Sector XX,Lahore,"32-A, Sector XX DHA Phase 3, Lahore, 54810, Pakistan",54810.0,74.36127941,31.47109188,Retail & Shopping,Computers & Electronics,Electronics store,Open,+92 315 8228888,tclpakistan.com,4.3,220.0,37.67,People typically spend up to 4 hours here,03-2025
4683824dbc67f67f9c6ef2fea74f3e3b,DVAGO Pharmacy & Wellness Experts,UC-2 Manzoor Colony,Karachi,"Ground Floor Plot No. 1101, Final No. (911) MAC-11, 21D Mehmoodabad Number 5, Mehmoodabad, Karachi, 75460, Pakistan",75460.0,67.07702325,24.85602167,Retail & Shopping,Drug & Pharma,Pharmacy,Open,+92 21 111 138 246,dvago.pk,3.9,43.0,44.57,People typically spend up to 30 min here,03-2025
292ece84755834104f672b5ea78bd055,Joray Exclusive Store جوڑے ایکسکلوزیو اِسٹور,UC-1 Model Colony,Karachi,"Shop 30, Main Liaquat Ali Khan Rd, Model Colony Tina Square, Karachi, 71500, Pakistan",71500.0,67.18248017,24.90308955,Retail & Shopping,Fashion & Accessories,Clothing store,Open,+92 345 2612700,jorayonlinestore.com,4.2,336.0,45.29,People typically spend up to 1 hour here,03-2025
6d7c63be751ef12da094b4daefcd751a,Hansa Leather Garments PVT LTD,Sialkot,Khichian,"Khichian, 51310, Pakistan",51310.0,74.54383973,32.54549477,Retail & Shopping,Fashion & Accessories,Clothing,Open,+92 52 4266775,hansamfg.com,4.1,35.0,64.83,People typically spend up to 2 hours here,03-2025
a779ee12ad8391e2944c020c95034cb1,STONE HARBOR,Rawalpindi Tehsil,Islamabad,"159 Spring North, Phase 7 Bahria Town, Islamabad, 44000, Pakistan",44000.0,73.08774776,33.52165788,Retail & Shopping,Fashion & Accessories,Clothing store,Open,+92 51 5412069,stoneharbor.com.pk,4.2,149.0,62.0,People typically spend up to 30 min here,03-2025
cc0d8f913132ccf6e9b4b04de30aaa9a,Edenrobe,Punjab,Lahore,"Iqbal town, Main Boulevard Allama Iqbal Town, Lahore, Pakistan, Gulshan Block Allama Iqbal Town, Lahore, 54000, Pakistan",54000.0,74.29199168,31.5161499,Retail & Shopping,Fashion & Accessories,Clothing store,Open,+92 42 37811683,edenrobe.com,4.2,397.0,51.71,People typically spend up to 25 min here,03-2025
3cea104b10a65a290bcf8c5ec3764425,Kashmir Tarpal and Tent House,Punjab,Islamabad,"Bangash pully/ Takwan bridge, Main Karnal Sher Khan Shaheed Rd, Islamabad, 44000, Pakistan",44000.0,73.03515188,33.63794271,Retail & Shopping,Fashion & Accessories,Clothing store,Open,+92 321 5026670,kashmirtent.com,4.2,78.0,60.0,People typically spend up to 25 min here,03-2025
f4ab0354d8465345fda46b99c709b3a1,edenrobe,Samad Pura,Okara,"Naseer Shaheed Road, near Stylo Shoes, Block-D Block D Okara, 56300, Pakistan",56300.0,73.44240275,30.81014914,Retail & Shopping,Fashion & Accessories,Clothing store,Open,+92 44 2550345,edenrobe.com,4.0,263.0,65.0,People typically spend up to 45 min here,03-2025
69b836794623e654bbd3747ebe9b9bc6,Suzuki Ali Jan Motors,Punjab,Lahore,"21 Queen's Road, Block B Jinnah Town, Lahore, 54000, Pakistan",54000.0,74.31691718,31.55266469,Retail & Shopping,Auto & Vehicle Retail,Suzuki dealer,Open,+92 42 36360030,alijanmotors.com,3.9,647.0,57.5,People typically spend up to 1.5 hours here,03-2025
4721db848d6022142f478cced28cf069,Anwar Shopping Mall,Samad Pura,Okara,"Block-F Block F Okara, 56300, Pakistan",56300.0,73.44467774,30.81205634,Retail & Shopping,Shopping Centers,Shopping mall,Open,+92 321 6989393,anwarshoppingmall.com,4.2,393.0,60.67,People typically spend up to 45 min here,03-2025
7737a5b99dec11deed56109b0b0651ee,ModScrubs,Township,Lahore,"723, Township Sector A 1 Lahore, 54000, Pakistan",54000.0,74.31202921,31.45718857,Retail & Shopping,Fashion & Accessories,Uniform store,Open,+92 300 3917772,modscrubs.com,3.4,138.0,53.5,People typically spend up to 2 hours here,03-2025
ca7dee03097774a88fce2693361eeed5,MegaZone Entertainment Hub Swimming Pool,Islamabad Capital Territory,Islamabad,"MegaZone Entertainment Hub, Bolan Gate # 2, F-9, Islamabad, 44000, Pakistan",44000.0,73.01591687,33.69537533,Retail & Shopping,Swim & Pool Supplies,Swimming pool,Open,+92 330 5756100,megazonehub.pk,4.0,101.0,41.29,People typically spend up to 2 hours here,03-2025
f74416b7a364c0f31e19ff06fa884285,AYUB PAINT HOUSE (since 1963) Authorized Retailer ICI Dulux.,Pakistan,Lahore,"Shop No, 27/E Main Market Rd, Gulberg 2, Lahore, 54000, Pakistan",54000.0,74.34427884,31.52417697,Retail & Shopping,Construction & Hardware,Paint store,Open,+92 308 2313131,sites.google.com,4.5,52.0,49.33,People typically spend up to 1.5 hours here,03-2025
91e6dc6f0e99fabd63c212b6e6e93228,Z&z Bakers And General Store,Rawalpindi Tehsil,Rawalpindi,"Tipu Rd, Dhoke Piran Faqiran PAF Residential Area, Rawalpindi, 46000, Pakistan",46000.0,73.07721155,33.60549842,Retail & Shopping,Market & Grocers,Discount supermarket,Open,+92 346 9413996,fluxpert.com,4.3,113.0,61.43,People typically spend up to 45 min here,03-2025
af28c768b057450e7c42148dfa99a92a,Image - Bahadurabad - Karachi,UC-7 P.e.c.h.s 2,Karachi,"Shop# 8, Dolmen Arcade, Bahadur Shah Zafar Road, Bahadur Shah Bahadur Yar Jang CHS, Karachi, 75300, Pakistan",75300.0,67.06330443,24.87998194,Retail & Shopping,Fashion & Accessories,Women's clothing store,Open,+92 21 34924695,pk.image1993.com,3.8,28.0,53.29,People typically spend up to 1 hour here,03-2025
daed48147e122fd70d741367c2de1936,Gulberg Galleria,Pakistan,Lahore,"18 Main Boulevard Gulberg, Main Gulberg, Lahore, 54660, Pakistan",54660.0,74.34901667,31.5319348,Retail & Shopping,Shopping Centers,Shopping mall,Open,+92 42 35776795,gulberggalleria.com,4.4,9245.0,58.57,People typically spend up to 1.5 hours here,03-2025
95a7ee29a223b8c88efdd8218af74214,Model Bazaar Mian Plaza,Pakistan,Lahore,"Main Blvd, opposite Main Street, near Aleem Dar Cricket Academy, M.A Block D 2 Phase 1 Johar Town, Lahore, 54782, Pakistan",54782.0,74.28464854,31.46275581,Retail & Shopping,Shopping Centers,Shopping mall,Open,+92 42 35401617,pmbmc.punjab.gov.pk,4.1,1338.0,21.43,People typically spend up to 45 min here,03-2025
98a50b7519a22a46b89b932802bdafee,Ahmad Fabrics International,Sukkur,Sukkur,"Marich Bazar Rd, Sukkur Cloth Market, Sukkur, 65200, Pakistan",65200.0,68.86396673,27.69206918,Retail & Shopping,Fashion & Accessories,Clothing store,Open,+92 319 6626169,ahmadfabricsinternational.com,4.6,63.0,65.67,People typically spend up to 1 hour here,03-2025
e2cb6d49d58866f168bf0dd2f784b464,Almas,Pakistan,Lahore,"6-C-3 Noor Jehan Rd, near Hussain Chowk, Block C3 Block C 3 Gulberg III, Lahore, 54000, Pakistan",54000.0,74.34447877,31.5077413,Retail & Shopping,Fashion & Accessories,Shoe store,Open,+92 42 111 125 627,almas.pk,4.2,1226.0,55.14,People typically spend up to 30 min here,03-2025
7e654fd0b03d97a41c0bed1a4eacf10f,Mehmood Kiryana Store,Rawalpindi Tehsil,Rawalpindi,"near younas masjid, Dhok Paracha Dhoke Paracha, Rawalpindi, 46000, Pakistan",46000.0,73.08114835,33.63892073,Retail & Shopping,Convenience & Variety,General store,Open,+92 344 5963587,digidokaan.pk,4.1,164.0,40.29,People typically spend up to 2.5 hours here,03-2025
ae029a58293d23de577d7b3b9f2a4821,Idris Book Bank,Saddar,Rawalpindi,"Bank Rd, Saddar, Rawalpindi, 46000, Pakistan",46000.0,73.04987666,33.59571085,Retail & Shopping,Books & Comics,Book store,Open,+92 51 5568898,idrisbookbank.com,4.2,1124.0,59.57,People typically spend up to 45 min here,03-2025
04581fdd0c71a2ecb700f1c9506eaaee,New Paradise Store,Zone C,Karachi,"Zone C Block 7 Clifton, Karachi, 75500, Pakistan",75500.0,67.03143826,24.82821887,Retail & Shopping,Shopping Centers,Supermarket,Open,+92 21 35830374,newparadisestore.enic.pk,4.3,666.0,71.83,People typically spend up to 20 min here,03-2025
13cb13d9c7a1f4144dbfa13ded9303f8,Chowhan's Pharmacy (chowhan medical store),Pakistan,Jhelum,"Shandar, Old GT Rd, Chowk, Model Colony, Jhelum, 49600, Pakistan",49600.0,73.72838478,32.9291051,Retail & Shopping,Drug & Pharma,Pharmacy,Open,+92 302 0135666,chowhanpharmacy.com,3.8,6.0,43.14,People typically spend up to 2 hours here,03-2025
d69a3b33caa126f7aad6da4c5f3ac830,Clinix Pharmacy,Punjab,Lahore,"23 Sanda Rd, Islampura, Lahore, 54000, Pakistan",54000.0,74.29563789,31.56196056,Retail & Shopping,Drug & Pharma,Pharmacy,Open,+92 42 37813372,clinix.com.pk,3.9,38.0,42.57,People typically spend up to 15 min here,03-2025
ef5b73d1e4b3c98d5cfc41af9b9953d0,HAVAL DOWNTOWN MOTORS (Faisalabad),Pakistan,Faisalabad,"Plot no 6/A, Main Jail Rd, Islam Nagar Faisalabad, 38060, Pakistan",38060.0,73.07892341,31.44200874,Retail & Shopping,Auto & Vehicle Retail,Car dealer,Open,+92 302 6007221,havaldowntown.com,4.2,87.0,47.83,People typically spend up to 1.5 hours here,03-2025
578b1e5195f72a1b4e047b396f288014,Suzuki United Motors,Vehari,Vehari,"1-km Hasilpur - Vehari Rd, Rehmat Colony Vehari, 61100, Pakistan",61100.0,72.37774418,30.03851997,Retail & Shopping,Auto & Vehicle Retail,Car dealer,Open,+92 332 8888360 ext. 61,suzukiparts.pk,4.5,884.0,70.0,People typically spend up to 1.5 hours here,03-2025
183c5a6cfd11d6a33192024ebca56cf5,Arino Factory Outlet,Pakistan,Hyderabad,"Plot No.442, Hyderabad, 71800, Pakistan",71800.0,68.39622085,25.38110516,Retail & Shopping,Fashion & Accessories,Shoe store,Open,+92 313 3550000,arinoshoes.com,4.2,118.0,44.14,People typically spend up to 25 min here,03-2025
cdd024dea0a82bd27bf1f1a1f4f562e0,Mr Laptop Wahcantt مسٹر لیپ ٹاپ,Wah Model Town,Wah,"Lane 2 main market wah model town phase two, Wah Model Town, Wah, 47040, Pakistan",47040.0,72.72903431,33.76385293,Retail & Shopping,Computers & Electronics,Computer store,Open,+92 340 1558577,facebook.com,4.2,196.0,73.0,People typically spend up to 1 hour here,03-2025
574c66ee58de393f6861f7efd6fcfe0b,Dolmen Mall Tariq Road,UC-7 P.e.c.h.s 2,Karachi,"Tariq Rd, Delhi Society Delhi CHS Karachi, 75400, Pakistan",75400.0,67.0600545,24.87664047,Retail & Shopping,Shopping Centers,Shopping mall,Open,+92 21 111 362 111,tariqroad.dolmenmalls.com,4.4,14320.0,53.14,People typically spend up to 2 hours here,03-2025
91add50a092abad9e22abbee952f6da1,Hassan Mobile Center,Pakistan,Mianwali,"فیصل آرکیڈ, faisal arcade, Mianwali, 42200, Pakistan",42200.0,71.54058788,32.57701567,Retail & Shopping,Computers & Electronics,Cell phone accessory store,Open,+92 333 6059844,facebook.com,4.2,31.0,45.0,People typically spend up to 3.5 hours here,03-2025
302b6e75d8412bfd65136db0bfc412d7,Mayaar Online,Pakistan,Faisalabad,"Mayaar Online, 204 chak road, opposite Ashraf Sweets, Khayaban Colony 1&2, Faisalabad, 38000, Pakistan",38000.0,73.13265113,31.42531371,Retail & Shopping,Outlet & Discount Malls,Discount store,Open,+92 339 2022210,mayaaronline.pk,4.7,112.0,73.0,People typically spend up to 45 min here,03-2025
4e9261a851d95e76b054f2c37e198604,Fine Super Mart,UC-1 Kalyan,Karachi,"A-43, Sector 11-B, Baradari, North Karachi, Sector 11 B North Karachi Twp, Karachi, 74400, Pakistan",74400.0,67.05315571,24.97798191,Retail & Shopping,Market & Grocers,Grocery store,Open,+92 21 36943484,fb.com,4.0,624.0,45.86,People typically spend up to 30 min here,03-2025
17739e712496ef8ed9078c72342943cb,Al-Barik البارک شاپنگ مال,Punjab,Gojra,"Malkan Wala Chowk, Gojra, 36120, Pakistan",36120.0,72.68217555,31.14735181,Retail & Shopping,Shopping Centers,Shopping mall,Open,+92 300 0587111,albarik.pk,4.2,839.0,67.67,People typically spend up to 30 min here,03-2025
7d3e342b366b58fb77142325223a6426,Zarghoon Market,Quetta,Quetta,"Double Rd, Ahmedzai Colony Quetta, 87300, Pakistan",87300.0,66.99629862,30.18023856,Retail & Shopping,Auto & Vehicle Retail,Auto parts market,Open,+92 331 9268888,malikbusinesscorp.com,4.0,414.0,53.67,People typically spend up to 1 hour here,03-2025
87f6e56839fdd9e7db27a76e97737719,Adnan Mall,Toba Tek Singh,Pir Mahal,"Phase 1 Para Town (Phase 1), Pir Mahal, 36300, Pakistan",36300.0,72.43385227,30.77341937,Retail & Shopping,Shopping Centers,Shopping mall,Open,+92 333 5500225,facebook.com,4.1,385.0,63.67,People typically spend up to 45 min here,03-2025
a6bb7a7e9311a0f7b4bead8fd83db279,Electronation Pakistan الیکٹرونیشن پاکستان,UC-5 Gulshan-e-iqbal 1,Karachi,"Plot B-16, shop, 7, behind sir syed university, Block 5 Gulshan-e-Iqbal, Karachi, 75300, Pakistan",75300.0,67.09004327,24.91683574,Retail & Shopping,Computers & Electronics,Electronics store,Open,+92 320 2523525,electronation.pk,4.4,74.0,64.67,People typically spend up to 1.5 hours here,03-2025
73bdee86aa3ff36284ec82651ca9bfd1,Imtiaz Mega,UC-9 Mujahid Colony,Karachi,"Nazimabad No. 4 Block 4 Nazimabad, Karachi, 74600, Pakistan",74600.0,67.02959575,24.91876924,Retail & Shopping,Big Box & Department Stores,Department store,Open,+92 21 111 468 429,imtiaz.com.pk,4.3,12846.0,55.29,People typically spend up to 1.5 hours here,03-2025
09a0932898aa654e9679afaca8dff279,Waseem Jewellers,Pakistan,Lahore,"25 C1 MM Alam Rd, Block C1 Block C 1 Gulberg III, Lahore, 54660, Pakistan",54660.0,74.3485218,31.51363097,Retail & Shopping,Arts & Crafts,Jewelry store,Open,+92 42 35785805,waseemjewellers.com,4.6,294.0,51.5,People typically spend up to 1.5 hours here,03-2025
dfe6f1e9c18726b51473476a1136d909,Sapphire Amanah Mall,Punjab,Lahore,"Model Town Link Rd, G.E.C.H.S. Phase 2 Muhammadpura, Lahore, 54000, Pakistan",54000.0,74.31330334,31.46690615,Retail & Shopping,Fashion & Accessories,Clothing store,Open,+92 42 35131643,pk.sapphireonline.pk,4.0,30.0,41.14,People typically spend up to 45 min here,03-2025
6e35871fb96b63942371c53c33e91b8a,The Mall of Mardan,Pakistan,Mardan,"Erum Colony, Mardan, 23200, Pakistan",23200.0,72.03205953,34.18792562,Retail & Shopping,Shopping Centers,Shopping mall,Open,+92 937 871802,m.facebook.com,4.1,633.0,54.57,People typically spend up to 45 min here,03-2025
26ef926b4cad63c177a8c423a88b5c31,Almas Fabrics,Saddar,Lahore,"Shop #1380 Qasim Building, Delhi Rd, Sadder Bazar Cantt, Lahore, 54810, Pakistan",54810.0,74.37556119,31.54684827,Retail & Shopping,Textiles & Fabrics,Fabric store,Open,+92 300 9491975,almasfabrics.com,5.0,10.0,41.29,People typically spend up to 45 min here,03-2025
f765187c950bbf7ed017e4f8ab786654,Suzuki Defence Motors,Sindh,Karachi,"Plot No, 145 Main Korangi Rd, D.H.A. Phase 1 Phase I Defence Housing Authority, Karachi, 75500, Pakistan",75500,67.06747127,24.8363403,Retail & Shopping,Auto & Vehicle Retail,Car dealer,Open,+92 21 35803783,facebook.com,4.2,916.0,64.67,People typically spend up to 2 hours here,03-2025
f37713e1d51188fe50aa1eb3d9b8e53b,Khushal Honda Center,Pakistan,Peshawar,"KHUSHAL HONDA, Circular Rd, near sarki gate, Namak Mandi, Peshawar, 25000, Pakistan",25000,71.56597877,34.00278464,Retail & Shopping,Auto & Vehicle Retail,Honda dealer,Open,+92 332 5912491,vt.tiktok.com,3.9,34.0,45.0,People typically spend up to 1.5 hours here,03-2025
e35c15bcfe1363577336986b5a374a1e,Mux Computers,Multan Metropolitan Area,Multan,"near Bilal Park, Block A Multan, 60000, Pakistan",60000,71.50617961,30.24349939,Retail & Shopping,Computers & Electronics,Computer accessories store,Open 24 hours,+92 334 6065348,facebook.com,3.7,35.0,44.4,People typically spend up to 1.5 hours here,03-2025
1f36cb8bb43b9863c44d816b6086965e,AS Gifts,Pakistan,Lahore,"Office no, 10 Gulberg, opposite of Gulberg Road, Block G Block F Main Market, Lahore, 54000, Pakistan",54000,74.34448364,31.52528519,Retail & Shopping,Souvenirs & Gifts,Gift shop,Open 24 hours,+92 317 4300964,asgifts.com.pk,4.5,172.0,35.0,People typically spend up to 1 hour here,03-2025
41d6fab17b6e9d1fc33dce2f531bb513,CSD D. G. Khan,Dera Ghazi Khan,Dera Ghazi Khan,"CSD Shop, Sakhi Sarwar Rd, NMC-1 Colony PAEC Colony, Dera Ghazi Khan, 32200, Pakistan",32200,70.6130197,30.02137859,Retail & Shopping,Shopping Centers,Shopping mall,Open,+92 64 2400099,csd.gov.pk,3.9,102.0,62.57,People typically spend up to 45 min here,03-2025
66f40c63665bf07d11afd0fe34889db9,Imtiaz Super Market,Pakistan,Faisalabad,"Misaq-ul-Mall, Lahore - Sheikhupura - Faisalabad Rd, near Nishatabad, Ashrafabad, Faisalabad, 38000, Pakistan",38000,73.1122614,31.45266747,Retail & Shopping,Big Box & Department Stores,Department store,Open,+92 21 111 468 429,imtiaz.com.pk,4.4,12552.0,59.86,People typically spend up to 1.5 hours here,03-2025
c7fed9cdecd3971dcb254c5954815eda,Shafique Autos,Pakistan,Faisalabad,"Dijkot Rd, Jwalanagar, Samanabad, Faisalabad, 38000, Pakistan",38000,73.07336279,31.39584253,Retail & Shopping,Auto & Vehicle Retail,Motorcycle dealer,Open,+92 300 6666915,shafiqueautos.com,4.2,191.0,43.83,People typically spend up to 1.5 hours here,03-2025
443da460daf50575033112e39c306dd6,MNR Design Studio Lahore,Pakistan,Lahore,"9C Tariq Rd, Block C2 Block C 2 Gulberg III, Lahore, 54000, Pakistan",54000,74.34762049,31.51061542,Retail & Shopping,Fashion & Accessories,Fashion designer,Open,+92 42 35750306,m.facebook.com,3.8,207.0,55.67,People typically spend up to 2 hours here,03-2025
c8c5dbc394535ca2462ebd480d401581,MARHABA HOME SUSAN ROAD FAISALABAD,Pakistan,Faisalabad,"Susan Road, Madina Town, Faisalabad, 38000, Pakistan",38000,73.10913379,31.41634143,Retail & Shopping,Home & Furniture,Tile store,Open,+92 331 1111062,marhabatile.com,4.2,154.0,53.0,People typically spend up to 1 hour here,03-2025
d0fd9d76e533b6ce0f40add6d170e095,Auto 2000 Sports,Qila Gujjar Singh,Lahore,"7 Abbott Road, Montgomery Park Qila Gujjar Singh, Lahore, 54000, Pakistan",54000,74.32555915,31.5659321,Retail & Shopping,Auto & Vehicle Retail,Car accessories store,Open,+92 326 2352000,auto2000sports.com,4.2,243.0,70.67,People typically spend up to 1.5 hours here,03-2025
ab05913fa08eb0794e7a47a1ac287878,edenrobe,Pakistan,Peshawar,"Arbab Rd, Saddar Cantt، Peshawar, 25000, Pakistan",25000,71.53418016,33.99832125,Retail & Shopping,Fashion & Accessories,Clothing store,Open,+92 91 5253830,edenrobe.com,4.0,64.0,37.0,People typically spend up to 2 hours here,03-2025
cfb3741986c9d163ee9f5278558735f6,Standard Medical Store,Pakistan,Jhelum,"Shaheen Rd, Jhelum, 49600, Pakistan",49600,73.72905331,32.92665035,Retail & Shopping,Drug & Pharma,Drug store,Open,+92 544 612713 ext. 624201,standardmedicalstore.pk,4.2,56.0,60.57,People typically spend up to 20 min here,03-2025
9dd8f20f2f822361a2d5caf9fadb909c,Ethnc,UC-11 Kehkeshan,Karachi,"Shop # D2, 1st Floor, Dolmen Mall, Block 4 Clifton, Karachi, 74600, Pakistan",74600,67.02793927,24.80140524,Retail & Shopping,Fashion & Accessories,Clothing store,Open,+92 21 35296139,ethnic.pk,4.1,56.0,32.14,People typically spend up to 3 hours here,03-2025
25f9e541e6ee0cba2d42580f3347dc31,Clive Shoes,Punjab,Bahawalpur,"Meelad chowk, Old City Bahawalpur, Bahawalpur, 63100, Pakistan",63100,71.66677586,29.39222143,Retail & Shopping,Fashion & Accessories,Shoe store,Open,+92 333 1676721,cliveshoes.com,4.3,95.0,52.14,People typically spend up to 1 hour here,03-2025
206170e686133ce0225a8cafb0079765,Outfitters,Pakistan,Faisalabad,"Murad Rd Jhal Khanuana, Peoples Colony 1, Chen One Rd, Block B People's Colony No 1, Faisalabad, 38000, Pakistan",38000,73.09853269,31.40936416,Retail & Shopping,Fashion & Accessories,Clothing store,Open 24 hours,+92 41 8555561,m.sameer.www.outfitters.com.pk,4.2,1158.0,34.33,People typically spend up to 30 min here,03-2025
13e3eb4dbe0de2afb911c1e822d2e132,Baahir An Outdoor Products Company,Barakahu,Islamabad,"Baahir Plaza, Murree Rd، near Main Bridge، Barakoh, Islamabad, 44000, Pakistan",44000,73.16955486,33.73665629,Retail & Shopping,Home & Furniture,Garden furniture shop,Open,+92 51 111 222 447,baahir.com,4.2,133.0,64.86,People typically spend up to 4 hours here,03-2025
c55086456046b913cc9054368fc0bd9d,786 General & Karyana Store,Pakistan,Faisalabad,"Street #18 Main Bazar, Mustaffabad Islam Nagar, Faisalabad, 38000, Pakistan",38000,73.08220566,31.4423742,Retail & Shopping,Convenience & Variety,General store,Open,+92 321 7626785,facebook.com,4.2,56.0,57.14,People typically spend up to 20 min here,03-2025
566edce212aee548100ca181e7823cc7,MB Communication,Saddar,Rawalpindi,"Shop # 2 , Upper Ground Floor , Akhtar Plaza, Police Station Rd, Saddar, Rawalpindi, 46000, Pakistan",46000,73.04563923,33.59846147,Retail & Shopping,Computers & Electronics,Cell phone store,Open,+92 315 0540148,mbcommunication.com,4.5,59.0,54.43,People typically spend up to 25 min here,03-2025
a5eaf70554843ab94d490c8cb64cf851,Zarkon Plaza (Zarkon Group Builders & Developers),Saddar,Rawalpindi,"Bank road، Adamjee Rd, Murree Rd, Saddar, Rawalpindi, 46000, Pakistan",46000,73.05367253,33.59410928,Retail & Shopping,Shopping Centers,Shopping mall,Open,+92 51 5584444,zarkongroup.com,4.0,276.0,70.71,People typically spend up to 45 min here,03-2025
b567389503f0f8da77d6f553d0d3b845,METRO Islamabad Store,Islamabad Capital Territory,Islamabad,"Plot 1-A, Laila Rd, adjacent Railway Carriage Factory Road, I-11/4 I 11/4 I-11, Islamabad, 44000, Pakistan",44000,73.02358637,33.63992213,Retail & Shopping,Market & Grocers,Grocery store,Open,+92 51 4020073,metro.pk,4.3,13784.0,54.43,People typically spend up to 1.5 hours here,03-2025
1d7ce28017ff2062ae87a55f8c8039db,Media International,Islamabad Capital Territory,Islamabad.,"Block-83, NHSP Plaza, near utility store head office, The parking lot after Tehzeeb Bakers, Blue Area, Islamabad., 44000, Pakistan",44000,73.06619396,33.71572524,Retail & Shopping,Computers & Electronics,Computer store,Open,+92 51 2150306,mediainternational.pk,4.3,143.0,52.5,People typically spend up to 1.5 hours here,03-2025
60324f1e8b516b594aa80cd3fc749817,Laced up,Pakistan,Lahore,"Block P Gulberg 2, Lahore, 54000, Pakistan",54000,74.34853272,31.52126058,Retail & Shopping,Fashion & Accessories,Shoe store,Open,+92 322 4058820,lacedup.pk,4.3,33.0,34.57,People typically spend up to 1 hour here,03-2025
5b9591725097e5a1a0e876183b74a4a9,Centaurus Mall,Islamabad Capital Territory,Islamabad,"4 Jinnah Avenue, F 8/4 F-8, Islamabad, 44220, Pakistan",44220,73.04721194,33.70773298,Retail & Shopping,Shopping Centers,Shopping mall,Open,+92 51 8483040,thecentaurusmall.com,4.4,78095.0,61.71,People typically spend up to 2.5 hours here,03-2025
85e7d384a0024b5083c436e4a3e4d9e0,Little Love,Satellite Town,Rawalpindi,"8, B1, B, Commercial Market, Satellite Block B town, Rawalpindi, 46000, Pakistan",46000,73.0693634,33.63839439,Retail & Shopping,Baby & Children,Baby clothing store,Open,+92 315 9159994,littlelovepk.com,4.1,184.0,68.29,People typically spend up to 1 hour here,03-2025
ac1926b210ddf057141b20281b71be7d,Rana bedsheets,Shahdara Town,Shahdara,"25 no stopArfat park shaikhupura road 25 No stop main bazar irfat park, Shahdara, 54950, Pakistan",54950,74.27570797,31.62003841,Retail & Shopping,Fashion & Accessories,Clothing store,Open,+92 309 4708102,aisarrana664.wixsite.com,4.4,44.0,54.43,People typically spend up to 2 hours here,03-2025
9e67b155db05024149fa7c91e2f884ed,ZELLBURY,Khyber Pakhtunkhwa,Harīpur,"Jadoon Plaza, Main GT Road, near Sabzi Mandi, opposite Admore Petrol Station, Darvesh, Harīpur, 22600, Pakistan",22600,72.92180515,33.99500722,Retail & Shopping,Fashion & Accessories,Clothing store,Open,+92 21 38402072,zellbury.com,4.0,26.0,35.57,People typically spend up to 1 hour here,03-2025
2a7c90e6dd115c52ad6808c80d28a7ba,Pakistan Book Sellers,Dera Ghazi Khan,Dera Ghazi Khan,"BLOCK 10 Block 10, Dera Ghazi Khan, 32200, Pakistan",32200,70.63535796,30.05381784,Retail & Shopping,Books & Comics,Book store,Open,+92 64 2470091,m.facebook.com,4.0,283.0,52.0,People typically spend up to 25 min here,03-2025
01c6b15616123642006fdcc442f45012,edenrobe Mens,Sultan Colony,sgd,"1st floor، Chen one tower, University Road, Sultan Colony، sgd, 40100, Pakistan",40100,72.69012035,32.06388893,Retail & Shopping,Fashion & Accessories,Clothing store,Open,+92 48 3765809,edenrobe.com,4.0,52.0,47.57,People typically spend up to 3 hours here,03-2025
f856baeaebaf84169e50e07f6e9e7642,Vapes Direct-Johar Town Lahore,Punjab,Lahore,"Shop#1, Ground Floor, Kamboh Arcade, Johar Town, Lahore, 42000, Pakistan",42000,74.27085138,31.46969517,Retail & Shopping,Cannabis & Smoke Shops,Vaporizer store,Open,+92 309 0085555,vapesdirect.pk,4.9,2036.0,60.86,People typically spend up to 30 min here,03-2025
5ee0af09d9ef53e8d172119374775232,B Mart Bakers & Sweets Gojra,Takki Mohallah,Gojra,"Post Office Road, Takki Mohallah Gojra, 36120, Pakistan",36120,72.67621074,31.14900681,Retail & Shopping,Shopping Centers,Shopping mall,Open,+92 333 6856766,facebook.com,4.0,512.0,48.86,People typically spend up to 1.5 hours here,03-2025
d2e7a2ab48f93a13c5a459342f4d5feb,CHAR CHAND MOULDED PLASTIC FURNITURE & CHAIRS,UC-8 Shadman,Karachi,"Maria Apartment, Shop#128, Nagan Chowrangi Flyover, Sector 14 B Shadman Town, Karachi, 74600, Pakistan",74600,67.06317795,24.96498973,Retail & Shopping,Home & Furniture,Furniture store,Open 24 hours,+92 309 2179942,charchand.com.pk,4.1,14.0,24.0,People typically spend up to 45 min here,03-2025
0d5c661063d6510a83d6eb1410097e83,Honda Center,Pakistan,Faisalabad,"P-591 Chowk, Abdullahpur, Faisalabad, 38000, Pakistan",38000,73.10204262,31.42018574,Retail & Shopping,Auto & Vehicle Retail,Motorcycle dealer,Open,+92 41 8726092,atlashonda.com.pk,4.1,329.0,58.83,People typically spend up to 45 min here,03-2025
9f48ea01fcca89a96a91741692c635ee,Al Aqsa Computers,Pakistan,Lahore,"T-7, 3rd Floor, Zaitoon Plaza, Hall Rd, Garhi Shahu, Lahore, 54000, Pakistan",54000,74.31648124,31.56339947,Retail & Shopping,Computers & Electronics,Computer store,Open,+92 42 37120011,alaqsa.com.pk,4.2,833.0,52.43,People typically spend up to 3.5 hours here,03-2025
1e9c2518260374714c5c626f031f62f1,Humayun Fashion House,Pakistan,Faisalabad,"Ripple Plaza, Block B People's Colony No 1, Faisalabad, 38000, Pakistan",38000,73.10761545,31.40922181,Retail & Shopping,Fashion & Accessories,Clothing store,Open,+92 300 7615900,facebook.com,3.5,4.0,31.43,People typically spend up to 3.5 hours here,03-2025
04581fdd0c71a2ecb700f1c9506eaaee,New Paradise Store,Zone C,Karachi,"Zone C Block 7 Clifton, Karachi, 75500, Pakistan",75500,67.03143817,24.82821815,Retail & Shopping,Shopping Centers,Supermarket,Open,+92 21 35830374,newparadisestore.enic.pk,4.3,666.0,71.83,People typically spend up to 20 min here,03-2025
d53c50aeea934a0d92a737cf62040503,Five Star Honda/ Services in Johar,Karachi City,Karachi,"Shop # 3 & 4, Crescent View Apartments, opposite حبیب یونیورسٹی, opposite Habib University, Block 13 Gulistan-e-Johar, Karachi, 75290, Pakistan",75290,67.13490541,24.90690416,Retail & Shopping,Auto & Vehicle Retail,Honda dealer,Open,+92 336 8352032,fivestarhonda.com.pk,4.4,273.0,46.83,People typically spend up to 1.5 hours here,03-2025
90a3cde1bcb9df3996bc8473c910e3d3,Miniso Satellite Town Gujranwala,Satellite Town,Gujranwala,"387/C, Block B Satellite Town, Gujranwala, 52250, Pakistan",52250,74.19899618,32.16327343,Retail & Shopping,Shopping Centers,Outlet mall,Open,+92 304 7256464,miniso.pk,4.1,60.0,63.0,People typically spend up to 1 hour here,03-2025
8444eb001491d4a0200f97eb109e0784,TAAL Shoes,Satellite Town,Gujranwala,"500-B, Satellite Town, Gujranwala, 52250, Pakistan",52250,74.19865731,32.16406743,Retail & Shopping,Fashion & Accessories,Clothing store,Open,+92 302 8452550,taalstore.pk,4.4,23.0,40.57,People typically spend up to 2 hours here,03-2025
a1511ae702cbab76507e02131c1dadd1,Rainbow Cash & Carry - Wapda Town,WAPDA Town,Lahore,"Usmania Tower, rehmat chowk, K-1 Block K 1 Wapda Town Phase 1 Lahore, 53700, Pakistan",53700,74.26337351,31.41972222,Retail & Shopping,Market & Grocers,Grocery store,Open,+92 42 35224612,rainbowcc.com.pk,4.2,5142.0,58.0,People typically spend up to 45 min here,03-2025
9d468c03ed3128797cc0b2fc0bda6fca,Afford Super Market,Pakistan,Layyah,"Layyah Bypass Rd, Layyah, 31200, Pakistan",31200,70.96035491,30.96352225,Retail & Shopping,Shopping Centers,Supermarket,Open,+92 321 6207799,afford.com.pk,4.4,874.0,71.5,People typically spend up to 30 min here,03-2025
a6800bf1ee0c605b908f32f3ef81ac61,Heart Beat Lawrencepur (Suiting & Fabric's),Saddar,Rawalpindi,"Shop no 1/c, Barkat plaza, Bank Rd, Saddar, Rawalpindi, 46000, Pakistan",46000,73.04919829,33.59698572,Retail & Shopping,Fashion & Accessories,Clothing store,Open,+92 344 5356007,facebook.com,4.3,83.0,54.43,People typically spend up to 1.5 hours here,03-2025
c444ca0c27030969b5d98ffbefbf8954,DULHA HOUSE,Punjab,Lahore,"30-G Naqi Arcade, 71 The Mall Road, Lahore, 54000, Pakistan",54000,74.3183184,31.56070854,Retail & Shopping,Fashion & Accessories,Clothing store,Open,+92 321 4551465,dulhahouse.net,4.3,238.0,64.0,People typically spend up to 1 hour here,03-2025
0ebea0dab0992d67b31f7b7e1a76dd89,Nishat Linen,Pakistan,Lahore,"21 Km Lahore – Kasur Rd, Asif Town, Lahore, 54000, Pakistan",54000,74.35795691,31.40268715,Retail & Shopping,Fashion & Accessories,Clothing store,Open,+92 42 38023113,nishatlinen.com,4.1,940.0,69.83,People typically spend up to 4 hours here,03-2025
902b4ca5edb804aa9976948fd07746b8,Enqueue Sports,Islamabad Capital Territory,Islamabad,"Shop # 8, Crescent Plaza, opposite Dhaka sweets, F-10 Markaz F 10/3 F-10, Islamabad, 44000, Pakistan",44000,73.00948118,33.69551065,Retail & Shopping,Supplements & Nutrition,Sporting goods store,Open,+92 51 2290202,facebook.com,4.3,127.0,43.86,People typically spend up to 2 hours here,03-2025
a165fc70ad536dc4736b14e457fa259f,Sanaulla Store - Tariq Road,UC-6 P.e.c.h.s 1,Karachi,"138 D Tariq Rd, Block 2 P.E.C.H.S., Karachi, 75400, Pakistan",75400,67.05573359,24.86975716,Retail & Shopping,Fashion & Accessories,Clothing store,Open,+92 311 1444910,sanaullastore.com,4.1,963.0,49.29,People typically spend up to 1 hour here,03-2025
9fa4ce6cbf5b3d7a9b8c7f24899d6948,Hobby Lobby Gulberg,Pakistan,Lahore,"Shop#29, Center Point Plaza, Main Blvd, Block E 2 Gulberg III, Lahore, 54000, Pakistan",54000,74.33349187,31.50723253,Retail & Shopping,Framing & Hobbies,Hobby store,Open,+92 42 35764234,hobbylobby.com.pk,4.2,162.0,56.5,People typically spend up to 2.5 hours here,03-2025
2d3487a4821c2ffb2f126f6bdd4a7475,Rahat Chandi House,Punjab,Jhelum,"Sarafa Bazar, Bagh Mohalla Jhelum, 49600, Pakistan",49600,73.73088473,32.92793187,Retail & Shopping,Arts & Crafts,Jeweler,Open,+92 303 0005511,rahatchandihouse.com.pk,4.3,74.0,74.17,People typically spend up to 1.5 hours here,03-2025
9925862254b7f323282bcdab39526f03,Moon Touch Mobiles,UC-9 Buffar Zone-2,Karachi,"Shop # 22, Sarena Mobile Mall, Sakhi Hassan Sector 15 A 1 Buffer Zone, Karachi, 75800, Pakistan",75800,67.05582143,24.95405311,Retail & Shopping,Computers & Electronics,Cell phone store,Open,+92 318 8087583,moontouch.pk,4.5,63.0,52.43,People typically spend up to 4 hours here,03-2025
4351adf365a124c6bdf197586c54aed5,Faiz Frontair Chapal Makers Reg# 1032,Dera Ghazi Khan,Dera Ghazi Khan,"near Traffic Chowk, BLOCK 15 Block 15, Dera Ghazi Khan, 32200, Pakistan",32200,70.63740178,30.05547197,Retail & Shopping,Fashion & Accessories,Shoe store,Open 24 hours,+92 334 6743355,faiznorozi.pk,4.2,207.0,40.14,People typically spend up to 30 min here,03-2025
031549c6a6a627570f081d95aac42929,Asad Autos Multan,Punjab,Multan,"Shop # 1، shaher Chowk، Zenth Plaza, Abdali Rd, Nawan Shehr, Multan, 60000, Pakistan",60000,71.45266125,30.1941055,Retail & Shopping,Auto & Vehicle Retail,Car accessories store,Open,+92 321 1110791,asadautos.pk,4.3,77.0,54.5,People typically spend up to 3.5 hours here,03-2025
1d49ba1ac2924843a1730b7c817b56c2,FARAH TALIB AZIZ Flagship Store and Offices,Zulfiqar & Al Murtaza Commercial Area,Karachi,"19 C Lane 2, D.H.A. Phase 8 Zulfiqar & Al Murtaza Commercial Area Phase 8 Defence Housing Authority, Karachi, 75500, Pakistan",75500,67.07332219,24.79130991,Retail & Shopping,Fashion & Accessories,Clothing store,Open,+92 333 2344209,farahtalibaziz.com.pk,3.1,91.0,63.83,People typically spend up to 1 hour here,03-2025
128fc24f9b88e2c41de232a09edd9746,Punjab Cash and Carry,Rawalpindi Tehsil,Rawalpindi,"Morghah Road, ARL Rd, Morgah, Rawalpindi, 46601, Pakistan",46601,73.07545255,33.55427427,Retail & Shopping,Shopping Centers,Supermarket,Open,+92 337 8905221,punjabcashandcarry.com.pk,4.2,1411.0,61.14,People typically spend up to 25 min here,03-2025
4d452b7632f0a1f405cf5e864bd5851c,BADA PLAZA,Khyber Pakhtunkhwa,Swari,"BADA PLAZA, Dewana Baba Rd, Swari, 19290, Pakistan",19290,72.48962374,34.47759572,Retail & Shopping,Shopping Centers,Supermarket,Open,+92 335 2016016,badaplaza.wordpress.com,4.1,189.0,47.86,People typically spend up to 1 hour here,03-2025
e0fdfa0b644cc298af1dad68abd0014a,Denim Privé office,UC-4 Quaidabad,Karachi,"183-186, Deh Khanto, Main, N-5, Karachi, 75100, Pakistan",75100,67.24710645,24.85322727,Retail & Shopping,Fashion & Accessories,Haute couture fashion house,Open,+92 21 111 336 467,denimprive.com,4.6,111.0,75.83,People typically spend up to 4 hours here,03-2025
91501cd5d7a9c306ed7682f521c70c1a,VapeStation D.H.A Branch,Sindh,Karachi,"Shop # 1, 14-C South Park Avenue, D.H.A Phase II Extension Phase 2 Commercial Area Defence Housing Authority, Karachi, 75500, Pakistan",75500,67.06474253,24.83327838,Retail & Shopping,Cannabis & Smoke Shops,Vaporizer store,Open,+92 330 9244888,vapestation.pk,4.9,970.0,64.57,People typically spend up to 45 min here,03-2025
e00f072a0f17bda7f83dbb6fbad27a40,IRIS IMPEX FABRICS,Sialkot,Sialkot,"Defence Road, Noorabad, Sialkot, 51310, Pakistan",51310,74.51278567,32.47650592,Retail & Shopping,Textiles & Fabrics,Fabric wholesaler,Open,+92 52 3254991,irisimpex.com,4.5,88.0,64.0,People typically spend up to 25 min here,03-2025
49cecea72a60699bbed986d82aac9e82,TM PLaza,Rawalpindi Tehsil,Rawalpindi,"Mobile Repair Course, TM Plaza, D.A.V. College Rd, Naya Mohalla, Rawalpindi, 46000, Pakistan",46000,73.05921292,33.61113692,Retail & Shopping,Shopping Centers,Shopping mall,Open,+92 333 5544911,multisystempk.com,4.1,68.0,65.17,People typically spend up to 1 hour here,03-2025
1d789dae908c04a443cb2d5287eae70d,OpenTeleShop,Punjab,Bahawalpur,"House#72-D V Block Model Town C Bahawalpur, Old City Bahawalpur, Bahawalpur, 63100, Pakistan",63100,71.68074047,29.39580646,Retail & Shopping,Shopping Centers,Shopping mall,Open 24 hours,+92 300 3147666,openteleshop.com,4.0,73.0,33.86,People typically spend up to 2 hours here,03-2025
adcce87edbd7c340ce443e4eca8ce37f,Ilmi Book House,Punjab,Lahore,"Chowk, Urdu Bazar Lahore, 54000, Pakistan",54000,74.3080727,31.57637059,Retail & Shopping,Books & Comics,Book store,Open,+92 42 37234009,ilmibookhouse.com,4.4,5693.0,59.17,People typically spend up to 30 min here,03-2025
4f616593f09faed1aca964b229b5198e,Xin Mall,Sargodha,Sargodha,"7, 8 Queens Rd, Phase 2 Mansoorabad, Sargodha, 40100, Pakistan",40100,72.67757596,32.06474286,Retail & Shopping,Shopping Centers,Shopping mall,Open,+92 48 3766749,xinmall.pk,4.7,784.0,65.86,People typically spend up to 1.5 hours here,03-2025
8f6f1fae95ba62d044115cc0af5db5a5,SPAR North Nazimabad,UC-4 Hyderi,Karachi,"Saima Paari Flower, Block F, Sharah-e-Humayun, North Nazimabad, Karachi, 74700, Pakistan",74700,67.0387956,24.92884266,Retail & Shopping,Shopping Centers,Supermarket,Open,+92 21 111 007 727,store.spar.pk,4.3,733.0,54.0,People typically spend up to 30 min here,03-2025
eec6e148efe05f53e95744219b326b65,Zubair Book Depot,Pakistan,Lahore,"Anarkali Bazaar Lahore, 54000, Pakistan",54000,74.30954722,31.57016259,Retail & Shopping,Books & Comics,Medical book store,Open,+92 300 4632223,zubairbooksonline.com,4.2,404.0,51.17,People typically spend up to 1 hour here,03-2025
5b620b05a4589f285d3bb07077feaee8,"Uomo Attire | Luxury Bespoke Menswear, Sherwani, Men's Suit, Prince Coat, Waistcoat.",Pakistan,Lahore,"Al Hafeez Tower, MM Alam Rd, Gulberg III, Lahore, 54660, Pakistan",54660,74.34837768,31.51326761,Retail & Shopping,Fashion & Accessories,Men's clothing store,Open,+92 300 7668666,uomoattire.com,4.1,208.0,34.86,People typically spend up to 4 hours here,03-2025
b1edc87955e5eaa1a64c5001667ca0e8,Signature Hardware - Gizri,Upper Gizri,Karachi,"Khayaban-e-Hafiz, Upper Gizri Defence Housing Authority, Karachi, 75500, Pakistan",75500,67.04424883,24.82114241,Retail & Shopping,Construction & Hardware,Hardware store,Open,+92 313 2780667,signaturehardware.pk,4.1,76.0,75.17,People typically spend up to 45 min here,03-2025
ea42aa9e6924768867c3e53473e82551,Tree Tops eye and medical center,WAPDA Town,Lahore,"WAPDA Town Block F 1 Wapda Town Phase 1 Lahore, 53700, Pakistan",53700,74.26249462,31.43001367,Retail & Shopping,Eyewear & Optics,Eye care center,Open,+92 42 35181090,treetopseye.com,3.9,97.0,50.86,People typically spend up to 1.5 hours here,03-2025
4d7ed57829c826f505e9be3051ae4806,Al Janat Mall trunk bazar,Rawalpindi Tehsil,Rawalpindi,"Shah Nizam Market Iqbal Rd Trunk Bazar, Raja Bazar Committe Chowk, Rawalpindi, 46000, Pakistan",46000,73.05571231,33.61311523,Retail & Shopping,Fashion & Accessories,Clothing store,Open,+92 347 5666669,aljanat.com.pk,4.1,581.0,61.57,People typically spend up to 4 hours here,03-2025
7e52acb75e569614228608f921fe52f5,Suzuki Master Motor Engineers,Punjab,Lahore,"St # 12, Iqbal Park, Near Main Gate DHA, D.H.A. Main Blvd, Iqbal Park, Lahore, 54810, Pakistan",54810,74.3784176,31.48700239,Retail & Shopping,Auto & Vehicle Retail,Suzuki dealer,Open,+92 42 35721552,suzukimaster.com,3.9,649.0,59.57,People typically spend up to 1 hour here,03-2025
ee10d4f8f72c68adcbcc627055b047ce,Chase Up,Punjab,Faisalabad,"Shop no#5, Rehman Heights, Plot 594 Satayana Rd, Usman Abad Block B People's Colony No 1, Faisalabad, 38000, Pakistan",38000,73.09588166,31.40761859,Retail & Shopping,Misc. Stores,Store,Open,+92 41 8408311,chaseup.com.pk,4.2,11886.0,67.86,People typically spend up to 1 hour here,03-2025
94f3e20b8325aa44a5157a93dcd6b44b,92 bedding store,Pakistan,Faisalabad,"AI Street, main Jaranwala Rd, near Shifa International Hospital, Faisalabad, 38000, Pakistan",38000,73.17337941,31.39338727,Retail & Shopping,Home & Furniture,Bedding store,Open 24 hours,+92 321 1181122,92beddingstore.pk,2.3,47.0,31.57,People typically spend up to 1.5 hours here,03-2025
8b3586e5446f3af6fd9a4463273d7023,Jafferjees - LuckyOne Mall Karachi,UC-7 Water Pump,Karachi,"Shop # LG 26-27, LuckyOne mall, Opp: UBL Sports Complex, Main Rashid Minhas، Road, Block 21 Gulberg Town, Karachi, 74200, Pakistan",74200,67.0844641,24.93238413,Retail & Shopping,Misc. Stores,Leather goods store,Open,+92 21 37181093,jafferjees.com,4.5,258.0,48.57,People typically spend up to 30 min here,03-2025
96895ef31ba48f0a7666dede7fb63ea5,FIREOX Sports,Pakistan,Lahore,"Liberty Tower, 1st Floor New, Model Town Link Rd, Lahore, 54770, Pakistan",54770,74.31589516,31.46977023,Retail & Shopping,Supplements & Nutrition,Sporting goods store,Open,+92 305 2137775,fireoxsports.com,4.4,50.0,40.14,People typically spend up to 4 hours here,03-2025
9af979f5f1aa60344ab31aad658272c6,ZELLBURY,Samad Pura,Okara,"Khasra no. B/3553 & B/3554, Situated at, Sadar Bazar, Block B Okara, 56300, Pakistan",56300,73.43997713,30.80777223,Retail & Shopping,Fashion & Accessories,Clothing store,Open,+92 21 38402072,zellbury.com,4.0,50.0,42.57,People typically spend up to 2 hours here,03-2025
c89e16aace3aeb0e12c804b8108d4ae6,Marhaba Home Faisal Town Faisalabad,Pakistan,Faisalabad,"Lahore - Sheikhupura - Faisalabad Rd, Faisal Town Canal Road, Faisalabad, 38000, Pakistan",38000,73.15890419,31.46311487,Retail & Shopping,Home & Furniture,Tile store,Open,+92 331 1111062,marhabatile.com,4.3,422.0,65.0,People typically spend up to 2 hours here,03-2025
90e462ae7a1ef66c741d3ca19ab75711,"TM Roots , karachi, pakistan",Sindh,Karachi,"Plot C1C Khayaban-e-Saadi, D.H.A. Phase 7 Phase 7 Karachi, 75500, Pakistan",75500,67.07219557,24.83081032,Retail & Shopping,Drug & Pharma,Pharmacy,Open,+92 21 35800144,instagram.com,4.6,9.0,42.29,People typically spend up to 4 hours here,03-2025
79530cd66eeed2051aa81a44daa74ef3,Expo City Flagship Store,Sindh,Karachi,"National Stadium Rd, Karsaz Faisal Cantonment, Karachi, 75260, Pakistan",75260,67.08913718,24.89481519,Retail & Shopping,Shopping Centers,Shopping mall,Open,+92 332 1193805,expocity.store,4.3,197.0,66.86,People typically spend up to 45 min here,03-2025
1189627f659bf58e6600e2e00e291f59,Khan Motors (Atlas Honda Dealership),Sargodha,Sargodha,"Fatima Jinnah Rd, Sargodha, 40400, Pakistan",40400,72.66800519,32.08302633,Retail & Shopping,Auto & Vehicle Retail,Motorcycle dealer,Open,+92 48 3714184,atlashonda.com.pk,4.1,267.0,55.0,People typically spend up to 45 min here,03-2025
f715dad3e76a363d1cd15f1f33343576,Zafar Motors,Pakistan,Lodhrān,"Zafar Motors, Multan Rd, Hassan Wala Lodhrān, 59320, Pakistan",59320,71.62454326,29.54760323,Retail & Shopping,Auto & Vehicle Retail,Honda dealer,Open,+92 300 9684829,atlashonda.com.pk,4.0,107.0,42.17,People typically spend up to 1.5 hours here,03-2025
c5f7375eb37fba6204b31888e4b1ca04,Bata Shoes store LALAMUSA,Pakistan,Lalamusa,"Karimpura, Lalamusa, 50200, Pakistan",50200,73.94770778,32.70578329,Retail & Shopping,Shopping Centers,Shopping mall,Open,+92 53 7516393,bata.com.pk,3.8,156.0,58.4,People typically spend up to 45 min here,03-2025
4ab34e822fad825d515fa98739196eea,Suzuki RaceCourse Motors,Rawalpindi Tehsil,Rawalpindi,"299/A Main Peshawar Rd, Rawalpindi, 46000, Pakistan",46000,73.02740416,33.60232134,Retail & Shopping,Auto & Vehicle Retail,Car dealer,Open,+92 304 1111990,suzukiracecoursemotors.com.pk,4.5,1660.0,68.71,People typically spend up to 1.5 hours here,03-2025
17d6df00398ed8d429f71099db7d3294,Cafe Connect Gaming Lounge,Umer Block,Lahore,"708, Maj. Aziz Bhatti Ave E, Safari Block, Commercial Umer Block Sector B Bahria Town, Lahore, 53720, Pakistan",53720,74.1934084,31.38463284,Retail & Shopping,Video & Entertainment,Video game store,Open,+92 322 7575784,facebook.com,4.7,138.0,60.71,People typically spend up to 2 hours here,03-2025
aa2e53d844293043bb6dbc7b9d419793,"Urbansole, City Tower",Pakistan,Lahore,"Shop # G-009، City Tower, Main Blvd Gulberg, Block K Gulberg III, Lahore, 54000, Pakistan",54000,74.3459887,31.52301169,Retail & Shopping,Fashion & Accessories,Shoe store,Open,+92 42 36400154,urbansole.com.pk,4.0,200.0,52.0,People typically spend up to 25 min here,03-2025
584e7ef0958a1624e67314373136bbe7,Ethnc,Islamabad Capital Territory,Islamabad,"Plot No# 4H,flat#1 Arham Aracade, F-10 Markaz F 10/3 F-10, Islamabad, 44000, Pakistan",44000,73.00981823,33.69490255,Retail & Shopping,Fashion & Accessories,Clothing store,Open,+92 51 2223010,ethnic.pk,4.4,280.0,45.57,People typically spend up to 3.5 hours here,03-2025
9a2271d34d1788aba58c8957e5119901,Alqadsiya khushbu mahal,Shaheenabad,Gujranwala,"GT Rd, near Civic Centre, Shaheenabad, Gujranwala, 52250, Pakistan",52250,74.17895937,32.18368913,Retail & Shopping,Perfume & Cosmetics,Perfume store,Open,+92 321 6451090,alqadsiya.com,5.0,214.0,67.0,People typically spend up to 1.5 hours here,03-2025
1f0b5c0172566258e86e1cbc74f5fc47,Nabisha Collection,Pakistan,Lahore,"Anarkali Bazaar Lahore, 54000, Pakistan",54000,74.31002973,31.57192589,Retail & Shopping,Fashion & Accessories,Clothing store,Open,+92 307 2596404,facebook.com,4.1,156.0,48.0,People typically spend up to 4 hours here,03-2025
1a957d018e9db6ab573fc232d7289197,Ajwa Supermarket,Sindh,Karachi,"Plot #28C Khayaban-e-Bahria, D.H.A. Phase 4 Phase 4 Defence Housing Authority, Karachi, 77200, Pakistan",77200,67.06345327,24.81889589,Retail & Shopping,Shopping Centers,Supermarket,Open,+92 21 35802592,foodpanda.pk,4.0,716.0,51.14,People typically spend up to 15 min here,03-2025
6b093b103824468ab19c3ff9b4128d74,"METRO Safari Store, Karachi",UC-10 Pehalwan Goth,Karachi,"190-219, OKEWARI, NA-Class, Main University Rd, near Safari Park, Gulshan-e-Iqbal, Karachi, 73500, Pakistan",73500,67.10305078,24.92115669,Retail & Shopping,Shopping Centers,Supermarket,Open,+92 21 34031137,metro.pk,4.1,3905.0,50.14,People typically spend up to 1.5 hours here,03-2025
9dee42d95b5e83ff7510d3f73a1247e1,Limelight,Sialkot Cantonment,Sialkot,"100 Aziz Bhati Shaheed Road, Sialkot Cantonment, Sialkot, 51310, Pakistan",51310,74.55475038,32.5175305,Retail & Shopping,Fashion & Accessories,Clothing store,Open,+92 52 4295719,limelight.pk,4.1,309.0,55.0,People typically spend up to 45 min here,03-2025
2952466b4d03e643cfb5beb125d30977,edenrobe,Pakistan,Jhelum,"Imam Bargah, Civil Lines, Naya Mohalla Jhelum, Jhelum, 49600, Pakistan",49600,73.73107416,32.93156196,Retail & Shopping,Fashion & Accessories,Clothing store,Open,+92 544 277514,edenrobe.com,4.0,107.0,63.29,People typically spend up to 45 min here,03-2025
0219a65a41e5a02d631675bdca48b40e,Honda Centre Rawalpindi,Rawalpindi Tehsil,Rawalpindi,"300 Peshawar Road, Race Course Rd, Opposite Rawalpindi, 46000, Pakistan",46000,73.02669383,33.60250846,Retail & Shopping,Auto & Vehicle Retail,Honda dealer,Open,+92 51 111 300 123,honda.com.pk,3.9,1775.0,71.0,People typically spend up to 1 hour here,03-2025
76006f9e0ea3988fd5fcad939c55db43,Safa Gold Mall,Islamabad Capital Territory,Islamabad,"Plot No، 5 College Rd, F-7 Markaz F 7 Markaz F-7, Islamabad, 46000, Pakistan",46000.0,73.05292161,33.72071367,Retail & Shopping,Shopping Centers,Shopping mall,Open,+92 51 2656766,safagold.com,4.3,32080.0,68.29,People typically spend up to 1.5 hours here,03-2025
b40e7fa69b1b98ce27a218878879be19,Clinix - G1 Market,Pakistan,Lahore,"Bilal Arcade, Abdul Haque Rd, Block G Phase 1 Johar Town, Lahore, 54700, Pakistan",54700.0,74.27922689,31.47757763,Retail & Shopping,Drug & Pharma,Pharmacy,Open,+92 42 35240632,clinix.com.pk,4.3,85.0,45.71,People typically spend up to 15 min here,03-2025
21eb0c28e4bb454cd17e687231d53e7b,Square One Mall,UC-10 Pehalwan Goth,Karachi,"Plot # 118-G, Main National Stadium Rd, near Askari-IV, Gulshan-e-Iqbal, Karachi, 75300, Pakistan",75300.0,67.11133018,24.90107443,Retail & Shopping,Shopping Centers,Shopping mall,Open,+92 21 111 663 111,squareonemall.pk,4.4,1548.0,57.57,People typically spend up to 2 hours here,03-2025
96b746cb171f479418e4ccb1a533ca67,edenrobe,Pakistan,Faisalabad,"Edenrobe Store, Main Blvd, D Ground Block D People's Colony No 1, Faisalabad, 38000, Pakistan",38000.0,73.10583066,31.40495652,Retail & Shopping,Fashion & Accessories,Clothing store,Open,+92 21 32566633,edenrobe.com,4.1,170.0,61.57,People typically spend up to 30 min here,03-2025
92e6956352973dc871dc074a47563311,Iftikhar Eye Hospital Dr zafar Ahmed ENT,Saddar,Rawalpindi,"183a Sir Syed Road, Saddar, Rawalpindi, 46000, Pakistan",46000.0,73.06263197,33.59059587,Retail & Shopping,Eyewear & Optics,Eye care center,Open,+92 51 5567204,iftikhareyehospital.com.pk,3.1,76.0,39.33,People typically spend up to 1.5 hours here,03-2025
5e353e47d0cc4e159252227773db6168,Khaadi - Multan Gulgashtکھاڈی,Taraf Mubarik Doim,Multan,"Shop # 94 A/5 Gulgasht Colony, Adjacent Domino’s Pizza, 66000, Pakistan",66000.0,71.46991126,30.21904548,Retail & Shopping,Fashion & Accessories,Clothing store,Open,+92 61 6510256,khaadi.com,4.3,932.0,55.57,People typically spend up to 45 min here,03-2025
31efa3ad98b96c3fad5a214f58ff4940,UMAR Electronics عمر الیکٹرانکس,Sector A,Islamabad,"Plot 21 GT Rd, Sector A DHA Phase II, Islamabad, 44000, Pakistan",44000.0,73.13214638,33.52957893,Retail & Shopping,Computers & Electronics,Electronics store,Open,+92 51 5208008,umarelectronics.pk,4.0,139.0,55.86,People typically spend up to 45 min here,03-2025
47d6b87b38bbb93edfe1cd2dcaea7e2e,Shell Select-Malik,Sindh,Karachi,"Shahra-e-Faisal, Faisal Cantonment, Karachi, 74350, Pakistan",74350.0,67.10620529,24.88054318,Retail & Shopping,Convenience & Variety,Convenience store,Open 24 hours,+92 340 2228928,shell.com.pk,4.3,6.0,22.29,People typically spend up to 20 min here,03-2025
72fdb8002fb8c940f21d378c6b82cb7a,ABID SUPER STORE (pmart.pk),Talwandi Rah,Gujranwala,"Main Shah Pur Bazar, Qaisar Colony, Gujranwala, 52250, Pakistan",52250.0,74.17668764,32.12103883,Retail & Shopping,Market & Grocers,Grocery store,Open,+92 346 7487185,facebook.com,4.1,27.0,51.86,People typically spend up to 1.5 hours here,03-2025
f3300faeb8f73f72fa5ea6fafc1f0d6c,Crescent Computer Services,Pakistan,Peshawar,"Shop No 4 Umair Plaza, Peshawar Ring Rd., near Patang Chowk, Ashrafia Colony, Peshawar, 25000, Pakistan",25000.0,71.58371616,34.03178432,Retail & Shopping,Printing & Copy,Print shop,Open,+92 300 8352474,localo.site,5.0,68.0,38.14,People typically spend up to 3 hours here,03-2025
1b897b7d45f4b00a785891241f8e71fe,Purrfect Pet Shop Tehkal Payan,Tehkal Payan I,Peshawar,"Tehkal Payan Rd, Tehkal, Peshawar, 25000, Pakistan",25000.0,71.51850344,34.00848518,Retail & Shopping,Pet Supplies,Pet store,Open,+92 313 0436066,facebook.com,4.2,77.0,55.86,People typically spend up to 2 hours here,03-2025
3ffaa1c425d22d171872b21d68e28170,Bachaa Party | Clifton Karachi,UC-10 Clifton,Karachi,"Majestic tower, plot no#D5, Khaliq-uz-Zaman Rd, Block 8 Clifton, Karachi, 74800, Pakistan",74800.0,67.03763715,24.83179798,Retail & Shopping,Baby & Children,Children's store,Open,+92 21 35168630,bachaaparty.com,4.6,2571.0,62.57,People typically spend up to 1 hour here,03-2025
8230a35f99bf3a63f5dd8af2efdf6600,Nishat Linen Outlet Gulshan Market Multan,Taraf Mubarik Doim,Multan,"Shop # 3, Block-S, 100 Feet Road, Gulshan Market Rd, Block S Gulshan Market, Multan, 60000, Pakistan",60000.0,71.50672049,30.20251825,Retail & Shopping,Fashion & Accessories,Clothing store,Open,+92 61 6771129,nishatlinen.com,4.0,361.0,58.0,People typically spend up to 1.5 hours here,03-2025
77e082253577112a79e26d6b7bc39ad7,Imtiaz Supermarket,UC-2 Civic Center,Karachi,"Shaheed-e-Millat Rd, Bahadurabad Bahadur Yar Jang CHS, Karachi, 75400, Pakistan",75400.0,67.06780028,24.8830986,Retail & Shopping,Big Box & Department Stores,Department store,Open,+92 21 111 468 429,imtiaz.com.pk,4.2,6496.0,61.71,People typically spend up to 45 min here,03-2025
ccfdf337931d2a08edce318d71c584c0,Al-Fajar Silk Emporium,Punjab,Lahore,"79, Extension Cavalry Ground, Lahore, 54030, Pakistan",54030.0,74.36228313,31.5014234,Retail & Shopping,Fashion & Accessories,Women's clothing store,Open,+92 42 36667816,alfajarsilk.co.pk,4.1,105.0,35.33,People typically spend up to 1.5 hours here,03-2025
22c20437a6be4f1ec3510be36a445269,Iftikhar Book Depot,Punjab,Lahore,"43 Main Bazar, Islampura, Lahore, 54000, Pakistan",54000.0,74.29361231,31.56436954,Retail & Shopping,Books & Comics,Book store,Open,+92 321 4127000,iftikharbookdepot.com,4.6,664.0,66.67,People typically spend up to 2 hours here,03-2025
66952d3764b3110941900dec83f79127,Idrees Leather Garments,Punjab,Lahore,"shop#125/B,panorama Shopping Center,The, Shahrah-e-Quaid-e-Azam, Garhi Shahu, Lahore, 54000, Pakistan",54000.0,74.31853862,31.56166664,Retail & Shopping,Misc. Stores,Leather goods store,Open,+92 300 4240483,idreesleather.com,4.2,231.0,57.14,People typically spend up to 30 min here,03-2025
9c23b08e7a07167fff9417295351a31d,J7 Mall Chakwal,Punjab,Chakwal,"J7 Mall, Chakwal, 48800, Pakistan",48800.0,72.82081015,32.93120345,Retail & Shopping,Shopping Centers,Shopping mall,Open,+92 331 5811120,j7mallchakwal.com,4.3,264.0,53.0,People typically spend up to 30 min here,03-2025
459b0260ad0b2d0d6b181c7893eb81f0,Tech E.,Pakistan,Dera Ismail Khan,"Khakwani Plaza, Muslim Bazar, Dera Ismail Khan, 29050, Pakistan",29050.0,70.89949155,31.83495452,Retail & Shopping,Computers & Electronics,Computer store,Open,+92 312 9883868,fb.me,4.8,16.0,57.17,People typically spend up to 1 hour here,03-2025
e082330713c91814891143069a1e1dd4,Suzuki Rahim Yar Khan Motors,Rahim Yar Khan Tehsil,Rahim Yar Khan,"5-7 Shahbazpur Road, Rahim Yar Khan, 64200, Pakistan",64200.0,70.28907382,28.4224991,Retail & Shopping,Auto & Vehicle Retail,Suzuki dealer,Open,+92 68 5885552,suzukirykmotors.com,4.4,865.0,73.14,People typically spend up to 45 min here,03-2025
446579fcd0aeb684a15084182f55f5ac,Zain Surgicals زین سرجیکلز,UC-8 Saddar,Karachi,"lucky star, Bhicaji St, Saddar Karachi, 74200, Pakistan",74200.0,67.03055833,24.85885386,Retail & Shopping,Medical Supplies,Medical equipment supplier,Open,+92 335 2221152,zainsurgicals.com,4.8,256.0,59.57,People typically spend up to 30 min here,03-2025
35abe5cf8a8fb5b7b761d79e6e725524,Obsession Outlet,UC-2 Manzoor Colony,Karachi,"Manzoor Colony Karachi, 75460, Pakistan",75460.0,67.08680668,24.85415491,Retail & Shopping,Home & Furniture,Furniture store,Open,+92 322 9276000,obsessionoutlet.com,4.2,310.0,53.43,People typically spend up to 1 hour here,03-2025
14b46ff93744e46ce3b84e4403dc41f3,Najeeb pharmacy E-11/2,Services Society,Islamabad,"Street 45 Khalid Bin Waleed Rd, 2 Markaz SCHS E 11/3 E-11, Islamabad, 44000, Pakistan",44000.0,72.97041588,33.69995814,Retail & Shopping,Drug & Pharma,Pharmacy,Open 24 hours,+92 51 2318030,najeebpharmacy.com,4.2,110.0,45.57,People typically spend up to 30 min here,03-2025
c173e298bb69647a7d04eeb55357dc77,Adil Pharmacy & General Store,Punjab,Mughalabad Dandi,"Dandi Dara, Baisa-Bolani Rd, Mughalabad Dandi, 50000, Pakistan",50000.0,73.86372427,32.92227127,Retail & Shopping,Drug & Pharma,Pharmacy,Open,+92 340 5100911,facebook.com,5.0,44.0,56.43,People typically spend up to 1.5 hours here,03-2025
f74416b7a364c0f31e19ff06fa884285,AYUB PAINT HOUSE (since 1963) Authorized Retailer ICI Dulux.,Pakistan,Lahore,"Shop No, 27/E Main Market Rd, Gulberg 2, Lahore, 54000, Pakistan",54000.0,74.3442788,31.52417659,Retail & Shopping,Construction & Hardware,Paint store,Open,+92 308 2313131,sites.google.com,4.5,52.0,49.33,People typically spend up to 1.5 hours here,03-2025
3f801e1d67fa06cf085e57a7198a81d2,AA Cash & Carry,Wazirabad,Wazirabad,"Allah wala chowk overhead Bridge, Gujranwala Rd, Wazirabad, 52000, Pakistan",52000.0,74.11225321,32.43325638,Retail & Shopping,Shopping Centers,Supermarket,Open,+92 55 6603182,facebook.com,4.1,585.0,46.14,People typically spend up to 1.5 hours here,03-2025
37cfd46f3948f3ba32f54dccb5213e7e,Khaadi,Punjab,Mandi Bahauddin,"Hakim Mall, Jail Rd, Mandi Bahauddin, 50400, Pakistan",50400.0,73.48413294,32.58048931,Retail & Shopping,Fashion & Accessories,Clothing store,Open,+92 546 600159,pk.khaadi.com,4.2,230.0,65.86,People typically spend up to 2 hours here,03-2025
edb511193d9445ab7ae10ddf810aa73d,Prince Book Centre,UC-4 Silver Town,Karachi,"R4CQ+WQQ, 530 Street No.2, Sector T-Area Sector 41 A Korangi, Karachi, 74900, Pakistan",74900.0,67.1370248,24.82269842,Retail & Shopping,Books & Comics,Book store,Open,+92 335 2047520,princebookcentre.com,4.1,334.0,57.17,People typically spend up to 25 min here,03-2025
3e2a99f2c3e8238c4fbf5784500989f6,Changan Adil Ashraf Motors,Punjab,Lahore,"17 Jail Rd, Jinnah Town, Lahore, 54000, Pakistan",54000,74.31695991,31.54500643,Retail & Shopping,Auto & Vehicle Retail,Car dealer,Open,+92 304 1113321,changanadilashrafmotors.com.pk,4.2,524.0,52.0,People typically spend up to 1 hour here,03-2025
ff5f7d989247c246f3bb5195037bca66,Al Fahad Cloth House,Usmanabad Colony,Multan,"Tehsil Cowk, Bosan Rd, Usmanabad Colony, Multan, 60000, Pakistan",60000,71.46989935,30.21423243,Retail & Shopping,Fashion & Accessories,Clothing store,Open,+92 300 6321297,alfahad.pk,4.0,328.0,49.0,People typically spend up to 45 min here,03-2025
5acb8ebe4f572bfd924ec1721b531825,Amanat Eye Hospital Lahore,Pakistan,Lahore,"78-E/1 Main Boulevard, Block E1 Block E 1 Gulberg III, Lahore, 54660, Pakistan",54660,74.34137383,31.51722933,Retail & Shopping,Eyewear & Optics,Eye care center,Open,+92 42 35754208,amanathospital.com,4.0,133.0,63.67,People typically spend up to 2 hours here,03-2025
8fb4953ebdc67a5b537135575133e51d,SehgalMotors.PK - DHA Branch Lahore,Pakistan,Lahore,"SehgalMotors.PK Building 21 Jammu stop Near Nawaz Sharif Interchange Ring Road, Phase 5 Exit, Jamun, Lahore, 54000, Pakistan",54000,74.42860694,31.46891146,Retail & Shopping,Auto & Vehicle Retail,Car accessories store,Open,+92 311 1222357,sehgalmotors.pk,4.4,1322.0,56.57,People typically spend up to 45 min here,03-2025
ebec42979be701f18c87d1d799c44f7f,Lamination Mart لیمینیش مارٹ,UC-2 Manzoor Colony,Karachi,"PLOT NO 14 STT NO، 15, Manzoor Colony SECTOR F Manzoor Colony, Karachi, 44000, Pakistan",44000,67.08414617,24.84580875,Retail & Shopping,Home & Furniture,Furniture store,Open,+92 333 2476158,facebook.com,3.7,61.0,48.5,People typically spend up to 4 hours here,03-2025
53cafde7ddbfbf05d4ce9d58c4f07df9,Sana Safinaz,Punjab,Lahore,"Shop # 16 & 17, Ground floor, Amanah Mall, Model Town Link Rd, Muhammadpura, Lahore, 54600, Pakistan",54600,74.31314836,31.46688065,Retail & Shopping,Fashion & Accessories,Women's clothing store,Open,+92 42 35131603,sanasafinaz.com,3.8,5.0,41.71,People typically spend up to 1.5 hours here,03-2025
aa27001066909f9969cf38f4b15d987d,D.WATSON CHEMIST BAHRIA TOWN Phase VI,Rawalpindi Tehsil,Islamabad,"Fortune Arcade, Central Ave, Phase VI Phase 6 Bahria Town, Islamabad, 44000, Pakistan",44000,73.13297075,33.55781015,Retail & Shopping,Drug & Pharma,Pharmacy,Open,+92 51 8770603,dwatsonchemist.pk,4.0,88.0,65.43,People typically spend up to 15 min here,03-2025
692f467c04df0d8cdfc88b980449f9fb,Pak Surgical,Pakistan,Lahore,"2 - Robert Road - Bank Square - Nila Gumbad, Nila Gumbad Rd, Lahore, 54000, Pakistan",54000,74.30965068,31.56823634,Retail & Shopping,Medical Supplies,Medical supply store,Open,+92 304 1110725,paksurgical.pk,4.0,34.0,28.67,People typically spend up to 3 hours here,03-2025
0f5d9cc96e4bdf45ceb4f1a59f3c658d,Nishat Linen Flagship Store,Pakistan,Lahore,"112 GCP Johar, opposite Shokat Khanum Memorial Hospital, opposite Shaukat Khanum Memorial Hospital, 9 GCP Block R 1 Phase 2 Johar Town, Lahore, 05400, Pakistan",05400,74.26729436,31.44981058,Retail & Shopping,Fashion & Accessories,Clothing store,Open,+92 42 35314556,nishatlinen.com,4.2,510.0,52.71,People typically spend up to 45 min here,03-2025
a538d5898ffccf8eb8fbc9212b5c27e2,Ethnic,Pakistan,Lahore,"12-L, Mini Market،, College Rd, Block L Gulberg 2, Lahore, 54600, Pakistan",54600,74.34785566,31.52060228,Retail & Shopping,Fashion & Accessories,Clothing store,Open,+92 42 35755537,ethnic.pk,4.3,1037.0,59.14,People typically spend up to 45 min here,03-2025
a1e3c94c659dfc8c430e7812d69901c7,DVAGO Pharmacy and dow sample collection center,UC-12 Gulzar-e-hiijri,Karachi,"Plot No A, 1960, near paradise bakery karachi, Gulzar-e-Hijri Metrovil Colony, Karachi, 75330, Pakistan",75330,67.09529393,24.94390669,Retail & Shopping,Drug & Pharma,Pharmacy,Open,+92 21 111 138 246,dvago.pk,3.3,23.0,43.57,People typically spend up to 15 min here,03-2025
db4a34f177c951909b885cc4cdee402f,Rahim Store,Satluj Block,Lahore,"Street 7, Sutlej Block Satluj Block Allama Iqbal Town, Lahore, 54000, Pakistan",54000,74.28783663,31.5215902,Retail & Shopping,Big Box & Department Stores,Department store,Open,+92 42 37801525,rahimstore.com,4.4,12167.0,50.14,People typically spend up to 30 min here,03-2025
06b9d3ac544a91cc8861845b7c4aac56,Sharjah Sports,Pakistan,Lahore,"Multan Rd, Block B Chuburji, Lahore, 54000, Pakistan",54000,74.29854328,31.55167073,Retail & Shopping,Outdoor & Sporting,Outdoor sports store,Open,+92 334 1117868,sharjahsports.pk,4.4,50.0,42.67,People typically spend up to 1 hour here,03-2025
e03128bd133d8ccfb66356e5d62a6959,H2o Home - Luxury Bathroom Boutique - Flagship Store,Sindh,Karachi,"34-C Bukhari Lane Commercial 7, Khayaban-e-Bukhari, D.H.A Phase 6 Karachi, 75500, Pakistan",75500,67.06405762,24.79301534,Retail & Shopping,Home & Furniture,Bathroom supply store,Open,+92 304 1113304,h2ohome.com.pk,4.1,42.0,65.17,People typically spend up to 4 hours here,03-2025
c2226dfce3125d6c81a918652f0a5975,Royal Tag,Punjab,Lahore,"54700 Model Town Link Rd, G. E. C. H. S Phase 3 Muhammadpura, Lahore, 54600, Pakistan",54600,74.31412891,31.46802255,Retail & Shopping,Fashion & Accessories,Men's clothing store,Open,+92 42 35160054,royaltag.com.pk,4.3,719.0,62.57,People typically spend up to 45 min here,03-2025
82517f512473dfa06ae2a431f36f6690,Head Office Imtiaz,UC-7 P.e.c.h.s 2,Karachi,"7th Floor, Prestige Trade Center, Main Shaheed-e-Millat Road, Karachi, 75400, Pakistan",75400,67.05475419,24.88394057,Retail & Shopping,Big Box & Department Stores,Department store,Open,+92 21 111 468 429,imtiaz.com.pk,4.4,323.0,77.4,People typically spend up to 4 hours here,03-2025
fd06e610ec4723b2890b484d58862a38,CSD,Rawalpindi Tehsil,Rawalpindi,"265 Muhammad, Khadim Hussain Rd, Rawalpindi, 46000, Pakistan",46000,73.04359545,33.59072023,Retail & Shopping,Market & Grocers,Grocery store,Open,+92 51 111 273 111,csd.gov.pk,4.3,424.0,47.43,People typically spend up to 4 hours here,03-2025
7c364a80f8085f5550d58afca83ba921,"ZARI PALACE shop no 4'5'6 Al-Shaikh plaza Chandni chowk , murree rd.",Rawalpindi Tehsil,Rawalpindi,"Al-Sheikh Plaza, Murree road, chandni chowk, Block C Chah Sultan, Rawalpindi, 46000, Pakistan",46000,73.0703315,33.63094817,Retail & Shopping,Fashion & Accessories,Boutique,Open,+92 321 5252852,instagram.com,4.2,100.0,41.17,People typically spend up to 2 hours here,03-2025
1288a8aa73826d06e6bbb0f33de3db32,Sapphire Gujranwala Satellite Town,Satellite Town,Gujranwala,"Plot # 120 A, Commercial, Block A Satellite Town, Gujranwala, 52250, Pakistan",52250,74.19866087,32.16434151,Retail & Shopping,Fashion & Accessories,Clothing store,Open,+92 55 3840601,pk.sapphireonline.pk,4.0,233.0,57.0,People typically spend up to 45 min here,03-2025
7b286f6581569c2fc79e2add2f1df827,Junaid Jamshed,UC-4 Hyderi,Karachi,"Dolmen Mall, North Nazimabad, Karachi, Sindh, 74700, Pakistan",74700,67.03787026,24.93558131,Retail & Shopping,Fashion & Accessories,Clothing store,Open,+92 21 36643967,junaidjamshed.com,4.3,1149.0,47.33,People typically spend up to 1 hour here,03-2025
cfac13892b84f76d16d4303b6f1d522b,Al Noor General store bank bazar lalian,Punjab,Lalian,"Kachehri Rd, Lalian, 35400, Pakistan",35400,72.79497253,31.82464773,Retail & Shopping,Convenience & Variety,General store,Open,+92 346 7797407,facebook.com,3.5,13.0,57.29,People typically spend up to 4 hours here,03-2025
7f974793c49943d1c746ecd444495542,Al-Fatah Electronics - Shalimar Link Road,Punjab,Lahore,"6A Shalimar Link Road, near Angori Cinema, Gunj, Lahore, 54840, Pakistan",54840,74.37856935,31.58136721,Retail & Shopping,Computers & Electronics,Electronics store,Open,+92 322 4615571,alfatah.com.pk,3.5,34.0,55.0,People typically spend up to 1 hour here,03-2025
11dce48690cf8dbd73425ccb5809c756,ZELLBURY,UC-6 Gillani Railway Station,Karachi,"Plot No B-47، Shop No، 1 Main University Rd، opposite PIA Planetarium, Block 13 A Karachi, 75300, Pakistan",75300.0,67.07327331,24.90318869,Retail & Shopping,Fashion & Accessories,Clothing store,Open,+92 21 38402072,zellbury.com,4.2,356.0,44.0,People typically spend up to 2.5 hours here,03-2025
d492071777621a58a85ff9e080ac550c,Khussa Mart,UC-10 Clifton,Karachi,"CC 4, Block 8 Clifton, Karachi, 75600, Pakistan",75600.0,67.03260426,24.82912627,Retail & Shopping,Fashion & Accessories,Shoe store,Open,+92 345 3490064,facebook.com,4.3,30.0,71.17,People typically spend up to 4 hours here,03-2025
cd012751ee69ef0076617e1825e70036,New IT Systems,Pakistan,Jhelum,"Machine Mohalla No.2 Machine Mohalla 3, Jhelum, 49600, Pakistan",49600.0,73.72256234,32.93594326,Retail & Shopping,Computers & Electronics,Computer accessories store,Open,+92 544 620014,itplaza.pk,4.1,76.0,57.5,People typically spend up to 45 min here,03-2025
2b55e05308eb55f36ebc668266123c84,Replicas Planet,Pakistan,Lahore,"Shok Chowk, near Nadeem Buffet, opposite Iqra Medical Complex, Block C Johar Town, Lahore, 54000, Pakistan",54000.0,74.30097791,31.47085041,Retail & Shopping,Fashion & Accessories,Women's clothing store,Open,+92 324 8996444,replicasplanet.com,4.5,122.0,67.57,People typically spend up to 45 min here,03-2025
6c4abe4d1cf11eb9466a3206e20bfaa9,New Ghani Sons,UC-10 Clifton,Karachi,"Old Sunset Boulevard, Phase 2 Gizri, Karachi, 75600, Pakistan",75600.0,67.04833814,24.82962654,Retail & Shopping,Fashion & Accessories,Uniform store,Open,+92 21 35384378,ghanisonsuniforms.com,3.9,740.0,51.0,People typically spend up to 25 min here,03-2025
3fb050a2917c86049989f688581522e0,D.WATSON CHEMIST SCHEME-3,Rawalpindi Tehsil,Rawalpindi,"48,49 Chaklala Scheme 3 Scheme 3, Rawalpindi, 44000, Pakistan",44000.0,73.08538129,33.58588989,Retail & Shopping,Drug & Pharma,Pharmacy,Open,+92 51 5766257,dwatson.com.pk,4.2,1068.0,62.43,People typically spend up to 1 hour here,03-2025
46c5fdd15b49b4710de8592ca8920bc1,Fazal Jewellers,Pakistan,Lahore,"106 B-II MM Alam Rd, Block B2 Block B 2 Gulberg III, Lahore, 54000, Pakistan",54000.0,74.34858939,31.5115533,Retail & Shopping,Arts & Crafts,Jewelry store,Open,+92 42 35879966,fazaljeweller.com,4.5,128.0,43.83,People typically spend up to 1.5 hours here,03-2025
4e8740ec4e524c2c649ea809856202d4,Home Factree,Rawalpindi Tehsil,Rawalpindi,"292 Street A-1, O-9 Block A Police Foundation, Rawalpindi, 44600, Pakistan",44600.0,73.1288725,33.56545476,Retail & Shopping,Home & Furniture,Furniture store,Open,+92 348 8910092,homefactree.com,3.8,78.0,56.0,People typically spend up to 1.5 hours here,03-2025
0f329834563273c64f7a4d4585855a01,Perennial,Punjab,Lahore,"36, Commercial Area Cavalry Ground, Lahore, 54600, Pakistan",54600.0,74.36107367,31.5018588,Retail & Shopping,Fashion & Accessories,Clothing store,Open,+92 42 36610207,perennial.com.pk,4.3,180.0,55.5,People typically spend up to 30 min here,03-2025
cb60c470a1183704fc0acbef96158502,Horizon Honda,Pakistan,Bahawalpur,"Multan Rd, Bahawalpur, 63100, Pakistan",63100.0,71.66537595,29.4189915,Retail & Shopping,Auto & Vehicle Retail,Honda dealer,Open,+92 301 6817729,horizonhonda.com.pk,3.9,192.0,63.33,People typically spend up to 1.5 hours here,03-2025
4bbcfc29990db771edba44ffd4c7ad66,Hush Puppies,Satellite Town Market,Gujranwala,"113-A, Satellite Town, Near National Bank, 52250, Pakistan",52250.0,74.19966541,32.16409237,Retail & Shopping,Fashion & Accessories,Shoe store,Open,+92 55 3401546,hushpuppies.com.pk,4.0,134.0,57.57,People typically spend up to 45 min here,03-2025
caa8d7e39ab3ce5d368c40b2bb5c4faa,Haier Service Center,UC-5 Gulshan-e-iqbal 1,Karachi,"A-13 Sardar Ali Sabri Rd, Block 5 Gulshan-e-Iqbal, Karachi, 75300, Pakistan",75300.0,67.09161147,24.91817257,Retail & Shopping,Computers & Electronics,Electronics store,Open,+92 21 34817834,haier.com,3.4,504.0,64.33,People typically spend up to 1 hour here,03-2025
8227a98da62dfad4a7a204b02341115d,Smoke Choice Mart,Punjab,Lahore,"Plaza no 5 AA commercial, opposite Islamabad Diagnostic Center lab, Sector D Lahore, 53720, Pakistan",53720.0,74.17027593,31.37347356,Retail & Shopping,Tobacco & Vape,Tobacco shop,Open 24 hours,+92 322 4718267,facebook.com,4.4,189.0,37.14,People typically spend up to 20 min here,03-2025
05a9bb7956681a6b9f546a47ca7ad310,Ethnc,Satellite Town,Gujranwala,"1/A Satellite town, Jail Road, opposite Districts Civil Courts, Block A Satellite Town, Gujranwala, 52250, Pakistan",52250.0,74.19362277,32.16588963,Retail & Shopping,Fashion & Accessories,Clothing store,Open,+92 55 3736052,ethnic.pk,4.1,158.0,54.57,People typically spend up to 30 min here,03-2025
61a90506f665d834623dfce0a357755c,Family Mall,Toba Tek Singh District,Pir Mahal,"Ghosia Chowk, Shorkot Rd, Yunis Town, Pir Mahal, 36300, Pakistan",36300.0,72.43231632,30.77628925,Retail & Shopping,Shopping Centers,Shopping mall,Open,+92 46 3361666,familymall.com.pk,4.4,201.0,63.67,People typically spend up to 30 min here,03-2025
469949433467f1a70bd87a36a5a5bfd0,Punjab Cash and Carry,Islamabad Capital Territory,Islamabad,"Umar Plaza, G-9 Markaz G 9 Markaz G-9, Islamabad, 44000, Pakistan",44000.0,73.0314007,33.68725439,Retail & Shopping,Shopping Centers,Supermarket,Open,+92 337 8905210,punjabcashandcarry.com.pk,4.3,4375.0,59.86,People typically spend up to 45 min here,03-2025
0b709f2bf8af738cf797ddb23845ec1c,Outfitters Malir Cantt,Sindh,Karachi,"Shop # G-16,17,18 F16,17,18 Falcon Street, Malir Cant. Rd, opp. KIMS, Malir Cantonment, Karachi, 75080, Pakistan",75080.0,67.21130419,24.94748145,Retail & Shopping,Shopping Centers,Outlet mall,Open,+92 21 34491120,outfittersstores.com,4.1,61.0,33.0,People typically spend up to 45 min here,03-2025
b615c04622b8fce54a71e74981c9c5d0,BT DESIGNS,Satellite Town,Gujranwala,"B 530, Satellite Town, Gujranwala, 52250, Pakistan",52250.0,74.1977089,32.16335589,Retail & Shopping,Fashion & Accessories,Men's clothing store,Open,+92 315 6264192,btdesigns.com.pk,4.9,78.0,61.33,People typically spend up to 45 min here,03-2025
c8570edc91181fe2fa67ecc4e3a065fb,Mushtaq Optical Centre,Pakistan,Lahore,"Safanwala Chowk, Mozang Rd, Mozang Chungi, Lahore, 54000, Pakistan",54000.0,74.31473176,31.55757397,Retail & Shopping,Eyewear & Optics,Optician,Open,+92 323 4119600,wa.me,4.1,55.0,45.57,People typically spend up to 30 min here,03-2025
43b4a5cfb2a89fbdcbd6de3454718f44,Eye Fashion Optical,Pakistan,Hyderabad,"Dr Square, Eye Fashion Optical Rd, Latifabad Unit 7 Latifabad, Hyderabad, 71800, Pakistan",71800.0,68.35244319,25.37006871,Retail & Shopping,Eyewear & Optics,Optician,Open 24 hours,+92 333 2690733,eyefashion.pk,4.9,302.0,31.29,People typically spend up to 45 min here,03-2025
c5b9601d9b3be8db85b5c0a17d0a7e99,New Tokyo Electronics,Pakistan,Faisalabad,"P-15 Kotwali Rd, Clock Tower, Faisalabad, 38000, Pakistan",38000.0,73.07316951,31.42014281,Retail & Shopping,Computers & Electronics,Electronics store,Open,+92 41 2412325,newtokyo.pk,4.7,94.0,47.5,People typically spend up to 3 hours here,03-2025
d6aa38bb746af50076952b3d2638d204,SABIR GENERAL STORE & COSMETICS,Shahdara Town,Shahdara,"97 GT Rd, Shahdara Town, Shahdara, 54950, Pakistan",54950.0,74.28531588,31.62819477,Retail & Shopping,Shopping Centers,Shopping mall,Open,+92 307 4690327,tiktok.com,4.0,4.0,37.57,People typically spend up to 3 hours here,03-2025
edfa778e53fbb8ef7779f49b5f53d29a,Suzuki Mian Channu Motors,Pakistan,Mian Channu,"Bypass، opposite Rehman City, Mian Channu, 58000, Pakistan",58000.0,72.33417537,30.44892995,Retail & Shopping,Auto & Vehicle Retail,Suzuki dealer,Open,+92 300 0303682,suzukimianchannumotors.com,4.8,600.0,47.43,People typically spend up to 1.5 hours here,03-2025
c84b1eb8debe175bb8e4159e32946fc9,Office Experts (office furniture),Islamabad Capital Territory,Islamabad,"Main Golra Rd, next to Bank Al-Habib, H-13, Islamabad, 46000, Pakistan",46000.0,72.96478539,33.63425515,Retail & Shopping,Home & Furniture,Office furniture store,Open,+92 322 5555076,officeexperts.com.pk,4.2,52.0,41.83,People typically spend up to 1 hour here,03-2025
87a9c3f673a301a0fc1171fab0721e15,Pakistan Art & Gift Wraps,Waris Khan,Rawalpindi,"Shanghai Plaza, Gorden College Rd, Aryaa Mohalla Naya Mohalla, Rawalpindi, 44000, Pakistan",44000.0,73.06214973,33.60824883,Retail & Shopping,Souvenirs & Gifts,Gift shop,Open,+92 336 2053911,pakgiftwraps.com,4.6,123.0,45.17,People typically spend up to 4 hours here,03-2025
91add50a092abad9e22abbee952f6da1,Hassan Mobile Center,Pakistan,Mianwali,"فیصل آرکیڈ, faisal arcade, Mianwali, 42200, Pakistan",42200.0,71.54058736,32.57701517,Retail & Shopping,Computers & Electronics,Cell phone accessory store,Open,+92 333 6059844,facebook.com,4.2,31.0,45.0,People typically spend up to 3.5 hours here,03-2025
59ff9546e8565dc0c8e23b8009fad5e0,CSD Mega Mall,Westridge 1,Rawalpindi,"St. 4, Westridge 1, Rawalpindi, 46000, Pakistan",46000,73.0202298,33.61071761,Retail & Shopping,Market & Grocers,Grocery store,Open,+92 51 5491299,csd.gov.pk,4.2,1756.0,74.0,People typically spend up to 30 min here,03-2025
13ecdcee9355fcafbfb9ad1979fbadc1,Fresh Basket - Bahadurabad Branch,UC-2 Civic Center,Karachi,"Char Minar Chowrangi, Bahadurabad BMCHS Sharafabad, Karachi, 79001, Pakistan",79001,67.06417785,24.88220031,Retail & Shopping,Market & Grocers,Fruit and vegetable store,Open,+92 345 8537374,freshbasket.com.pk,4.1,485.0,62.43,People typically spend up to 20 min here,03-2025
d151487f9c223ab4a57c20e1fc22073b,Toyota Sahara Motors,Punjab,Lahore,"28 Jail Rd, Jinnah Town, Lahore, 54000, Pakistan",54000,74.3175139,31.54539386,Retail & Shopping,Auto & Vehicle Retail,Toyota dealer,Open,+92 42 111 383 838,toyotasahara.com,4.1,1032.0,61.17,People typically spend up to 1 hour here,03-2025
397338b31e499917920538e3fff4679d,Umer Sports,Township,Lahore,"184, 3B/1, Main Market, Township Lahore, 54000, Pakistan",54000,74.31165856,31.46011342,Retail & Shopping,Supplements & Nutrition,Sporting goods store,Open,+92 349 9301056,facebook.com,4.2,80.0,63.0,People typically spend up to 30 min here,03-2025
70cf0df017ba7ed2f9ba659e88b9cbd0,Game Store Liberty,Punjab,Lahore,"Shop F3, Palace Arcade, Sunfort Hotel, 71-D-1 Sir Syed Rd, Gullberg III, Lahore, 54660, Pakistan",54660.0,74.34070937,31.51175553,Retail & Shopping,Video & Entertainment,Video game store,Open,+92 322 4598779,gamestore.com.pk,4.3,562.0,46.14,People typically spend up to 2 hours here,03-2025
edf25e3c887479e6d8d67fcb341fb47d,DVAGO Pharmacy & Wellness Experts,Sindh,Hyderabad,"Shop No.3, Abbas Heights, near Pakora Stop, Phase 1 Qasimabad, Hyderabad, 71000, Pakistan",71000.0,68.33442486,25.39187828,Retail & Shopping,Drug & Pharma,Pharmacy,Open,+92 21 111 138 246,dvago.pk,3.9,16.0,46.43,People typically spend up to 1 hour here,03-2025
6da5cd3c4767a2cf3defbbcca94f977d,Ideas - Shalimar Link Road,Pakistan,Lahore,"Shalimar Link Road, Muslim Colony, Lahore, 54000, Pakistan",54000.0,74.3788647,31.57990622,Retail & Shopping,Fashion & Accessories,Clothing store,Open,+92 42 36820098,gulahmedshop.com,4.0,165.0,54.29,People typically spend up to 30 min here,03-2025
57fe989d7596413999c15d3dcfa89220,Cougar,Pakistan,Lahore,"Rohi Nala Rd, Gajju Matah, Lahore, 54000, Pakistan",54000.0,74.35615125,31.39363472,Retail & Shopping,Fashion & Accessories,Clothing store,Open,+92 335 1116664,cougar.com.pk,4.0,495.0,61.86,People typically spend up to 2 hours here,03-2025
3f2259b8c2e07dbc0f59668da7a0eca2,Naeem Trading Company,Pakistan,Lahore,"Bedian Rd, near Aksari 11, Askari XI, Lahore, 55111, Pakistan",55111.0,74.43020467,31.46394878,Retail & Shopping,Home & Furniture,Home goods store,Open,+92 42 37162971,naeemtrading.com,4.3,502.0,67.83,People typically spend up to 1 hour here,03-2025
9cf0511bc3ea14a5a27c8de58ff27d46,Borjan - Wapda Town Roundabout,Punjab,Lahore,"183 Shahrah Nazaria-e-Pakistan, Near, Wapda Town Roundabout, Block F Pia Housing Scheme, Lahore, 54770, Pakistan",54770.0,74.27219131,31.44364677,Retail & Shopping,Fashion & Accessories,Shoe store,Open,+92 42 35955334,borjan.com.pk,4.0,274.0,47.17,People typically spend up to 45 min here,03-2025
e35e3745f23cb0331107c42b77140a1f,Peshawari Chappal Pakistan,Rawalpindi Tehsil,Rawalpindi,"Shop no. 3 Near Shireen Corner Sweets and Bakers Main Lari Adda،, Pirwadhai, Rawalpindi, 46000, Pakistan",46000.0,73.03880172,33.6286136,Retail & Shopping,Fashion & Accessories,Shoe store,Open,+92 333 5742086,peshawarichappals.pk,4.6,285.0,49.29,People typically spend up to 1.5 hours here,03-2025
91d498a6d26e8745f98e8a0cec077bff,Sanaullah Electronics,Islamabad Capital Territory,Islamabad,"Aabpara Market, Street 44, G-6/1 G 6/1 G-6, Islamabad, 44000, Pakistan",44000.0,73.08616583,33.70776031,Retail & Shopping,Computers & Electronics,Electronics store,Open,+92 313 5309093,facebook.com,4.8,10.0,39.5,People typically spend up to 4 hours here,03-2025
da0716603b26cce6868367d3331221b6,Champion Sports,Pakistan,Lahore,"LG 62 Heaven Mall near Askari 9 Zarar, Road, Shaheed, Lahore, 54000, Pakistan",54000.0,74.39878858,31.54885013,Retail & Shopping,Supplements & Nutrition,Sporting goods store,Open,+92 300 4803999,championsports.pk,4.8,193.0,77.0,People typically spend up to 1 hour here,03-2025
f815d377a55a485c9a59272aa2f800a0,Riaz Bakers & Restaurant Branch-2,Kotli,Kotli,"CHARHOI KOTLI AZAD KASHMIR charhoi, Kotli, 11100",11100.0,73.9444985,33.30031527,Retail & Shopping,Market & Grocers,Grocery store,Open,+92 348 8464800,riazbakers.com,4.2,31.0,47.71,People typically spend up to 45 min here,03-2025
71f1ab3d3cba655b46db1bf72fa8882d,Suzuki Bahawalpur Motors,Punjab,Bahawalpur,"Opposite Zakheera, Ahmedpur Rd, Bahawalpur, 63100, Pakistan",63100.0,71.62293883,29.3624857,Retail & Shopping,Auto & Vehicle Retail,Suzuki dealer,Open,+92 300 0503088,suzukibahawalpurmotors.com,4.1,727.0,58.67,People typically spend up to 1 hour here,03-2025
99480b5cdcac77126438cec677f75622,NishatLinen,Islamabad Capital Territory,Islamabad,"3, F-10 Markaz F 10/3 F-10, Islamabad, 44000, Pakistan",44000.0,73.0094827,33.69606619,Retail & Shopping,Fashion & Accessories,Clothing store,Open,+92 51 2211126,nishatlinen.com,4.1,179.0,65.0,People typically spend up to 1 hour here,03-2025
e3a9c337d0d4a26867fa5b3c38e04d7b,Zainab Plaza,Sialkot Metropolitan Area,Ugoki,"House G-12, Zainab Plaza, New, Model Town, Ugoki, 51050, Pakistan",51050.0,74.44558316,32.47876791,Retail & Shopping,Shopping Centers,Shopping mall,Open,+92 333 6061000,limpetshell.com,3.6,37.0,52.14,People typically spend up to 2 hours here,03-2025
562c68333345de02a477d008af885831,Xiaomi Mi Store Official Emporium Mall Lahore,Punjab,Lahore,"Shop no.18 Ground Floor, Emporium Mall, Block H 2 Phase 2 Johar Town, Lahore, 54000, Pakistan",54000.0,74.26406581,31.46850093,Retail & Shopping,Computers & Electronics,Electronics store,Open,+92 309 4443434,xiaomisale.com,3.9,93.0,43.43,People typically spend up to 45 min here,03-2025
d0468f80e0a8ef6cf232ef5da98ff10e,Toyota Airport Motors,Pakistan,Lahore,"Toyota Airport Motors, Main Ghazi Road New, Airport Rd, Lahore, 54000, Pakistan",54000.0,74.41619951,31.49557989,Retail & Shopping,Auto & Vehicle Retail,Toyota dealer,Open,+92 42 38866276,toyota-airport.com,4.2,2480.0,67.14,People typically spend up to 1 hour here,03-2025
9d4681dfa5c6214eed5e2b9b383ace1e,TeeFit Shipping Center,Pakistan,Lahore,"91, Garden Block New Garden Town, Lahore, 54000, Pakistan",54000.0,74.32615036,31.50651061,Retail & Shopping,Fashion & Accessories,Clothing store,Open,+92 322 4312699,teefitfashion.com,4.4,165.0,52.17,People typically spend up to 3 hours here,03-2025
9f2ae6dab23d23a2a12ba14f3c1b43ee,Hybrid Ev Engineering,Islamabad Capital Territory,Islamabad,"Plot 315 Street 3, I-9/3 I 9/3 I-9, Islamabad, 46000, Pakistan",46000.0,73.05677989,33.66356461,Retail & Shopping,Auto & Vehicle Retail,Auto parts store,Open,+92 333 5435936,hybridevengineering.com,4.9,237.0,64.57,People typically spend up to 2.5 hours here,03-2025
8157e3988834f78e5b9beb810d6975c9,Sapphire wah cantt,Attock,Wah Cantt,"First Floor, New City Arcade, Commercial Avenue – New City Phase 2 Motorway, Wah Cantt, 47040, Pakistan",47040.0,72.71976815,33.73770734,Retail & Shopping,Fashion & Accessories,Clothing store,Open,+92 51 4624047,sapphireonline.pk,4.3,181.0,59.86,People typically spend up to 20 min here,03-2025
4721db848d6022142f478cced28cf069,Anwar Shopping Mall,Samad Pura,Okara,"Block-F Block F Okara, 56300, Pakistan",56300.0,73.44467741,30.81205644,Retail & Shopping,Shopping Centers,Shopping mall,Open,+92 321 6989393,anwarshoppingmall.com,4.2,393.0,60.67,People typically spend up to 45 min here,03-2025
fe28d04a0f193731efaf2919b7591a8f,"Zubaida's Graco Babyshop and Homestore – G.T. ROAD, ISLAMABAD",Islamabad Capital Territory,Islamabad,"G.T. Rd, Main Islamabad, 45730, Pakistan",45730.0,73.1464474,33.52232322,Retail & Shopping,Misc. Stores,Store,Open,+92 345 0022350,zubaidas.com,3.9,533.0,51.86,People typically spend up to 1 hour here,03-2025
76221811d5e0fefd1bd2f5646f9ae5a0,Interwood Furniture Karachi,Sindh,Karachi,"Building No. 43-C Bokhari Lane No. 11, D.H.A Phase 6 Bukhari Commercial Area Phase 6 Defence Housing Authority, Karachi, 75500, Pakistan",75500.0,67.06359966,24.79138663,Retail & Shopping,Home & Furniture,Furniture store,Open,+92 21 35242717,interwood.pk,4.1,794.0,59.14,People typically spend up to 1.5 hours here,03-2025
9e0fdfa3c3b2d19d88d13188529d15a3,Musk Al Mahal,UC-8 Saddar,Karachi,"MBL Panorama, Saddar Karachi Cantonment, Karachi, 74400, Pakistan",74400.0,67.02739462,24.85530583,Retail & Shopping,Perfume & Cosmetics,Perfume store,Open,+92 21 35644514,muskalmahal.com,3.8,196.0,37.86,People typically spend up to 4 hours here,03-2025
a431bf3a9b647f7e87e849e88260f656,G3NZ,Sahiwal Tehsil,Sahiwal,"163/P Stop No. 8, Farid Town, Sahiwal, 57000, Pakistan",57000.0,73.07790319,30.67486094,Retail & Shopping,Toys & Games,Game store,Open,+92 313 6510447,g3nz.pk,4.6,93.0,44.0,People typically spend up to 2 hours here,03-2025
97d99a362bccdd3b3000808ddcdee9c4,Risen Cash & Carry,Punjab,Lahore,"Bedian Rd, Sector A DHA Phase 6, Lahore, 54000, Pakistan",54000.0,74.43357767,31.46239735,Retail & Shopping,Big Box & Department Stores,Department store,Open,+92 324 8735007,risen.com.pk,4.3,1327.0,52.0,People typically spend up to 30 min here,03-2025
453bc9f9ec8f0ddbe065e8e296a07b2d,Tanveer Jewellers,UC-2 Kalaboard,Karachi,"shop no, 261 Liaqat Market Rd, Saudabad Liaquat Market Kala Board, Karachi, 75400, Pakistan",75400.0,67.19291655,24.89201091,Retail & Shopping,Arts & Crafts,Jewelry store,Open,+92 332 0037642,facebook.com,4.5,13.0,51.0,People typically spend up to 4 hours here,03-2025
3174ab178c9378438704c613e48c275d,Healthcare Mart Pharmacy,Pakistan,Faisalabad,"SHOP # P, Government General Hospital, 77 Main Road, Haseeb Shaheed Colony Block A People's Colony No 2, Faisalabad, 38090, Pakistan",38090.0,73.09721668,31.39302287,Retail & Shopping,Drug & Pharma,Pharmacy,Open 24 hours,+92 333 8662076,sakoon.pk,5.0,118.0,35.0,People typically spend up to 45 min here,03-2025
51d98f972ab3fbceec0ef510865ac419,Khaadi,Pakistan,Jhelum,"Civil Lines, Dhoke Abdullah, Jhelum, 49600, Pakistan",49600.0,73.73344559,32.93585585,Retail & Shopping,Fashion & Accessories,Clothing store,Open,+92 544 736622,pk.khaadi.com,4.2,257.0,77.0,People typically spend up to 45 min here,03-2025
3193e5ee85832c2c9f221973f0f7b138,Selecto Mobile,Punjab,Faisalabad,"Outer Round, Katchery Bazar, Clock Tower, Faisalabad, 38000, Pakistan",38000.0,73.0786735,31.42065243,Retail & Shopping,Computers & Electronics,Cell phone store,Open,+92 348 1118118,selecto.com.pk,4.0,827.0,49.5,People typically spend up to 4 hours here,03-2025
3224cccfa6fc9ef74349a9137ee7df1f,Toyota Fort Motors,Punjab,Gujranwala,"Chand Da Qila Bypass, GT Rd, Gujranwala, 52250, Pakistan",52250.0,74.19994168,32.09071836,Retail & Shopping,Auto & Vehicle Retail,Car dealer,Open,+92 345 1111836,toyotafort.com,4.3,92.0,48.29,People typically spend up to 2 hours here,03-2025
a359b8eab26df4bbf1b63e79d8c53070,Madni Honda Authorised Bike Dealer,Punjab,Lahore,"18-19/83 , POONCH ROAD LOS, Islamia Park, Lahore, 53400, Pakistan",53400.0,74.2998212,31.54362528,Retail & Shopping,Auto & Vehicle Retail,Honda dealer,Open,+92 42 35244225,atlashonda.com.pk,4.3,381.0,50.33,People typically spend up to 1 hour here,03-2025
c013394c2eae60d5720bea17cca08935,Auqaf Plaza (نیو مدینہ کلاتھ مارکیٹ),Rawalpindi Tehsil,Rawalpindi,"Jamia Masjid, Road, Imambara Mohalla, Rawalpindi, 46000, Pakistan",46000.0,73.0537097,33.61871916,Retail & Shopping,Market & Grocers,Grocery store,Open,+92 304 5440466,punjab.gov.pk,4.2,792.0,47.33,People typically spend up to 45 min here,03-2025
566fb08976acb0603dd72ef69ead315a,Maharaja handicrafts,Islamabad Capital Territory,Islamabad,"Shop #3 block # 8, F, super market Shaukat Complex, 6, F-6 Markaz F 6 Markaz F-6, Islamabad, 44000, Pakistan",44000.0,73.07167096,33.72899775,Retail & Shopping,Arts & Crafts,Handicraft,Open,+92 300 9552952,instagram.com,4.6,83.0,51.86,People typically spend up to 1.5 hours here,03-2025
a39b785385d402357126e3bde9350303,Creek Mart کریک مارٹ,Zulfiqar & Al Murtaza Commercial Area,Karachi,"D.H.A. Phase 8 Zulfiqar & Al Murtaza Commercial Area Phase 8 Defence Housing Authority, Karachi, 75500, Pakistan",75500.0,67.07445717,24.79179322,Retail & Shopping,Shopping Centers,Supermarket,Open,+92 345 1782856,facebook.com,4.3,321.0,62.71,People typically spend up to 25 min here,03-2025
2a116a73b26fc676ab6066dd5ced91ad,Wazir Tailors & Fabrics,Block H,Islamabad,"Shop 11-12, AA Plaza, 70-E Jinnah Ave, Block H G 7/2 Blue Area, Islamabad, 44000, Pakistan",44000.0,73.05898667,33.71215842,Retail & Shopping,Fashion & Accessories,Tailor,Open,+92 51 2348100,wazirfabrics.com,4.1,1477.0,59.14,People typically spend up to 45 min here,03-2025
348cc4431a56053a496264a78be77e1b,Yaqin Vision Eye Center,Shadman,Lahore,"36 Shadman Colony I, Shadman 1 Shadman, Lahore, 54000, Pakistan",54000.0,74.32855143,31.54040332,Retail & Shopping,Eyewear & Optics,Eye care center,Open,+92 42 35408835,yaqinvision.com,3.4,45.0,57.83,People typically spend up to 2.5 hours here,03-2025
bebe14c432a7694408b61b64c957b28b,Honda Nazimabad,UC-11 Abbasi Shaheed,Karachi,"shop # 1,2,3 plot # 1/16 area 3-H Near Gole Market, Nazimabad 3 Block 3 Nazimabad, Karachi, 74600, Pakistan",74600.0,67.02213328,24.91221349,Retail & Shopping,Auto & Vehicle Retail,Motorcycle dealer,Open,+92 335 7573823,atlashonda.com.pk,4.0,115.0,57.67,People typically spend up to 1 hour here,03-2025
488db69031371ea2ad2d26b36c323ea8,Kalamkaar,Punjab,Lahore,"Kalamkaar، 19-Km Ferozepur Rd, Lahore, 54762, Pakistan",54762.0,74.35036369,31.41784484,Retail & Shopping,Home & Furniture,Furniture store,Open,+92 321 8453611,kalamkaar.com,4.2,310.0,62.14,People typically spend up to 2 hours here,03-2025
90c0ddbbb4ba70931e08c1a93265b5be,Gourmet Furnishers,Pakistan,Lahore,"70 A/E Hali Rd, Block E1 Block E 1 Gulberg III, Lahore, 54000, Pakistan",54000.0,74.33778975,31.51480531,Retail & Shopping,Home & Furniture,Furniture store,Open,+92 42 35785074,gourmetfurnishers.com,3.9,155.0,38.43,People typically spend up to 1 hour here,03-2025
62f2ec9b5d10c83b47c8038fc901cd39,Clive Shoes Baghbanpura,Pakistan,Lahore,"Baghbanpura, Lahore, 54000, Pakistan",54000.0,74.37054223,31.58259891,Retail & Shopping,Fashion & Accessories,Shoe store,Open,+92 321 1688804,cliveshoes.com,4.2,50.0,53.43,People typically spend up to 3.5 hours here,03-2025
99d39500cf33eef82c4aaac89e524f10,H-MALL,Pakistan,Lahore,"149A Shalimar Link Road mughalpura، cantt, Lahore, 54840, Pakistan",54840.0,74.3784302,31.56446039,Retail & Shopping,Shopping Centers,Shopping mall,Open,+92 322 4100005,facebook.com,3.9,314.0,31.71,People typically spend up to 1.5 hours here,03-2025
234e6761c60189358eaa9fb8931c4f5d,Purrfect Pet Shop University Road,Khyber Pakhtunkhwa,Peshawar,"Purrfect Pet shop, Arbab Plaza, University Rd, Canal Town Peshawar, 25000, Pakistan",25000.0,71.46422979,33.99788226,Retail & Shopping,Pet Supplies,Pet store,Open,+92 315 4555727,facebook.com,4.1,118.0,41.57,People typically spend up to 2 hours here,03-2025
179c7228c9499ea0ddac3fc7753d083b,Al Fatah - Paragon City,Pakistan,Lahore,"Street IH-5, Imperial Garden Homes Paragon City, Lahore, 54000, Pakistan",54000.0,74.44994216,31.52484118,Retail & Shopping,Shopping Centers,Shopping mall,Open,+92 42 37184382,alfatah.com.pk,4.2,763.0,66.14,People typically spend up to 25 min here,03-2025
ea3f230d19579af60becb6ba9b7cf627,Tayyib Store,Pakistan,Lahore,"7-E1 Block E 1 Gulberg III, Lahore, 54660, Pakistan",54660.0,74.33984056,31.51869877,Retail & Shopping,Market & Grocers,Gourmet grocery store,Open,+92 315 4988512,tayyib.pk,4.3,372.0,53.0,People typically spend up to 15 min here,03-2025
cfcbe052e2ef93a335de66a38c14cbf3,Click2Print Pvt. Ltd.,Pakistan,Lahore,"62-A Shan Arcade Barkat Market New, Garden Town, Lahore, 54000, Pakistan",54000.0,74.31784684,31.50030951,Retail & Shopping,Printing & Copy,Commercial printer,Open 24 hours,+92 334 4478886,click2print.pk,4.9,1090.0,41.86,People typically spend up to 2 hours here,03-2025
6827ef363ccad16b8994c02ad26f1c68,Honda Township (Pvt) Ltd,Punjab,Lahore,"Township Kot Lakhpat, Lahore, 54000, Pakistan",54000.0,74.32621835,31.45940349,Retail & Shopping,Auto & Vehicle Retail,Honda dealer,Open,+92 42 111 070 806,hondatownship.com.pk,4.3,1499.0,61.33,People typically spend up to 1 hour here,03-2025
8b1d246591b5ffe054b6b1ecb0988517,Mega Tariq Book House & Uniform,UC-2 Civic Center,Karachi,"3 Jamaluddin Afghani Rd, BMCHS Sharafabad, Karachi, 75400, Pakistan",75400.0,67.06066397,24.88252421,Retail & Shopping,Books & Comics,Book store,Open,+92 21 34910702,tariqbookstore.com,3.9,1702.0,65.0,People typically spend up to 25 min here,03-2025
01bf1aaacb736bf98bec90c8e16bbcf5,Giga Mall Islamabad.,Sector F,Islamabad,"Main Grand Trunk Rd, Defense Housing Authority, Sector F DHA Phase II, Islamabad, 44000, Pakistan",44000.0,73.15593814,33.52111573,Retail & Shopping,Shopping Centers,Shopping mall,Open,+92 51 8491040,thegigamall.com,4.5,46462.0,59.0,People typically spend up to 2 hours here,03-2025
069c13f8b76b7aafb1fb4e8acfd9c0c1,ZELLBURY,UC-7 P.e.c.h.s 2,Karachi,"Makkah Tower، 230 Shaheed-e-Millat Rd, Delhi Mercantile Society, Karachi, 75600, Pakistan",75600.0,67.06734914,24.87685786,Retail & Shopping,Fashion & Accessories,Clothing store,Open,+92 21 38402072,zellbury.com,4.4,515.0,49.71,People typically spend up to 45 min here,03-2025
2c59c473dfc681e7fca6649df7f6ebc2,CSD Mega Mall,Rawalpindi Tehsil,Rawalpindi,"Tamiz-ud-Din Rd, Rawalpindi, 46000, Pakistan",46000.0,73.05201046,33.58553263,Retail & Shopping,Shopping Centers,Shopping mall,Open,+92 51 5147608,csd.gov.pk,4.4,7697.0,61.71,People typically spend up to 1.5 hours here,03-2025
14b1d18ac8e9f6dbb0887def417ff2da,AL-NOOR RICE & SPICES (SHOP),UC-1 Old Haji Camp,Karachi,"1/50 Syedna Tahir Saifuddin Rd, near City Court, near City, Jodia Bazar Court, Karachi, 74600, Pakistan",74600.0,67.00187586,24.85661498,Retail & Shopping,Shopping Centers,Outlet store,Open,+92 21 32729507,alnoor.com.pk,4.3,304.0,49.67,People typically spend up to 45 min here,03-2025
dc02ee69f3c66dcaa84b686f2bf5017f,Insaaf cloth House,UC-6 P.e.c.h.s 1,Karachi,"First floor 17, number dukaan, Dubai shopping mall, Tariq Rd, Block 2 PECHS, Karachi, 74200, Pakistan",74200.0,67.0595382,24.87472621,Retail & Shopping,Shopping Centers,Shopping mall,Open,+92 349 0266422,instagram.com,4.2,685.0,67.5,People typically spend up to 2 hours here,03-2025
5882a8633e601300908ef7061aa47cab,Baby Choice Online,Pakistan,Faisalabad,"P-116 Bhawana Bazar, Clock Tower, Faisalabad, 38000, Pakistan",38000.0,73.07289554,31.4186466,Retail & Shopping,Shopping Centers,Shopping mall,Open,+92 307 9666718,facebook.com,4.1,62.0,62.67,People typically spend up to 2 hours here,03-2025
f99ebc6ef6a2d57930667875a7a57bac,Rang Ali Fabrics,Saddar,Multan,"Bohra St, Saddar Multan Cantt Commercial Area, Multan, 60000, Pakistan",60000.0,71.43413188,30.18826326,Retail & Shopping,Fashion & Accessories,Clothing store,Open,+92 301 7774777,rangalifabrics.com,4.1,1194.0,51.43,People typically spend up to 45 min here,03-2025
17200dbb090b07e366b1869a49b3540f,Nadeem'z by Nadeem Cloth House,Pakistan,Jhelum,"Main Bazaar, Bagh Mohalla, Jhelum, 49600, Pakistan",49600.0,73.73169329,32.92869861,Retail & Shopping,Shopping Centers,Shopping mall,Open,+92 544 629100,instagram.com,4.3,177.0,62.33,People typically spend up to 1.5 hours here,03-2025
4fa8dadb52d04fd76f67940bd3358b37,GiftShop|Nameit.PK|UV Flatbed Printing|UV Glass Marking|Laser Metal Marking,Punjab,Lahore,"FIRST FLOOR, AMEER PLAZA, WAREHOUSE, 02,03,04,05, Near Model Town Link Rd, Model Town, Lahore, 54770, Pakistan",54770.0,74.31384443,31.46424473,Retail & Shopping,Souvenirs & Gifts,Gift shop,Open,+92 300 8455545,nameit.pk,5.0,713.0,53.71,People typically spend up to 1.5 hours here,03-2025
a345f4707ec3209c071295211ee55da1,Artisan Vapor,UC-4 Hyderi,Karachi,"Shop No. 8-A, Yaqoob Market, Block E، near Dolmen Mall Hyderi, Block C North Nazimabad Town, Karachi, 75990, Pakistan",75990.0,67.03825955,24.93597594,Retail & Shopping,Cannabis & Smoke Shops,Vaporizer store,Open,+92 333 0781124,artisanvapor.pk,3.9,149.0,63.29,People typically spend up to 45 min here,03-2025
9e65034d20dd0eafcedce02ec3c1edfd,Gulberg Mall & Signature Living,Islamabad Capital Territory,Islamabad,"No. 1 Gulberg Expy, Gulberg Greens Block A Gulberg Greens, Islamabad, 44000, Pakistan",44000.0,73.15360485,33.60176531,Retail & Shopping,Shopping Centers,Shopping mall,Open,+92 348 1116888,themallofgulberg.com,4.9,89.0,59.17,People typically spend up to 2 hours here,03-2025
7f87f914483ce205fe60d7b296f8b5fa,Khaadi,Islamabad Capital Territory,Islamabad,"1st, Safa Gold Mall, Jinnah Super Market, F-7 Markaz F 7 Markaz F-7, Islamabad, 44000, Pakistan",44000.0,73.05302155,33.72071679,Retail & Shopping,Fashion & Accessories,Clothing store,Open,+92 51 8461483,pk.khaadi.com,4.2,215.0,41.57,People typically spend up to 2.5 hours here,03-2025
b88b03dc105a4d97d7a4eb37c4f46cf6,Umer Cash & Carry,Pakistan,Lahore,"Snooker World, Sutlej Ave, Block C2 Block C 2 Nespak Housing Scheme, Lahore, 54770, Pakistan",54770.0,74.27966355,31.4392092,Retail & Shopping,Market & Grocers,Grocery store,Open,+92 333 0184750,facebook.com,4.2,2990.0,47.86,People typically spend up to 30 min here,03-2025
315e1fbe50521a9fb13e4b7013e9ce59,Shafique Centre Departmental Store,Shad Bagh,Lahore,"193/A Qamar Park, Shad Bagh, Lahore, 05475, Pakistan",5475.0,74.3385618,31.59952753,Retail & Shopping,Big Box & Department Stores,Department store,Open,+92 42 37603151,shafiquecentre.com,4.3,996.0,58.86,People typically spend up to 25 min here,03-2025
6e99d5d30029a787d954939723aa522f,Flash Footwear,UC-6 P.e.c.h.s 1,Karachi,"Tariq Centre, Tariq Rd, Block 2 P.E.C.H.S., Karachi, 75100, Pakistan",75100.0,67.05819967,24.8726972,Retail & Shopping,Fashion & Accessories,Shoe store,Open,+92 21 34541221,flashfootwear.com.pk,3.9,64.0,60.0,People typically spend up to 45 min here,03-2025
79d4e46f8ce96afcbbc2924b950e7390,fdpp jail road,Punjab,Lahore,"opposite services hospital, G.O.R. - I, Lahore, 54000, Pakistan",54000.0,74.3312593,31.54121157,Retail & Shopping,Drug & Pharma,Pharmacy,Open 24 hours,+92 42 35408360,supercarepharma.com,3.9,31.0,28.43,People typically spend up to 4 hours here,03-2025
3d05cb3a5b9955f77d8bed5833aa75bd,Torque Motorsport,Sector T,Lahore,"Street 6, Civic Commercial Area Sector T DHA Phase 2, Lahore, 54000, Pakistan",54000.0,74.39917598,31.47370881,Retail & Shopping,Auto & Vehicle Retail,Motorcycle dealer,Open,+92 322 2254444,torquemotorsports.pk,4.4,190.0,65.33,People typically spend up to 3.5 hours here,03-2025
667a337eb64ca26df6e718a70aeed3fa,WAX DNM,Punjab,Lahore,"D, Bedian Road, Phase 6, Sector Dha, Lahore, 55111, Pakistan",55111.0,74.44798051,31.45193553,Retail & Shopping,Fashion & Accessories,Clothing store,Open,+92 327 4664188,waxdenim.com,4.0,137.0,57.67,People typically spend up to 45 min here,03-2025
7883f309a267390668c6e2adc7e1c2b1,Laal Motors,Pakistan,Lahore,"37-A Main Blvd, Shok Chowk Block A Phase 1 Johar Town, Lahore, 54000, Pakistan",54000.0,74.29949643,31.47035161,Retail & Shopping,Auto & Vehicle Retail,Car dealer,Open,+92 300 3200900,lahorediary.com,4.5,139.0,30.86,People typically spend up to 3 hours here,03-2025
0f5b839eb3c0dfb219d47607ecdc50a6,MyBagPack,Sector CCA,Lahore,"101-CCA DD Sector, DHA Phase 4 DHA, Lahore, 54000, Pakistan",54000.0,74.38203011,31.46296157,Retail & Shopping,Office & Stationery,Stationery store,Open,+92 42 37195988,mybagpack.com,3.7,254.0,70.33,People typically spend up to 1 hour here,03-2025
474b4d1be02b65b41ca8621d1f482300,IT International (Arizona Computer),Rail Town,Lahore,"Thokar Niaz Baig, A-Block, Canal City, near DHA EME, Rail Town Lahore, 54000, Pakistan",54000.0,74.20149223,31.4393876,Retail & Shopping,Computers & Electronics,Computer store,Open,+92 322 2111345,itinternational.pk,3.9,194.0,62.83,People typically spend up to 2.5 hours here,03-2025
35f10d321999d9a128e133c664bec08f,Limelight - Allama Iqbal Town,Punjab,Lahore,"29 Main Boulevard Allama Iqbal Town, Gulshan Block Allama Iqbal Town, Lahore, 54000, Pakistan",54000.0,74.29147036,31.51660943,Retail & Shopping,Fashion & Accessories,Clothing store,Open,+92 42 37801419,limelight.pk,4.3,1083.0,45.14,People typically spend up to 45 min here,03-2025
b52394080320f79952a316eff215a2a4,Abdali Baba Super Market,Quetta,Quetta,"Road, Airport, Quetta, 87300, Pakistan",87300.0,66.98836294,30.23662995,Retail & Shopping,Shopping Centers,Supermarket,Open,+92 81 2831777,abdalibabafoods.com.pk,4.1,2227.0,57.71,People typically spend up to 25 min here,03-2025
71ba22a9f90b072b8a67394adcd873e6,Ideas - Muzaffarabad,Muzaffarabad,Muzaffarabad,"Lower Plate Muzaffarabad, Neelum Valley Road, Muzaffarabad, 13100",13100.0,73.46167113,34.37769059,Retail & Shopping,Fashion & Accessories,Clothing store,Open,+92 321 5844542,gulahmedshop.com,4.0,145.0,55.43,People typically spend up to 3 hours here,03-2025
1d62022249f509255e6b206b88d4cad0,Sowears,UC-10 Pehalwan Goth,Karachi,"Shop No 10, First, Saima Square one Mall, Main National Stadium Rd, Gulshan-e-Iqbal, Karachi, 75300, Pakistan",75300.0,67.11109345,24.90117272,Retail & Shopping,Fashion & Accessories,Western apparel store,Open,+92 21 33402363,sowears.net,4.7,1185.0,50.71,People typically spend up to 45 min here,03-2025
2ee0c73ad754750fcbda919a55e4a21e,Bin Hashim Pharmacy & SuperMarket,UC-4 Ancholi,Karachi,"Plot # C6 & C7, Shahrah-e-Pakistan, near Water Pump, Federal B Area Block 13 Gulberg Town, Karachi, 75950, Pakistan",75950.0,67.06851476,24.93353975,Retail & Shopping,Shopping Centers,Supermarket,Open,+92 21 111 246 246,binhashimonline.pk,4.3,6462.0,61.29,People typically spend up to 30 min here,03-2025
deba729c2576618ad545db4516eaeebf,Team Sublimation,Sialkot,Sialkot,"Link Capital Rd, Deenpura, Sialkot, 51310, Pakistan",51310.0,74.51191551,32.50023813,Retail & Shopping,Printing & Copy,Digital printing service,Open 24 hours,+92 300 7771275,teamsublimation.com,4.9,37.0,36.83,People typically spend up to 2 hours here,03-2025
302b6e75d8412bfd65136db0bfc412d7,Mayaar Online,Pakistan,Faisalabad,"Mayaar Online, 204 chak road, opposite Ashraf Sweets, Khayaban Colony 1&2, Faisalabad, 38000, Pakistan",38000.0,73.13265169,31.42531337,Retail & Shopping,Outlet & Discount Malls,Discount store,Open,+92 339 2022210,mayaaronline.pk,4.7,112.0,73.0,People typically spend up to 45 min here,03-2025
bd54d21fb9c54ba2349cb864f53c3067,Diamond Super Market - Nazimabad,UC-11 Abbasi Shaheed,Karachi,"Shop # 11-15, Gole Market, 3 Nazimabad Rd, Block 3 Nazimabad, Karachi, 74600, Pakistan",74600.0,67.02224997,24.91378968,Retail & Shopping,Shopping Centers,Supermarket,Open,+92 21 36612602,dsmonline.pk,4.0,1332.0,60.43,People typically spend up to 25 min here,03-2025
a3c2578bb2f5747c70bb9e064de23a06,Fresh Basket - 26th Street DHA Branch,Sindh,Karachi,"26th Street, DHA Phase 5 Badar Commercial Area Defence V Defence Housing Authority, Karachi, 75500, Pakistan",75500.0,67.04520162,24.79937065,Retail & Shopping,Market & Grocers,Fruit and vegetable store,Open,+92 345 1837374,freshbasket.com.pk,4.3,421.0,64.57,People typically spend up to 30 min here,03-2025
8737bf205e17a15234be5b3263cd76ad,D.WATSON CHEMIST F-11 MARKAZ,Islamabad Capital Territory,Islamabad,"Markaz, F-11, Islamabad, 44000, Pakistan",44000.0,72.98648236,33.68331687,Retail & Shopping,Cosmetics & Beauty,Cosmetics store,Open,+92 51 8441791,dwatson.com.pk,4.3,1755.0,66.43,People typically spend up to 45 min here,03-2025
361a215dba6bd52585d1574e18bf8af7,Bachaa Party | Kids Shopping Store | Hyderabad,Pakistan,Hyderabad,"Boulevard Mall, A-14 Autobhan Road, Hyderabad, 76010, Pakistan",76010.0,68.37802349,25.36418185,Retail & Shopping,Fashion & Accessories,Fashion accessories store,Open,+92 22 3413027,bachaaparty.com,4.9,958.0,33.14,People typically spend up to 20 min here,03-2025
a30ef03a690a1c18212c6c67d8b5cb2f,The Curtain Shop,Islamabad Capital Territory,Rawalpindi,"Ground floor Plaza 149 Wallayat Complex 5th Street Bahria Town Phase 7, Rawalpindi, 44000, Pakistan",44000.0,73.11006392,33.53290986,Retail & Shopping,Home & Furniture,Curtain store,Open,+92 51 5913905,curtainshop.pk,4.1,216.0,48.29,People typically spend up to 45 min here,03-2025
6f6951689db8f63c578e3668ccf6f714,"METRO Airport Road Store, Lahore",Pakistan,Lahore,"Main Airport Rd, near Divine Gardens, Block B DHA, Lahore, 54792, Pakistan",54792.0,74.41673958,31.50118837,Retail & Shopping,Market & Grocers,Grocery store,Open,+92 42 111 786 622,metro.pk,4.2,3715.0,57.0,People typically spend up to 1 hour here,03-2025
82a2dd314fb8407af7f8a612fcd1a449,Day to day Stores,Pakistan,Abbottabad,"Mansehra Road , Mirpur, N-35، near Mirpur Police Staion, Abbottabad, 22040, Pakistan",22040.0,73.24039072,34.21255965,Retail & Shopping,Fashion & Accessories,Clothes market,Open,+92 319 9815109,daytodaystores.pk,4.0,1389.0,54.86,People typically spend up to 45 min here,03-2025
f76d0a0fc083234a421ee61f27911883,Hush Puppies,Punjab,Lahore,"Shop # 163- 164, Karim Block Allama Iqbal Town, Lahore, 54570, Pakistan",54570.0,74.27787147,31.50227453,Retail & Shopping,Fashion & Accessories,Shoe store,Open,+92 42 35418155,hushpuppies.com.pk,4.1,196.0,50.57,People typically spend up to 1 hour here,03-2025
2645fb3baff841ab5de4f2e87f062a21,Abu Yousaf Traders,Punjab,Lahore,"188 main Lahore – Kasur Rd, Ichhra Lahore, 54000, Pakistan",54000.0,74.31956279,31.52766411,Retail & Shopping,Home & Furniture,Tile store,Open,+92 309 4440174,abuyousaf.com,4.0,1985.0,57.67,People typically spend up to 1 hour here,03-2025
3d6117795d4c948bb3f1df22473313d1,Hafeez Center,Pakistan,Lahore,"Ground Floor، Hafeez Center, Block E1 Block E 1 Gulberg III, Lahore, 54000, Pakistan",54000.0,74.34080522,31.51609749,Retail & Shopping,Computers & Electronics,Cell phone store,Open,+92 333 8370637,facebook.com,4.3,11842.0,58.33,People typically spend up to 1.5 hours here,03-2025
5a39250d1362f3d5178482ec6640ba5b,Fazal Din & Sons Honda Dealer,Pakistan,Jhelum,"Mian Mohammad Bakhsh Rd, (Old G T Rd), Machine Mohalla 3, Machine Mohalla، پرانی جی ٹی روڈ, Machine Mohalla 3, Jhelum, 49600, Pakistan",49600.0,73.71913279,32.93970243,Retail & Shopping,Auto & Vehicle Retail,Motorcycle dealer,Open,+92 544 628538,facebook.com,4.0,76.0,53.5,People typically spend up to 1.5 hours here,03-2025
a73d45acd24b25ae5a9d0b58e4627cd6,H&S Apparel,UC-9 Gulshan-e-iqbal 2,Karachi,"FL3, First Floor, Block 3 Gulshan-e-Iqbal, Karachi, 75300, Pakistan",75300.0,67.0931144,24.92784333,Retail & Shopping,Fashion & Accessories,Clothing store,Open,+92 300 9227425,hnsapparel.com,4.0,1904.0,67.71,People typically spend up to 25 min here,03-2025
9bfe355870f63acb101125a569913636,Sohail PCO,Rehmatpura,Gujranwala,"Street #3, Rehmatpura, Gujranwala, 52250, Pakistan",52250.0,74.16442829,32.17427477,Retail & Shopping,Misc. Stores,Store,Open,+92 323 5621700,sohailpco.blogspot.com,4.0,50.0,57.86,People typically spend up to 1.5 hours here,03-2025
f99cd0b2b886a3b2dee5fcd3659ba927,Red Mall,Pakistan,Lahore,"Shalimar Link Road, Muslim Colony, Lahore, 56000, Pakistan",56000.0,74.3788632,31.57907122,Retail & Shopping,Shopping Centers,Shopping mall,Open,+92 309 4525269,redmall.pk,4.2,132.0,60.17,People typically spend up to 1.5 hours here,03-2025
bae098f5469626f1bdc7bc5a946bf041,Bukhari Books,Pakistan,Lahore,"30 Al Basit Street Touheed Nagar, Outfall Rd, Lahore, 54000, Pakistan",54000.0,74.29480637,31.57456092,Retail & Shopping,Books & Comics,Book store,Open 24 hours,+92 300 9424043,bukharibooks.com,4.8,246.0,16.43,People typically spend up to 1 hour here,03-2025
3738f744009564c25aa491c4f1c5ccd8,AL Asif Hardware & Interior,Islamabad Capital Territory,Islamabad,"Pir Plaza, Sumbal Rd, Islamabad, 44000, Pakistan",44000.0,73.00974251,33.6949478,Retail & Shopping,Construction & Hardware,Hardware store,Open,+92 311 0252743,alasif.com.pk,4.5,244.0,51.29,People typically spend up to 45 min here,03-2025
1a28169e5a8fae743fad1990d2f07044,Mughal Bedding Store,Taraf Mubarik Doim,Multan,"19-B Gulgasht Ave, near Government Girls Comprehensive School, C Block Gulgasht Colony, Multan, 60000, Pakistan",60000.0,71.47157118,30.22391722,Retail & Shopping,Home & Furniture,Bedding store,Open,+92 318 6481812,mughalbedding.com,4.3,119.0,49.17,People typically spend up to 45 min here,03-2025
cbb72454fcab3cc9a3fe819b08ab9df6,RCG,Pakistan,Faisalabad,"Jaranwala Rd, Kohinoor City Faisalabad, 38000, Pakistan",38000.0,73.11472939,31.41046748,Retail & Shopping,Shopping Centers,Shopping mall,Open,+92 311 1111021,rcg.com.pk,4.3,1593.0,56.0,People typically spend up to 45 min here,03-2025
c2518b4165941647a0f68332ce49c18f,Musa Carpets,Saddar,Rawalpindi,"Massey Gate Chowk, Shop 188 Adam Jee Rd, Saddar, Rawalpindi, 46000, Pakistan",46000.0,73.04992921,33.59729871,Retail & Shopping,Home & Furniture,Carpet store,Open,+92 51 5580777,musacarpets.com,4.1,176.0,62.86,People typically spend up to 45 min here,03-2025
b1f3e24a92863b0333dbfd5ae2137335,The Eye Center,UC-10 Clifton,Karachi,"First Floor GPC, 13 Rojhan St, Karachi, 75600, Pakistan",75600.0,67.01937467,24.81574688,Retail & Shopping,Eyewear & Optics,Eye care center,Open,+92 304 1119544,eyeclinic-karachi.com,4.7,139.0,47.33,People typically spend up to 2 hours here,03-2025
5ee6941fcbd84cd678af222de0a34271,Toyota Highway Motors,Gadap Town,Karachi,"Toyota Highway Motors, Karachi - Hyderabad Motorway, Sector 8 B Gulzar E Hijri Scheme 33, Karachi, 75340, Pakistan",75340.0,67.13133383,24.99084416,Retail & Shopping,Auto & Vehicle Retail,Toyota dealer,Open,+92 21 36880001,toyota-highway.com,4.1,543.0,65.5,People typically spend up to 1.5 hours here,03-2025
b99a81bf1f5de694d96f1b550672e9da,Suzuki Habib Motors,Rahim Yar Khan,Rahim Yar Khan,"4-KM Khanpur Rd, Rahim Yar Khan, 64200, Pakistan",64200.0,70.35784949,28.44606652,Retail & Shopping,Auto & Vehicle Retail,Suzuki dealer,Open,+92 304 1115857,suzukihabibmotors.com,4.5,644.0,54.17,People typically spend up to 1.5 hours here,03-2025
cb95f013c29f3bb953790dcbcdd8f2e7,Suzuki Pakpattan Motors,Pakistan,Pākpattan,"Arifwala - Pakpattan Rd, near Jamal Chowk, Pākpattan, 57400, Pakistan",57400.0,73.35139218,30.36456816,Retail & Shopping,Auto & Vehicle Retail,Suzuki dealer,Open,+92 307 4353207,suzukipakpattan.com,4.7,943.0,47.33,People typically spend up to 1 hour here,03-2025
5a361209139b84b10e5948e0a1b9147a,Vapor 92 Faisalabad,Pakistan,Faisalabad,"1-2.B, Gateway Towers, Satyana road, Batala Colony Faisalabad, 38000, Pakistan",38000.0,73.10314389,31.40186323,Retail & Shopping,Cannabis & Smoke Shops,Vaporizer store,Open,+92 300 6621453,vapor92.com,4.0,711.0,57.14,People typically spend up to 1 hour here,03-2025
8329bd35f52aadf4d5a69ccd7ab5f513,Bahawalpur Chunri House,Punjab,Bahawalpur,"Shop No. 25, Akram Awan Plaza, Ground Floor, Ahmed-Puri Gate, Road, Old City Bahawalpur, Bahawalpur, 63100, Pakistan",63100.0,71.67099846,29.39343069,Retail & Shopping,Fashion & Accessories,Women's clothing store,Open,+92 334 7348553,facebook.com,3.9,216.0,54.57,People typically spend up to 1.5 hours here,03-2025
244021ef85d0922b86eb8616822be6da,Al-Shifa Laser Eye Centre,Punjab,Raiwind,"Manga - Raiwind Road, Raiwind, 55150, Pakistan",55150.0,74.20508749,31.24636644,Retail & Shopping,Eyewear & Optics,Eye care center,Open,+92 300 9472162,dr-yousaf.com,4.2,13.0,51.71,People typically spend up to 1.5 hours here,03-2025
