poi_id,name,region,locality,address,postcode,longitude,latitude,category_level1,category_level2,category_level3,business_status,phone,website_domain,rating,rating_count,traffic_score,time_spent,update_month
fb472f15b0161cca25674ee97352ae15,Travel Mate,UC-10 Clifton,Karachi,"Office # M, 10 Park Tower Rd, Block 5 Old Clifton, Karachi, 75600, Pakistan",75600.0,67.02454293,24.8144159,Travel & Lodging,Travel Agencies,Travel agency,Open,+92 21 35300444,travelmate.com.pk,4.4,93.0,37.67,People typically spend up to 4 hours here,03-2025
29ff9890a24af5d5504cea0bcc6be67e,Brolla Travel & Tours Pvt Ltd,Punjab,Multan,"LMQ Rd, Chah Bhaje Wala, Multan, 60000, Pakistan",60000.0,71.4608434,30.20762771,Travel & Lodging,Travel Agencies,Travel agency,Open,+92 321 6606399,brollaholidays.com,4.4,18.0,58.0,People typically spend up to 2 hours here,03-2025
a531c3eb16c8b23064e082284aba5477,Premio Travel & Tours,UC-5 Gulshan-e-iqbal 1,Karachi,"Bunglow No: B-102, Block 2 Gulshan-e-Iqbal, Karachi, 74600, Pakistan",74600.0,67.08572777,24.92602298,Travel & Lodging,Travel Agencies,Travel agency,Open,+92 317 7773646,premiotravels.com,4.3,1521.0,50.83,People typically spend up to 2 hours here,03-2025
bc6c4281262083b0422e0dd63ab01a3d,Bin Ramzan International Travel & Tours,Pakistan,Faisalabad,"Regency Rd, Faisalabad, 38000, Pakistan",38000.0,73.0866237,31.4204949,Travel & Lodging,Travel Agencies,Travel agency,Open 24 hours,+92 300 8668760,binramzantrvl.com,4.9,42.0,26.43,People typically spend up to 2.5 hours here,03-2025
019f113ca85be2dded6c6502340aeaf2,Superus Travel and Tours,Sialkot,Sialkot,"Murad pur، near Limu Wala Bagh, Muradpur, Sialkot, 51310, Pakistan",51310,74.49767416,32.50994397,Travel & Lodging,Travel Agencies,Travel agency,Open 24 hours,+92 300 6106555,youtube.com,5.0,26.0,37.29,People typically spend up to 1.5 hours here,03-2025
458f5025e21f6f225c51bce1808ba3d9,Matchless Tours & Travels PVT Ltd.,Punjab,Lahore,"Asia House، 7 Egerton Rd, Garhi Shahu, Lahore, 54000, Pakistan",54000,74.33116759,31.56117783,Travel & Lodging,Travel Agencies,Travel agency,Open,+92 42 111 111 247,matchlesstravels.com,4.1,100.0,35.0,People typically spend up to 4 hours here,03-2025
34bac3f9cdc07c4e39d22ccf64d48bc5,Aalishaan Travels,UC-7 P.e.c.h.s 2,Karachi,"Plot 5, Hameeda Height, Shop 3, 4 Shaheed-e-Millat Rd, Karachi, 74600, Shaheed-e-Millat Rd, Karachi, 75700, Pakistan",75700.0,67.06142516,24.87985894,Travel & Lodging,Travel Agencies,Travel agency,Open,+92 21 34391003,aalishaantravels.com,4.2,781.0,65.5,People typically spend up to 2.5 hours here,03-2025
876277e37b107ac62e5eb2afea2440d7,QUALITY AVIATION,UC-7 P.e.c.h.s 2,Karachi,"Adam Arcade, 1/A 1/B, Shaheed-e-Millat Rd, BMCHS Sharafabad, Karachi, 75300, Pakistan",75300,67.06194634,24.8803327,Travel & Lodging,Travel Agencies,Travel agency,Open 24 hours,+92 21 111 747 111,qualityaviation.com.pk,4.3,238.0,44.29,People typically spend up to 4 hours here,03-2025
3ae00b73a98e5a52f587b524835b9294,New Choudhary Travels,Punjab,Kharian,"Shop No.1, Shoukat Plaza, GT Rd, Riyasat Nagar Kharian, 50090, Pakistan",50090,73.86135672,32.81122984,Travel & Lodging,Travel Agencies,Travel agency,Open 24 hours,+92 53 7610076,choudharytravel.com,4.2,122.0,28.43,People typically spend up to 4 hours here,03-2025
001e6185f072f9107f5db0e6991b0a2b,Al Ghaffar Travel,Sindh,Karachi,"Ground Floor, Business Enclave, 24th Commercial St, Phase 2 Commercial Area Defence Housing Authority, Karachi, 75500, Pakistan",75500.0,67.07045443,24.83223644,Travel & Lodging,Travel Agencies,Travel agency,Open,+92 311 1786248,alghaffar.com.pk,4.9,636.0,61.83,People typically spend up to 4 hours here,03-2025
389e12bbc5537b999e39b85c06fbdf2c,Arqem Hajj & Umrah Services,Pakistan,Lahore,"14/1, Lahore, 54660, Pakistan",54660.0,74.33187374,31.49814266,Travel & Lodging,Travel Agencies,Travel agency,Open,+92 321 9366661,arqemhajj.com,4.6,289.0,45.67,People typically spend up to 4 hours here,03-2025
0c0f853fdff792b77754eac9de46294a,U Travel International at Mandibahauddin,Punjab,Mandi Bahauddin,"Old Rasul Rd, Usmania Mohalla, Mandi Bahauddin, 50400, Pakistan",50400.0,73.49359274,32.58859629,Travel & Lodging,Travel Agencies,Travel agency,Open,+971 56 273 1190,utravelint.com,3.9,192.0,61.67,People typically spend up to 2 hours here,03-2025
f48a76f5cfacfd36034ffa366404155f,Melhi International Employment,Punjab,Gujrat,"GT Rd, Makkah Colony, Gujrat, 50700, Pakistan",50700.0,74.08237871,32.55813897,Travel & Lodging,Travel Agencies,Travel agency,Open,+92 53 3729736,melhigroup.com,4.0,238.0,68.67,People typically spend up to 1 hour here,03-2025
9b6468bb12fbc4fef37d50a2bdbbe7d0,Bukhari Travel Mirpur,Sector C 1,New Mirpur City,"Eid Gah Market, Syed Naik Alam Shah Road, A1 Sector C 1 New Mirpur City, 10250",10250,73.74684727,33.15034053,Travel & Lodging,Travel Agencies,Travel agency,Open,+92 347 6888111,bukharitravel.net,4.1,202.0,45.43,People typically spend up to 1 hour here,03-2025
fb14df987441e3480b1654aabafb86a1,Gerry's Travel,UC-10 Clifton,Karachi,"Suite 302, The Forum Shopping Mall, Khayaban-e-Jami, Block 9 Clifton, Karachi, 75500, Pakistan",75500.0,67.03521746,24.82721111,Travel & Lodging,Travel Agencies,Travel agency,Open,+92 21 35170951,gerrystravel.com,4.0,173.0,60.8,People typically spend up to 4 hours here,03-2025
49e27de2f66421be39a9c8cd10af3511,Skyline Travels Pvt. Ltd.,UC-4 City Railway Colony,Karachi,"Room 301-302, 3rd Floor، Uni Plaza, I.I Chundrigar Rd, Seari Quarters, Karachi, 74800, Pakistan",74800,67.00430843,24.84995298,Travel & Lodging,Travel Agencies,Travel agency,Open,+92 21 32415791,skylinetrvls.com,4.1,2600.0,65.33,People typically spend up to 4 hours here,03-2025
8a80b5be7787bd8cd5474d62bfea4c60,TNP Travels - The Nouvelliste Pakistan (Pvt.) Ltd.,UC-7 P.e.c.h.s 2,Karachi,"Bungalow # 108-E, Shahrah-e-Qaideen, Block 2 P.E.C.H.S., Karachi, 75100, Pakistan",75100.0,67.05087026,24.86786786,Travel & Lodging,Travel Agencies,Travel agency,Open,+92 316 2606485,thenouvelliste.com.pk,4.8,132.0,60.5,People typically spend up to 3.5 hours here,03-2025
d6107ae3d271e8598c7bbff8161ef0f6,TIME TRAVEL & TOURS,Stadium Commercial Area,Karachi,"Suite 1, 1st floor, C، Mobeen Centre, 9-C, Main Kh-E-Shamsheer, DHA Phase 5 Stadium Commercial Area Defence V Defence Housing Authority, Karachi, 75500, Pakistan",75500,67.04655929,24.81447629,Travel & Lodging,Travel Agencies,Travel agency,Open,+92 21 111 846 846,timetravels.pk,4.7,52.0,34.17,People typically spend up to 4 hours here,03-2025
64ad6fe28662e3b8f24e41eb6da4ae79,IBN-E-BASHIR ENTERPRISES,Pakistan,"Haroonabad, Pakistan","BLOCK-A 6/A NEAR TEHSIL OFFICE MAIN BAZAR، HAROOANABAD, PAKISTAN PUNJAB، Haroonabad, Pakistan, 62100, Pakistan",62100.0,73.13306097,29.60984883,Travel & Lodging,Travel Agencies,Travel agency,Open 24 hours,+92 345 7947606,ibn-e-bashir.com,4.6,38.0,32.86,People typically spend up to 2 hours here,03-2025
4acce109b60dbd0154b28b3f4fb7113e,Al-Khair Hajj & Umrah Travel Agency in Karachi - hajj packages 2025,UC-10 Clifton,Karachi,"108, 1st Floor, Clifton Center, Block 5 Clifton, Karachi, 75600, Pakistan",75600.0,67.03131253,24.82718919,Travel & Lodging,Travel Agencies,Travel agency,Open,+92 21 111 800 600,al-khair.org,4.2,215.0,51.33,People typically spend up to 4 hours here,03-2025
f174b243a759569b405f2d1175034c74,IMRAN DUBAI Travel&Tours(PVT LTD),Punjab,Zafarwal,"CHOWK, CHWINDA, SIALKOT ROAD, Zafarwal, 51670, Pakistan",51670.0,74.89791671,32.33782915,Travel & Lodging,Travel Agencies,Travel agency,Open,+92 344 2895145,imrandubaitravel.com,4.1,17.0,41.14,People typically spend up to 2.5 hours here,03-2025
38f4f5d4ace36deac91cbcfd37c87f3d,Qadri Tours & Travels (Pvt) Ltd,Punjab,Lahore,"Office 12, 13 Street 63 Shadbagh Rd, near Nasir Banquet Hall, Chah Miran, Lahore, 54000, Pakistan",54000.0,74.33637311,31.59442839,Travel & Lodging,Travel Agencies,Travel agency,Open 24 hours,+92 323 4339020,qadritours.com.pk,4.6,240.0,43.5,People typically spend up to 1 hour here,03-2025
2c186242578c6eade3fbeecab1533d48,FlyVour,Sector C,Lahore,"Executive Suite 102 232B Tulip Ext Bahria Town, Sector C Commercial, Lahore, 53720, Pakistan",53720.0,74.18480921,31.3677823,Travel & Lodging,Travel Agencies,Travel agency,Open 24 hours,+92 301 1222911,flyvour.com,4.8,75.0,44.0,People typically spend up to 2 hours here,03-2025
a293e9c4d682345242ff1d804eabb3df,MARHABA AL-HARMAIN Travel & Tours (Pvt.)Ltd. IATA,Rahim Yar Khan,Khanpur,"Quaid-e-Millat Rd, A Block Khanpur, 64100, Pakistan",64100.0,70.64973964,28.65310067,Travel & Lodging,Travel Agencies,Travel agency,Open,+92 68 5577555,malharmain.com,4.5,22.0,55.71,People typically spend up to 1 hour here,03-2025
c8d8516d4240a0fd6d05676324ef4fd2,Swat Kalam Tour Guide,Pakistan,Lahore,"P 59, IT Tower, Hali Rd, Block E1 Block E 1 Gulberg III, Lahore, 54000, Pakistan",54000.0,74.33852548,31.51555978,Travel & Lodging,Travel Agencies,Travel agency,Open,+92 321 8897336,natureadventureclub.pk,4.5,79.0,26.29,People typically spend up to 1 hour here,03-2025
747c926899cd3df984467c4242460714,Ghazali Travel And Tour's Kohat,Pakistan,Kohat,"Office No 2-3-4 Gul BanGash Plaza Tirah Bazar, Terrah Bazar Rd, Kohat, 26000, Pakistan",26000.0,71.43031888,33.58730197,Travel & Lodging,Travel Agencies,Travel agency,Open 24 hours,+92 333 9642057,facebook.com,4.9,49.0,35.14,People typically spend up to 4 hours here,03-2025
f739a51ab0a6fdeeba3afc4ae640587b,Sahiwal International Travel & Tours,Sahiwal Tehsil,Sahiwal,"OFFICE NO.01, Back Side of Meezan Bank, GT Road, Sahiwal, 57000, Pakistan",57000.0,73.1051402,30.65120578,Travel & Lodging,Travel Agencies,Travel agency,Open,+92 306 0581008,umrahpackagessahiwal.com,4.9,65.0,53.29,People typically spend up to 15 min here,03-2025
9fce5a8f9058ddd91f4646ffdb63c529,TRAVOCOM Pvt Limited Bahadurabad,UC-2 Civic Center,Karachi,"Office # 404 4th Floor, Balad Trade Centre, 2 Alamgir Rd, Bahadurabad Bahadur Yar Jang CHS, Karachi, 07482, Pakistan",7482.0,67.06686265,24.88112721,Travel & Lodging,Travel Agencies,Travel agency,Open,+92 311 1111247,travocom.com,4.6,44.0,59.17,People typically spend up to 4 hours here,03-2025
a992d0e3c3f68d837b370b7542bb8f32,Agog Travel Solutions,Block I,Islamabad,"405, 4th floor،, Royal Centre, AKM Fazl-ul-Haq Rd, Block I G 7/2 Blue Area, Islamabad, 44000, Pakistan",44000.0,73.05542051,33.70991741,Travel & Lodging,Travel Agencies,Travel agency,Open,+92 51 2120605,agog.com.pk,4.5,102.0,62.67,People typically spend up to 1.5 hours here,03-2025
9d829818d6e8d89c4c05208ac6302b87,Nashayman Travels & Tours (LALA GROUP OF TRAVELS),Shamsabad,Rawalpindi,"M33J+5M3 Burj Noor Trade Center, Main Murree Rd, Shamsabad, Rawalpindi, 44000, Pakistan",44000.0,73.07903128,33.65281514,Travel & Lodging,Travel Agencies,Travel agency,Open,+92 51 6122227,lalaintltravel.pk,4.3,47.0,53.0,People typically spend up to 4 hours here,03-2025
c609c716d1e0abc34eec07dab0dff2d1,Faremakers Faisalabad Branch,Pakistan,Faisalabad,"Faisalabad, Punjab, Jaranwala Rd, Kohinoor City, Faisalabad, 38000, Pakistan",38000.0,73.11275974,31.41275464,Travel & Lodging,Travel Agencies,Travel agency,Open,+92 311 1147111,faremakers.com,4.1,131.0,70.67,People typically spend up to 3 hours here,03-2025
9f3c78af532331d99694788c28135d07,Faremakers,Pakistan,Lahore,"3-UGF, Century Tower, Kalma Chowk Main Boulevard, Block E 2 Gulberg III, Lahore, 54000, Pakistan",54000.0,74.32938335,31.50504326,Travel & Lodging,Travel Agencies,Travel agency,Open,+92 311 1147111,faremakers.com,3.9,368.0,57.5,People typically spend up to 4 hours here,03-2025
233104c1d8e7f09e0c98bc39ddc49664,Deluxe Holidays,UC-2 Civic Center,Karachi,"Balad Trade Centre, Alamgir Rd, Bahadurabad BMCHS Sharafabad, Karachi, 07482, Pakistan",7482.0,67.06291486,24.88387146,Travel & Lodging,Travel Agencies,Travel agency,Open 24 hours,+92 300 0658646,deluxeholidays.com,4.5,1786.0,34.57,People typically spend up to 4 hours here,03-2025
9412e07f2af78ce056624b6b8a93e959,KAF INTERNATIONAL TRAVAL & TOURS,Pakistan,Lahore,"H, Office # P-114,115 Paradise flor Saddique Trade center, Lahore, 54000, Pakistan",54000.0,74.34983547,31.53109196,Travel & Lodging,Travel Agencies,Travel lounge,Open,+92 307 4029859,kaftravelsolution.com,4.1,270.0,62.6,People typically spend up to 4 hours here,03-2025
40eb392a6c1c83085c9e9deae7244a04,Trip Guide Travel & Tours,UC-2 Civic Center,Karachi,"Shop 2, Ground Floor, Dulara Residency, Bihar Muslim Society BMCHS Sharafabad, Karachi, 75600, Pakistan",75600.0,67.06284525,24.88313835,Travel & Lodging,Travel Agencies,Travel agency,Open,+92 332 4000067,tripguide.pk,4.8,278.0,32.57,People typically spend up to 4 hours here,03-2025
953c89a9fda313c08f480d8e31701068,Rehman Travels,Islamabad Capital Territory,Islamabad,"Shop No 3 Ground Floor, Rehman Travels, Office Tower, 44 East Fazal E Haq Road, Block E G 6/2 Blue Area, Islamabad, 44000, Pakistan",44000,73.07102762,33.7179826,Travel & Lodging,Travel Agencies,Travel agency,Open,+92 51 111 786 785,rehmantravel.com,4.7,1874.0,51.71,People typically spend up to 1 hour here,03-2025
4f7d8662122b8e7d50f3b164b263362b,Haque(Pvt)Ltd,UC-7 P.e.c.h.s 2,Karachi,"Suite No. 14, Avanti Terrace, 148/A Allama Iqbal Rd, Block 2 P.E.C.H.S., Karachi, 75400, Pakistan",75400,67.05309277,24.87439867,Travel & Lodging,Travel Agencies,Travel agency,Open 24 hours,+92 300 8255528,haque.com.pk,4.4,5.0,33.14,People typically spend up to 3.5 hours here,03-2025
ecd0cbc917547bbe28ec90131b6fef8a,Altaf air travel,Punjab,Muhammad Pur,"near Police Station Muhammad Pur, Muhammad Pur, 33300, Pakistan",33300.0,70.50666879,29.47231551,Travel & Lodging,Travel Agencies,Travel agency,Open,+92 336 1747876,wa.link,5.0,2.0,38.29,People typically spend up to 3 hours here,03-2025
db388d118799b85ca78522aad8f565b6,Travel With Baba G,Pakistan,Lahore,"Block E Block D Allama Iqbal Town, Lahore, 54000, Pakistan",54000.0,74.28157859,31.43044192,Travel & Lodging,Travel Agencies,Tour operator,Open 24 hours,+92 333 4481025,youtube.com,5.0,2.0,23.71,People typically spend up to 1.5 hours here,03-2025
740fef8f51e0dd757d6fad7888cc522f,Zawar Al-Madina Tour & Travel,Punjab,Lahore,"Office No:4 Ground Floor Davis Hytes، 38 Davis Road, Lahore, 54000, Pakistan",54000,74.33689271,31.5562237,Travel & Lodging,Travel Agencies,Travel agency,Open,+92 42 36297770,facebook.com,4.6,10.0,40.33,People typically spend up to 3.5 hours here,03-2025
b2dba00bf19e3190262d2d69bf875f37,Fahad International Travel Services,Pakistan,Bannu,"Jinnah Complex, Regal Cinema, Market, Bannu, 28000, Pakistan",28000.0,70.60510755,32.99119188,Travel & Lodging,Travel Agencies,Travel agency,Open,+92 928 623277,,4.6,19.0,48.0,People typically spend up to 45 min here,03-2025
b56ba3dc62fd34eba2d44e1a26cf3c97,Faremakers Egerton Road Branch,Punjab,Lahore,"National Tower، 4-UGF, Egerton Rd, Garhi Shahu, Lahore, 54900, Pakistan",54900.0,74.32826782,31.56174127,Travel & Lodging,Travel Agencies,Travel agency,Open,+92 311 1147111,faremakers.com,4.2,96.0,43.83,,03-2025
a166b20e8ab953ead7faaa77314a187e,"Short Hajj Easy Umrah, Sirajia Group",Sector C,Lahore,"PENTA SQUARE, Corporate office #5, Sector C Phase 5 D.H.A, Lahore, 54792, Pakistan",54792.0,74.4122225,31.46084776,Travel & Lodging,Travel Agencies,Travel agency,Open,+92 321 4051313,shorthajj.com,4.5,169.0,37.14,,03-2025
996aecefb428eca8b515c1ef2e929dae,Menaal International Travel & Tours,Islamabad Capital Territory,Islamabad,"Kashmir Commercial Complex, AKM Fazl-ul-Haq Rd, G 6/2 G-6, Islamabad, 44000, Pakistan",44000.0,73.07369358,33.71893628,Travel & Lodging,Travel Agencies,Travel agency,Open,+92 300 8558119,menaal.com,4.6,39.0,34.43,,03-2025
cdffaa8d7c07199e85939a43acee4dc9,Eagle Star Tourism Services,Pakistan,Lahore,"40-A Allama Iqbal Rd, Muhammad Nagar Garhi Shahu, Lahore, 54000, Pakistan",54000.0,74.33535732,31.57246511,Travel & Lodging,Travel Agencies,Transportation service,Open 24 hours,+92 42 36305343,m.facebook.com,4.0,4.0,26.86,,03-2025
d670a9605ab46f2e79046d7ceccc9cbc,Marshall Goods Transportation & Trucking Company Islamabad Rawalpindi,Islamabad Capital Territory,Islamabad,"16, Adnan Plaza, Sawan Rd, G-10 Markaz G 10 Markaz G-10, Islamabad, 44000, Pakistan",44000.0,73.01370847,33.67806684,Travel & Lodging,Travel Agencies,Transportation service,Open 24 hours,+92 51 2353617,mapackers.com,3.7,26.0,29.29,,03-2025
395d00b8ddabe3500256891f0610737a,Haadi Rent A Car,Sharqpur,Sharaqpur,"Barra Adda Stop, Sharaqpur, 39460, Pakistan",39460.0,74.0991444,31.46813844,Travel & Lodging,Travel Agencies,Travel agency,Open 24 hours,+92 331 4155868,facebook.com,5.0,1.0,29.71,,03-2025
ce998221121813a636e262c091b885e4,PAK Masooma Travels & Tours Chakwal IATA,Punjab,Chakwal,"1st floor, Ejaz Plaza، Talagang Hwy, Chakwal, 48800, Pakistan",48800.0,72.85856044,32.93253142,Travel & Lodging,Travel Agencies,Travel agency,Open,+92 543 542254,facebook.com,3.6,34.0,37.14,,03-2025
8ffd8e1827eb8f6b120ad0746e02f61c,"Guide To Pakistan - Best Tour Operator In Islamabad, Pakistan| Pakistan Tour Packages",Sector F,Rawalpindi,"Second Floor, Plaza no 54, Mini river view commercial mall, extension 2, Sector F DHA Phase 1, Rawalpindi, 46220, Pakistan",46220,73.09647696,33.52135886,Travel & Lodging,Travel Agencies,Tour agency,Open 24 hours,+92 302 0487487,guidetopakistan.pk,5.0,50.0,23.57,,03-2025
81245e1dd4404e3a1f139b179dafe0c2,MUGHAL TRAVEL,Punjab,Hazro,"OPPOSIT AMEER ABDULLAH MEMORIAL HOSPITAL, Circular Rd, Mohalla Abdul, Hazro, 43440, Pakistan",43440,72.48599322,33.9080058,Travel & Lodging,Travel Agencies,Travel agency,Open,+92 333 5551318,,4.5,21.0,35.67,People typically spend up to 4 hours here,03-2025
f5f347d5252d9014e842ad8b998686af,Haris Travels,Punjab,Multan,"Khawajabad, Multan, Pakistan",,71.45883062,30.2030102,Travel & Lodging,Travel Agencies,Travel services,Open,+92 321 8347988,haristravels.com,4.1,141.0,59.29,People typically spend up to 1 hour here,03-2025
f0f464b033c174cc8877c0626cbb5e3c,The Flight Centre,Punjab,Gujranwala,"36,37, Office, Stadium Rd, Civil Lines, Gujranwala, 52250, Pakistan",52250,74.18866795,32.16437343,Travel & Lodging,Travel Agencies,Travel agency,Open,+92 55 111 786 788,tfctours.com.pk,4.6,47.0,50.0,,03-2025
a87f2c582a720790f611051e7a2896cb,Babar Weighbridge National Highway,UC-5 Landhi,Karachi,"N 5, Main National Highway, near KMC Post, Shah Latif Town, Karachi, 75020, Pakistan",75020.0,67.25785225,24.85578486,Travel & Lodging,Checking & Baggage,Weigh station,Open 24 hours,+92 21 34100315,babarweighbridge.com,3.7,3.0,21.29,,03-2025
87f81762f549ce9ae85fc2cc38b8270c,New Jhang Lahore Goods Transport Company,Samundri Tehsil,Samundri,"Faislabad road, street, near 533 food, Samundri, 37300, Pakistan",37300.0,72.96446877,31.06984925,Travel & Lodging,Travel Agencies,Transportation service,Open,+92 336 4056702,fb.com,5.0,2.0,33.29,,03-2025
111d00336aaa84d48058269ec241073d,Kahror Pacca Travels,Block B,Islamabad,"Office no 1 Groud floor, Hajveri Plaza China Chowk Underpass, Block B G 6/3 Blue Area, Islamabad, Pakistan",,73.08007914,33.72316842,Travel & Lodging,Travel Agencies,Travel agency,Open,+92 304 1111326,kpttravels.com,4.8,244.0,44.17,People typically spend up to 3.5 hours here,03-2025
aa5aaa91fb61c782fb9d93e1e4338ed0,Al Asad Travel & Tours,Islamabad Capital Territory,Islamabad,"Office # 9, Ground Floor, Manzoor Plaza Fazal e Haq Road، near Tabaq hotel, G 6/2 Blue Area, Islamabad, 44010, Pakistan",44010.0,73.07640535,33.72081111,Travel & Lodging,Travel Agencies,Travel agency,Open,+92 51 111 222 122,alasadtravelandtours.com,4.1,22.0,25.57,,03-2025
a6b015ebb070a69c1186024c8d6c9c70,Travelo Tourism (PVT) LTD.,Punjab,Lahore,"Commercial Area Cavalry Ground, 73 C, Main, Lahore, 54000, Pakistan",54000.0,74.36169463,31.50142746,Travel & Lodging,Travel Agencies,Travel agency,Open,+92 304 1111371,travelotourism.pk,4.4,182.0,39.33,,03-2025
b383fdbf540e2cd6eb33a155a7a75d25,Skyways,Sahiwal Tehsil,Sahiwal,"Multan Rd, Sahiwal, 57000, Pakistan",57000.0,73.09784625,30.64870442,Travel & Lodging,Travel Agencies,Travel agency,Open 24 hours,+92 40 4502801,,3.8,249.0,44.43,People typically spend up to 45 min here,03-2025
0498bfed3b2bede3a2b519994f4ea48e,MakeAtour,Sector 2,Rawalpindi,"468-E Street 21, Sector 2 Khayaban e Sir Syed, Rawalpindi, 46300, Pakistan",46300.0,73.04001169,33.63692238,Travel & Lodging,Travel Agencies,Tour agency,Open,+92 341 8554555,makeatour.pk,4.8,6.0,33.86,,03-2025
859b43c8073ec511f403ea93711f4d71,Mehmood Goods Transport Company,UC-4 Baba Bhitt,Karachi,"Truck Stand, 463-464/A, Hawks Bay Truck Stand,, Hawks Bay, Mauripur Rd, Mauripur Karachi, 747800, Pakistan",747800.0,66.95720456,24.86924188,Travel & Lodging,Travel Agencies,Transportation service,Open 24 hours,+92 21 111 255 555,mehmoodtransport.com,4.0,89.0,38.67,,03-2025
555332497caffc0b3dbab70bc82bd468,SAM Travels,Sabzazar Housing Scheme Phase 1 & 2,Lahore,"272 Multan Rd, Block C Sabzazar Housing Scheme Phase 1 & 2 Lahore, 54000, Pakistan",54000.0,74.26741041,31.52337386,Travel & Lodging,Travel Agencies,Travel agency,Open,+92 331 4027286,facebook.com,4.3,3.0,32.43,,03-2025
8b7af302c65928a7e8de4290c344bbec,Bolan Travel Agency,Quetta,Quetta,"Alamdar Road, Quetta, 87300, Pakistan",87300.0,67.02381238,30.19049365,Travel & Lodging,Travel Agencies,Travel agency,Open,+92 333 7875366,bolantravels.wix.com,4.3,54.0,58.67,,03-2025
5da12c87d6dc2020bb3075fa1c0de6f8,Explore Pk,Sector A,Islamabad,"Sector A DHA Phase II, Islamabad, 45710, Pakistan",45710.0,73.12751577,33.53212675,Travel & Lodging,Travel Agencies,Tour agency,Open 24 hours,+92 321 5358714,facebook.com,5.0,1.0,25.57,,03-2025
70688224402d4710022901ab90179e25,Bashir Sons Head Office,Pakistan,Faisalabad,"P-68, Pakimari, behind General Bus Stand, Faisalabad, 38000, Pakistan",38000.0,73.09449517,31.42677342,Travel & Lodging,Travel Agencies,Transportation service,Open 24 hours,+92 301 1011237,bashirsonsgroup.com,3.6,21.0,41.14,,03-2025
689e910eaa960220be33958dc2e79c99,Akbar Sultan Goods,Sauwal,Khewra,"Shamama Chowk, Jootani, Khewra, 49060, Pakistan",49060.0,73.00805776,32.6374377,Travel & Lodging,Travel Agencies,Transportation service,Open 24 hours,+92 300 5485838,asg.com.pk,5.0,1.0,27.43,,03-2025
44f25a0b9e95ad2d2b57ef5837c58146,Lahore Movers,Tulip Block,Lahore,"2nd Floor, 117-B commercial, Sector C Bahria Town, Lahore, 12000, Pakistan",12000.0,74.1869283,31.37146849,Travel & Lodging,Travel Agencies,Transportation service,Open 24 hours,+92 300 8423796,lahoremovers.com,4.7,46.0,30.67,,03-2025
9e594ebc51c188ab2893f249cf4d1f63,PIA Reservation Office,Rangeel Pur,Multan,"Abdali Rd, Adali Colony, Multan, Pakistan",,71.44181225,30.19165673,Travel & Lodging,Travel Agencies,Travel,Open,+92 61 9200024,piac.com.pk,4.1,443.0,49.57,People typically spend up to 2 hours here,03-2025
382d1c7f80937ed60c09e533e7358ed0,Hujjaj Travel & Tours Pvt Ltd,Karachi City,Karachi,"Office No. 202، Business Centre, Shahrah-e-Liaquat, Saddar Rambagh Quarters, Karachi, 75400, Pakistan",75400.0,67.01837539,24.85874925,Travel & Lodging,Travel Agencies,Travel agency,Open,+92 300 0996224,hujjajtravel.com,4.2,82.0,,People typically spend up to 4 hours here,03-2025
b1e687bdf112b0b60b709f429e9acace,Venture Voyage Treks And Tours,Sindh,Karachi,"Shop #LG-10, Cantonment Shopping Mall, Main Rashid Minhas Rd, Gulshan-e-Jamal Faisal Cantonment, Karachi, 75260, Pakistan",75260.0,67.11647658,24.89536286,Travel & Lodging,Travel Agencies,Tour operator,Open,+92 334 3353061,,4.6,27.0,35.57,People typically spend up to 1 hour here,03-2025
e5a4b8daaa2c8694c095e14c2d80717e,NCT TRAVELS AND TOURS,Punjab,Bhalwal,"Shop No16, Eid Gah Rd, near Fawara Chowk, Bhalwal, 40410, Pakistan",40410.0,72.89782997,32.27208929,Travel & Lodging,Travel Agencies,Travel agency,Open 24 hours,+92 301 7979176,vy3ns0ez00a.web.aeroglobe.pk,4.5,13.0,41.0,,03-2025
d1977e12448d8ef25a6c294a4f8c3b9e,FlyPakistan,Pakistan,Faisalabad,"Majeed Plaza, Basement, Al Hamra Town،, E Canal Rd, Al Hamra Town, Faisalabad, 38000, Pakistan",38000.0,73.17576781,31.45984535,Travel & Lodging,Travel Agencies,Tour operator,Open 24 hours,+92 321 8667901,flypakistan.pk,4.7,10.0,24.67,,03-2025
149b10e3456fcc562ddfd12741bbadd5,Bin Qasim Travel & Tours,Zāhir Pīr,Zāhir Pīr,"Khanpur Rd, Zāhir Pīr, 64130, Pakistan",64130.0,70.52645098,28.80656085,Travel & Lodging,Travel Agencies,Travel agency,Open,+92 300 5003063,facebook.com,4.9,77.0,20.57,,03-2025
381145475282063e748e74bb7dc8a053,Travel Planners- Best umrah & Hajj operator in Islamabad,Islamabad Capital Territory,Islamabad,"50 AKM Fazl-ul-Haq Rd, Block E G 6/2 Blue Area, Islamabad, 44000, Pakistan",44000.0,73.07190692,33.71854626,Travel & Lodging,Travel Agencies,Tour agency,Open,+92 300 0553773,travelplanners.pk,4.5,66.0,,People typically spend up to 4 hours here,03-2025
5076d3739dcf96bcf390744a4cc4eae9,Niazi Express,Pakistan,Lahore,"Airport Building, Cantt, Lahore, 54810, Pakistan",54810.0,74.40784471,31.52089636,Travel & Lodging,Travel Agencies,Transportation service,Open 24 hours,+92 42 111 229 999,niaziexpress.com.pk,4.0,226.0,48.14,,03-2025
96d3c218a838228ed8463ca6c6d1fcba,Fly Easy Travels & Tours,Islamabad Capital Territory,Islamabad,"G-11 Markaz , Rehmat Plaza , office 25, 19031, Pakistan",19031.0,72.99735933,33.66932522,Travel & Lodging,Travel Agencies,Travel agency,Open,+92 335 5531119,flyeasytravelstours.com,1.0,1.0,25.86,,03-2025
d58facbcc6763108a90ab2f4a89397ae,Niazi Tours International,Sector C,Islamabad,"2nd Floor Office No 01, Main PWD Rd, above Minnie Minors, PWD Housing Society Sector C PWD Society, Islamabad, 44000, Pakistan",44000.0,73.14150167,33.5708375,Travel & Lodging,Travel Agencies,Travel agency,Open,+92 320 5398306,niazitours.pk,5.0,243.0,31.86,,03-2025
24a89e5c0b632310e9e8df10be0fbcfc,Asian Aviation,Rawalpindi Tehsil,Islamabad,"Office No. 1 & 2, Butt Arcade Mini Commercial, Phase 7 Bahria Town, Islamabad, 46000, Pakistan",46000.0,73.10398996,33.52126228,Travel & Lodging,Travel Agencies,Travel agency,Open 24 hours,+92 331 5382405,asiangroup.pk,4.7,102.0,28.29,,03-2025
bfc915ec515484d9295e0c1ed8d8e259,ALPS Tours,Islamabad Capital Territory,Islamabad,"Office 02, 3rd Floor, Ahmed Centre, Markaz, I-8 Markaz I 8 Markaz I-8, Islamabad, 44000, Pakistan",44000.0,73.07147239,33.6694859,Travel & Lodging,Travel Agencies,Travel agency,Open,+92 301 5060936,thealpstours.com,4.9,102.0,35.0,,03-2025
b6ecba7faa73f7cf00826e5068dd983f,R-Travel and Tours,Tehkal Bala,Peshawar,"Office no #8 2nd floor At, liberty Mall, University Rd, Tehkal, Peshawar, 25000, Pakistan",25000.0,71.50840476,34.00820444,Travel & Lodging,Travel Agencies,Tour agency,Open 24 hours,+92 318 2623238,rtravelandtours.com,4.9,25.0,26.14,,03-2025
8c45b636eec925fdc9bef246fed83248,AirSial City Ticketing Office,Punjab,Lahore,"Carpet Training Institue Building, 27 Empress Rd, Muhammad Nagar Garhi Shahu, Lahore, 54000, Pakistan",54000.0,74.33320813,31.56538483,Travel & Lodging,Travel Agencies,Airline ticket agency,Open,+92 42 36292444,airsial.com,3.9,18.0,24.43,,03-2025
2d7f7093b85be794ad5781f79b750eea,Goods Transport Services,Islamabad Capital Territory,Islamabad,"I-11/3 I 11/3 I-11, Islamabad, 44000, Pakistan",44000.0,73.02120211,33.64551678,Travel & Lodging,Travel Agencies,Transportation service,Open,+92 315 2173011,facebook.com,5.0,4.0,34.0,,03-2025
852a1effac8f0c3ed06ff585d064f9e5,Road Master Bus Terminal Rawalpindi,Rawalpindi,Rawalpindi,"Pirwadahai more, moza saham, I.J.P. Rd, Aliabad, Rawalpindi, 46000, Pakistan",46000.0,72.99231122,33.6153801,Travel & Lodging,Travel Agencies,Transportation service,Open 24 hours,+92 51 111 722 822,roadmaster.pk,4.5,2137.0,40.43,,03-2025
4a943510fa2bbb77d4204f0636e674dd,Lahore Tour Guide,Punjab,Lahore,"Al-Falah Building, Shahrah-e-Quaid-e-Azam, Garhi Shahu, Lahore, 54000, Pakistan",54000.0,74.32138671,31.56050687,Travel & Lodging,Travel Agencies,Tour agency,Open 24 hours,+92 300 4287493,shahidtourguide.com,4.8,21.0,31.57,,03-2025
fec7a1eba816459ee95c7b1b93a05ba5,Pak Harmain Travel Islamabad,Islamabad Capital Territory,Islamabad,"G.Floor, Office Tower, 2 East AKM Fazl-ul-Haq Rd, off No, near PIA Office, G 6/2 Blue Area, Islamabad, 44000, Pakistan",44000,73.07075374,33.71777763,Travel & Lodging,Travel Agencies,Travel agency,Open,+92 346 3939112,pakharmaintravel.com,4.2,55.0,36.17,,03-2025
a8ba8b2b632d0dabdc1f4e54a9364b2c,M Ibrahim Goods Transport Company,Sabzazar Housing Scheme Phase 1 & 2,Lahore,"Plot 62, Sabzazar Block B Sabzazar Housing Scheme Phase 1 & 2 Lahore, 54000, Pakistan",54000,74.26292546,31.53674227,Travel & Lodging,Travel Agencies,Transportation service,Open 24 hours,+92 323 7974747,mibrahimgoods.com,5.0,5.0,35.29,,03-2025
f174c03c70cdd5bcfb5fac8bc92fe0b5,Shahid Coach Service City Terminal Lahore,Sodhiwal,Lahore,"Band Road East, Sodiwal Sodhiwal, Lahore, 54000, Pakistan",54000,74.28021173,31.53471023,Travel & Lodging,Travel Agencies,Transportation service,Open 24 hours,+92 342 2335252,shahidcoach.com.pk,4.3,30.0,21.71,,03-2025
9bc5cc83e2b095982588dac834fd432b,Jinnah Travel & Tours PVT. Ltd,Shadman Colony,Sargodha,"Office# 02, Al Ahmad Plaza, University Road, Shadman Colony, Sargodha, 40100, Pakistan",40100,72.6854498,32.06716098,Travel & Lodging,Travel Agencies,Travel agency,Open 24 hours,+92 300 0140049,jinnahtravels.com,4.9,53.0,28.71,,03-2025
22acd77dbd87e1c3a0f9a38efc74d142,Travelers PK,Pakistan,Lahore,"Suit # 6, FII, Jalal Centre, Main Blvd Allama Iqbal Town, Kashmir Block Allama Iqbal Town, Lahore, 54000, Pakistan",54000,74.28774278,31.52031143,Travel & Lodging,Travel Agencies,Travel agency,Open 24 hours,+92 300 9785185,travelerspk.com,5.0,4.0,24.43,,03-2025
024ad5772a23f1097e45984918b92a79,Ashfaq travels,Punjab,Lahore,"268, Hunza Block Allama Iqbal Town, Lahore, 54000, Pakistan",54000,74.29167034,31.51484767,Travel & Lodging,Travel Agencies,Travel agency,Open 24 hours,+92 300 9495086,ashfaqtravels.com,5.0,26.0,26.0,,03-2025
a3c7250fc386ea37c29c4a0eee5d8937,SAYWA TOURS & TRAVELS PVT LTD.,Punjab,Lahore,"954 N 1st floor, Samanabad Town, Lahore, 54000, Pakistan",54000,74.30028811,31.53084484,Travel & Lodging,Travel Agencies,Travel agency,Open 24 hours,+92 333 5590543,saywatours.com,4.6,15.0,31.71,,03-2025
dbef7067651db8ac4aaa7a9475cd50dd,MW Recovery service,Rawalpindi,Rawalpindi,"Islamabad View Colony, Rawalpindi, 46000, Pakistan",46000,72.9926861,33.61858229,Travel & Lodging,Travel Agencies,Transportation service,Open 24 hours,+92 308 5540555,mwrecovery.pk,5.0,84.0,32.14,,03-2025
ab6dbd5b017cbed9b90c57f513a70a80,AJWA AIR SERVICES (pvt) ltd Islamabad,Block G,Islamabad,"AKM Fazl-ul-Haq Rd, Block G G 7/3 Blue Area, Islamabad, Pakistan",,73.06317578,33.71391846,Travel & Lodging,Travel Agencies,Travel agency,Open 24 hours,+92 51 2120296,ajwaair.com,4.8,20.0,35.83,People typically spend up to 4 hours here,03-2025
fe151f92091e7d1b95919dcc305ed6e1,Travel Pros International,Sialkot,Sialkot,"Kachehri Rd, beside Federal Board of Revenue, Sialkot, 51310, Pakistan",51310,74.53326765,32.50241733,Travel & Lodging,Travel Agencies,Travel agency,Open,+92 332 5972644,,4.3,36.0,67.17,People typically spend up to 1 hour here,03-2025
cd774f2f9df55e6ed7a5c9f3dc5da8ff,Arslan Travel & Tours,Sialkot,Sialkot,"Ground Floor Office No 20, Mughal Plaza, Kutchery Road, Sialkot, 51310, Pakistan",51310,74.53487198,32.49881088,Travel & Lodging,Travel Agencies,Travel agency,Open,+92 336 3982800,arslantravels.com,4.9,133.0,44.83,,03-2025
a7c745fe4c4f24905459706e655ff4ce,Trip Trek Trow,South Asia,Nasirabad,"Trip Trek Trow, Main N-35, Hunza, Nasirabad, 15551",15551,74.53661875,36.26452163,Travel & Lodging,Travel Agencies,Travel agency,Open 24 hours,+92 333 1530001,triptrektrow.com,5.0,20.0,23.57,,03-2025
932219774886898dcd17f2e17a416ed5,Pakistan Tours and Trek's,South Asia,Hopar,"Hoper valley, Nagar, Hopar, 15100",15100,74.75157158,36.22518688,Travel & Lodging,Travel Agencies,Travel agency,Open,+92 311 0515579,pakistantoursandtreks.com,5.0,5.0,37.86,,03-2025
5bf9a14d9d3c2e372274dfe73b046105,Saeed Afridi Transport & Rent A Car,UC-2 Pahar Ganj,Karachi,"Q, Block P North Nazimabad Town, Karachi, 74600, Pakistan",74600,67.02550673,24.93790812,Travel & Lodging,Travel Agencies,Transportation service,Open 24 hours,+92 346 4519490,facebook.com,5.0,2.0,28.57,,03-2025
62bfa58525f90c0a1c8ae265bea2cd52,ansari transport services,Karachi City,Karachi,"Nazimabad No. 5, Paposh Nagar Block 5 B Block 5 Nazimabad, Karachi, 74700, Pakistan",74700,67.02308117,24.92446933,Travel & Lodging,Travel Agencies,Transportation service,Open 24 hours,+92 310 2823811,ansaritransportservices.com,5.0,4.0,37.14,,03-2025
d3991731010962bcd7f636e0aaa01a35,BILAL QURESHI TRANSPORT KARACHI,UC-7 Sharifabad,Karachi,"Liaqatabad 10 number, under the flyover, near Al Karam biryani and pakwan, F,C Area, Karachi, 75900, Pakistan",75900,67.04745512,24.91125696,Travel & Lodging,Travel Agencies,Transportation service,Open 24 hours,+92 311 1017841,facebook.com,4.9,221.0,25.29,,03-2025
fed920fbd57151837001030935e7d242,Travel Agency,Rawalpindi Tehsil,Rawalpindi,"House # 202, Street Number4, Chaklala Scheme 3 Block A Dhok Chaudhrian, Rawalpindi, 46000, Pakistan",46000,73.09822512,33.57693086,Travel & Lodging,Travel Agencies,Airline ticket agency,Open 24 hours,+92 303 0546941,travesure.pk,4.6,8.0,36.14,,03-2025
adb6dd96220edc57356d9e98340dcc65,Braldu Treks And Tours,Punjab,Lahore,"Latif Center, Office 22, 2nd, Lahore, 57000, Pakistan",57000,74.34121653,31.51479467,Travel & Lodging,Travel Agencies,Travel agency,Open 24 hours,+92 315 4845644,braldu.com,4.6,23.0,29.86,,03-2025
42a8cd4ba8a08499160b3e14ddac252a,Explorers Den Tourism Services,Punjab,Lahore,"Latif Center, Office No: 64, 1st Floor Al, Main Boulevard Gulberg, Block D1 Gulberg III, Lahore, 54000, Pakistan",54000,74.34121639,31.51479487,Travel & Lodging,Travel Agencies,Travel agency,Open 24 hours,+92 42 35781269,explorersden.com,5.0,2.0,25.29,,03-2025
eebb74062708590a1d2f37d0bc639970,Northern Travel And Tours,Pakistan,Lahore,"near Doctor Hospital ,Johar Town, LHR G1, Lahore, 54000, Pakistan",54000,74.27800378,31.47900278,Travel & Lodging,Travel Agencies,Travel agency,Open 24 hours,+92 314 4177267,localseogenius.net,4.9,40.0,31.33,,03-2025
9e685ea5d852ae3bb9e2d657f2c15ac9,Bashir Sons Cargo,Pakistan,Faisalabad,"Jinah, Bashir Sons Naadir Bus Terminal, colony, opposite Gulberg police station, Jinnah Colony, Faisalabad, 38000, Pakistan",38000.0,73.06556212,31.42401214,Travel & Lodging,Travel Agencies,Transportation service,Open,+92 309 2551137,bashirsonsgroup.com,5.0,4.0,30.43,,03-2025
21e6adc2a90a3749b4476408ddc32772,SAHULAT HAJJ & UMRAH SERVICES PVT LTD,Rawalpindi Tehsil,Rawalpindi,"Islamabad Arcade, High Ct Rd, Gulrez-2 Phase 2 Gulrez Housing Scheme, Rawalpindi, 46000, Pakistan",46000,73.09912784,33.56095472,Travel & Lodging,Travel Agencies,Travel agency,Open 24 hours,+92 320 8810608,facebook.com,5.0,57.0,25.57,,03-2025
11bd13f11d1637ecd20bb8969a3360a8,Fly Ocean Travel & Tours,Shamsabad,Rawalpindi,"M33J+5M3 Kala khan shopping center, Shamsabad, Rawalpindi, 44000, Pakistan",44000,73.07903751,33.65283113,Travel & Lodging,Travel Agencies,Travel agency,Open,+92 330 4622226,flyocean.pk,5.0,7.0,27.71,,03-2025
d99c22aab8078a9a52b75b5ae022827a,GB Tours,Block G,Islamabad,"Office # 06, 1st floor, Mehmood plaza, fazal-e-haq Road, Block G G 7/3 Blue Area, Islamabad, 04405, Pakistan",04405,73.06456278,33.71465733,Travel & Lodging,Travel Agencies,Tour agency,Open 24 hours,+92 319 8416443,gbtours.com.pk,5.0,14.0,29.57,,03-2025
7959b1a52e6f82bf01bd0195bb978384,Times Travel Group Services,Karachi City,Karachi,"Plot 13 A, Sindhi Muslim Cooperative Housing Society Block A Sindhi Muslim CHS (SMCHS), Karachi, 75400, Pakistan",75400.0,67.05010294,24.86310017,Travel & Lodging,Travel Agencies,Travel agency,Open,+44 7966 583667,timestravel.com,3.0,2.0,33.0,,03-2025
677ab15b0487610b42be682717cc9e7d,Jeevay Laal Din Goods Transport Shehzore Mazda Company Lahore,Pakistan,Lahore,"Interchange, Band Road, Service Rd, Mehmood Booti, Lahore, 54000, Pakistan",54000.0,74.39236247,31.60987017,Travel & Lodging,Travel Agencies,Transportation service,Open 24 hours,+92 325 9724329,laaldingoods.com,4.9,109.0,25.0,,03-2025
d6f0788f023cc5a91daafa631f8a28bd,Express Tours & Travel,UC-13 Safooran,Karachi,"Rizwan Co-operative Housing Society, Ground floor R 133 Street No. 7, Main University Rd, opp. Bin Hashim, Rizwan Chs Gulzar E Hijri Scheme 33, Karachi, 75950, Pakistan",75950.0,67.1494531,24.93974127,Travel & Lodging,Travel Agencies,Travel agency,Open 24 hours,+92 330 2570377,facebook.com,5.0,1.0,32.86,,03-2025
f9a7e5425db06f3bc6d258e22ce0462b,Travel With Zunair,Pakistan,Faisalabad,"State Bank of Pakistan, Backside, Regency Plaza Rd, near Ramzan Hotel, OfficeNo#4, Faisalabad, 38000, Pakistan",38000.0,73.08692024,31.41866159,Travel & Lodging,Travel Agencies,Travel agency,Open,+92 317 7773141,travelwithzunair.pk,4.8,587.0,29.83,,03-2025
94a0c1ea58db039d1133870febe7b7cb,Bukhari travel,Sindh,Karachi,"SHOP # 2, AD MART, Checkpost 6, near ASKARI BANK, DOHS Phase 2 Malir Cantonment, Karachi, 75080, Pakistan",75080.0,67.17449274,24.93424349,Travel & Lodging,Travel Agencies,Travel agency,Open 24 hours,+92 332 3594202,bukharigroup.com.pk,4.3,14.0,25.0,,03-2025
417dc9532785c4a54367c0e0fd32ec73,Universal Brothers (Pvt) Limited,UC-10 Clifton,Karachi,"FL-3/8 OPP:، Hassan Homes، 1st Floor, A-9, Nehr-e-Khayyam St, Block 5 Clifton, Karachi, 75600, Pakistan",75600.0,67.03070114,24.82546016,Travel & Lodging,Travel Agencies,Tour operator,Open 24 hours,+92 21 111 106 786,universalbrothers.com,4.8,167.0,32.33,,03-2025
69ad02f5e4006813d434003bd7d008e2,Pakistan Tour Guide Lahore Abdul Rehman,Shahi Mohallah,Lahore,"Androon, Fort road, Taxali, Gate, Lahore, 54000, Pakistan",54000.0,74.3094045,31.58653149,Travel & Lodging,Travel Agencies,Tour operator,Open 24 hours,+92 307 4591544,rehmantours.pk,5.0,110.0,25.0,,03-2025
f68b9c9cdc9662a41028b21ac8df945f,Lahore City Guided Tours Qaisar,Punjab,Lahore,"Ravi Rd, Ravi Park, Lahore, 54000, Pakistan",54000.0,74.29965056,31.59618864,Travel & Lodging,Travel Agencies,Tour operator,Open 24 hours,+92 315 8008927,qaisartours.pk,5.0,146.0,23.86,,03-2025
8c92368c7c605f521c5c4492bd5eda0e,Pakistan Guided Tours Qaisar Hussain,Sare Sultan,Lahore,"Akbari Mandi Walled City of Lahore, Lahore, 54000, Pakistan",54000.0,74.32416671,31.58197262,Travel & Lodging,Travel Agencies,Tour operator,Open 24 hours,+92 315 8008927,qaisartours.pk,5.0,159.0,27.0,,03-2025
19c3bd9d231a49f9286531f9eb93cfbe,BR travel and Tours,Dera Ghazi Khan,Dera Ghazi Khan,"Pull Datt, near Hide Out Cafe, Dera Ghazi Khan, 32201, Pakistan",32201.0,70.63705562,30.02972416,Travel & Lodging,Travel Agencies,Travel agency,Open 24 hours,+92 336 8001545,wordpress.com,5.0,1.0,28.0,,03-2025
03e2997fefecf925f57171b7dc724329,Pakistan Travels,UC-1 Agrataj Colony,Karachi,"Shop 28 naval market ghosia road, Agra Taj Colony, Karachi, 75660, Pakistan",75660.0,66.97865872,24.86880621,Travel & Lodging,Travel Agencies,Travel agency,Open,+92 321 2276177,facebook.com,5.0,209.0,51.43,,03-2025
4a3bf73da35940bf0665ca5d987b5b30,Baweja Travels And Tours,Zulfiqar & Al Murtaza Commercial Area,Karachi,"NO.3, Omer tower 4TH FLOOR, PLOT NO.26-C ZULFIQAR COMMERCIAL STREET, A, Phase 8 Defence Housing Authority, Karachi, 75500, Pakistan",75500.0,67.07456318,24.79047076,Travel & Lodging,Travel Agencies,Travel agency,Open 24 hours,+92 308 2757725,bawejatravels.com,5.0,7.0,21.29,,03-2025
1e88117a35063141d9629275e4772cd2,Travelia Planet Travel and Tours,Dera Ghazi Khan,Dera Ghazi Khan,"Al-Kareem Center, Office Travelia Planet, Punjab, Dera Ghazi Khan, 32200, Pakistan",32200.0,70.63727415,30.0301067,Travel & Lodging,Travel Agencies,Travel agency,Open 24 hours,+92 321 6483355,traveliaplanet.com,5.0,1.0,33.14,,03-2025
497b848723cc01d02a42dfd96502f177,Almaroof Travel And Tours Pvt Ltd.,Sheikh Junaid Abad,Peshawar,"Peshawar Institute Of Modern Sciences, Service Road, Saeed Abad Gulbahar, Peshawar, 25000, Pakistan",25000.0,71.58534738,34.01485597,Travel & Lodging,Travel Agencies,Travel agency,Open 24 hours,+92 333 4448854,almaroof.com.pk,5.0,1.0,34.17,,03-2025
4550eeef8e980ae3d90622a80f1400e4,Jaffry Travel & Tours,Pakistan,Lalamusa,"Railway Rd, Karimpura, Lalamusa, 50800, Pakistan",50800.0,73.94908177,32.70204752,Travel & Lodging,Travel Agencies,Travel agency,Open 24 hours,+92 317 9982448,jaffrytravel.co.uk,5.0,1.0,31.14,,03-2025
0548c5993cb8dc6840fb5deb17f86bda,Marwa Ayan hajj & Umrah Services peshawar,Pakistan,Peshawar,"Al madina market charsadda road Charsadda, adda main Charsadda Rd, opposite gul plaza, Peshawar, 25000, Pakistan",25000.0,71.57471831,34.03079038,Travel & Lodging,Travel Agencies,Travel agency,Open 24 hours,+92 331 9983424,facebook.com,5.0,6.0,20.43,,03-2025
f1370d15b909b6e0f674d4875363a93c,Peshawar Travel Guide,Qissa Khwani Bazaar,Peshawar,"Office # 05, Dhaki Munawar Shah, near Kapoor Haveeli, Peshawar, 25000, Pakistan",25000.0,71.5688208,34.00727776,Travel & Lodging,Travel Agencies,Tour operator,Open,+92 300 5901733,instagram.com,4.9,16.0,25.0,,03-2025
da16cfd5f6da4f2c663e90598b2c5721,Sair-O-Siah Travel Agency Peshawar,Shaheen Muslim Town,Peshawar,"Atif Petrol Pump, A.B Market, Phandu Rd, opp. Quality 1, near Phandoo Police Station, Shaheen Muslim Town, Peshawar, 25000, Pakistan",25000.0,71.59636382,34.00042075,Travel & Lodging,Travel Agencies,Travel agency,Open 24 hours,+92 314 9073833,sairosiah.com,5.0,9.0,28.71,,03-2025
ab365871bf1c2137af52c4a05be54fae,Tour da pekhawar,Qissa Khwani Bazaar,Peshawar,"Tour da, Qissa Khwani Bazaar Pipal Mandi, Peshawar, 25000, Pakistan",25000.0,71.56620736,34.00834068,Travel & Lodging,Travel Agencies,Tour operator,Open 24 hours,+92 333 9866655,facebook.com,5.0,6.0,32.14,,03-2025
0b335d23402d89bb177f51f0ce728f04,PLUM TRAVEL AND TOURS ( SMC) PVT LTD.,Pakistan,Peshawar,"OPP: SHELL PUMP, BAKHSHU PULL, Charsadda Rd, near HBL ISLAMIC BANK, Peshawar, 25000, Pakistan",25000.0,71.58718626,34.06258452,Travel & Lodging,Travel Agencies,Travel agency,Open,+92 347 0481254,plumtravels.pk,5.0,27.0,39.17,,03-2025
33e6c409283cae8300b2ce1bdad5b11a,Mahrosh Travel & Tours,Zaraj Housing Society,Islamabad,"UG - 50, Upper Ground Floor, THE ATRIUM, Quaid e Azam Avenue Sector A Islamabad, 44000, Pakistan",44000.0,73.1537564,33.51651655,Travel & Lodging,Travel Agencies,Travel agency,Open 24 hours,+92 315 3789247,,4.7,81.0,20.29,People typically spend up to 45 min here,03-2025
082072d3504318c7904507c0b8201074,AL QIBLA AIR SERVICES,Pakistan,Peshawar,"CANTONMENT PLAZA, OFFICE#4 BLOCK-B, Sadder Rd, Peshawar, 25000, Pakistan",25000.0,71.54025191,34.0013498,Travel & Lodging,Travel Agencies,Travel agency,Open 24 hours,+92 345 9112552,alqiblaairservices.com,4.0,4.0,24.86,,03-2025
f6c338cc26823ec8520079b87c05f7ca,Go Smart Travels,Pakistan,Lahore,"19 A Faiz Rd, Muslim Town, Lahore, 54000, Pakistan",54000.0,74.31871657,31.51918472,Travel & Lodging,Travel Agencies,Travel agency,Open 24 hours,+92 344 4220229,facebook.com,4.5,6.0,26.57,,03-2025
81b0d01e208738bb9dd1408e35148303,Bookings Channel | The Premier Travel Services,Pakistan,Lahore,"OFFICE NO 10 FIRST FLOOR, ABRAR BUSINESS CENTRE, MAIN Wahdat Rd, Muslim Town, Lahore, 54000, Pakistan",54000.0,74.31695657,31.51898812,Travel & Lodging,Travel Agencies,Travel agency,Open 24 hours,+92 308 8777977,bookings-channel.com,4.7,50.0,19.29,,03-2025
87fb548f14bbb976165c160efaeb37c3,Travelicious,Pakistan,Lahore,"Office no. 1 - 35 civic center mian plaza Mian plaza, 54000, Pakistan",54000.0,74.28521527,31.46311897,Travel & Lodging,Travel Agencies,Travel agency,Open 24 hours,+92 311 1555284,facebook.com,4.9,10.0,23.43,,03-2025
be343a2765ba8093f9e0f776ca07292a,Mollana international Travel & tours,Khyber Pakhtunkhwa,Swabi,"Second Floor, Sewa Adda Jehanzeb Khan Market, Main Branch Malakand Chowk Mardan Branch No 2,Par Hoti Mardan Branch No 3,Main, Swabi, 23200, Pakistan",23200.0,72.0284178,34.19913676,Travel & Lodging,Travel Agencies,Travel agency,Open 24 hours,+92 333 1313628,mollanatravels.com,5.0,1.0,23.29,,03-2025
3a2e5afe7c0f924994d0583b1b44d395,Trip Only Travel & Tourism Pvt Ltd,Pakistan,Lahore,"Umar Park LHR, Kousar Plaza Ashiana Road Shama Colony, Ferozpur Road, Lahore, 54000, Pakistan",54000.0,74.36768843,31.43868552,Travel & Lodging,Travel Agencies,Travel agency,Open 24 hours,+92 301 1010010,triponlytour.com,5.0,9.0,26.86,,03-2025
bb82c01dee6a51b13890875ecce34489,Noon Mytrip Travels Pvt.Ltd,Punjab,Lahore,"Ali, Mughal Street Chandraiy Road, Liaqat, Town, Lahore, 54000, Pakistan",54000.0,74.34109096,31.44306051,Travel & Lodging,Travel Agencies,Travel agency,Open 24 hours,+92 336 7897933,noonmytrip.com,5.0,2.0,32.14,,03-2025
24c486e24a9a292b165bb5db747a73aa,Make my holidays Travels and tours,Sahiwal Tehsil,Sahiwal,"High St, Sahiwal, 57000, Pakistan",57000.0,73.10310755,30.66834231,Travel & Lodging,Travel Agencies,Travel agency,Open,+92 300 9457941,facebook.com,5.0,4.0,34.57,,03-2025
b9955ebc8c99a667bc19524edd890571,GS Movers and Packers Goods Transportation Services In Islamabad,Punjab,Rawalpindi,"Akram Center, Plaza, 185 Hub Commercial, Bahria Town Phase V Phase 5 Bahria Town, Rawalpindi, 44000, Pakistan",44000.0,73.13156958,33.55258749,Travel & Lodging,Travel Agencies,Transportation service,Open 24 hours,+92 300 8363214,gsmoversandpackers.com,4.7,29.0,25.86,,03-2025
3ef54d56866f1063e3bebc1ba3565f28,MS Tours And Transport,Islamabad Capital Territory,Islamabad,"Ground Floor, Ali Plaza, Office #16, Markaz, G-10, Islamabad, 92000, Pakistan",92000.0,73.01204331,33.67489754,Travel & Lodging,Travel Agencies,Tour operator,Open 24 hours,+92 344 0997199,mstoursandtransport.com,4.8,90.0,25.14,,03-2025
6324e0ca63a6d72246a56bce5a7b7d89,Talal Packers and Movers Services,Punjab,Rawalpindi,"I-11/3 Flat no 09, G Floor Choudry Plaza, 44000, Pakistan",44000.0,73.13393941,33.5530886,Travel & Lodging,Travel Agencies,Transportation service,Open 24 hours,+92 301 1122127,talalgoods.com,4.6,69.0,34.29,,03-2025
5f488da7516ef9d99a8e1e8e9f3aedbd,Long Transport Rent a Pickup Shehzore Mazda Truck Loader Service,Pakistan,Lahore,"Plot 69, near Awais Sport Fitness Center, Block A Model Town, Lahore, 54000, Pakistan",54000.0,74.33181166,31.48296278,Travel & Lodging,Travel Agencies,Transportation service,Open 24 hours,+92 328 1540880,longcranerent.com,4.4,13.0,27.86,,03-2025
53d09a65150b055f00f700a56c8d428a,Awan Loader Transport Service,Pakistan,Lahore,"Airport Rd, Bhata chowk Khuda Buksh Colony, Lahore, 54770, Pakistan",54770.0,74.41744629,31.49599416,Travel & Lodging,Travel Agencies,Transportation service,Open 24 hours,+92 345 7330088,awanloadertransportservice.com,5.0,8.0,37.29,,03-2025
67dd741c8d4c72a56b0f66172b2e6f71,SardarTravels,Pakistan,Mansehra,"Chinar Rd, near Old Sabzi Mandi, Mansehra, 21300, Pakistan",21300.0,73.19991374,34.34484479,Travel & Lodging,Travel Agencies,Transportation service,Open 24 hours,+92 320 5751606,facebook.com,4.8,16.0,20.71,,03-2025
6ce46779f4003e8467cc1c107c0a7551,Rent a car sadiqabad,Sadiqabad Tehsil,Sadiqabad,"Railway station, 1, Sadiqabad, 64350, Pakistan",64350.0,70.12837117,28.27352646,Travel & Lodging,Travel Agencies,Transportation service,Open 24 hours,+92 303 2500634,facebook.com,4.8,20.0,37.0,,03-2025
d8f630f4e5f78fb876cc69a5356c1c30,Unplugged Pakistan,Pakistan,Lahore,"International Market, C-37, M block Block M Commercial Area Model Town, Lahore, 54600, Pakistan",54600.0,74.30813032,31.48106477,Travel & Lodging,Travel Agencies,Tour agency,Open 24 hours,+92 320 1463089,facebook.com,4.8,6.0,31.43,,03-2025
7b80f7e5bdfc3b208bc9d5260829db84,Lashkar travel and tours Pvt.Ltd,Sabzazar Housing Scheme Phase 1 & 2,Lahore,"Laiqat chownk, Sabzazar Block G Sabzazar Housing Scheme Phase 1 & 2 Lahore, 54572, Pakistan",54572.0,74.26746447,31.52090681,Travel & Lodging,Travel Agencies,Tourist information center,Open 24 hours,+92 347 6839849,lashkartours.com,4.7,118.0,26.71,,03-2025
c250a837f831edc5e6649e4ef4698d8d,Dream Land Tour Planner,Punjab,Lahore,"9-D/1, Naseeb Chowk, Wahdat Road, Karnal Pura Wahdat Colony, Lahore, 54000, Pakistan",54000.0,74.30546078,31.52190436,Travel & Lodging,Travel Agencies,Tour agency,Open 24 hours,+92 306 1619142,dreamlandtoursplanner.blogspot.com,4.9,15.0,28.0,,03-2025
60db32a5f490fc3702f18ccac58c1d5c,Luqman goods transport Service LHR,Rehman Villas,Lahore,"Divine 1 Plaza, LG3, Ghazi Rd, near Bhatta Chowk, DHA Phase 2, 54800, Pakistan",54800.0,74.40697773,31.48512082,Travel & Lodging,Travel Agencies,Transportation service,Open 24 hours,+92 321 4079933,luqmangoodstransport.pk,5.0,2.0,23.14,,03-2025
07ea31e937444f1b621ed710987fd971,Rao Tours and Travels Services,Punjab,Lahore,"Office # 32G Ground, Latif Center, Main Boulevard, Block D1 Gulberg III, Lahore, 54000, Pakistan",54000.0,74.34215544,31.51652494,Travel & Lodging,Travel Agencies,Travel agency,Open 24 hours,+92 307 7577725,facebook.com,5.0,130.0,21.17,,03-2025
d23e82d81d69642ca167c74214924ad4,Millennium Travel Management,Pakistan,Lahore,"Office# 609, Al-Hafeez Business Center, Firdous Mkt Rd, Block B3 Block B 3 Gulberg III, Lahore, 54000, Pakistan",54000.0,74.34792697,31.50341985,Travel & Lodging,Travel Agencies,Travel agency,Open,+92 305 2002555,mtmbooking.pk,5.0,4.0,30.57,,03-2025
233e33700dad2f233954c8be6ce3d8ad,Travelcations,Pakistan,Lahore,"plot no 109, Block D2 Block D 2 Phase 1 Johar Town, Lahore, 54782, Pakistan",54782.0,74.28218471,31.45753173,Travel & Lodging,Travel Agencies,Travel agency,Open 24 hours,+92 316 1848528,travelcations.com.pk,5.0,1.0,27.57,,03-2025
2fab4f373a947eab0f44e101d6dfe115,Heaven world travel and tour,Sabzazar Housing Scheme Phase 1 & 2,Lahore,"456D, Block E Lahore, 54574, Pakistan",54574.0,74.26137056,31.52642514,Travel & Lodging,Travel Agencies,Travel agency,Open 24 hours,+92 331 4161030,facebook.com,3.0,2.0,27.43,,03-2025
5e9b6fab9c8f1a56a4d8f831a01c309e,PYARA SKARDU ADVENTURE CLUB AND TRAVEL AGENCY,South Asia,Skardu,"Next to Pehnogy, Shara e Quaid Road, Hyderabad, Skardu, 16100",16100.0,75.63335979,35.29233965,Travel & Lodging,Travel Agencies,Tour agency,Open 24 hours,+92 336 6675558,pyaraskardu.com,4.9,63.0,24.29,,03-2025
312164719763e032e10f50afd1cc8a2d,XPLORE THE NORTH,Skardu,Skardu,"Hospital Rd, near k.G school, Trasmathung, Skardu, 16100",16100.0,75.65410714,35.29129114,Travel & Lodging,Travel Agencies,Travel agency,Open,+92 346 8484170,xplorethenorth.pk,4.9,40.0,25.86,,03-2025
907b7cd47513e07c9e765ab5c36ab68b,Honeymoon Tour Skardu,South Asia,Skardu,"Alamdar Rd, Mehdi Colony, Skardu, 16100",16100.0,75.61945298,35.28969868,Travel & Lodging,Travel Agencies,Travel agency,Open 24 hours,+92 336 8485475,,4.6,886.0,47.43,People typically spend up to 1 hour here,03-2025
1ec49fb4b132763ad0198e62668b6c60,Skardu Treks and Tours,South Asia,Skardu,"Office No. 5, Wazir Market, Hussainabad, Skardu, 16100",16100.0,75.68866787,35.29527711,Travel & Lodging,Travel Agencies,Tour operator,Open 24 hours,+92 311 0066675,skardutreks.com,5.0,16.0,23.71,,03-2025
398bb22d16184b2b5261fd8d3521e7d6,Pick & Drop Service in karachi Yasir Transport,UC-10 Pehalwan Goth,Karachi,"2, Shop, 12 Safari Rd, phase Block 11 Gulshan-e-Iqbal, Karachi, 75300, Pakistan",75300.0,67.10115291,24.92256914,Travel & Lodging,Travel Agencies,Transportation service,Open 24 hours,+92 312 2355569,yasirtransport.com,5.0,13.0,25.14,,03-2025
797df4583fc2a0cc7e444d3742ad1fcc,Duke Travels,Block I,Islamabad,"Office No 04,Mezzanine Floor, Golden Plaza, Jinnah Ave, Area G 7/2 Blue, Islamabad, 44000, Pakistan",44000.0,73.05482122,33.71007991,Travel & Lodging,Travel Agencies,Travel agency,Open 24 hours,+92 301 5900016,aktravelspk.com,5.0,2.0,25.0,,03-2025
6e96e29f2d917efc9ec9c254695e844e,PIA Ticket Agency,Islamabad Capital Territory,Islamabad,"Street 43, Aabpara G 6/1 Market, Islamabad, 44000, Pakistan",44000.0,73.08004313,33.70658592,Travel & Lodging,Travel Agencies,Travel agency,Open 24 hours,+92 332 5963976,piac.com.pk,5.0,23.0,28.29,,03-2025
8d985d201a807ce7b0175c4b493b631c,Jadoon Movers Tour's and Rental,Khyber Pakhtunkhwa,Abbottabad,"Main laari Adda, Opp Rawalpindi bus stand, 22020, Pakistan",22020.0,73.21008779,34.14027078,Travel & Lodging,Travel Agencies,Transportation service,Open 24 hours,+92 313 4788809,jadoonmovers.com.pk,4.9,47.0,35.0,,03-2025
be6ce48b2027d5a6e72f0979982157ca,Al Riaz Travel And Tourism Kohat,Pakistan,Kohat,"First Floor, Noor City Plaza, Office No 3,4, near Karachi Student Baryani, Kohat, 26000, Pakistan",26000,71.44045133,33.58546467,Travel & Lodging,Travel Agencies,Travel agency,Open,+92 332 9828628,tiktok.com,5.0,2.0,27.86,,03-2025
91dcd3341dd5f683160f829d5365258a,Tripit Travels (Pvt.) Ltd,Islamabad Capital Territory,Islamabad,"Flat # 16, 2nd floor, Aljanat arcade, Markaz, G-11 Markaz G 11 Markaz G-11, Islamabad, 43701, Pakistan",43701,72.99601778,33.66790616,Travel & Lodging,Travel Agencies,Travel agency,Open 24 hours,+92 300 5694136,tripit.pk,5.0,20.0,27.17,,03-2025
15987093752fbae307c5268f624918e7,TSY Travels & Tours Gulberg branch,Pakistan,Lahore,"6H, Gulberg Rd, near Sherpao Bridge, Block H Gulberg 2, Lahore, 54000, Pakistan",54000,74.35438138,31.5301682,Travel & Lodging,Travel Agencies,Travel agency,Open 24 hours,+92 345 8408781,mytsy.com,5.0,7.0,23.71,,03-2025
d082b22a789ca857223b05bb6874824b,Fast Visa,Islamabad Capital Territory,Islamabad,"15 F11, Fazal Arcade 3rd Floor Office, Markaz Rd, G 8 Markaz G-8, Islamabad, 44000, Pakistan",44000,73.04744783,33.69852013,Travel & Lodging,Travel Agencies,Travel agency,Open 24 hours,+92 325 9785765,facebook.com,5.0,2.0,22.0,,03-2025
383e6f8e4a6a1d4aaead51655348b500,SHIRKA AL WAAHID TRAVEL & TOURS PVT LTD,Islamabad Capital Territory,Islamabad,"Office No 5 ,2nd Floor Umer Plaza Jinnah Avenue, Blue, Area Blue Area, Islamabad, 46000, Pakistan",46000,73.04722314,33.70226614,Travel & Lodging,Travel Agencies,Travel agency,Open 24 hours,+92 302 3601018,sawtravels.com,5.0,1.0,24.67,,03-2025
79a9dbc2ec2dd7cacaf7a5fb9c543130,K2 Movers Gilgit Baltistan,Rawalpindi Tehsil,Rawalpindi,"Pirwadhai, Rawalpindi, 46000, Pakistan",46000,73.04074116,33.62988672,Travel & Lodging,Travel Agencies,Transportation service,Open 24 hours,+92 51 5163327,facebook.com,4.5,30.0,32.43,,03-2025
fcf0fdfe232725cbbffbc2d84c400d10,Easilytrip,South Asia,Skardu,"Satellite town, Skardu, 16100",16100,75.63545462,35.28257269,Travel & Lodging,Travel Agencies,Travel agency,Open 24 hours,+92 355 4253923,easilytrip.com,5.0,18.0,31.33,,03-2025
34b6e167c9a9b4cfb58235a6d9009b05,Navigators Club,Islamabad Capital Territory,Islamabad,"Markaz, G-13/4 G 13/4 G-13, Islamabad, 44000, Pakistan",44000,72.96844337,33.65070484,Travel & Lodging,Travel Agencies,Tour operator,Open 24 hours,+92 345 1111218,facebook.com,5.0,90.0,28.71,,03-2025
729db6314457d1b9c270af520c023e1e,Islamabad Tour Guide,Islamabad Capital Territory,Islamabad,"F 6/1 Blue Area, Islamabad, 45200, Pakistan",45200,73.0687774,33.71816248,Travel & Lodging,Travel Agencies,Tour operator,Open,+92 300 4287493,shahidtourguide.com,5.0,1.0,32.0,,03-2025
1347a41d7253e5d149a0d5a5bd7f2bfc,Rent a car,Saddar,Rawalpindi,"Kashmir Rd, Saddar, Rawalpindi, 46000, Pakistan",46000,73.05914279,33.60050032,Travel & Lodging,Travel Agencies,Tourist information center,Open 24 hours,+92 340 8091720,fakhrekashmirtravels.com,3.0,34.0,34.5,,03-2025
f86955f6efaffd883be96b5fba1fa12a,MATS Towing & Transport,Karachi City,Karachi,"Shop A12, Asmat Corner, main Shahrah-e-Pakistan, Block 7 Naseerabad Block 14 Gulberg Town, Karachi, 75950, Pakistan",75950.0,67.06612362,24.93012815,Travel & Lodging,Travel Agencies,Transportation service,Open 24 hours,+92 334 3255035,matstwoing.com,5.0,6.0,29.71,,03-2025
8b67af1f789a38c8c2b3988e4dce83d1,White Car - Airport Rent A Car,Sindh,Karachi,"Jinnah International, Airport Karachi, Karachi, 72500, Pakistan",72500.0,67.16591721,24.89963766,Travel & Lodging,Travel Agencies,Transportation service,Open 24 hours,+92 21 111 789 786,whitecar.pk,3.1,39.0,33.86,,03-2025
e3ff2a2ddcfd459d85bc8e2194fd024e,Home shifting services,Islamabad Capital Territory,Islamabad,"Sharja center, G-10 Markaz G 10 Markaz G-10, Islamabad, 44000, Pakistan",44000.0,73.01343534,33.6770163,Travel & Lodging,Travel Agencies,Transportation service,Open 24 hours,+92 51 2351060,executivepackers.com,4.7,6.0,25.0,,03-2025
3b9da268e33c178868f140ef78164a24,Bin Ilyas Travel & Tours,Sialkot,Sambrial,"Bin Ilyas Travel & Tours, Sialkot - Wazirabad Dual Carriageway, opposite SDPO office, Model Town Ghuman Colony, Sambrial, 51480, Pakistan",51480.0,74.33708055,32.47728082,Travel & Lodging,Travel Agencies,Travel agency,Open,+92 313 4185000,facebook.com,5.0,3.0,28.83,,03-2025
128cd8f09a78939612e73aa65a414a60,Islamabad Goods Transport and Logistics,Islamabad Capital Territory,Islamabad,"near Vegetable Market Latif Plaza, I 11/4 I-11, Islamabad, 44000, Pakistan",44000.0,73.0299998,33.63817922,Travel & Lodging,Travel Agencies,Transportation service,Open 24 hours,+92 330 2000948,pakistantransportcompany.com,4.6,7.0,25.0,,03-2025
a76cff558b33ccac0184bd3556f011c3,Pakistan Punjab Goods Transport Company,Islamabad Capital Territory,Islamabad,"GT Rd, F 15 Jammu Kashmir Housing Scheme, Islamabad, 45211, Pakistan",45211.0,72.90911155,33.64829266,Travel & Lodging,Travel Agencies,Transportation service,Open 24 hours,+92 333 5273750,facebook.com,3.9,15.0,35.57,,03-2025
0533884955d5f8db7843d7c75ccda522,AFRAH Travel and Tour Services.,Sindh,Karachi,"125-C Ground Floor, 14 Jami Commercial Street 11, Phase VII Phase 2 Commercial Area Defence Housing Authority, Karachi, 75500, Pakistan",75500.0,67.0714784,24.82919858,Travel & Lodging,Travel Agencies,Travel agency,Open,+92 301 8281430,afrahtravel.com.pk,4.4,10.0,27.14,,03-2025
a885dcd1555b7cb07a0d025138c7eab3,Deluxe Holidays Lahore Branch,Pakistan,Lahore,"Suite # G-9, Hafeez Executive, MM Alam Rd, Corner Block C 3 Gulberg III, Lahore, 54660, Pakistan",54660.0,74.34551191,31.5035997,Travel & Lodging,Travel Agencies,Travel agency,Open 24 hours,+92 300 8205337,deluxeholidays.com,4.2,15.0,23.57,,03-2025
f452ec3ccae0bf2f772a4d51946370d4,Travel Aviation,UC-12 Soldier Bazar,Karachi,"Suit # F-120, The Central Mall, behind Gull Plaza, Saddar Parsi Colony Saddar, Karachi, 74400, Pakistan",74400.0,67.02995572,24.8741926,Travel & Lodging,Travel Agencies,Travel agency,Open 24 hours,+92 21 32700626,travelaviation.com.pk,3.0,2.0,31.14,,03-2025
5ae6dfe02f84d06a239a74f430c90c07,Sanaullaha Transport,UC-7 Al Falah Society,Shah Faisal Town,"Model Colony Millat Town Malir Cantonment, Shah Faisal Town, 75050, Pakistan",75050.0,67.18247998,24.87862231,Travel & Lodging,Travel Agencies,Transportation service,Open 24 hours,+92 302 2000151,abc.com,5.0,1.0,27.0,,03-2025
87f111bc65c051f08e8c5a02d7cb4cd8,Al-Naeem Car Carrier Service,UC-4 Baba Bhitt,Karachi,"Haji Ishaq Market Mauripur Rd Quaid-e-Azam Truck Stand, Sindh Industrial Trading Estate, Karachi, 75700, Pakistan",75700,66.95831056,24.87203852,Travel & Lodging,Travel Agencies,Transportation service,Open 24 hours,+92 336 0332911,alnaeemcargo.com,5.0,1.0,22.67,,03-2025
fb84370b7ef4b01866eee3f77c8b7fad,GLOBAL SKY TRAVEL & TOURS,UC-6 P.e.c.h.s 1,Karachi,"C, 680 M-2, near Silver Spoon Restaurant, P.E.C.H.S Block 2 Block 2 PECHS, Karachi, 74540, Pakistan",74540,67.05843614,24.87106646,Travel & Lodging,Travel Agencies,Travel agency,Open 24 hours,+92 349 3379524,globalskytravel.com,5.0,1.0,27.0,,03-2025
6eb969010fd63813a13149923022931b,InDrive Drivers Facilitation Center - Official - Model Town link road LahoreLahore,Pakistan,Lahore,"Town, New liberty tower Model Town link road Lahore Pakistan Model, link road, Lahore, 54700, Pakistan",54700,74.31573317,31.46983936,Travel & Lodging,Travel Agencies,Transportation service,Open,+92 300 2267087,indrive.com,4.8,276.0,69.83,,03-2025
72e463c06fab63a3437e8ed4f905c5a5,Railway Booking Office ریلوے بُکِنگ آفِس,UC-2 Nasir Colony,Karachi,"01 Landhi Rd, Nasir Colony Sector 32 E Korangi, Karachi, 74900, Pakistan",74900.0,67.1253436,24.82169511,Travel & Lodging,Travel Agencies,Travel,Open,+92 21 99213796,,3.8,240.0,53.29,People typically spend up to 1 hour here,03-2025
434b5ab02d47437f759ca54c9c6574be,Travel janab,UC-7 P.e.c.h.s 2,Karachi,"Office No. 302 Al hayat chambers Near Old Duty Free Shop Sultan Ahmed Shah Road, Main Shahra-e-Faisal, Jinnah Housing Society P.E.C.H.S., Karachi, 75350, Pakistan",75350.0,67.0779549,24.86778672,Travel & Lodging,Travel Agencies,Travel agency,Open 24 hours,+92 331 2688398,traveljanab.com,5.0,6.0,17.14,,03-2025
d9882388a393aa260a0ba181423432a0,Raja Husnain Travel & Tours,Punjab,Kharian,"Marala Plaza, Kharian Dinga Rd, Kharian, 50090, Pakistan",50090.0,73.86149252,32.81010886,Travel & Lodging,Travel Agencies,Travel agency,Open,+92 53 7601212,rajahusnaintravel.com,5.0,20.0,30.71,,03-2025
56ccfad24a6035afbc258a0d96f33c8a,Mehar Tayyab Raza Mini Mazda Goods Transport Company GRW,Talwandi Rah,Gujranwala,"Vegetable & Friut Market Gujranwala Nowshra sansi bypass, Mian, GT Rd, Gujranwala, 28080, Pakistan",28080.0,74.1584738,32.12360143,Travel & Lodging,Travel Agencies,Transportation service,Open 24 hours,+92 315 9648428,wa.me,5.0,24.0,24.14,,03-2025
221ca51cd1f1b83e4755d6c84716b6ab,Umair Khan Travel Consultant,Timergara,Ouch,"Near Ouch KharKanai Chowk, Teshil Adenzai, 18800, Pakistan",18800.0,72.00237453,34.71608985,Travel & Lodging,Travel Agencies,Travel agency,Open,+92 304 9385297,facebook.com,5.0,8.0,38.0,,03-2025
bf1bfae487741f08b849f95018b6efc8,how2havefun Travels,Rawalpindi Tehsil,Rawalpindi,"10c, street one, Lane 2, New Lalazar, Rawalpindi, 44000, Pakistan",44000.0,73.06686863,33.56099037,Travel & Lodging,Travel Agencies,Tour agency,Open 24 hours,+92 300 5111523,how2havefun.com,5.0,5.0,30.71,,03-2025
6d3a8f8a7d589b300eb17e381bd01e4c,Ritual Tours,UC-6 P.e.c.h.s 1,Karachi,"19/1A Shahra-e-Faisal, Shahrah-e-Faisal Block 6 P.E.C.H.S., Karachi, 75400, Pakistan",75400.0,67.0643117,24.86082286,Travel & Lodging,Travel Agencies,Travel agency,Open,+92 21 34538979,,4.2,33.0,65.17,People typically spend up to 4 hours here,03-2025
e12b82f37d8274c1ed78e09cd9ae9dad,Lakes and Peaks Adventures,Gilgit,Gilgit,"Northern of Pakistan, Shahrah-Quaid-e-Azam Road, near PIA Airport, Gilgit, 15100",15100.0,74.32775322,35.91236013,Travel & Lodging,Travel Agencies,Tourist information center,Open,+92 315 4666839,lakesandpeaksadventures.com,5.0,2.0,23.0,,03-2025
972cc6fca52bcd510a67f6ff1eeda1a7,3U Movers,Umer Block,Lahore,"Iqbal, 619 Allama, Umer Block Umar Block Town, Lahore, 54000, Pakistan",54000.0,74.27815274,31.50873324,Travel & Lodging,Travel Agencies,Transportation service,Open 24 hours,+92 326 8043505,3umovers.com,5.0,7.0,33.14,,03-2025
a7bb1ec802033abd4f40cf4c822c1b33,Private Driver Pakistan (MAIN HQ),Vehari,Vehari,"Back of city cold store, Street no 2, near railway line, Danewal Town Vehari, 61100, Pakistan",61100.0,72.36836294,30.05161949,Travel & Lodging,Travel Agencies,Transportation service,Open 24 hours,+92 300 7724028,fcdriver.no,5.0,2.0,26.14,,03-2025
11f873f5a8c4c3d46a247ef31add0667,lucky Transport (PVT)ltd.,UC-6 P.e.c.h.s 1,Karachi,"10 Shahra-e-Faisal, PECHS Extension Block 6 PECHS, Karachi, 75400, Pakistan",75400,67.06077345,24.85998851,Travel & Lodging,Travel Agencies,Transportation service,Open 24 hours,+92 21 34390100,luckytransports.com,3.5,4.0,22.17,,03-2025
30a8bf3609e5482e63ea64d6200ba11f,Sherazi Travels,Rawalpindi,Rawalpindi,"Main Peshawar Rd, Qasimabad, Rawalpindi, 46000, Pakistan",46000,72.98847617,33.61529279,Travel & Lodging,Travel Agencies,Travel agency,Open 24 hours,+92 313 5748195,sherazitravels.com,4.9,7.0,28.86,,03-2025
9f9c829f21fc940c23dfe407d2a03564,Tour My Pakistan,Rawalpindi Tehsil,Rawalpindi,"Shop # 19/A, 1, Sector #03 Khayaban e Sir Syed, Rawalpindi, 44000, Pakistan",44000,73.04390515,33.63729232,Travel & Lodging,Travel Agencies,Travel agency,Open 24 hours,+92 318 5142418,tourmypakistan.com.pk,1.0,1.0,28.4,,03-2025
29304b3e841d8ba3cf9f383267bcad32,GOLDEN BIRD,Punjab,Lahore,"Office no 14/A2, town, commercial market, Block H Valencia, Lahore, 54700, Pakistan",54700,74.2552118,31.40244592,Travel & Lodging,Travel Agencies,Travel agency,Open,+92 314 4041141,gbsofficial.com,4.9,142.0,35.83,,03-2025
9ee3b7220d8cc8562302dd25c13c747c,Payam e Shumaal Travel and Tours.,Islamabad Capital Territory,Islamabad,"1 Street 48, 1-1 G 6/1 G-6, Islamabad, 44000, Pakistan",44000,73.08073248,33.70894144,Travel & Lodging,Travel Agencies,Travel agency,Open 24 hours,+92 348 8134572,instagram.com,4.7,13.0,22.86,,03-2025
c3e9ff8c1b07b6c77e7eb18ccb7bb11e,Kumrat Tourism Pvt limited,Khyber Pakhtunkhwa,Dir Upper,"Dir Kumrat Valley Rd, N-45, near Baab-e-kumrat, Dir Upper, 18000, Pakistan",18000.0,71.89394258,35.14653324,Travel & Lodging,Travel Agencies,Tour agency,Open,+92 310 0007325,kumrattourism.com,4.4,15.0,32.14,,03-2025
b5143d482bfdd03b91ffb6d73faf8495,SAFAR MUBARAK,UC-8 Saddar,Karachi,"Mezzanine floor, Nacon house strechen, road, near karachi press club, Karachi, 74200, Pakistan",74200.0,67.02461076,24.85410375,Travel & Lodging,Travel Agencies,Tour agency,Open,+92 335 2130830,safarmubarak.com,4.5,11.0,36.71,,03-2025
6789d20cf423b4bed5f2006b43f41e6e,Al Madakh - Travel & Tours Private Limited,Saddar,Rawalpindi,"Office F-2, 1st Floor, Rizwan Arcade, Adam Jee Rd, Saddar, Rawalpindi, 46000, Pakistan",46000.0,73.0517045,33.59565849,Travel & Lodging,Travel Agencies,Travel agency,Open,+92 51 5581283,almadakh.com,5.0,1.0,34.29,,03-2025
a8245b4a63d4ca049c25771ef2177b58,SHANI INTERNATIONAL TRAVELS,Punjab,Burewala,"Arabia islamia road, Street, Burewala, 61010, Pakistan",61010.0,72.67474323,30.16170674,Travel & Lodging,Travel Agencies,Travel agency,Open,+92 306 1065050,facebook.com,4.7,3.0,27.29,,03-2025
1828ce72055323ff837c0706902bd29c,Fly Taqwa International Travels & Tour's (HAJJ & UMRAH SERVICES),Punjab,Burewala,"Fly Taqwa Travels 98, behind Town Hall, E Block Burewala, 61010, Pakistan",61010.0,72.67976227,30.16016665,Travel & Lodging,Travel Agencies,Travel agency,Open,+92 314 6906059,flytaqwatravels.com.pk,5.0,32.0,40.14,,03-2025
bf4572d7c622769c0fc0553f980c9076,Flyover Traveles فـٍلاء اوور ٹریول ایجنسی,Tando Allah Yar,Tando Allahyar,"Plot No 173 Subhan Colony Bukera, Road, Tando Allahyar, 70010, Pakistan",70010.0,68.71146689,25.44548659,Travel & Lodging,Travel Agencies,Travel agency,Open 24 hours,+92 300 3054074,m.youtube.com,3.0,2.0,29.57,,03-2025
1c355bd6b23120ec4c55fb8eb7ee3300,Compass Travel Services,Swat Tehsil,Mingora,"Office # 7, Basement, Bacha Plaza, New Rd, Malakanan Muhalla Mingora, 19113, Pakistan",19113.0,72.3547971,34.77379179,Travel & Lodging,Travel Agencies,Travel agency,Open,+92 946 728729,facebook.com,5.0,1.0,32.29,,03-2025
0af4df8e9ba3e24d39bf8e10e2e3b156,Umair Movers,Saddar Town,Karachi,"Cantt. Station Rd, Karachi Cantonment Karachi, 75600, Pakistan",75600.0,67.03599719,24.84418733,Travel & Lodging,Travel Agencies,Transportation service,Open,+92 327 2089510,umairmovers.com,3.8,5.0,29.86,,03-2025
33fd15cf47097a5740259a742b479f6c,SairSpata,Punjab,Gujrat,"1st Floor, Chowk, Zahid Plaza, GTS Rd, Bakhshupura, Gujrat, 50700, Pakistan",50700.0,74.07174483,32.56781952,Travel & Lodging,Travel Agencies,Tour agency,Open 24 hours,+92 345 8605719,sairspata.com,5.0,17.0,22.83,,03-2025
f9c4b7f71c28382c41d11d7171f9b315,Rego Travel Gilgit Baltistan,South Asia,Skardu,"Rego autos, Jama Masjid Rd, near shaheed aamir chowk, Kargrong, Skardu, 16000",16000.0,75.63542973,35.2926186,Travel & Lodging,Travel Agencies,Travel agency,Open 24 hours,+92 303 8257579,regotravelgilgitbaltistan.com,5.0,5.0,22.14,,03-2025
7a0204e685d3b855233a1ecec78b12cb,Cultural Voyagers,Punjab,Rawalpindi,"39 Corniche Road, Phase 4 Bahria Town, Rawalpindi, 44000, Pakistan",44000.0,73.13346357,33.54663139,Travel & Lodging,Travel Agencies,Tour agency,Open,+92 300 8188583,culturalvoyagers.com,4.6,105.0,26.14,,03-2025
80e3eb060ea21befcf468b927d9a7a35,Neelum Trekkers Club,Islamabad Capital Territory,Islamabad,"Office 09 Street 4, G-13/3 G 13/3 G-13, Islamabad, 44220, Pakistan",44220,72.96059318,33.6554757,Travel & Lodging,Travel Agencies,Sightseeing tour agency,Open 24 hours,+92 355 7601919,neelumtrekkersclub.com,5.0,29.0,33.57,,03-2025
afc09726bccfe6ad568d9d626141c9bc,Pak Life Cargo car carrier service,UC-2 Darsanno Channo,Karachi,"Office 202,Dominion center 2, Main Jinnah Ave, Bahria Town Karachi, Karachi, 75340, Pakistan",75340,67.31137541,25.00015213,Travel & Lodging,Travel Agencies,Transportation service,Open,+92 312 2262581,paklifecargo.com,4.8,205.0,31.14,,03-2025
78b8d998c2f8f389a04a109077ac83c6,Sawera Travels Sherpao,Tangi,Sherpao,"Sohaib Markeet, bazar, Sherpao, 24530, Pakistan",24530.0,71.69944015,34.27051821,Travel & Lodging,Travel Agencies,Travel agency,Open 24 hours,+92 345 9090790,facebook.com,4.5,6.0,31.43,,03-2025
f8269f3d2a1f6a43a61e6ac958c5847a,Noor e Arab Travel & Tours,Pakistan,Pahar Pur Thal,"Kot Addu-Layyah Road, Pahar Pur Thal, 31651, Pakistan",31651.0,70.94041629,30.69662194,Travel & Lodging,Travel Agencies,Travel agency,Open 24 hours,+92 300 5521005,noorearab.com.pk,5.0,2.0,27.17,,03-2025
87bc905bd0b0813e8a5899b29f2f9540,Jam cargo & Trailer service,Sadiqabad,Sadiqabad,"Sadiqabad, 64350, Pakistan",64350.0,70.05074077,28.28691272,Travel & Lodging,Travel Agencies,Transportation service,Open 24 hours,+92 68 5786170,ww.jamcargo.com,5.0,1.0,24.86,,03-2025
660d99bc6db8f4a29c4123e196c6b68b,Abdus Salam Salam,Swat,Matta,"Mera، Mandur Road Kharirai, Matta, 19040, Pakistan",19040,72.40459634,34.94123859,Travel & Lodging,Travel Agencies,Tourist information center,Open 24 hours,+92 343 8090175,salamppsk2014-bussiness.site,4.8,8.0,26.71,,03-2025
a17f7eb19fd0f52c9e55b8bc07cde631,FLY DUBAI TRAVELS AND TOURS,Pakistan,Faisalabad,"BUSINESS CENTER, OFFICE#1, Regency Rd, Faisalabad, 38000, Pakistan",38000,73.08688416,31.42082845,Travel & Lodging,Travel Agencies,Travel agency,Open,+92 300 6647182,,4.2,190.0,61.5,People typically spend up to 1 hour here,03-2025
d8b24b6fcb4e53501c9d4ed64162531c,Al-Karam Travels (Private) Limited,UC-4 City Railway Colony,Karachi,"07, Business Plaza, Mumtaz Hassan Rd, off I.I Chundrigar Road, Lalazar, Karachi, 57600, Pakistan",57600,66.99760649,24.84751551,Travel & Lodging,Travel Agencies,Travel agency,Open,+92 21 32417477,alkaram.pk,3.8,35.0,,People typically spend up to 4 hours here,03-2025
74705b97963452a8271541519fda3e71,Fare Makers,Shahbaz Commercial Area,Karachi,"Office No. 3 Plot No.16-C، near Pizza Hut, D.H.A Phase 6 Shahbaz Commercial Area Phase 6 Defence Housing Authority, Karachi, 75500, Pakistan",75500.0,67.05969766,24.80891518,Travel & Lodging,Travel Agencies,Travel agency,Open,+92 311 1147111,faremakers.com,3.8,145.0,58.67,,03-2025
c83a50c5b3884566bf4ae5bc4bd77c2a,Magpie Tours,Hunza Nagar,Ali Abad,"College Rd, Aliabad, Ali Abad, 15600",15600.0,74.61235772,36.31308412,Travel & Lodging,Travel Agencies,Sightseeing tour agency,Open 24 hours,+92 355 4212624,magpietours.com.pk,5.0,1.0,22.33,,03-2025
a92ec3e39cc70468f7f9d3476042491b,Rizwan International Travel & Tours,UC-1 Bhutta Village,Karachi,"No # N, Head Office Shop, 24 Street 5, near Govt School Genrealabad, near Govt School, Block 1 Clifton, Karachi, 75600, Pakistan",75600.0,66.99817476,24.81899139,Travel & Lodging,Travel Agencies,Travel agency,Open,+92 313 9298092,rizwaninternationaltravel.com.pk,5.0,2.0,28.71,,03-2025
ce3c97f0e712f16766e7693ec85d3f32,SHAKEEL TOURS & TRAVELS,Gilgit,Gilgit,"Maliki, Amphary Maliki Hat Danyore Gilgit Sector A, Road, Gilgit, 15100",15100.0,74.37955634,35.9241886,Travel & Lodging,Travel Agencies,Tour operator,Open 24 hours,+92 355 5023655,app.operatorportal.com,5.0,1.0,27.29,,03-2025
2c72f7f9c7ced1af933c4423e1f103ab,Lets Travel N Tour,Punjab,Lahore,"32 C, Commercial Area Cavalry Ground, Lahore, 54000, Pakistan",54000.0,74.3609795,31.50196419,Travel & Lodging,Travel Agencies,Travel agency,Open,+92 300 8490111,letsholiday.pk,4.7,93.0,36.71,,03-2025
14b1dcd65275c687026af2e490bcb0dc,Traveler Mian Waqar,Punjab,Lahore,"House # E-207/4, Floor 3, Street # 7, Walton Rd, Al-Noor Town Cantt, Lahore, 54810, Pakistan",54810.0,74.35715725,31.47241729,Travel & Lodging,Travel Agencies,Tourist information center,Open 24 hours,+92 355 4645830,youtube.com,5.0,1.0,31.0,,03-2025
10ea67e50a6846fbbb01fab7b7b4cd43,Araz Tour And Travels,Pakistan,Peshawar,"UG 344, Deans Trade Center, Peshawar Cantonment, Peshawar, 25000, Pakistan",25000.0,71.53859641,33.99986489,Travel & Lodging,Travel Agencies,Travel agency,Open 24 hours,+92 321 9003919,araztours.com,5.0,1.0,32.67,,03-2025
19142b54bb4345633a3f3e8616d37779,Pak Abbasi Cargo Container Services,Punjab,Lahore,"Outside Madina Electric Market, near Railway Bookibg Agency, Shahalmi, Circular Rd, Mochi Gate Walled City of Lahore, Lahore, 54000, Pakistan",54000.0,74.31559453,31.57615814,Travel & Lodging,Travel Agencies,Transportation service,Open 24 hours,+92 309 8787347,facebook.com,5.0,1.0,25.0,,03-2025
bb05af2bf82b9e247ff00a481e453fa4,Expert Aviation services,Sahiwal Tehsil,Sahiwal,"184 B 1 Hali Rd, Sahiwal, 57000, Pakistan",57000.0,73.10501276,30.66803792,Travel & Lodging,Travel Agencies,Travel agency,Open,+92 300 9693936,faysalbinabdulaziz.com,4.0,3.0,28.5,,03-2025
0556d030ad92c9e2c5fef5b569a86221,Kirmani Travel & Tours Pvt.Ltd,Punjab,Lahore,"Office G18 & G21, Hill View Arcade, 5 Davis Road, Muhammad Nagar Garhi Shahu, Lahore, 54000, Pakistan",54000.0,74.33438337,31.56220961,Travel & Lodging,Travel Agencies,Travel agency,Open,+92 304 3355888,kirmanitravel.com,4.8,4.0,25.83,,03-2025
40a7b1a7d5347f6502ab45daa18a884e,Mehman.pk,Punjab,Lahore,"2nd Floor Al Fajar Building 19 Abbott Road Garhi, Shahu, Lahore, 54000, Pakistan",54000.0,74.32915082,31.56428482,Travel & Lodging,Travel Agencies,Travel agency,Open 24 hours,+92 325 4888818,mehman.pk,4.2,18.0,32.17,,03-2025
7cb48310159f67b2754812958c44133a,Faremakers,Pakistan,Lahore,"Commercial Complex، Office No. 3, Cantt, Abid Majeed Rd, Cantt, Lahore, 54000, Pakistan",54000.0,74.37061143,31.52203377,Travel & Lodging,Travel Agencies,Travel agency,Open,+92 311 1147111,faremakers.com,4.1,62.0,39.83,,03-2025
fec2d04cfa0de70b74665926277c003c,PanjPeer,Pakistan,Lahore,"10 A, Comercial, Gulbahar Society, Canal Road, 2 KM From Thokar, 54000, Pakistan",54000,74.22505171,31.45452446,Travel & Lodging,Travel Agencies,Tour agency,Open 24 hours,+92 322 7622722,panjpeer.com,4.8,143.0,33.57,,03-2025
82d277613463a3e6a0800361d3da2fc7,Rajput Travels Rathore Group,Punjab,Multan,"Plot 217, behind Ac Bus Stand, VEHARI CHOWK Tughlaq Town, Multan, 60000, Pakistan",60000.0,71.50849322,30.17793989,Travel & Lodging,Travel Agencies,Transportation service,Open 24 hours,+92 317 7224444,rajputtravel.pk,3.7,61.0,37.71,,03-2025
e4b28a1793cf197770c3a555b8e38dc9,Tour De Pakistan,Satellite Town,Rawalpindi,"NA 409 New Malpur, &th Road, Satellite Town, Rawalpindi, 46300, Pakistan",46300.0,73.07009468,33.64410346,Travel & Lodging,Travel Agencies,Travel agency,Open 24 hours,+92 333 0369127,tourdepakistan.site.live,3.0,4.0,22.14,,03-2025
3a998313ff8d05bf02486265d5d3abdc,Gypsy Traces & Tours (Pvt) Ltd,Sector D,Islamabad,"Flat 6D-1, Askari Towers 2 Rd, Sector D DHA Phase II, Islamabad, 44000, Pakistan",44000,73.16978523,33.54035924,Travel & Lodging,Travel Agencies,Tour operator,Open 24 hours,+92 300 5429539,gypsytours.pk,5.0,16.0,26.17,,03-2025
0d0fe9fa869f600d17756d27684cac16,Travel Today INT,Pakistan,Kharian,"Office # 3136, GIGA, World Trade Centre, shop no 4 shoukat plaza, GT Rd, Kharian, 50090, Pakistan",50090,73.87061439,32.80045647,Travel & Lodging,Travel Agencies,Travel agency,Open 24 hours,+92 304 0506602,traveltodayint.com,5.0,1.0,33.83,,03-2025
eaf03eee249f723832cddf420802c8ae,AIR SIAL RESERVATION OFFICE,UC-8 Saddar,Karachi,"Shahra-e-Faisal, Karachi Cantonment Fowler Lines, Karachi, 74000, Pakistan",74000,67.03741889,24.8561219,Travel & Lodging,Travel Agencies,Travel agency,Open,+92 21 111 247 742,airsial.com,4.4,167.0,43.43,,03-2025
05d99f3c149c693be817036e7263dea5,Exploria Tours,Islamabad Capital Territory,Islamabad,"Office# 598، Main Kurram Road, G-9/1 G 9/1 G-9, Islamabad, 44090, Pakistan",44090,73.02301412,33.68442763,Travel & Lodging,Travel Agencies,Tour operator,Open 24 hours,+92 349 5966540,exploria.pk,4.9,50.0,31.17,,03-2025
9c8c0789ee22b36b9b6f134d93223f89,New Royal Air Travel,Sheikhupura,Sheikhupura,"First Floor Office, Virk complex, MCB Bank, 1 Batti Chowk, Mohalla Hanjran Wala, Sheikhupura, 54000, Pakistan",54000.0,73.99237954,31.71196464,Travel & Lodging,Travel Agencies,Travel agency,Open 24 hours,+92 321 4837034,nrats.com,4.8,8.0,28.14,,03-2025
569a6b52601a37ba9e924a7c94a968e0,AIRGO (PVT.) LTD,Rawalpindi Tehsil,Rawalpindi,"Office No 5, Plaza No 12, Commercial Market, Chaklala Scheme 3 Chaklala Housing Scheme 3, Rawalpindi, 46000, Pakistan",46000.0,73.08656078,33.58592119,Travel & Lodging,Travel Agencies,Travel agency,Open 24 hours,+92 300 3307828,fb.me,4.5,13.0,35.14,,03-2025
8fe135edde86778d7a3145dbc982031d,Saba Travels,Rahim Yar Khan Tehsil,Rahim Yar Khan,"Iqbal Complex, near Town Hall, Rahim Yar Khan, 64200, Pakistan",64200.0,70.30963423,28.42203271,Travel & Lodging,Travel Agencies,Travel agency,Open,+92 68 5871248,sabatravel.pk,3.9,27.0,46.71,,03-2025
a75e9ad138e1886e5febfb95d5445f4e,Beautiful Pakistan Travel Tour,UC-6 Gillani Railway Station,Karachi,"Main University Rd, Block 13 C Gulshan-e-Iqbal, Karachi, 75300, Pakistan",75300.0,67.08394263,24.91104077,Travel & Lodging,Travel Agencies,Travel agency,Open 24 hours,+92 300 3376677,facebook.com,5.0,4.0,22.71,,03-2025
09711ec69ef957d8b7dbf24855ed15e9,Shureem Travel & Tours (Pvt) Ltd,UC-5 Naseerabad,Karachi,"ST 8C Office Number B.6 1/2 Block 7 Maymar Center, Federal B Area Block 7 Gulberg Town, Karachi, 75950, Pakistan",75950.0,67.06124047,24.9257511,Travel & Lodging,Travel Agencies,Travel agency,Open,+92 345 2452432,facebook.com,5.0,1.0,32.29,,03-2025
6a9aba12238b7e56ab6d9d7d751ad4c7,Motorway Express Peshawar,Pakistan,Peshawar,"Mian, Nasir Bagh Rd, opposite Naseer Teaching Hospital, near Police Colony, Malakandher, Peshawar, 25000, Pakistan",25000.0,71.4579659,34.00991984,Travel & Lodging,Travel Agencies,Travel agency,Open,+92 311 0222266,,4.2,1214.0,52.57,People typically spend up to 30 min here,03-2025
9f4bef4d1550fa610b423afc9a451174,JetPakistan Travel Agency in Lahore Offers Umrah Packages Ticketing,Punjab,Lahore,"130 Lahore – Kasur Rd, Ichhra Lahore, 54000, Pakistan",54000.0,74.31780479,31.53369252,Travel & Lodging,Travel Agencies,Travel agency,Open 24 hours,+92 311 1222427,jetpakistan.com,4.6,15.0,35.29,,03-2025
7fb19bd56b05d89e8a02da1b6100b3f9,Wild Mountain Explorers Pakistan,Hunza Nagar,Hunza Nagar,"Borith Lake Rd, Gojal Hunza, 15100",15100.0,74.60858913,36.29810349,Travel & Lodging,Travel Agencies,Tourist information center,Open 24 hours,+92 312 0228157,facebook.com,5.0,1.0,20.86,,03-2025
35a245667f25e608a000413c8a6bf759,A.S.B Travel & Tours (PVT.)LTD.,Punjab,Multan,"Office# 8-9 Hajveri Arcade, Katchehry Road،, Khawajabad, Multan, 60000, Pakistan",60000.0,71.45892055,30.20338851,Travel & Lodging,Travel Agencies,Travel agency,Open,+92 300 7383886,asbtravels.pk,4.3,14.0,37.17,,03-2025
762378d639c4789830b23a9c6fbe9ea5,US Trips n Tours by Umar Siddiqui,Taraf Mubarik Doim,Multan,"Babe Hamza H No 532, Wahdat Colony Rashidabad, Multan, 66000, Pakistan",66000.0,71.48659037,30.20448892,Travel & Lodging,Travel Agencies,Tour operator,Open 24 hours,+92 300 8738777,instagram.com,4.9,98.0,34.71,,03-2025
db9047e96d5efc0c746fc22170663177,Flying Zone International (GSA Holiday By FLY DUBAI),Pakistan,Faisalabad,"Business Center, Office # 1, 8/8, Regency Rd, Faisalabad, 38000, Pakistan",38000.0,73.08681164,31.42083617,Travel & Lodging,Travel Agencies,Travel agency,Open,+92 321 9654100,flyingzon.com,4.6,61.0,26.43,,03-2025
d0abd3bbc2da8b752478c4bf8839e393,KENT TRAVEL AND TOURS,Warriach,Rahwali Cantonments,"Dar Market, SUGAR MILL CHOWK, Green Town, Rahwali Cantonments, 52250, Pakistan",52250.0,74.16085856,32.24440582,Travel & Lodging,Travel Agencies,Travel agency,Open,+92 333 8191510,kenttravo2.odoo.com,5.0,10.0,29.57,,03-2025
ea159493c76c185b71a3977c468ea2f7,North Gateways Tour & Travels,Islamabad Capital Territory,Islamabad,"Office #05, 2nd Floor, Huzaifa Center, Markaz, I-8 Markaz I 8 Markaz I-8, Islamabad, 44790, Pakistan",44790.0,73.0724472,33.66905967,Travel & Lodging,Travel Agencies,Tour operator,Open 24 hours,+92 306 8688846,northgateways.com,4.9,152.0,31.0,,03-2025
33095c2ab031cdc8f3c3d8e77600cc61,Irfan Travels and Tours,Gilgit,Gilgit,"Alamdar road, Gilgit, 05811",5811.0,74.37619413,35.9198611,Travel & Lodging,Travel Agencies,Travel agency,Open 24 hours,+92 344 4996114,6272794d29662.site123.me,4.4,7.0,30.71,,03-2025
cc41c25a936a0cc71011280a7a50ccbc,Sentinels Travel and Tours,Sector C,Islamabad,"Plaza 17, Fasst Tower, A Commercial Iqbal Boulevard, Sector C Sector A DHA Phase II, Islamabad, 44000, Pakistan",44000.0,73.1535089,33.52617423,Travel & Lodging,Travel Agencies,Travel agency,Open 24 hours,+92 332 5588804,sentinelstravel.com,4.8,97.0,31.0,,03-2025
b38aca16b6aba2048eff9cb270e040cd,Butt Tour Organizer,Islamabad Capital Territory,Islamabad,"Saz Hotel, Zarkon Heights, Jammu & Kashmir Housing Society G 15/4 G-15, Islamabad, 44000, Pakistan",44000.0,72.92416362,33.63706612,Travel & Lodging,Travel Agencies,Tour operator,Open 24 hours,+92 301 8557730,butttourorganizer.com,4.5,211.0,31.14,,03-2025
f13e4f1fe6b604dd5ed36474371171ab,Karwan-e-Izhar-ul-Islam Hajj & Umrah Services Pvt Ltd.,Rawalpindi Tehsil,Rawalpindi,"Office#1, Street#1, Farooq-e-Azam Rd, Model Colony Shamsabad, Rawalpindi, 46000, Pakistan",46000.0,73.09123092,33.64606563,Travel & Lodging,Travel Agencies,Travel agency,Open 24 hours,+92 51 111 999 099,kiitravels.com,4.3,69.0,34.0,,03-2025
c2f587328951d94391e9b0e7612a1276,Talal Goods Transport Company Karachi,UC-4 Baba Bhitt,Karachi,"Plot No 639 1st Folor Room, Hoxbay oad Gate No 3, 1 Mauripur Rd, near Khowaja Imail Hotel Goll Market Ghamkol Bulding, Karachi, 62000, Pakistan",62000.0,66.95186961,24.86834163,Travel & Lodging,Travel Agencies,Transportation service,Open 24 hours,+92 301 8416275,talalgoods.com,4.7,75.0,25.43,,03-2025
c5f7ee27836672f3f366f0be952f3f1b,Al-Shahbaz Bus Terminal,Sargodha,Sargodha,"Fatima Jinnah Rd, opp. General Bus Stand Road, New Satellite Town, Sargodha, 40100, Pakistan",40100,72.69535655,32.07845266,Travel & Lodging,Travel Agencies,Transportation service,Open 24 hours,+92 48 3214965,alshahbaz.com,3.9,855.0,38.86,,03-2025
48231b7b1ae2a4ebf24eb8a494ece51f,House Of Pakistan,Sector A,Islamabad,"Bahria Enclave, A, Sector, Islamabad, 44000, Pakistan",44000,73.2135025,33.69214918,Travel & Lodging,Travel Agencies,Tourist information center,Open 24 hours,+92 300 5006318,houseofpakistan.com,5.0,3.0,21.17,,03-2025
60939fd23b077af5d08e792b6ff540d2,safeena travels,Pakistan,Dera Ismail Khan,"4 South Circular Road، inside laghari gate shop, Dera Ismail Khan, 29050, Pakistan",29050,70.89592255,31.82545118,Travel & Lodging,Travel Agencies,Travel agency,Open,+92 333 9983637,facebook.com,5.0,1.0,27.0,,03-2025
b4c6afcbd677e62f8d458f798a2e3923,Al-Muqarab Holidays,Rawalpindi Tehsil,Rawalpindi,"2 Street 1, Gulrez Phase 2 Gulrez Housing Scheme, Rawalpindi, 46000, Pakistan",46000,73.10369736,33.5621652,Travel & Lodging,Travel Agencies,Tour operator,Open,+92 333 0101571,youtube.com,4.6,360.0,,People typically spend up to 1.5 hours here,03-2025
2901e3002b0afc2c5116d2954714ff21,Metro Cab,Rawalpindi Tehsil,Islamabad,"International Airport Domestic Arrival Counter International Arrival Counter, Islamabad Gandhara International Airport, Islamabad, 44000, Pakistan",44000.0,72.83363738,33.55763956,Travel & Lodging,Travel Agencies,Transportation service,Open 24 hours,+92 300 5557806,metrocab.com.pk,4.1,267.0,35.86,,03-2025
e50558f9eb37097725e0e57ab999be9c,Muslim Weighbridge-1 (Computerized),UC-6 Mauri Pur,Karachi,"Plot no- 38/1, Musharaf Mor, Hawksbay Road, near Javed Bahria Housing Society, Keamari, Karachi, 74800, Pakistan",74800.0,66.90111318,24.87413765,Travel & Lodging,Checking & Baggage,Weigh station,Open 24 hours,+92 301 8233227,muslimweighbridge.com.pk,4.7,16.0,35.57,,03-2025
1e32f97edbe6b84d586ae732ee4f11b4,Mohra Chowk travel & tours pvt Ltd,Taxila,Mohra chowk,"Mohra chowk hazara road Hassan abdal 43730 Mohra chowk main hazara road hassan abdal, Mohra chowk, 43730, Pakistan",43730,72.72513891,33.83516745,Travel & Lodging,Travel Agencies,Travel agency,Open,+92 300 5681786,facebook.com,4.1,10.0,,People typically spend up to 3 hours here,03-2025
57c6cbb05e2600d88b0df33e844e372e,Traveloguers,Sector F,Islamabad,"Business Bay Commercial, Sector F DHA Phase 1, Islamabad, 45730, Pakistan",45730,73.08791236,33.52022442,Travel & Lodging,Travel Agencies,Tour operator,Open 24 hours,+92 311 1070777,traveloguers.com,5.0,8.0,26.57,,03-2025
6c33ff847652a0d36d59114fc184aaeb,Asif Brothers Chicks delivery and mini goods,Rahim Yar Khan Tehsil,Rahim Yar Khan,"Thali Chowk bypass, road, Rahim Yar Khan, 64200, Pakistan",64200,70.28673957,28.43651555,Travel & Lodging,Travel Agencies,Transportation service,Open 24 hours,+92 301 7629513,fb.me,3.0,4.0,23.14,,03-2025
26ce87dc41f56916edcbaa749a9ab0e4,Road Master Bus Terminal Lahore,Pakistan,Lahore,"J Block Block J Gulshan-e-Ravi, Lahore, 54000, Pakistan",54000,74.26591277,31.54819288,Travel & Lodging,Travel Agencies,Transportation service,Open 24 hours,+92 310 1722822,roadmaster.pk,4.5,5506.0,45.29,,03-2025
065be35e9e2a800a3d59bfd107ddfa63,Qaumi Digital Scales,Pakistan,Faisalabad,"Main Samundri Road, near MCB Bank, Batala Colony, Faisalabad, 38000, Pakistan",38000,73.08075085,31.40189673,Travel & Lodging,Checking & Baggage,Weigh station,Open,+92 321 6677148,qaumidigitalscales.com,4.0,53.0,61.17,,03-2025
4da91934762d465612053ac9e304b210,Lahore City Guided Tours,Punjab,Lahore,"H.#51. ST.# 7, Mian Barkat Colony, Rd, Daroghawala H.#51. St.# 7, Main Barkat Colony, Rd, Daroghawala, Lahore, 54920, Pakistan",54920.0,74.40476879,31.58218874,Travel & Lodging,Travel Agencies,Tour operator,Open,+92 333 4033331,pakistanguidedtours.pk,5.0,100.0,35.57,,03-2025
6481916298b1f3d7d8bef80f396137cf,Suchi International Travels And Tours | Bosan Road Multan,Taraf Mubarik Doim,Multan,"Chungi No.9, Bosan Rd, near La Salle School, Chah Usmanabad, Multan, 66000, Pakistan",66000.0,71.46871526,30.20973955,Travel & Lodging,Travel Agencies,Travel agency,Open,+92 333 7655856,suchitravelsandtours.com,4.9,9.0,19.43,,03-2025
d960afea4b094007a3d422354daf8cd1,Faisal Movers Sargodha,Muradabad,Sargodha,"larri adda, Muradabad Muradabad Colony, Sargodha, 40100, Pakistan",40100,72.69473211,32.06219279,Travel & Lodging,Travel Agencies,Transportation service,Open 24 hours,+92 315 2552222,faisalmovers.com,4.2,1071.0,36.57,,03-2025
012b414f55cc30169a1af5e754f08fde,Meezab Group,Punjab,Lahore,"Sf-6 hill view Arcade, 5 Davis Road, Muhammad Nagar Garhi Shahu, Lahore, 54000, Pakistan",54000,74.33449844,31.56189692,Travel & Lodging,Travel Agencies,Travel agency,Open,+92 42 36293007,meezabgroup.com,4.4,245.0,52.0,,03-2025
ad2f5885ca126cc4824350a07988b797,Sastaticket.pk,UC-7 P.e.c.h.s 2,Karachi,"Adam Arcade, 1A, Main Shaheed-e-Millat Rd, BMCHS Sharafabad, Karachi, Pakistan",,67.06204811,24.88031394,Travel & Lodging,Travel Agencies,Travel agency,Open 24 hours,+92 21 111 172 782,sastaticket.pk,4.1,684.0,49.0,People typically spend up to 1.5 hours here,03-2025
dd7da208d273161d4d2b53bb3617ffb2,B.S.A transport service,Karachi City,Karachi,"yousuf, C.56, Shahrah-e-Pakistan, Federal B Area Block 16 bl 16, Karachi, 75950, Pakistan",75950.0,67.07758386,24.93967448,Travel & Lodging,Travel Agencies,Transportation service,Open,+92 335 0354174,bsatransport.com,4.4,7.0,26.86,,03-2025
038b412aeccaab6ff4c4cbfc02815b2e,Mashabrum Daewoo Service/ Mashabrum Tours,Rawalpindi Tehsil,Rawalpindi,"Stand # 1 Pirwadhai Bus Stand, Pirwadhai, Rawalpindi, 46000, Pakistan",46000.0,73.03956955,33.62954291,Travel & Lodging,Travel Agencies,Transportation service,Open 24 hours,+92 312 9511195,facebook.com,3.8,155.0,30.0,,03-2025
c494fd496a16a5bab5328b86dacb271d,babu jan travel,UC-4 Matroville,Karachi,"block 3 Metroville Rd, Metroville Sindh Industrial Trading Estate, Karachi, 75840, Pakistan",75840.0,66.99760755,24.91994217,Travel & Lodging,Travel Agencies,Travel agency,Open 24 hours,+92 314 2353851,facebook.com,5.0,6.0,37.29,,03-2025
69a897cd322843c31759362ab61f8327,Zikra Travels,Islamabad Capital Territory,Islamabad,"121-B Street 08, Block B Multi Gardens B-17, Islamabad, 44000, Pakistan",44000.0,72.83237392,33.69148287,Travel & Lodging,Travel Agencies,Travel agency,Open,+92 315 5630949,facebook.com,4.2,5.0,34.86,,03-2025
23afa418aa6fa6af4ca1a268f2e0562c,Avion Travel & Tours,Saroki,Gujrat,"Rehman Shaheed Rd, Shadman Colony, Gujrat, 50700, Pakistan",50700.0,74.06444283,32.5860115,Travel & Lodging,Travel Agencies,Travel agency,Open,+92 332 0483077,facebook.com,4.6,16.0,36.43,,03-2025
2229a5092872976dcb15c130f5bbe195,Port Services Limited.,Sialkot,Sambrial,"Sialkot Dry Port Sialkot, Fazalpura, Sambrial, 51070, Pakistan",51070,74.37030192,32.47874795,Travel & Lodging,Travel Agencies,Transportation service,Open 24 hours,+92 333 6077655,portservices.com.pk,3.6,8.0,30.29,,03-2025
70d6b23b7da9c6e735cda597d978a109,Al-Shirawi Travel & Tours,Punjab,Bahawalpur,"17- Aziz Plaza, Circular Rd, Old City Bahawalpur, Bahawalpur, 63100, Pakistan",63100,71.67974964,29.39367816,Travel & Lodging,Travel Agencies,Travel agency,Open,+92 62 2005874,alshirawitravels.blogspot.com,4.3,3.0,23.57,,03-2025
69365710d2bb7f55dcba7a0d06a93288,New Arfat international Travels And Tours,Pakistan,Phalia,"Helan road, Phalia, 50430, Pakistan",50430,73.57828782,32.4317544,Travel & Lodging,Travel Agencies,Travel agency,Open,+92 546 586030,facebook.com,4.3,6.0,27.43,,03-2025
2777adf10fe0d774d23b29b3d9d9b244,Bhullay Shah Travels & Tours (Pvt.) Ltd.,Railway Park,Kasur,"Chandani Chowk, Aziz Plaza, Railway Rd, Railway Park, Kasur, 55050, Pakistan",55050,74.44229682,31.1197653,Travel & Lodging,Travel Agencies,Travel agency,Open,+92 300 4456220,bhullayshahtravels.com,4.1,34.0,46.17,,03-2025
3832f4d34c1e058678ab0a37dc15a5fd,Babar Weighbridge Korangi,UC-7 Ajmeer Colony,Karachi,"Plot No. 4/85 Korangi Industrial Area Sector 21, Karachi, 74900, Pakistan",74900,67.18424633,24.85236663,Travel & Lodging,Checking & Baggage,Weigh station,Open 24 hours,+92 21 35000710,babarweighbridge.com,3.6,9.0,39.57,,03-2025
a9618d25466b9b56daeafd92cb331a47,Sakrani Travel & Tours,Pakistan,Hyderabad,"Sakhi wahab shopping center, Main Chandni Road, Saddar, Hyderabad, 71000, Pakistan",71000,68.36136181,25.38993066,Travel & Lodging,Travel Agencies,Tour operator,Open 24 hours,+92 314 2822222,sakranitraveltours.com,5.0,10.0,26.29,,03-2025
9567aa04df8cbe568a7237fc2a8d458f,ZF TRAVEL & TOUR SERVICES,Pakistan,Faisalabad,"KM Centre, Plaza Sargodha Rd, near Mian Trust Hospital, near Lari Adda, Faisalabad, 38000, Pakistan",38000.0,73.08862672,31.4252622,Travel & Lodging,Travel Agencies,Travel agency,Open 24 hours,+92 341 4257040,facebook.com,5.0,1.0,24.57,,03-2025
cd47f0eb7b3c98230378f89890279b15,Rinor (SMC-PVT) LTD,South Asia,Skardu,"Jama Masjid Rd, Kargrong, Skardu, 16100",16100.0,75.63500843,35.29694514,Travel & Lodging,Travel Agencies,Travel agency,Open,+92 58154 57424,rinor.pk,4.7,77.0,30.71,,03-2025
2053f78b42e767dabaa62f1afda5f68e,O.S Travel & Tours,Islamabad Capital Territory,Islamabad,"Office # 3, Aaly Plaza, Fazal-e-Haq Road, Block E G 6/2 Blue Area, Islamabad, 44000, Pakistan",44000.0,73.07078596,33.71784219,Travel & Lodging,Travel Agencies,Travel agency,Open,+92 51 2120701,ostravels.com,4.7,100.0,38.5,,03-2025
4d9d38894fbb8e6f546b7c77fb6870f4,fahad brothers goods and car carriers services,Punjab,Lahore,"18km Multan Rd, Kot Gujra, Lahore, 66000, Pakistan",66000.0,74.2007283,31.44752089,Travel & Lodging,Travel Agencies,Transportation service,Open 24 hours,+92 300 4674114,fahadbrotherscarcarriers.com,4.9,62.0,32.86,,03-2025
404b4d80d684394b384771717174dc76,Kumrat Tourism Pvt Limited,Block H,Islamabad,"Office #02.third Floor, Masco plaza, 64 West Jinnah Ave, Block H G 7/2 Blue Area, Islamabad, 44000, Pakistan",44000.0,73.05781385,33.71168536,Travel & Lodging,Travel Agencies,Tourist information center,Open 24 hours,+92 310 0007325,kumrattourism.com,5.0,46.0,23.71,,03-2025
6bdaaf11320307c8ffe961ac075556d5,Potential Pakistan Tours and Photography,UC-10 Clifton,Karachi,"3rd Avenue، Off Shahrah-e-Iran, Block 5 Clifton, Karachi, 74600, Pakistan",74600.0,67.02736969,24.82075472,Travel & Lodging,Travel Agencies,Tour operator,Open,+92 340 5172321,instagram.com,4.9,34.0,39.14,,03-2025
9de70037dd0d1f6e4c248467c6572753,Junaidi Air Travels & Tours (PVT) LTD.,UC-10 Jamshed Qurts,Karachi,"Mona Square, Suite No 7-8, Jehangir Rd, near Kanzul Iman Masjid, Jamshed Quarters, Karachi, Pakistan",,67.03746889,24.88223332,Travel & Lodging,Travel Agencies,Travel agency,Open,+92 21 34130184,junaidigroup.com,4.6,198.0,45.67,People typically spend up to 2 hours here,03-2025
d553629ede5bdcabaf8d53e56a6b9789,Bin Amin Travel & Tours,Pakistan,Lahore,"E Ravi, A Block Block A Ghulshan, Lahore, 54000, Pakistan",54000.0,74.28172749,31.54962425,Travel & Lodging,Travel Agencies,Travel agency,Open 24 hours,+92 323 4729948,binamintours.com,4.8,8.0,20.17,,03-2025
361a7230fefb06d9fe49d7ec4bef3887,DHA CAREEM,Sindh,Karachi,"1 Khayaban-e-Saadi, Phase 7 Ext Karachi, 75500, Pakistan",75500,67.07227977,24.83119761,Travel & Lodging,Travel Agencies,Transportation service,Open,+92 301 8746175,careem.com,3.7,42.0,68.83,,03-2025
12a6ffce8f743083d103991d943d7dbd,Peshawar Travel Services,Pakistan,Peshawar,"UG Office، Deans Plaza، near statebank, Peshawar Cantonment, Peshawar, 25000, Pakistan",25000,71.54304494,34.00060647,Travel & Lodging,Travel Agencies,Travel agency,Open 24 hours,+92 355 8270301,wa.me,4.6,8.0,16.14,,03-2025
daf7f73006aeb70880c2ef3502c898d7,Disney Tours and Travels,Rehman Pura,Lahore,"First Floor, Latif Center, 117 Lahore – Kasur Rd, Ichhra Lahore, 54600, Pakistan",54600,74.31933818,31.53097842,Travel & Lodging,Travel Agencies,Travel agency,Open,+92 307 7770360,disney.pk,4.8,10.0,31.57,,03-2025
966c5ceace5dd600d7fec96b52406809,Fly Must Travel,Punjab,Lahore,"147 M, Block M Phase 2 Johar Town, Lahore, 54000, Pakistan",54000,74.27098046,31.46865459,Travel & Lodging,Travel Agencies,Travel agency,Open 24 hours,+92 42 33336878,flymust.com,4.4,92.0,31.43,,03-2025
b33fdef4ad113050cf9ef34a8bbdc796,GB Sky Travels And Tours,South Asia,Skardu,"Sundus skardu, Skardu, 16100",16100,75.62512872,35.3020078,Travel & Lodging,Travel Agencies,Travel agency,Open 24 hours,+92 344 4366663,gbskytravelsandtours.blogspot.com,4.0,4.0,32.86,,03-2025
f69624e28d8e3a2d69ccd0bcf18a7f55,Fast Express Travels & Tours,Punjab,Chakwal,"1st Floor, Ejaz Plaza, Talagang Hwy, Chakwal, 48800, Pakistan",48800.0,72.85865181,32.93267851,Travel & Lodging,Travel Agencies,Travel agency,Open,+92 331 5785341,facebook.com,5.0,5.0,42.14,,03-2025
377a4a3b279739ec9cb8c235e0d7b23f,Sania Express Lahore,Pakistan,Lahore,"Abdullah Travels, Kot Kamboh Lahore, 54700, Pakistan",54700.0,74.26879775,31.53699444,Travel & Lodging,Travel Agencies,Transportation service,Open 24 hours,+92 311 1444287,pkbuses.com,3.9,1855.0,51.29,,03-2025
1c46fc2c4ea752273286c7799ea03f5b,Idea Aviation and Tourism Services,Punjab,Lahore,"LG 12 Hill view arcade, 5a Davis Road, Muhammad Nagar Garhi Shahu, Lahore, 54000, Pakistan",54000.0,74.3344552,31.56198395,Travel & Lodging,Travel Agencies,Tour operator,Open 24 hours,+92 321 4828189,ideatourism.com,4.6,14.0,28.86,,03-2025
430a2aeb1b9bbf1493ce2e57c05ee08e,Crown Travel Swat,Swat Tehsil,Mingora,"New Rd, Malakanan Muhalla Mingora, 19200, Pakistan",19200.0,72.35466354,34.77353172,Travel & Lodging,Travel Agencies,Travel agency,Open,+92 346 9990346,facebook.com,4.9,94.0,43.5,,03-2025
d85ef02bcbeceedd0320586dd62c64fa,Faisal Movers Faizabad Al-Makkah Terminal,Punjab,Rawalpindi,"IJP Road, Faizabad Interchange, I-8, Rawalpindi, 43600, Pakistan",43600.0,73.08048153,33.66181186,Travel & Lodging,Travel Agencies,Transportation service,Open 24 hours,+92 51 111 224 488,faisalmovers.com,4.1,19641.0,48.0,,03-2025
9df881160cfb8b01af208b574e318fe4,iMusafir Travel & Tour,Muzaffarabad,Muzaffarabad,"Ajktours Office، Road، near Granduer Hotel, Baila Noor Shah Muzaffarabad, 13100",13100.0,73.4571892,34.37572354,Travel & Lodging,Travel Agencies,Tourist information center,Open 24 hours,+92 345 5889948,imusafir.pk,4.4,373.0,37.14,,03-2025
bff0988c498f4ae5436cb2f41407758f,PIA Office Lahore,Punjab,Lahore,"PIA Building, Punjab Assembly Hall،, 11 Egerton Rd, near WAPDA House, Garhi Shahu, Lahore, 54000, Pakistan",54000.0,74.32427344,31.56020325,Travel & Lodging,Travel Agencies,Airline ticket agency,Open,+92 42 99036999,piac.com.pk,4.0,2836.0,44.43,,03-2025
f44a99e1e3865a7e9719eb359d98e315,Ahmad Bilal Cargo Goods Transport Company Reg,Pakistan,Lahore,"Manga Manga Mandi, Lahore, 55270, Pakistan",55270.0,74.06315945,31.29315695,Travel & Lodging,Travel Agencies,Transportation service,Open 24 hours,+92 42 35384276,facebook.com,4.5,2.0,32.67,,03-2025
949c16ff96b31d5317224170eeb1e281,Ramiz Travel,Mirpur,Jorryaan,"Jorryaan, 10380",10380.0,73.8439825,33.04206671,Travel & Lodging,Travel Agencies,Travel agency,Open,+92 300 2155555,,5.0,316.0,59.43,People typically spend up to 1 hour here,03-2025
66b995d7d3ad7beb5668acfdf333042c,Pace Adventure Club Pakistan,Khyber Pakhtunkhwa,Harīpur,"Office # 2, Madina Market, opposite Yahya Hospital, Harīpur, GT Road Haripur, Khyber Pakhtunkhwa, 22620, Pakistan",22620,72.92596925,33.99482084,Travel & Lodging,Travel Agencies,Tour operator,Open,+92 334 3166665,paceadventureclub.pk,4.8,9.0,31.14,,03-2025
8e0c581d40a57a6f86e9d0c9abdfccfa,Travel Mentors,Islamabad Capital Territory,Islamabad,"99, Cloud Emporium, Civic Center, Office#3, Islamabad, 44000, Pakistan",44000,73.14792594,33.60208531,Travel & Lodging,Travel Agencies,Travel agency,Open 24 hours,+92 333 5300421,travelmentors.com.pk,4.9,27.0,19.83,,03-2025
dde0562186175fb08e9c3e1c99baaa38,Sanober Travel & Tours (Pvt) Ltd.,Quetta,Quetta,"Office No: GF_16 Civic Business Center, Hali Rd, Model Town, Quetta, 87300, Pakistan",87300,67.01166964,30.20225726,Travel & Lodging,Travel Agencies,Travel agency,Open,+92 81 2826683,sanobertravels94.wixsite.com,4.0,6.0,28.86,,03-2025
d4411a137c76f2ec63a2c3453fdd033d,Dream Vista Travel And Tourism,Sindh,Karachi,"Plot 11C 18th Commercial St, near Ayaz Masjid, D.H.A Phase II Extension Phase 2 Ext Defence Housing Authority, Karachi, 75500, Pakistan",75500.0,67.06620273,24.83392718,Travel & Lodging,Travel Agencies,Travel agency,Open,+92 316 8335620,dreamvistatours.com,4.8,33.0,29.0,,03-2025
ec11c462ad28d6d39ade3fcb7adf390b,Al-Fatah Travels & Tours,Sector XX,Lahore,"4B XX, Khayaban-e-Iqbal Road, Street 20, DHA Phase 3, Lahore, 54000, Pakistan",54000.0,74.35504725,31.47218644,Travel & Lodging,Travel Agencies,Travel agency,Open,,alfatahtravels.com,4.0,396.0,47.83,People typically spend up to 4 hours here,03-2025
28d41dbf1c3aa294c226a7bbc303ffd9,Hunza Trek & Tours,Karimabad,Valley,"Zero Point, Karimabad, Hunza, Valley, 15700",15700,74.66556878,36.31851925,Travel & Lodging,Travel Agencies,Tour operator,Open 24 hours,+92 342 2438355,hunzatrekandtours.com,4.7,33.0,22.14,,03-2025
1e685870cec1ff2fe9314242f4a8649e,Shipton Trek & Tours Pakistan,Skardu,Skardu,"Hameed Garh - Krasmathang Rd, near Raja Petrol Pump, Trasmathung, Skardu, 16100",16100,75.65085487,35.29243935,Travel & Lodging,Travel Agencies,Tour operator,Open,+92 300 4541167,shipton-trekking.com,5.0,3.0,36.8,,03-2025
b0f693b9b597566460e5f2e295d46395,BILAL TRAVEL & TOURS SERVICES (PVT) LTD. (HAJJ & UMRAH SERVICES),Pakistan,Peshawar,"OFFICE#23, 1ST FLOOR Cantt Mall Fakhr e Alam Road, Main Sadder Rd, opposite Green hotel, Peshawar, 25000, Pakistan",25000,71.53967036,34.00041059,Travel & Lodging,Travel Agencies,Travel agency,Open,+92 91 5277445,bilaltravelandtour.com,3.5,51.0,31.43,,03-2025
de270de88090178ceca2ef34dfcac8b8,Harmain Trade Test And Technical Training Center Lahore,Westwood Colony,Lahore,"147 Raiwind Rd, Westwood Colony Lahore, 54000, Pakistan",54000.0,74.23799643,31.46710261,Travel & Lodging,Travel Agencies,Travel agency,Open,+92 320 6464927,,4.0,307.0,58.71,People typically spend up to 2.5 hours here,03-2025
f831778c00f54982749c6d643f2a0ce9,Al-Haramain Travel & Tours,UC-9 Jacob Lines,Karachi,"G-12, Sachi Tower, Muhammad Ali Jinnah Rd, near Numaish, Karachi, Pakistan",,67.03126548,24.87024598,Travel & Lodging,Travel Agencies,Travel agency,Open,+92 21 32782500,alharamaintravels.com,4.6,371.0,50.83,People typically spend up to 2.5 hours here,03-2025
2b0b5a00cb0c952181b0de2e1e78149e,Jas Travel Group,UC-4 City Railway Colony,Karachi,"Beaumont Plaza, Beaumont Rd, Civil Lines Karachi, 75600, Pakistan",75600,67.02149274,24.84489448,Travel & Lodging,Travel Agencies,Travel agency,Open,+92 21 111 000 527,jastravels.com,4.3,75.0,50.83,,03-2025
cda42fbda25b4395371c54bcb598369a,The hiking hunt,Islamabad Capital Territory,Islamabad,"office number 1, Third floor, silver city plaza, G-11 Markaz G 11 Markaz G-11, Islamabad, 44000, Pakistan",44000,72.99414567,33.66854932,Travel & Lodging,Travel Agencies,Tour operator,Open 24 hours,+92 334 8650739,facebook.com,4.9,10.0,24.86,,03-2025
5c231983009847cd72dfcad6540a9c2a,AB Rent A Car,Samanabad Town,Lahore,"118Ac karim, Mola Baksh Rd, New Samanabad Samanabad Town, Lahore, 54570, Pakistan",54570.0,74.30383143,31.53593669,Travel & Lodging,Travel Agencies,Transportation service,Open 24 hours,+92 346 4661264,abrentacar.com,5.0,1.0,29.29,,03-2025
5e28c2b3320be01efae95962d4184db4,HUNZA,Karimabad,Hunza,"Barashal Hunza, 15700",15700.0,74.66285539,36.32596672,Travel & Lodging,Travel Agencies,Travel agency,Open 24 hours,+92 344 9507795,apnatrip.pk,4.8,267.0,37.86,,03-2025
b4af5ddeefb063b91e6386f497decdcc,One Way Goods Transport company,Saddar,Rawalpindi,"LGF Office#9, Rafay Mall, Main Peshawar Rd, Saddar, Rawalpindi, 46000, Pakistan",46000.0,73.05527073,33.58886511,Travel & Lodging,Travel Agencies,Transportation service,Open,+92 336 5366610,facebook.com,4.4,25.0,30.29,,03-2025
f886b1fc3f03c7145b4d58ef64aee83b,Tour with shiraz khan,Swat Tehsil,Swat,"Makan Bagh Mingora, Swat, 19130, Pakistan",19130.0,72.35360495,34.76896369,Travel & Lodging,Travel Agencies,Tour agency,Open,+92 313 9472722,facebook.com,5.0,2.0,36.14,,03-2025
c1c0063ec859ff3cd025a189c063aa9b,Malik Express - Travel Agency in Islamabad,Islamabad Capital Territory,Islamabad,"Office 1-2, Plot, Javed Plaza, 31 West AKM Fazl-ul-Haq Rd, A Block G 6/3 Blue Area, Islamabad, 44000, Pakistan",44000.0,73.08382558,33.72506158,Travel & Lodging,Travel Agencies,Travel agency,Open,+92 51 111 778 800,malikexpress.com,4.6,77.0,,People typically spend up to 4 hours here,03-2025
12c06b0621b7c4a4ed2cd252be851b27,Pakistan Guided Tours,Punjab,Lahore,"H.53, ST 7 Mian Barkat Colony Rd, Shalimar Housing Scheme, Lahore, 54920, Pakistan",54920.0,74.40474693,31.58309665,Travel & Lodging,Travel Agencies,Tour operator,Open,+92 333 4033331,pakistanguidedtours.pk,5.0,89.0,34.0,,03-2025
3220eeefce288d48f2c379be1db9364a,LEEDS Logistics Fleet Yard Site,Punjab,Sham Kot,"Sham Kot, 46000, Pakistan",46000.0,71.85814455,30.32338841,Travel & Lodging,Travel Agencies,Transportation service,Open 24 hours,+92 333 1153337,leeds.pk,4.4,7.0,31.0,,03-2025
e825343351aa283478980abef02d6995,Aura Travel & Tours,UC-8 Saddar,Karachi,"Suit#909, 9th floor, Trade Tower, Abdullah Haroon Rd, opp Services Mess Club karachi Abdullah Haroon, Road, Karachi, 74400, Pakistan",74400.0,67.02665833,24.85128435,Travel & Lodging,Travel Agencies,Travel agency,Open,+92 316 3334012,,4.2,46.0,44.5,People typically spend up to 2 hours here,03-2025
8d0a5ebd42b8499d729f7261ca0e8fa2,Bin Zahid Air Travles,Usmani Mohalla,Mandi Bahauddin,"Old Rasul Rd, near UBL bank, Usmania Mohallah Usmani Mohalla, Mandi Bahauddin, 50400, Pakistan",50400.0,73.49328992,32.58788826,Travel & Lodging,Travel Agencies,Travel agency,Open 24 hours,+92 332 5602728,,4.4,24.0,22.17,People typically spend up to 3.5 hours here,03-2025
0c52e669e83323e07e116f1a974f8cb9,ATM Travel & Tours,Pakistan,Hyderabad,"OFFICE NO 12, SHIFA HEAVEN PLAZA, MAIN Auto Bahn Rd, Latifabad, Hyderabad, 71000, Pakistan",71000.0,68.34345277,25.37578974,Travel & Lodging,Travel Agencies,Travel agency,Open 24 hours,+92 313 3014904,facebook.com,4.0,4.0,32.71,,03-2025
0ccf8eaf83991c0dc58f5175054b2af4,Al Abrar Travels & Tours Bahawalnagar,Pakistan,Bahawalnagar,"park road, near telephone exchange, Bahawalnagar, 62300, Pakistan",62300.0,73.25512091,30.00034764,Travel & Lodging,Travel Agencies,Travel agency,Open,+92 63 2277751,alabrartravelsbwn.com,5.0,1.0,36.86,,03-2025
9e3d595b2da9048068b67070e2d80154,N.A choudhry goods transport co.,UC-4 Baba Bhitt,Karachi,"Plot-321, street#1 gate #4, Mauripur, Karachi, 74780, Pakistan",74780.0,66.95447943,24.86955164,Travel & Lodging,Travel Agencies,Transportation service,Open,+92 21 32354441,nacgtransprot.com,4.2,5.0,32.5,,03-2025
827d55fcdc5e4602aa70df57a1d9ba8d,The Travel Masters,Pakistan,Faisalabad,"Office No. 146, Ground Floor City Mall, Block B People's Colony No 1, Faisalabad, 38000, Pakistan",38000,73.10517865,31.41040076,Travel & Lodging,Travel Agencies,Travel agency,Open 24 hours,+92 322 6249909,thetravelmasters.pk,3.4,5.0,27.83,,03-2025
bf851a29974bcdb60d07aa37d0fe5c49,New World Travel & Tours,UC-8 Saddar,Karachi,"G-252, rex center Saddar Town, Karachi, 74200, Pakistan",74200,67.02727776,24.85444169,Travel & Lodging,Travel Agencies,Travel agency,Open,+92 21 35658395,nwg.com.pk,4.0,37.0,24.83,,03-2025
6654995181186b452da1f65b81d009fa,Bashir Sons Daewoo Toba Tek Singh,Toba Tek Singh,Toba Tek Singh,"Toba Tek Singh, 36050, Pakistan",36050,72.48087227,30.96935863,Travel & Lodging,Travel Agencies,Transportation service,Open 24 hours,+92 301 1012037,bashirsons.com,4.0,745.0,45.86,,03-2025
205b66b975d3bb76411413a14aa0d4c4,"North Pakistan Adventure | Climbing, Trekking, Cultural & Heritage Tours In Pakistan",Islamabad Capital Territory,Islamabad,"House 153, Street 36, G-9/1 G 9/1 G-9, Islamabad, 49000, Pakistan",49000,73.02780341,33.68125217,Travel & Lodging,Travel Agencies,Tour operator,Open 24 hours,+92 344 9477670,north-pakistan.com,5.0,7.0,29.86,,03-2025
2b254f52489959d70f196b74a653883f,Padana Goods Transport Company ( Private),Punjab,Phool Nagar,"Multan Rd, near BABRI MASJID, Phool Nagar, 55260, Pakistan",55260,73.93097396,31.20054456,Travel & Lodging,Travel Agencies,Transportation service,Open 24 hours,+92 303 4442858,facebook.com,4.5,11.0,31.71,,03-2025
11f03c2e33a89752aa83e9d1d5e8f4f1,TourMyPakistan | Travel advisor | Honeymoon Packages Family and Group Tours | Umrah Packages | Northern areas Tour Packages,Saddar,Rawalpindi,"Shop no 7, ground floor، Poonch house, Saddar, Rawalpindi, 44000, Pakistan",44000,73.0518469,33.59556532,Travel & Lodging,Travel Agencies,Tour agency,Open,+92 333 2022029,tourmypakistan.com,4.7,50.0,27.57,,03-2025
b70c1ca0422872a8eaae89413cccb21c,CHKAR LODGING & EXPERIENCES,Islamabad Capital Territory,Islamabad,"Software Technology Park, Service Rd N, I-9/3 I 9/3 I-9, Islamabad, 44000, Pakistan",44000,73.04970759,33.66443929,Travel & Lodging,Travel Agencies,Travel agency,Open 24 hours,+92 345 5497859,pakistantours.chkar.com,4.7,25.0,34.0,,03-2025
9b1188d899c1a4aac7aab2857b9b35ba,Sufa International Travel and Tours (Pvt) Ltd,Pakistan,Lahore,"Office 07, G Floor، Center Point Plaza، Main Boulevard, Block E2 Block E 2 Gulberg III, Lahore, Pakistan",,74.33369893,31.50714276,Travel & Lodging,Travel Agencies,Travel agency,Open,+92 42 111 003 118,sufaint.com,4.2,31.0,35.17,People typically spend up to 4 hours here,03-2025
791623426cb013279814399d80e60931,Discover Pakistan Tours & Trekking,Sector D,Islamabad,"Office-3, 1st Floor, Meezban Plaza, 3-D Main Double Road, PWD Housing Society Sector D PWD Society, Islamabad, 44000, Pakistan",44000,73.1489248,33.57473548,Travel & Lodging,Travel Agencies,Tour operator,Open,+92 323 5459876,discoverpak.com,4.7,108.0,25.57,,03-2025
0d3cf20d4ef8be737f1be26db623e2e5,Dawood Bilal Travel & Tours pvt ltd (Karachi office),UC-6 P.e.c.h.s 1,Karachi,"Office Block 2, Dawood Bilal Travel & Tour, Office NO 01, Plot 42 C, near Tayyaba Masjid, P.E.C.H.S., Karachi, 74500, Pakistan",74500,67.04985674,24.86535268,Travel & Lodging,Travel Agencies,Travel agency,Open,+92 21 34398436,dawoodbilaltravels.com,4.3,122.0,31.57,,03-2025
6eb2f95915f9cfcc082de667a65a7373,PIA Reservation Office Pak Royal Aviation,Sindh,Karachi,"Office 01، plot 4-C Khayaban-e-Ittehad Road, D.H.A. Phase 7 Phase 7 Karachi, 75500, Pakistan",75500,67.07134993,24.83058041,Travel & Lodging,Travel Agencies,Airline ticket agency,Open 24 hours,+92 301 1786666,karvaneroyal.net,3.2,31.0,30.67,,03-2025
c60ed7092b74f5d088fc3c70b9be2372,BANZOOMA OVERSEAS EMPLOYMENT PROMOTERS,Swabi,Swabi,"Muzamil Shah Market, opposite Meezan Bank, Gharibabad Maniri, Swabi, 23430, Pakistan",23430,72.46824768,34.12737016,Travel & Lodging,Travel Agencies,Travel agency,Open,+92 938 222245,banzoomaoep.com,4.0,6.0,43.5,,03-2025
56c6cb31cc009c106e8b9d7fcb9fcebb,Travels Scope - Best Travel Agency in Lahore - Umrah & Tour Packages,Punjab,Lahore,"Office 03, Mall of Gulberg, Main Boulevard Gulberg, Block D1 Gulberg III, Lahore, 54000, Pakistan",54000,74.34083249,31.51457362,Travel & Lodging,Travel Agencies,Travel agency,Open,+92 311 1777236,travelsscope.com,4.4,126.0,,People typically spend up to 3.5 hours here,03-2025
807a64bf4e3e5ff2827401ac5aa0d231,IBEX GLOBAL TOURS,Islamabad Capital Territory,Islamabad,"House # 40, 3 Street 51, F-11, Islamabad, 44000, Pakistan",44000,72.98983764,33.68661445,Travel & Lodging,Travel Agencies,Tour agency,Open,+92 331 5637981,ibex.com.pk,4.7,76.0,50.0,,03-2025
1681139720118cdf4eb537e224657b1f,AAF Travel agency,Pakistan,Abdul Hakīm,"Agency, Primary school 1 Multan road, travel, Abdul Hakīm, 58180, Pakistan",58180,72.11967367,30.55233091,Travel & Lodging,Travel Agencies,Travel agency,Open,+92 300 6355636,aaftravelsandtours.blogspot.com,5.0,1.0,30.71,,03-2025
bfe20ed075117e6c9b9f2c0557e23d51,Bhai Sahab Transport,Pakistan,Lahore,"A 92 Model Colony Rd, Muhammadi Colony, Lahore, 54000, Pakistan",54000,74.32280455,31.46921224,Travel & Lodging,Travel Agencies,Transportation service,Open,+92 320 4400993,bsahab.com,4.8,4.0,37.86,,03-2025
371b17d4c1ff5b660a1b18dceadd09a6,Travel and Tour Advisor,South Asia,"Muzaffarabad, Azad Jammu Kashmir","Tourism Complex Chattar، Muzaffarabad, Azad Jammu Kashmir, 13100",13100,73.46456821,34.34442159,Travel & Lodging,Travel Agencies,Tour agency,Open 24 hours,+92 355 8108101,ajktourism.gov.pk,5.0,2.0,37.0,,03-2025
02e80ba95b0b05e9dfc19f7c6bc0bea1,Peridot Travel and Tours,Punjab,Multan,"24 Hajveri Arcade Katchery Road, Khawajabad, Multan, 60000, Pakistan",60000,71.45916068,30.20373945,Travel & Lodging,Travel Agencies,Travel agency,Open,+92 300 6352860,peridottravels.com,5.0,6.0,26.86,,03-2025
8f727c65279377d04356d9745f543020,Super Travels (Pvt) Limited,UC-8 Saddar,Karachi,"R2XH+QVM Lotia Building, Club Rd, Civil Lines, Karachi, 75530, Pakistan",75530.0,67.0274806,24.84972534,Travel & Lodging,Travel Agencies,Travel agency,Open,+92 21 111 111 785,stl.com.pk,4.4,99.0,,People typically spend up to 4 hours here,03-2025
71d1c86503e4d6b7c0a78b6509266e32,DAWOOD BILAL Travel & Tours Pvt ltd (Hajj Umra),Pakistan,Hyderabad,"N-5, near Niaz kanta, Hyderabad, 71000, Pakistan",71000.0,68.38495521,25.45522233,Travel & Lodging,Travel Agencies,Travel agency,Open,+92 22 2032116,dawoodbilaltravels.com,4.5,21.0,29.71,,03-2025
1fecaf6aff4355b0c090fd5215dddc5c,Rozefs Tourism,Islamabad Capital Territory,Islamabad,"Olympus Mall, F-11 Markaz F 11 Markaz F-11, Islamabad, 44000, Pakistan",44000.0,72.98529437,33.68442428,Travel & Lodging,Travel Agencies,Tour agency,Open 24 hours,+92 314 5383715,rozefstourism.com,4.5,15.0,28.14,,03-2025
ebd39dc760fda5117023dc31108bf986,BIN HAMID TRAVELS & TOUR,Islamabad Capital Territory,Islamabad,"Office No #04 Ground Floor, Irshad arcade, market, near Street No #44, Aabpara G 6/1 G-6, Islamabad, 44000, Pakistan",44000.0,73.08404066,33.70670969,Travel & Lodging,Travel Agencies,Airline ticket agency,Open 24 hours,+92 331 9211300,binhamidtravels.com,5.0,10.0,38.0,,03-2025
39b0ca62236b6fc83c3fc2bc6995aacf,Al Tooba Travels & Tours Shahdadpur,Shāhdādpur,Shāhdādpur,"STATION ROAD, near BANK AL HABIB, Shāhdādpur, 68030, Pakistan",68030.0,68.61907337,25.92501927,Travel & Lodging,Travel Agencies,Travel agency,Open,+92 235 841285,,3.7,6.0,29.43,People typically spend up to 1.5 hours here,03-2025
d2ee6fd00cd30a3ee5b06a78de2441d9,SS TRAVEL AND TOURS KARACHI,UC-7 Millat Nagar,Karachi,"Marwaari Lines Karachi, 74200, Pakistan",74200,67.01310761,24.86369256,Travel & Lodging,Travel Agencies,Travel agency,Open 24 hours,+92 321 2251314,sstravel.pk,5.0,4.0,32.71,,03-2025
02472abf6266dbb8ba2f124edcfe356e,Bilal Travels,Rahim Yar Khan Tehsil,Rahim Yar Khan,"Rahim Yar Khan, 64200, Pakistan",64200,70.32339756,28.4276515,Travel & Lodging,Travel Agencies,Travel agency,Open,+92 68 5889000,,3.8,292.0,48.29,People typically spend up to 1 hour here,03-2025
f94cbe5529d264408e828bcb84895806,Travel Agency,Satellite Town,Rawalpindi,"56 C, Block C Satellite Town, Rawalpindi, 44000, Pakistan",44000,73.07270287,33.63310026,Travel & Lodging,Travel Agencies,Travel agency,Open 24 hours,+92 321 5095005,travesure.pk,4.8,4.0,25.29,,03-2025
d75d60ffd5766d69128995a97e943dbf,Teli Travel & Tours,UC-8 Saddar,Karachi,"V22J+G55 Services Mess Club, Merewether Rd, opposite Metropole Hotel, Civil Lines, Karachi, 75530, Pakistan",75530,67.02812452,24.85139623,Travel & Lodging,Travel Agencies,Travel agency,Open,+92 21 111 118 354,teli.com.pk,4.7,366.0,37.33,,03-2025
cd4480c18ea28be4ea11b600574a2fad,Al Shahbaz Transport Company (Pvt) Ltd,Sargodha,Sargodha,"Fatima Jinnah Rd، opp. General Bus Stand, New Satellite Town, Sargodha, 40100, Pakistan",40100.0,72.69550256,32.07859836,Travel & Lodging,Travel Agencies,Transportation service,Open 24 hours,+92 48 3214965,alshahbaz.com,4.0,927.0,53.0,,03-2025
f8fa06706da725bc8edc45311b885f8d,Valam Travel and Tours - TRAVEL AGENCY HYDERABAD,Pakistan,Hyderabad,"Auto Bahn Rd, Latifabad Unit # 3 Latifabad Unit 3 Latifabad, Hyderabad, 76000, Pakistan",76000.0,68.33501389,25.37643914,Travel & Lodging,Travel Agencies,Travel agency,Open 24 hours,+92 322 3117375,facebook.com,4.8,46.0,31.71,,03-2025
d99907f6aa423113b8624637f8220a85,Rana Travel and Tours,Punjab,Lahore,"Daroghawala, Lahore, 54000, Pakistan",54000.0,74.39737451,31.58083071,Travel & Lodging,Travel Agencies,Travel agency,Open 24 hours,+92 333 8889847,facebook.com,2.0,1.0,19.43,,03-2025
c28ccd192593f7ade75ac71d2ea5e23d,Air Excellence Travel & Tours,Punjab,Lahore,"Center, Al-Latif, G-33 Al-Latif Center Mainboulevard Gulberg, Main boulevard, III, Lahore, 54600, Pakistan",54600.0,74.34195873,31.51656154,Travel & Lodging,Travel Agencies,Airline ticket agency,Open,+92 322 8006906,airexcellence.org,4.6,5.0,36.17,,03-2025
f6fb61aa71dec96a7209d2090cf9b77f,Travelocity,Pakistan,Faisalabad,"Majeed Plaza, Ground Floor, Al Hamra Town،, E Canal Rd, Al Hamra Town, Faisalabad, 38000, Pakistan",38000.0,73.17575642,31.4598681,Travel & Lodging,Travel Agencies,Travel agency,Open 24 hours,+92 321 8667901,travelocity.com.pk,4.3,4.0,24.67,,03-2025
12462404e860d0f4ae52f55b23dd737e,H&H Transport Services,Sindh,Karachi,"Plot # 20 C, Mezzanine Flor, D.H.A. Phase 2 Karachi, 75000, Pakistan",75000.0,67.05281519,24.83424775,Travel & Lodging,Travel Agencies,Transportation service,Open 24 hours,+92 302 2022248,linkedin.com,5.0,5.0,34.57,,03-2025
b840b3e4457ea6f7c2614d266d80c593,The Vehari Royal Travels & Tours,Vehari,Vehari,"Khanewal Vehari Road, Vehari, Vehari, 61100, Pakistan",61100.0,72.33223242,30.05583142,Travel & Lodging,Travel Agencies,Travel agency,Open,+92 300 0020103,facebook.com,5.0,12.0,39.29,,03-2025
52364471ef97762b1754035c334f6ab8,"De Tourista, Pakistan Pvt Ltd",Pakistan,Lahore,"P-13 Paradise Floor Siddique Trade Center, 54770, Pakistan",54770,74.35012128,31.53163216,Travel & Lodging,Travel Agencies,Travel agency,Open 24 hours,+92 321 3332332,facebook.com,4.5,79.0,25.71,,03-2025
b8f7f0078005dc437cd39b8bc9c04cd5,Sunrise Adventure,Satellite Town,Rawalpindi,"office No.2, 2nd Floor,B-584 Near MCB Islamic Bank, Commercial Market Rd, Block B Satellite Town, Rawalpindi, 46000, Pakistan",46000.0,73.06609946,33.63668017,Travel & Lodging,Travel Agencies,Tour operator,Open 24 hours,+92 58155 51185,sunriseadventure.com.pk,5.0,6.0,29.57,,03-2025
2628f1f2483862040dc01c24d09bb90a,Baltistan Adventure Trek & Tours,South Asia,Skardu,"Akhon Colony, Satpara Rd, near PCSIR, Saythang, Skardu, 16100",16100.0,75.63852226,35.25220793,Travel & Lodging,Travel Agencies,Tour operator,Open 24 hours,+92 332 5499737,baltistanadventure.com,4.9,29.0,27.33,,03-2025
c700f0b472af14baa727f58efc50afbb,Peshawar Travel Agency,Pakistan,Peshawar,"Deans Trade Center LG-UG, 25000, Pakistan",25000.0,71.54698315,34.00313477,Travel & Lodging,Travel Agencies,Travel agency,Open 24 hours,+92 355 8270301,wa.me,3.9,18.0,29.0,,03-2025
7d495c537113af533617edd0302999b8,Tour in Pakistan & Rent a Car,Islamabad Capital Territory,Islamabad,"Office 06 1st floor Raja Haqnawaz plaza, G-11 Markaz G 11 Markaz G-11, Islamabad, 44000, Pakistan",44000.0,72.99545096,33.66781277,Travel & Lodging,Travel Agencies,Tour operator,Open 24 hours,+92 310 5550787,steadfastbiz.com,4.8,12.0,28.86,,03-2025
af36d7e38c7d0d4cd462c1a8e6d0e3da,Karakoram Adventure Holidays,Skardu,Skardu,"Hassan Colony, Skardu, 16100",16100.0,75.62604691,35.28285547,Travel & Lodging,Travel Agencies,Tour operator,Open 24 hours,+92 346 2475818,karakoramadventureholidays.com,4.6,27.0,33.71,,03-2025
6bfa5433e8ab70bc4fc81ed579ad29d0,"Yousaf Travels & Tours, Islamabad",Block H,Islamabad,"2-G, GD ARCADE, AKM Fazl-ul-Haq Rd, G 6/2 Blue Area, Islamabad, 44000, Pakistan",44000.0,73.06106388,33.71276547,Travel & Lodging,Travel Agencies,Travel agency,Open,+92 51 2120684,yousaftravels.com,4.8,6.0,28.83,,03-2025
6510d41cd7e34c4fb80fe61d207881a7,Ayyan Travel and Tours,UC-7 Shanti Nagar,Karachi,"Shop No. 3 Plot No. R-133 Shanti Nagar, near Jamali Centre, Block 19 Gulshan-e-Iqbal, Karachi, 75300, Pakistan",75300.0,67.09508624,24.90289824,Travel & Lodging,Travel Agencies,Travel agency,Open 24 hours,+92 313 2268885,facebook.com,4.9,35.0,26.0,,03-2025
de149e5575285578948e5fc2d6312a09,Zardari Weight Bridge,Radhan City,Radhan,"Sehwani Road, Radhan, 76310, Pakistan",76310.0,67.94280245,27.16779685,Travel & Lodging,Checking & Baggage,Weigh station,Open 24 hours,+92 300 8982215,twitter.com,4.7,3.0,33.43,,03-2025
a1165cf13d3b1ae8cbf0fb1d78a63e94,Arkays Travels Pvt Ltd.,UC-8 Saddar,Karachi,"5 services club bldg, Merewether Rd, Civil Lines, Karachi, 74400, Pakistan",74400.0,67.02802233,24.85133542,Travel & Lodging,Travel Agencies,Travel agency,Open,+92 345 2341629,arkays.com.pk,4.1,14.0,35.5,,03-2025
6eeb41d6257ebb6f20c1d81023729e63,Lakshmi Chowk Orange Line Metro Train Station,Qila Gujjar Singh,Lahore,"102 McLeod Rd, Qila Gujjar Singh, Lahore, 54000, Pakistan",54000.0,74.32481084,31.56879076,Travel & Lodging,Travel Agencies,Transportation service,Open,+92 348 1807064,pma.punjab.gov.pk,4.6,1780.0,53.57,,03-2025
4459a440c68aabffefc0d7b87b28f833,North Rovers,Punjab,Lahore,"Office 203 , Ground Floor,H2 Block Joher Town, Johar, Town, Lahore, 54000, Pakistan",54000.0,74.26533341,31.46982475,Travel & Lodging,Travel Agencies,Tour operator,Open,+92 301 6951606,facebook.com,4.9,40.0,35.43,,03-2025
c55eeeee8eb4698ef6a29ffeea385ec7,Fly Madina Travels,Pakistan,Hasilpur,"opp: girls degree collage, Hasilpur - Chishtian Rd, off 22-23, Hasilpur, 63000, Pakistan",63000.0,72.5548926,29.69866626,Travel & Lodging,Travel Agencies,Travel agency,Open,+92 303 7300006,flymadina.blogspot.com,5.0,7.0,31.71,,03-2025
36f8c41122845137301d2dfacc8ef00e,Times Travel - Regional Office Lahore,Sector Y,Lahore,"182 Y St 12, Sector Y DHA Phase 3, Lahore, 54000, Pakistan",54000.0,74.37397324,31.47151748,Travel & Lodging,Travel Agencies,Travel agency,Open 24 hours,+92 42 35740109,timestravel.com,4.0,4.0,22.71,,03-2025
27431cc06afca11f1b2a541d295643a8,LETS TREKS & TOUR PAKISTAN,Pakistan,Faisalabad,"MZ 23 A, Mall of Lyallpur, Main Blvd, D Ground Block D People's Colony No 1, Faisalabad, 38000, Pakistan",38000.0,73.10505663,31.40415011,Travel & Lodging,Travel Agencies,Tour operator,Open,+92 312 6606000,letspvtltd.pk,4.7,11.0,36.57,,03-2025
da7c56b7cde6a2b0147384864de1fe8c,Skardu Tour,South Asia,Skardu,"Radio Pakistan Chowk Skardu, Mehdi Colony, Skardu, 05815",05815,75.6186422,35.2898559,Travel & Lodging,Travel Agencies,Tour agency,Open 24 hours,+92 336 8485475,skardutour.com,4.8,225.0,22.29,,03-2025
9145138a0b629ae09f04a4a3a1eff80f,Noor-e-Azmat international Travels & Tours,Vehari,Vehari,"Office E-1, near Apna bank, Vehari, 61100, Pakistan",61100,72.34148879,30.0441595,Travel & Lodging,Travel Agencies,Travel agency,Open 24 hours,+92 300 0974852,facebook.com,4.5,2.0,23.14,,03-2025
e02ce2d1276a75539c22dbb253aef03a,SAWARI Rent a Car/Pick and Drop Service,Rawalpindi Tehsil,Rawalpindi,"61/C 1st Floor, Asghar Plaza, Chaklala Scheme III Comm Area Imran Khan Avenue, Opp Jamia Masjid, 46210, Pakistan",46210.0,73.08740698,33.58532711,Travel & Lodging,Travel Agencies,Transportation service,Open,+92 315 7000331,sawari.com.pk,1.0,2.0,29.29,,03-2025
ac4f298baaef1e3ba20448e293f9edf6,Ramay Brothers | Best Goods Transportation Services in Faisalabad,Pakistan,Faisalabad,"Rehman super market, near total petrol pump, Nishatabad, 38600, Pakistan",38600.0,73.11424284,31.45341246,Travel & Lodging,Travel Agencies,Transportation service,Open 24 hours,+92 300 7283858,ramaygoods.com,4.3,10.0,24.86,,03-2025
17cfeb1afc2e60e82f6949d09f293040,Kamil Travel & Tours,Skardu,Skardu,"College Rd, Sukkadamedan, Skardu, 16100",16100.0,75.62543441,35.30137824,Travel & Lodging,Travel Agencies,Travel agency,Open,+92 58154 50086,kamiltravel.pk,5.0,11.0,24.71,,03-2025
741d844bd209128bf27e31fbce20b969,Insaf Kanta Basirpur Weigh Bridge,Pakistan,Basīrpur,"Inaaf Kaanta, Depalpur Rd, near Nemat filling station, Basīrpur, 56010, Pakistan",56010.0,73.82476531,30.58354763,Travel & Lodging,Checking & Baggage,Weigh station,Open 24 hours,+92 300 4833563,facebook.com,4.7,9.0,32.43,,03-2025
4fe079310bdca21646a6fb721b869744,Mammoth Tours,UC-10 Pehalwan Goth,Karachi,"Suite # 211, Second Floor, Asia Pacific Trade Center, Main Rashid Minhas Rd, Block 19 Gulistan-e-Johar, Karachi, 75290, Pakistan",75290.0,67.11305471,24.90247995,Travel & Lodging,Travel Agencies,Tour operator,Open,+92 313 2267694,mammothtours.pk,4.2,271.0,33.29,,03-2025
49e7777b7558b277885e546cf193c2f6,Pak Eastern Travels & Tours,UC-10 Pehalwan Goth,Karachi,"Plot # 118, Office One, Rashid Minhas Rd, Block 10-A Gulshan-e-Iqbal, Karachi, 75300, Pakistan",75300.0,67.1084295,24.90847623,Travel & Lodging,Travel Agencies,Travel agency,Open 24 hours,+92 21 34012057,pakeasterntravels.com,4.8,71.0,27.29,,03-2025
087a9308a215f383f22ddd2a5fb35beb,Pak Voyager,Hunza Nagar,Hunza,"STE 55, Sector B3, Karakoram Highway Ali Abad, Hunza, 15600",15600.0,74.61031552,36.3060942,Travel & Lodging,Travel Agencies,Tour agency,Open 24 hours,+92 58135 50116,pakvoyager.com,5.0,3.0,34.0,,03-2025
512c4cc0a0d7ee2a24b383cddf65d6cc,Sardar Garhi - BRT Station No. 02,Khyber Pakhtunkhwa,Peshawar,"Chamkani Square, Abdul khel, Peshawar, 25000, Pakistan",25000.0,71.6372215,34.01894981,Travel & Lodging,Travel Agencies,Transportation service,Open,+92 91 2621393,transpeshawar.pk,4.4,1102.0,53.57,,03-2025
b486afdbb3a19fa2c78dd5b7e81e1ee1,Discover Chitral,Pakistan,Chitrāl,"Upper, Chitrāl, 17200, Pakistan",17200.0,71.77153018,35.76988735,Travel & Lodging,Travel Agencies,Tour agency,Open 24 hours,+92 345 8882131,facebook.com,5.0,1.0,26.33,,03-2025
7e2975a3f8149885a7dc0dc36af20820,Al-Warsi International Travel,Saroki,Gujrat,"Jinah Supper Market Office No.27 GT Road Service morr, Gujrat, 50700, Pakistan",50700.0,74.05047689,32.58807391,Travel & Lodging,Travel Agencies,Travel agency,Open,+92 53 3724673,alwarsitravels.com,4.5,82.0,25.71,,03-2025
aa4830c28f34d85bcae0802703d8a3c0,Daewoo Express Faisalabad,Pakistan,Faisalabad,"Daewoo Terminal, Akbarabad, Faisalabad, 38000, Pakistan",38000.0,73.0763335,31.44772325,Travel & Lodging,Travel Agencies,Transportation service,Open 24 hours,+92 41 111 007 008,daewoo.com.pk,3.9,12206.0,45.86,,03-2025
37e31f16cb848a1df4837f86532602d6,M.Mansha Travel & Tours pvt Ltd,Pakistan,Pākpattan,"Jamal Chowk, Farid city colony, Arifwala - Pakpattan Rd, near darbar peer pathan, Pākpattan, 57400, Pakistan",57400.0,73.35404295,30.36564266,Travel & Lodging,Travel Agencies,Travel agency,Open,+92 301 7685495,youtube.com,4.6,19.0,31.71,,03-2025
b26d5ac25c37c40f200a9f8850966b1d,Call & Book Air Tickets,Rehman Pura,Lahore,"Office 9 & 10, 4th Floor Gold Mine Plaza, Ichhra Lahore, 54600, Pakistan",54600.0,74.31985924,31.53027047,Travel & Lodging,Travel Agencies,Travel agency,Open 24 hours,+92 321 4172547,facebook.com,5.0,1.0,33.86,,03-2025
b4aa9ade3cf8a6608cbec3d6e370d7ce,Eventica Travels,Sindh,Karachi,"Plot # F-68, 1st Floor, near Iqra University Main Campus, Phase 2 Defence View Housing Society, Karachi, 75500, Pakistan",75500.0,67.07668974,24.83899226,Travel & Lodging,Travel Agencies,Tour operator,Open,+92 336 3903371,eventicatravels.com,4.8,630.0,53.0,,03-2025
4868d66958b34c9acdd99042c1c25089,One58 Travel & Tours,Punjab,Lahore,"Office 63/64 Ground Floor، Ashiana Shopping Center، 3 Main Boulevard Gulberg, Block D1 Gulberg III, Lahore, 54000, Pakistan",54000.0,74.33979157,31.5126065,Travel & Lodging,Travel Agencies,Travel agency,Open,+92 300 0300158,one58travelandtour.com,3.8,82.0,54.17,,03-2025
e27baa5dc0a37e1de09f6d0454df5222,Al-Hanif International Travel & Tours,Sindh,Nawabshah,"Civil Hospital Rd, near Jama Masjid Nawabshah جامع مسجد نوابشاہ, Nawabshah, 67450, Pakistan",67450.0,68.40394029,26.24324585,Travel & Lodging,Travel Agencies,Travel agency,Open,+92 244 363556,facebook.com,4.9,7.0,26.71,,03-2025
771373c9e2102f0ee58d54206d0e3d0f,Al Raza Travels,Yaqubi,Yar Hussain,"Sher Zaman Market, New Adda, Yar Hussain, 23200, Pakistan",23200,72.27154036,34.16773776,Travel & Lodging,Travel Agencies,Travel agency,Open,+92 340 0500446,twitter.com,4.6,7.0,25.71,,03-2025
4fe8483f34dcbaac32585a63253ebec8,travel sky world,Islamabad Capital Territory,Islamabad,"First Floor، Rehman Plaza، Office-2، mohammadi nihari, I-10 Markaz Islamabad, 44000, Pakistan",44000,73.04130747,33.65012545,Travel & Lodging,Travel Agencies,Travel agency,Open 24 hours,+92 334 9589999,travelskyworld.com,4.9,119.0,29.43,,03-2025
047dd5c1c3530144154f31a97609fb2c,Aero Viza Travels & Tours,Karachi City,Karachi,"Office#12, Al-Shams Plaza, block 06 Rashid Minhas Rd, Block-19 Block 19 Gulshan-e-Iqbal, Karachi, 75300, Pakistan",75300.0,67.11259933,24.90396962,Travel & Lodging,Travel Agencies,Travel agency,Open,+92 21 34993610,aeroviza.com,4.5,38.0,40.0,,03-2025
486308cb404d661730d7e123268e9769,Crown Travels,South Asia,Mirpur,"Said Plaza, Mian Mohammad Rd, Sector C-1, Sector C, Mirpur, AJK",,73.74624349,33.1482846,Travel & Lodging,Travel Agencies,Travel agency,Open,+92 58274 38307,crowngroup.pk,4.1,66.0,37.14,People typically spend up to 4 hours here,03-2025
ac53db8fd0dd28915429aa15d8293b56,Adil Lahorei Cultural Club (ALCC),Pakistan,Lahore,"149 circular road Chowk shahalam gate, Lahore, 54000, Pakistan",54000.0,74.31442764,31.57554033,Travel & Lodging,Travel Agencies,Tour operator,Open,+92 322 8833561,adillahorei.com,4.8,13.0,34.43,,03-2025
88a2408974cb598120b7d754044f7b6f,World Region Aviation Private Limited,Sindh,Karachi,"shop-2, Plot, 28-c 14th Commercial Street, D.H.A Phase II Extension Phase 2 Commercial Area Defence Housing Authority, Karachi, 75500, Pakistan",75500.0,67.06700322,24.83389969,Travel & Lodging,Travel Agencies,Travel agency,Open 24 hours,+92 21 35396022,worldregionaviation.com,5.0,3.0,27.86,,03-2025
7745eaa18b7e16bdf86672ae403deba8,Al Mumtaz Mover'sالممتاز مورز گجرات,Punjab,Gujrat,"Jalalpur Jattan Ring Rd, Gujrat, 50700, Pakistan",50700.0,74.09653144,32.55606437,Travel & Lodging,Travel Agencies,Transportation service,Open 24 hours,+92 345 6927266,m.facebook.com,4.0,8.0,33.5,,03-2025
59071f0603fcf6cc2a896095fda101f9,TSY Travel & Tours,Punjab,Lahore,"9 Davis Road, Garhi Shahu, Lahore, 54000, Pakistan",54000.0,74.33540928,31.56078233,Travel & Lodging,Travel Agencies,Travel agency,Open 24 hours,+92 345 8408781,mytsy.com,4.6,38.0,25.86,,03-2025
d663b6230947df7df794fa436ef109ff,Star carry Box,Sialkot Metropolitan Area,Wadala Sandhuan,"Pasrur Rd, Wadala Sandhuan, 05151, Pakistan",5151.0,74.39844238,32.19161361,Travel & Lodging,Travel Agencies,Transportation service,Open 24 hours,+92 345 6610210,shoes.com,4.3,21.0,32.86,,03-2025
715b9773a682f54c50de0581e9cb25f4,Holy Lands Travels & Tourism,Punjab,Lahore,"G, Aashiana Shopping Center، 54/55 Main Boulevard Gulberg, Block D1 Gulberg 2, Lahore, 54660, Pakistan",54660.0,74.34002493,31.51262635,Travel & Lodging,Travel Agencies,Travel agency,Open,+92 42 35789995,holylandstourism.com,3.0,2.0,28.83,,03-2025
89cbfecf34917ed9899975a9fcd1f5ee,Daewoo Express Faizabad Terminal,Punjab,Rawalpindi,"Shop # 2, Ground Floor, Sultan Arcade, Sector I-8/4, Faizabad I 8/4 Rawalpindi, 44000, Pakistan",44000.0,73.07866931,33.6607893,Travel & Lodging,Travel Agencies,Transportation service,Open 24 hours,+92 304 1117008,daewoo.com.pk,3.8,12082.0,43.57,,03-2025
cb54ad3208c12292e48236d1c501ded1,Zafar Dar Travels & Tourism Pvt Ltd,Wazirabad,Wazirabad,"Sialkot - Wazirabad Dual Carriageway, Wazirabad, 52000, Pakistan",52000.0,74.11639411,32.4406409,Travel & Lodging,Travel Agencies,Travel agency,Open,+92 300 6221522,zafardartravels.com,5.0,8.0,33.67,,03-2025
a1b7da1c67289a829c707cf4b74bfb38,Star Flight Travel and Tours,Sheikhupura,Mananwala,"Lari adda, near PAKISTAN PHARMACY, Mananwala, 10577, Pakistan",10577.0,73.68900696,31.59193476,Travel & Lodging,Travel Agencies,Travel agency,Open,+92 305 4700100,starflighttravel.com,5.0,72.0,30.71,,03-2025
de514bafb86cca8fb7346a650b1df7db,The Travel Explorers Pvt Ltd,Islamabad Capital Territory,Islamabad,"Office No 1, Mezanine, PIA Building, Fazal-e-Haq Road, Block E G 6/2 Blue Area, Islamabad, 44000, Pakistan",44000.0,73.07165815,33.71850481,Travel & Lodging,Travel Agencies,Tour operator,Open,+92 51 2278666,thetravelexplorers.com,4.4,20.0,,People typically spend up to 4 hours here,03-2025
5c74da75cb7e3a69e80c8a17238c3685,Travel Asia Adventure,Hunza Nagar,Gilgit,"Ghulkin, Hunza, Gilgit, 44000",44000.0,74.86101438,36.4074654,Travel & Lodging,Travel Agencies,Travel agency,Open 24 hours,+92 332 5131988,travelasiaadventure.com,5.0,4.0,25.57,,03-2025
3a5005a62fe2068ebcb482dbf09dc6fd,IT Air Travels & Tours Pvt Ltd,Saddar,Rawalpindi,"Office # 25,26 Ground floor, Faisal Shopping Mall, 29 Kashmir Rd, opposite G.P.O, Saddar, Rawalpindi, 46000, Pakistan",46000.0,73.04797831,33.59495878,Travel & Lodging,Travel Agencies,Travel agency,Open,+92 311 1786946,itairtravels.com,4.0,413.0,63.8,,03-2025
8856c694db7bc0e17cf04d804ad47787,The Mad Hatters,Pakistan,Lahore,"Shop # 7, Bank Square Market, Model Town, Lahore, 54700, Pakistan",54700.0,74.32255457,31.48901597,Travel & Lodging,Travel Agencies,Travel agency,Open 24 hours,+92 311 1000501,themadhatters.pk,5.0,22.0,29.86,,03-2025
bd4e5e76a18235e60a5af5bd7f46b239,BARI TRAVEL & TOURS,Pakistan,Faisalabad,"12 8 Regency Rd, new Civil Lines, Faisalabad, 38000, Pakistan",38000,73.08666476,31.4205619,Travel & Lodging,Travel Agencies,Travel agency,Open,+92 41 2408462,facebook.com,4.7,7.0,35.83,,03-2025
798e0040075e2704f1de08cd9e6eeeb4,Babul International Travel & Tours,Pakistan,Jhelum,"BABUL PLAZA GT ROAD, GT Rd, Jada, Jhelum, 49600, Pakistan",49600,73.70372679,32.95530921,Travel & Lodging,Travel Agencies,Travel agency,Open 24 hours,+92 335 2740800,wa.me,4.8,221.0,35.43,,03-2025
8604e910d93a2f1a23bcc78aa162331f,Hunza Adventure Tours,Hunza Nagar,Gulmit,"Village Gulmit Gojal Hunza Hunza, 15750",15750,74.86256966,36.3890548,Travel & Lodging,Travel Agencies,Tour operator,Open 24 hours,+92 342 5962638,hunzaadventuretours.com,4.6,11.0,25.43,,03-2025
308e3e146f86acb0aa16a1d913270821,FREE SKY TRAVEL SERVICES (PVT) LTD,UC-1 Model Colony,Karachi,"SHOP # 01 PLOT 39/2, SHEET # 17, Block 17 Model Colony, Karachi, 75100, Pakistan",75100.0,67.18895953,24.91068038,Travel & Lodging,Travel Agencies,Travel agency,Open 24 hours,+92 323 3282391,freeskytravel.com.pk,4.2,18.0,30.86,,03-2025
aa2e30776589ee1de5046909f066d528,SOh travel &tours,Rawalpindi Tehsil,Rawalpindi,"Street # 17 OPP JANJUA TRADERS DOKH SYEDA ROAD BAKRAMANDI, Kamalabad, Rawalpindi, 46000, Pakistan",46000.0,73.02932785,33.57556971,Travel & Lodging,Travel Agencies,Travel agency,Open,+92 310 9048926,facebook.com,4.7,13.0,28.14,,03-2025
847c48b79bf56a90a517d5c8175f7415,k2 Gondogoro La Trek,South Asia,Skardu,"Hussaini chowk, Star market, Hasan General Store, Skardu, 16100",16100.0,75.54840243,35.32463756,Travel & Lodging,Travel Agencies,Tour agency,Open 24 hours,+92 344 5925993,chogoriadventure.com,5.0,14.0,17.43,,03-2025
cb736f536225410f237f20b031ad57b5,5Tan Tour and Travels,Punjab,Lahore,"Plot 632, Nishtar Block Nishter Block Allama Iqbal Town, Lahore, Pakistan",,74.26928583,31.50837997,Travel & Lodging,Travel Agencies,Travel agency,Open 24 hours,+92 323 4554887,facebook.com,5.0,8.0,33.86,People typically spend up to 4 hours here,03-2025
b971eb583082574c4ded5e287468fb24,UNIWORLD TRAVEL & TOURS,UC-7 P.e.c.h.s 2,Karachi,"Allama Iqbal Rd, Block 2 P.E.C.H.S., Karachi, Pakistan",,67.05457349,24.87349712,Travel & Lodging,Travel Agencies,Travel agency,Open,+92 21 34383838,uniworld.pk,5.0,30.0,46.33,People typically spend up to 4 hours here,03-2025
07ebd0258c16ce6d8f0e8cba111e15b5,Al Jalil Goods & Car Carrier,Punjab,Lahore,"26-N , Office No 8 Pakway Plaza, Block N Phase 2 Johar Town, Lahore, 54000, Pakistan",54000.0,74.27321655,31.46124945,Travel & Lodging,Travel Agencies,Transportation service,Open,+92 315 8417588,aljalilgoods.com,3.7,3.0,27.33,,03-2025
8243474cca46988bfca1ffac0ab7738d,Trips,Punjab,Lahore,"Office 10-C Commercial, Block C PIA Society, Lahore, 54000, Pakistan",54000.0,74.27808412,31.44960822,Travel & Lodging,Travel Agencies,Travel agency,Open 24 hours,+92 311 1555980,trips.pk,4.6,119.0,27.71,,03-2025
b0421ce3a9627403e2e8957b5856fea8,Trip aviation travel & tours,Sector Y,Lahore,"Goll Market 37GF Y block Dha phase 3 3, Lahore, 54000, Pakistan",54000.0,74.37477729,31.47339526,Travel & Lodging,Travel Agencies,Airline ticket agency,Open 24 hours,+92 321 0461461,tripaviation.com,5.0,16.0,23.67,,03-2025
6918f461b5ad2e556afec57005b37aa8,Air Routes Sialkot,Sialkot,Sialkot,"Allama Iqbal Market Near PTCL Office Paris, Road, Sialkot, 51310, Pakistan",51310.0,74.53627495,32.49872894,Travel & Lodging,Travel Agencies,Travel agency,Open,+92 336 5933398,facebook.com,4.8,8.0,37.25,,03-2025
11634726f087dc9a1f14660ec1e0103d,Airways Ticket Booking Office,Sialkot,Sialkot,"Office No 4, Chamber of Commerce & Industry Building, DC, Capital Rd, Sialkot, 51480, Pakistan",51480.0,74.5349637,32.50800296,Travel & Lodging,Travel Agencies,Airline ticket agency,Open 24 hours,+92 331 5447336,airwaysticketbooking.com,5.0,5.0,20.17,,03-2025
785d047bc315fb98227576906e4d9ab6,Murree Tourism tour & travels,Islamabad Metropolitan Area,Murree,"office No 2 District courts jhika Gali, Murree, 46000, Pakistan",46000.0,73.41392298,33.91547587,Travel & Lodging,Travel Agencies,Tourist information center,Open 24 hours,+92 313 5649133,facebook.com,5.0,1.0,25.86,,03-2025
2da6e66d2e02c0884df9a17e98c42846,Wandering by saqib,Islamabad Metropolitan Area,kaiya,"Gajj Bandi, Bhurban Uper, Bandi lower, kaiya, 47190, Pakistan",47190.0,73.44127456,33.95755383,Travel & Lodging,Travel Agencies,Tour agency,Open 24 hours,+92 349 4853949,youtube.com,5.0,2.0,27.86,,03-2025
acf4f0d75fa2d264f8c6d829e2cd1faf,Trodden Travelers ( Best Travel Agency | Tourism Company of Pakistan ),Pakistan,Lahore,"Office No. 102, 1st Floor, Siddique Trade Center, Block H Gulberg 2, Lahore, 54000, Pakistan",54000.0,74.35030288,31.53133447,Travel & Lodging,Travel Agencies,Travel agency,Open,+92 322 4704286,troddentravelers.com,4.3,229.0,21.33,,03-2025
01649e5ef4b12aff082268721e3d7098,P.B MANPOWER AND TRAVEL AGENCY (IATA),Islamabad Capital Territory,Islamabad,"London shopping center, G-9 Markaz G 9 Markaz G-9, Islamabad, 44000, Pakistan",44000.0,73.03020285,33.68796335,Travel & Lodging,Travel Agencies,Travel agency,Open 24 hours,+92 314 5128093,pbmanpoweroep.com,4.9,11.0,29.43,,03-2025
3c336b9dd8073af79e0f13d6188fbfcd,Travel agency in Pakistan Islamabad (P.b travel & tours),Islamabad Capital Territory,Islamabad,"Ground floor, office no 07, London shopping centre, G-9 Markaz G 9 Markaz G-9, Islamabad, 44000, Pakistan",44000.0,73.02991848,33.68812015,Travel & Lodging,Travel Agencies,Travel agency,Open 24 hours,+92 314 5128093,pbtravelsandtours.com,3.7,3.0,19.5,,03-2025
c1f48b098c7088f3c3a8593568400b7b,Peak Tours Islamabad,Islamabad Capital Territory,Islamabad,"G8 Street 8،, G-8/2 G 8/2 G-8, Islamabad, 40110, Pakistan",40110.0,73.03794763,33.69657194,Travel & Lodging,Travel Agencies,Travel agency,Open 24 hours,+92 312 5007136,danish.lazyexperts.tech,4.9,12.0,27.43,,03-2025
7b55a76d0e35a67096bdfbf343e20cc3,Chalay ao Travels - Pakistan Tour Packages,Islamabad Capital Territory,Islamabad,"Gate # 1, opposite Dha 2, near Shan Marbles, Islamabad, 44000, Pakistan",44000.0,73.13093198,33.5290943,Travel & Lodging,Travel Agencies,Tour operator,Open 24 hours,+92 335 6442987,chalayao.com,5.0,347.0,39.0,,03-2025
210908556035253c8661f8a6d3e2d6af,Border Link Travel & Tours Pvt Ltd,Punjab,Gujranwala,"Muhammad Abdullah Ishaq Plaza, Hafizabad Rd, opp. PSO Petrol Pump, Kot Ishaq, Gujranwala, 52250, Pakistan",52250.0,74.13291914,32.15684838,Travel & Lodging,Travel Agencies,Travel agency,Open 24 hours,+92 321 0392000,borderlinktravel.com,5.0,18.0,35.57,,03-2025
8f01bad72ea7fa1b82a18015231a9f60,Fly Karwan-e-Mustafa Travels,Pakistan,Faisalabad,"140, City Mall Plaza, Chen One Rd, D Ground Block B People's Colony No 1, Faisalabad, 38000, Pakistan",38000.0,73.10755574,31.40849793,Travel & Lodging,Travel Agencies,Travel agency,Open 24 hours,+92 315 7014597,chat.whatsapp.com,5.0,2.0,34.0,,03-2025
bacccdcb6bc5c3e08027f348617e380f,Go Travel,Sector F 1,New Mirpur City,"51 A, Quaid E Azam Stadium New Mirpur City, 10240",10240.0,73.74403423,33.14462377,Travel & Lodging,Travel Agencies,Travel agency,Open,+92 348 9336447,gotravelpk.com,4.9,47.0,32.57,,03-2025
240fe50b76558f1707931ab64c833ba9,World Air Travel Services,Islamabad Capital Territory,Islamabad,"Office no 4, 2nd Floor, Margala Plaza, F-10 Markaz F 10/3 F-10, Islamabad, 04412, Pakistan",4412.0,73.01076188,33.6950211,Travel & Lodging,Travel Agencies,Travel agency,Open,+92 51 2111222,worldairisb.com,5.0,9.0,28.43,,03-2025
aa3215d4272fcf4724f0a1f82816ddb7,NKSONS,Islamabad Capital Territory,Islamabad,"Muhammadi Plaza, 12 Basement, Jinnah Ave, F 6/4 Blue Area, Islamabad, 44000, Pakistan",44000.0,73.07124948,33.71942225,Travel & Lodging,Travel Agencies,Travel agency,Open 24 hours,+92 321 5335660,facebook.com,5.0,1.0,33.43,,03-2025
c1564ac8bd09a22510f35b41bac2a652,Target Flight Services (Pvt) Ltd,Islamabad Capital Territory,Islamabad,"7th Floor, Green Trust Tower, Jinnah Ave, F 6/1 Blue Area, Islamabad, 44000, Pakistan",44000.0,73.07571644,33.72263679,Travel & Lodging,Travel Agencies,Travel agency,Open 24 hours,+92 332 8558624,targetflight.com,5.0,2.0,26.0,,03-2025
aaf87357b9888e7d02f972510ff9c626,Marina Air Travels,Islamabad Capital Territory,Islamabad,"Office # 3, Mustafa Mansion, Sumbal Rd, F-10 Markaz F 10/4 F-10, Islamabad, 44000, Pakistan",44000.0,73.01041063,33.69432756,Travel & Lodging,Travel Agencies,Airline ticket agency,Open,+92 51 2222806,marinaairtravels.com,5.0,8.0,32.29,,03-2025
38c804a17e6a7e8372cf896eab41ebda,Sab Se Sasta Ticket,Block G,Islamabad,"Office No 01, 2nd Floor, Mahmood Plaza, Fazal e Haq Rd, Block G G 7/3 Blue Area, Islamabad, 44000, Pakistan",44000.0,73.0645513,33.7146342,Travel & Lodging,Travel Agencies,Travel agency,Open 24 hours,+92 311 1100309,sabsesastaticket.com,5.0,12.0,29.71,,03-2025
793c0efbf8b1075fc0b4360161bb3c21,Travel Hunza,Satellite Town,Rawalpindi,"Travel Hunza, dubai plaza 6th road, Satellite Town, Satellite, Town, Rawalpindi, 10370, Pakistan",10370.0,73.07465848,33.64130613,Travel & Lodging,Travel Agencies,Tour agency,Open 24 hours,+92 344 3178818,travelhunza.com,4.3,3.0,24.71,,03-2025
38082b917cabd5c8840989420afcafc9,AJ Express,UC-2 Civic Center,Karachi,"Qurtuba Mall, Office No 404, 4th Floor, Bahadur Shah Zafar Road, Bahadurabad Karachi, 07482, Pakistan",7482.0,67.06395388,24.88110144,Travel & Lodging,Travel Agencies,Travel agency,Open 24 hours,+92 313 2669492,ajexpress.com.pk,4.8,154.0,26.86,,03-2025
325807dd100fb6ca7e886b8a4e9121f0,Mavrick Tours Pvt Ltd,Islamabad Capital Territory,Islamabad,"57, Islamabad, 44000, Pakistan",44000.0,73.00913352,33.69693781,Travel & Lodging,Travel Agencies,Sightseeing tour agency,Open 24 hours,+92 319 1725855,mavricktours.com,5.0,8.0,32.17,,03-2025
e455b6918cce329815d744b0582fbed7,MULTI LINKS TRAVEL CONSULTANT (SMC-PRIVATE) LIMITED,Chenab Nagar,Chenab Nagar,"Railway Rd, Dar ul Rehmat East, Chenab Nagar, 35460, Pakistan",35460.0,72.90924434,31.75505517,Travel & Lodging,Travel Agencies,Travel agency,Open,+92 343 0450059,multilinkstravel.com.pk,4.3,11.0,43.0,,03-2025
b4ac71d0163f9e467eef278327dc29a2,KARACHI SCHOOL TRANSPORT SERVICE,UC-9 Buffar Zone-2,Karachi,"R23, Sector 15-A/1 Sector 15 A 1 Buffer Zone, Karachi, 75850, Pakistan",75850.0,67.06163832,24.95321217,Travel & Lodging,Travel Agencies,Transportation service,Open 24 hours,+92 333 2061884,ksts.com.pk,3.0,2.0,30.5,,03-2025
265a88b03f80a5a9282632376c767391,Yango Partner Braxas international (Registration Office),Punjab,Lahore,"118-8/A GT Rd, Begumpura, Lahore, 54000, Pakistan",54000.0,74.3594835,31.57729841,Travel & Lodging,Travel Agencies,Transportation service,Open,+92 306 6755577,braxas-intl.com,4.8,144.0,33.0,,03-2025
55f87108bdcd970543993900775e58b4,Pak Darvesh,Punjab,Jalalpur Jattan,"2nd floor, Al-Nafay Center, tanda Chowk, Jalalpur Jattan, 50700, Pakistan",50700.0,74.2045516,32.6419769,Travel & Lodging,Travel Agencies,Travel agency,Open,+92 302 9080908,pakdarvesh.github.io,5.0,1.0,28.14,,03-2025
3bd9c59eaf12b23f07a29e3b290bf4cd,Al Maalik Sky Travel,Pakistan,Karianwala,"near NADRA OFFICE Tanda, Karianwala Rd, Road, Karianwala, 50380, Pakistan",50380.0,74.2852764,32.74509866,Travel & Lodging,Travel Agencies,Travel agency,Open,+92 301 6669905,facebook.com,5.0,10.0,33.57,,03-2025
568a594bc016b08360347051df1d4337,Travalley Tours And Travels Private Limited.,Pakistan,Lahore,"Shop No 10, Shahid Plaza G1 Market Johor Town, Johor, Town, Lahore, 54000, Pakistan",54000.0,74.27800317,31.47474255,Travel & Lodging,Travel Agencies,Travel agency,Open 24 hours,+92 312 0054966,travalley.pk,4.8,331.0,26.33,,03-2025
11f08ff7cd65f8bb35055ada4ab63eae,Vagabonds,Punjab,Lahore,"98/2, Multan Rd, Haseeb Block Shahbaz Block Azam Garden, Lahore, 54000, Pakistan",54000.0,74.26640784,31.48624235,Travel & Lodging,Travel Agencies,Travel agency,Open 24 hours,+92 336 4555247,vagabonds.com.pk,4.7,7.0,28.14,,03-2025
017b9dc6357c61114c39340af484645a,Travel Guide,Sindh,Karachi,"No 04, Ground Floor 07، Plot 63-C, Office، 07 Jami Commercial Street 11, D.H.A. Phase 7 Karachi, 75500, Pakistan",75500.0,67.06907189,24.82993282,Travel & Lodging,Travel Agencies,Travel agency,Open,+92 300 1333598,travelguideagency.com,4.9,84.0,40.86,,03-2025
79b922bf9f0131b6df4d9af4a3e2038a,Ticket Xperts,Sindh,Karachi,"Plot no# 16c, small street, 24th Commercial St, Phase 2 Ext Defence Housing Authority, Karachi, 75350, Pakistan",75350.0,67.06875755,24.83172832,Travel & Lodging,Travel Agencies,Airline ticket agency,Open 24 hours,+92 335 7559315,ticketxperts.com,5.0,9.0,29.57,,03-2025
6314648bcf98aa3a80a7ad0890a20367,Jasmytrip.com,UC-4 City Railway Colony,Karachi,"Office 3 & 18, Beaumont Plaza, Beaumont Rd, Civil Lines Karachi, 75600, Pakistan",75600.0,67.02149224,24.84489448,Travel & Lodging,Travel Agencies,Travel agency,Open 24 hours,+92 21 111 698 747,jasmytrip.com,4.9,169.0,21.71,,03-2025
afe9933bf14b0e4b22f36f02d6106268,Umair Movers,Sukkur,Sukkur,"Military Rd, Basheerabad, Sukkur, 92650, Pakistan",92650.0,68.84244398,27.6978111,Travel & Lodging,Travel Agencies,Transportation service,Open,+92 300 3144416,umairmovers.com,3.4,9.0,30.86,,03-2025
c523858149349df0dd1f87e42de94add,H&S Travels & Tours,UC-8 Saddar,Karachi,"THE CENTRE SHOPPING MALL, Saddar saddar, Karachi, 74000, Pakistan",74000.0,67.02628316,24.85422058,Travel & Lodging,Travel Agencies,Travel agency,Open 24 hours,+92 332 3312261,instagram.com,5.0,76.0,22.57,,03-2025
34c45d784afc5dc6b6f34ade4455ce90,Deluxe Flights Shaheed e Millat Road,UC-7 P.e.c.h.s 2,Karachi,"Suite # 908, Roshan Trade Centre, Shaheed-e-Millat Rd, Bahadurabad Bahadur Yar Jang CHS, Karachi, 75400, Pakistan",75400.0,67.0648389,24.87854218,Travel & Lodging,Travel Agencies,Travel agency,Open 24 hours,+92 300 8370542,deluxeflights.pk,4.8,6.0,28.43,,03-2025
19c457202ce7f36007de35f3da580dc1,THE LAND RIDERS,Muzaffarabad,Muzaffarabad,"Zero Point Ward, 10 No, Muzaffarabad, 13100",13100.0,73.47823661,34.35340366,Travel & Lodging,Travel Agencies,Transportation service,Open 24 hours,+92 301 3036146,landriders.com,4.9,23.0,34.57,,03-2025
826a2be9d9d8519a1b3eaa240b00e624,Sukoon Kay Sath,UC-3 Kharadar,Karachi,"Arambagh Rd, Saddar South, Karachi, 74200, Pakistan",74200.0,67.00869048,24.85553843,Travel & Lodging,Travel Agencies,Travel agency,Open 24 hours,+92 310 2774454,instagram.com,5.0,30.0,31.43,,03-2025
3d829b3566f7f362ee41253f0699f4b3,Travel With Zunair,Pakistan,Lahore,"Big city plaza, Liberty roundabout, Gulberg, Lahore, 54000, Pakistan",54000.0,74.33752722,31.51000412,Travel & Lodging,Travel Agencies,Tourist information center,Open,+92 317 7773141,travelwithzunair.pk,4.8,692.0,49.67,,03-2025
837906ce2937758a7752c5df501e58d6,Madventure Pakistan,Punjab,Lahore,"Askari Corporate Towers, Gulberg III, Lahore, 45000, Pakistan",45000.0,74.33948291,31.5117508,Travel & Lodging,Travel Agencies,Tour agency,Open 24 hours,+92 340 5340419,madventure.pk,5.0,116.0,33.5,,03-2025
40a58b46eafec23eb46e2d3a202d6d49,Fly Travel (Decorous Group),Rawalpindi Tehsil,Rawalpindi,"Office No 342, 3rd Floor, Bank, Rania, Mall Rd, Askari XI Saddar, Rawalpindi, 46000, Pakistan",46000.0,73.02389695,33.5994312,Travel & Lodging,Travel Agencies,Travel agency,Open 24 hours,+92 345 2425799,flytravel.pk,5.0,17.0,33.17,,03-2025
5d0f832057f832abc8e3c2587c029d13,The Hadi Travel & Tours/hafm.pk,Saddar,Rawalpindi,"office #11-12 Ground Floor, Majeed Plaza, Bank Rd, Saddar, Rawalpindi, 46000, Pakistan",46000.0,73.0465042,33.59900187,Travel & Lodging,Travel Agencies,Travel agency,Open 24 hours,+92 336 1111999,haditravel.pk,4.8,10.0,27.57,,03-2025
23d58def915e94825e2b3ff486df041a,inDrive Drivers Facilitation Centre - Official - Johar Karachi,UC-10 Pehalwan Goth,Karachi,"Mateen Shopping Galaxy, Main, near Johar Mor Bridge, Block 10-A Block 10 A Gulshan-e-Iqbal, Karachi, 75300, Pakistan",75300.0,67.10894043,24.9060167,Travel & Lodging,Travel Agencies,Transportation service,Open,+92 302 1443000,indriver.com,4.0,559.0,60.5,,03-2025
6f047bc47bfe2c649e91afc64d532463,Madina Travels & Tours,Rahim Yar Khan Tehsil,Rahim Yar Khan,"Shop 6 Circular Rd, Rahim Yar Khan, 64200, Pakistan",64200.0,70.30621826,28.41222981,Travel & Lodging,Travel Agencies,Travel agency,Open,+92 302 3366762,,4.2,336.0,80.86,People typically spend up to 25 min here,03-2025
46c9c14b2585dcbe006e0cd4a9fd0e1e,Abeer Travel & Tours | Providing Best Air Ticketing & Travel Services In Wapda Town Gujranwala,Wapda Town,Gujranwala,"28-A , Al-Raheem Tower Main Market, Wapda Town, Gujranwala, 52250, Pakistan",52250.0,74.18178815,32.09422589,Travel & Lodging,Travel Agencies,Travel agency,Open,+92 300 3504499,abeertravel.com,4.4,35.0,33.43,,03-2025
6013aef6f3df9f97cd56a05c948c5162,Travel With Top Trips SMC Private Limited,Taraf Mubarik Doim,Multan,"house No 3 street no 2 sabazar, colony, Multan, 66000, Pakistan",66000.0,71.47752025,30.23569011,Travel & Lodging,Travel Agencies,Tour agency,Open 24 hours,+92 300 9440596,toptrips.agency,5.0,35.0,16.57,,03-2025
3ac7ab8a1c225641ab447785174076b7,MouhimJo Experiences,Sector P,Lahore,"340 Street 183, Sector P Dha Phase 1, Lahore, 54792, Pakistan",54792.0,74.40162634,31.48709697,Travel & Lodging,Travel Agencies,Tour agency,Open 24 hours,+92 322 6228372,mouhimjo.com,4.9,8.0,27.57,,03-2025
d3376f1cd1349af924f3def8f35856c7,Times Travel,Sector Q,Lahore,"360/9 Q Block Phase 2 Commercial DHA, Lahore, 54792, Pakistan",54792.0,74.40860475,31.48305925,Travel & Lodging,Travel Agencies,Travel agency,Open,+92 311 1460115,timestravel.com.pk,5.0,34.0,44.17,,03-2025
eb48d760b3f5753a8ebf15c4ee3b9cae,The Royal Aviation Services (DHA Branch Office),Sector Y,Lahore,"Y, Office no 51 Ground Floor Inner Circle Y Block Commercial Area, Sector, DHA Phase 3, Lahore, 54000, Pakistan",54000.0,74.37511963,31.47348633,Travel & Lodging,Travel Agencies,Travel agency,Open,+92 311 1555848,ras.net.pk,3.7,3.0,27.67,,03-2025
6dae52197f6bad1a02a0b392d10aac24,Deluxe Holidays DHA Branch Karachi,Zulfiqar & Al Murtaza Commercial Area,Karachi,"Office No. 201, 2nd Floor, ZA Tower, Al-Murtaza Commercial Ln 3, D.H.A. Phase 8 Zulfiqar & Al Murtaza Commercial Area Phase 8 Defence Housing Authority, Karachi, 75500, Pakistan",75500.0,67.07250356,24.7901526,Travel & Lodging,Travel Agencies,Travel agency,Open 24 hours,+92 300 0309416,deluxeholidays.com,4.8,26.0,37.43,,03-2025
6ffec6802d852d3b24c44acf50c52b07,Travel Together,Sector K,Lahore,"59-K block, Dha Phase 1, Lahore, 54810, Pakistan",54810.0,74.38692475,31.47094097,Travel & Lodging,Travel Agencies,Travel agency,Open,+92 311 1148248,traveltogether.pk,5.0,19.0,38.67,,03-2025
f0c1315f17e2d68049b00190e1ecf9ce,Trekspedia,Pakistan,Lahore,"Mall, 30, the mall, Road, Lahore, 54000, Pakistan",54000.0,74.31506135,31.5639749,Travel & Lodging,Travel Agencies,Travel agency,Open 24 hours,+92 301 6071188,trekspedia.co,5.0,2.0,24.57,,03-2025
88b250903dfd3b3cd511e0bf930645ef,Airport Limousine Services (Pvt.) Ltd,Umar Colony,Karachi,"Office No: 101/103, 1st Floor, Anum Estate Building, Main Shahra-e-Faisal, adjacent Silk Bank Eman Tower, 7/8 Umar Colony, Karachi, 75350, Pakistan",75350.0,67.07855359,24.86583267,Travel & Lodging,Travel Agencies,Transportation service,Open 24 hours,+92 21 34580961,alspk.com,4.5,2.0,23.83,,03-2025
bd18470bf2763fe1f9125512eb6f7d14,3U Movers and Packers/ Nationwide Movers and Packers/ International Movers and Packers,UC-10 Clifton,Karachi,"Choudhury Khaliquz, Zaman Colony Block 9 Clifton, Karachi, 75530, Pakistan",75530.0,67.03577165,24.82613626,Travel & Lodging,Travel Agencies,Transportation service,Open 24 hours,+92 326 8043506,3umovers.com,5.0,6.0,28.43,,03-2025
0f0aa5e96685e99565d827751365d7a7,Taimoor Packers and Movers,Pakistan,Lahore,"Sector B main B, Kotha Pind Block B Faisal Town, Lahore, 54000, Pakistan",54000.0,74.30513695,31.47816962,Travel & Lodging,Travel Agencies,Transportation service,Open 24 hours,+92 318 6789124,taimoormover.com,4.9,70.0,32.43,,03-2025
2e51a2b9393d38482dbefb292dc38f67,Kz Rajput Transport,Pakistan,Hyderabad,"H. No-79. F-Block Street No. 2, 8 no, Latifabad, Hyderabad, 71000, Pakistan",71000.0,68.36149291,25.36664675,Travel & Lodging,Travel Agencies,Transportation service,Open 24 hours,+92 317 0088429,sites.google.com,5.0,1.0,25.71,,03-2025
5acf8725000d311d08a627958763856a,Malik Awan Van Service and Rent-A-Car,Pakistan,Hyderabad,"Pathan Colony Rd, near Baba Hayat Dargah, Pathan Colony, Hyderabad, 71110, Pakistan",71110.0,68.3614815,25.40327911,Travel & Lodging,Travel Agencies,Transportation service,Open 24 hours,+92 300 9379321,facebook.com,4.9,9.0,25.57,,03-2025
6a307fe4d16e171db0ba38202be385df,Happy Travel & Tours,UC-6 Farooq-e-Azam,Karachi,"Shop #10 Eazzy manzil Al haidery memorial market, Block E North Nazimabad Town, Karachi, 74700, Pakistan",74700.0,67.04006374,24.93792396,Travel & Lodging,Travel Agencies,Travel agency,Open,+92 21 36671255,happytravels.com.pk,5.0,7.0,22.0,,03-2025
81fbe2d49a3f8419e2c3eb85b6320ada,Karbalai Travel & Tours,Umar Farooq Colony,Karachi,"Block ""Q"", D, 192, North Nazimabad, Karachi, 74700, Pakistan",74700.0,67.02824731,24.94103711,Travel & Lodging,Travel Agencies,Travel agency,Open,+92 300 2556805,facebook.com,5.0,30.0,38.86,,03-2025
69dfa5af93e79c83840f69eaf86750f5,Central Tour Services,Sector D 2 Block 4,Lahore,"Office No. 65, Block 4, Sector D-II, Green Town, Green Town, Lahore, 54700, Pakistan",54700.0,74.30846723,31.43656987,Travel & Lodging,Travel Agencies,Tour operator,Open 24 hours,+92 300 1491177,instagram.com,4.9,10.0,34.83,,03-2025
ed3303089d3e2754b269957ea71ce2a0,Roadsters Hospitality and tours,Sector F,Islamabad,"office 2, Sarfaraz Plaza, Commercial C, Sector F BAHRIA TOWN PHASE 7, Islamabad, 45000, Pakistan",45000.0,73.08900111,33.51939937,Travel & Lodging,Travel Agencies,Travel agency,Open,+92 334 7786877,roadsterstours.com,5.0,27.0,32.14,,03-2025
a59ede0bd99537b93d7e231411a94c03,Travel Treks Adventure Club,Punjab,Lahore,"G-17, Ground Floor, Ashiana Shopping Centre, Main Boulevard Gulberg, Block D1 Gulberg III, Lahore, 54000, Pakistan",54000.0,74.34010415,31.51260483,Travel & Lodging,Travel Agencies,Tour operator,Open 24 hours,+92 325 9355500,instagram.com,4.6,20.0,33.14,,03-2025
d99692aff0fed5f81806ec99d80b310a,vguide tours,Swat Tehsil,Mingora,"OFFICE # B201, 1ST FLOOR SWAT SHOPPING MALL, FIZAGAT, Mingora, 19130, Pakistan",19130.0,72.39190965,34.79233152,Travel & Lodging,Travel Agencies,Tour operator,Open 24 hours,+92 312 6766888,vguidetours.com,4.9,8.0,19.71,,03-2025
37fb75096b1836bac0258e3fd9b56171,Green Escape Tours Pakistan,Swat Tehsil,Mingora,"Shop no 2, Sohrab Khan chowk, GT Rd, Suhrab Khan Mohallah Mingora, 19130, Pakistan",19130.0,72.35414357,34.77240849,Travel & Lodging,Travel Agencies,Tour operator,Open 24 hours,+92 315 9704109,facebook.com,5.0,1.0,26.71,,03-2025
a089b8ffc548076bf43bf8a0ed901109,Goraya Explorer Tour and Travel,WAPDA Town,Lahore,"20-j2, 20 J2, WAPDA Town Block J 2 Wapda Town Phase 1 Lahore, 54500, Pakistan",54500.0,74.26270873,31.42329716,Travel & Lodging,Travel Agencies,Tourist information center,Open 24 hours,+92 343 3385834,gorayaexplorers.com,5.0,7.0,22.6,,03-2025
145d236466931f39799bf71ecaf06368,Local Experience Pakistan,Pakistan,Lahore,"1-P, 1 KM Defence Rd, off Pine Avenue, Lahore, 54000, Pakistan",54000.0,74.23789517,31.39363674,Travel & Lodging,Travel Agencies,Tour agency,Open 24 hours,+92 323 7500128,localexperiencepakistan.com,5.0,10.0,23.29,,03-2025
04343159280d63395efc57c2263dfff1,ToskaBooking,Pakistan,GulbergLahore,"Office No. 410, 4th Floor, Eden Heights, Main Jail Rd, Main Gulberg, GulbergLahore, 54610, Pakistan",54610.0,74.3434921,31.53403172,Travel & Lodging,Travel Agencies,Travel agency,Open 24 hours,+92 303 7813540,toskabooking.com,4.1,11.0,29.86,,03-2025
ade81e5a896c79f3a484dc17d4e13a74,Rohri,Rohri,RCW Rohri,"Musavi House, Shafquat Hussain Shah Road near old fish, market, RCW Rohri, 65200, Pakistan",65200.0,68.89556814,27.69264394,Travel & Lodging,Travel Agencies,Travel agency,Open 24 hours,+92 333 7102949,rohri.net,4.3,3.0,17.57,,03-2025
b804b5a173bfb105241da4fb82171b2c,Lets Travel & Tour,Sargodha,Sargodha,"331-B oppsite D, House university Road University Road, I.G Sargodha, 40100, Pakistan",40100.0,72.66907136,32.07820485,Travel & Lodging,Travel Agencies,Travel agency,Open 24 hours,+92 323 8600386,web.aeroglobe.pk,4.9,7.0,31.67,,03-2025
cc04bea8b55922dd6f410cd02e658723,MADINATUL ILM (TRAVEL & TOURS),Quetta,Quetta,"Shop no.9, Alamdar Road, opposite Tameer Nasle Nau high School (Main Branch, Quetta, 87300, Pakistan",87300.0,67.0247834,30.18893644,Travel & Lodging,Travel Agencies,Travel agency,Open,+92 347 8369686,facebook.com,5.0,1.0,30.71,,03-2025
d7236f37e2ac27a24037014d652e608a,Rainbow Travel And Tour,UC-10 Clifton,Karachi,"CUSTOM, Gizri Village Defence Housing Authority, Karachi, 75500, Pakistan",75500.0,67.04134976,24.8164435,Travel & Lodging,Travel Agencies,Travel agency,Open,+92 321 8214440,facebook.com,5.0,2.0,35.0,,03-2025
b30b7ac3cd535b213fae3bd051138407,Gujar khan Travel and Tours (GK Travels),Rawalpindi,Gujar Khan,"Office # 19-A, London Plaza, Railway Road, Gujar Khan, 47850, Pakistan",47850.0,73.30671017,33.25699713,Travel & Lodging,Travel Agencies,Travel agency,Open 24 hours,+92 315 1537005,facebook.com,4.9,18.0,24.71,,03-2025
fb8dfda3979657865f072aab41f6a0a8,Labbaik Services Pvt Ltd,Satellite Town,Rawalpindi,"Metro Station, Office no# 3 Sardar Plaza 6th Road, Murree Rd, Rawalpindi, 46000, Pakistan",46000.0,73.07452487,33.64318196,Travel & Lodging,Travel Agencies,Travel agency,Open,+92 300 0658500,labbaikservices.org,4.4,68.0,34.14,,03-2025
41317cc7e97ab006e0d3bc8eb96e3358,K2 Climbers,Satellite Town,Rawalpindi,"Office No 226 2nd floor, Dubai Plaza, 6th Rd, A Block Block A Satellite Town, Rawalpindi, 46000, Pakistan",46000.0,73.0745637,33.64107252,Travel & Lodging,Travel Agencies,Tour agency,Open 24 hours,+92 335 5428818,k2climbers.com,4.9,110.0,22.29,,03-2025
b0406e2a0d3fe02b8aa64464a759213a,Sixth Tourism & Rental Services,Satellite Town,Rawalpindi,"Ali arcade plaza, 6th Rd, opp. laser skin complex, Block A Satellite Town, Rawalpindi, 47150, Pakistan",47150.0,73.07657784,33.64104939,Travel & Lodging,Travel Agencies,Tour operator,Open,+92 333 5564474,,5.0,24.0,39.71,People typically spend up to 3 hours here,03-2025
c8caa18749506656f7eaf7ab1a33e60c,Sultan Travels &Tours Vehari,Vehari,Vehari,"Time exchange, Karkhana Bazaar Rd, F Block Vehari, 61100, Pakistan",61100.0,72.34849046,30.04115726,Travel & Lodging,Travel Agencies,Travel agency,Open,+92 328 7727231,sultantravels.pk,4.8,72.0,26.29,,03-2025
130c426d632632dbe60d27d315e373fd,Chan Shah Cargo Car Carrier Services ®,UC-4 Baba Bhitt,Karachi,"Plot No.38, Gate No 5, 39 A Street No.1, Karachi, 74200, Pakistan",74200.0,66.95157644,24.86879735,Travel & Lodging,Travel Agencies,Transportation service,Open 24 hours,+92 300 1185800,facebook.com,5.0,246.0,33.57,,03-2025
3c61e9abbec17394a111a84ddd8f7ae2,Sheraz Cargo & Goods Car Carrier Service,UC-6 Mauri Pur,Karachi,"K-28 marhaba market opp gate.no 6 new truck stand karachi, Mauripur, Karachi, 75750, Pakistan",75750.0,66.94917313,24.8696305,Travel & Lodging,Travel Agencies,Transportation service,Open,+92 333 2310647,sherazcargo.co,4.7,53.0,53.0,,03-2025
e7738a45076d42b3052b4dda6938d430,Khidmatgar recovery service,Punjab,Lahore,"Service near amara school, Gohawa Lahore, 54000, Pakistan",54000.0,74.42824736,31.49201228,Travel & Lodging,Travel Agencies,Transportation service,Open 24 hours,+92 307 1301307,newkhidmatgarrecovery.com.pk,5.0,87.0,43.14,,03-2025
1a4dc39d57201c66e437699d80372a6d,Quetta awan goods transport and packers,Quetta,Quetta,"shop NO 30, shabir sharef) market, Rubber market, Robert market quetta cantt, cant, Quetta, 87300, Pakistan",87300.0,67.00416335,30.1886593,Travel & Lodging,Travel Agencies,Transportation service,Open 24 hours,+92 332 6252728,awan-goods-transport-and-packers.com,4.9,27.0,23.86,,03-2025
1b75e640e174db1dbd5bcada1ddcdf9f,Transport service skardu,South Asia,Skardu,"Gamba Skardu, Skardu, 11223",11223.0,75.5483791,35.32471475,Travel & Lodging,Travel Agencies,Transportation service,Open 24 hours,+92 312 9660151,bestraentsarvis.com,4.9,42.0,28.57,,03-2025
73ad79dc0ede098c64c989be05638333,Qurtaba Travels and Tours,Satellite Town,Sargodha,"6/296, Block B Main Rd, Satellite Town Sargodha, 40100, Pakistan",40100.0,72.68946739,32.08864373,Travel & Lodging,Travel Agencies,Travel agency,Open,+92 317 1114141,qurtabatravels.com,5.0,4.0,23.5,,03-2025
d46d8cf995eb00dec3550388d52ff2db,SAMAMMA TRAVEL,Pakistan,Faisalabad,"OFFICE NO 10, KAREEM CENTER, JINNAH COLONY, near TANVEER PAN SHOP, Jinnah Colony, Faisalabad, 38000, Pakistan",38000.0,73.06509132,31.42250327,Travel & Lodging,Travel Agencies,Travel agency,Open,+92 341 5431864,samammatravel.com,5.0,18.0,36.29,,03-2025
15f77567bb0b2750f3d9a0e8a908978c,AYUB SONS TRAVELS MARDAN,Pakistan,Mardan,"office#53 Ground floor, Waddan shopping mall, 1 Malakand chowk, Mardan, 23200, Pakistan",23200.0,72.02897865,34.19858937,Travel & Lodging,Travel Agencies,Travel agency,Open,+92 313 1918348,ayubsonstravels.com,5.0,1.0,34.43,,03-2025
d589c8e17173bf55ab26c4b7f6a73f52,Elaf-ul-Harmain Travels & Tours Vehari,Vehari,Vehari,"Karkhana, Alfateh Plaza, 32 Bazar, F Block Vehari, 61100, Pakistan",61100.0,72.34855835,30.04078713,Travel & Lodging,Travel Agencies,Travel agency,Open 24 hours,+92 311 6213324,facebook.com,5.0,28.0,29.14,,03-2025
b69064ba574fd9c69fb3298836cf6453,Kelani Travels,Pakistan,Hafizabad,"Madrianwala, road, near Jamia Masjid Anwar-e-mustafa, madina colony, Hafizabad, 52110, Pakistan",52110.0,73.67275387,32.06321744,Travel & Lodging,Travel Agencies,Travel agency,Open 24 hours,+92 300 6520550,kelanitravels.com,4.6,10.0,29.0,,03-2025
16f879edc677f3c94187aa1fa8e66206,Alam Sons Travel and Tours,Pakistan,Hafizabad,"Madhrian Wala, Rd, Hafizabad, 52110, Pakistan",52110.0,73.67350362,32.06402378,Travel & Lodging,Travel Agencies,Travel agency,Open,+92 547 523222,alamsonstravel.com,5.0,1.0,25.33,,03-2025
093717a0de41fffb76843eecd3624860,Noor Tourism Talagang (Pvt)Ltd,Talagang,Talagang,"Dudial Rd, opposite Al falah surgical hospital, near telephone exchange, Talagang, 48100, Pakistan",48100.0,72.41162922,32.93209049,Travel & Lodging,Travel Agencies,Tour operator,Open,+92 309 9191555,,4.8,46.0,43.0,People typically spend up to 1 hour here,03-2025
70b1ba81a27b24d6b601e34761e43dc8,Red Apple Tourism Company,Pakistan,Lahore,"11 Central Plaza Rd, New Muslim Town Commercial Area Garden Town, Lahore, 54700, Pakistan",54700.0,74.31933568,31.5008998,Travel & Lodging,Travel Agencies,Travel agency,Open 24 hours,+92 305 4826908,,4.0,4.0,35.14,People typically spend up to 3 hours here,03-2025
cfc18675335bf9d3bd4aaed405870e79,kashmir international travel and tours,Satellite Town,Jhelum,"city housing, Jhelum, 49600, Pakistan",49600.0,73.65407044,32.99521485,Travel & Lodging,Travel Agencies,Travel agency,Open 24 hours,+92 335 9400506,kashmirinternationaltraveltour.com,4.7,162.0,21.33,,03-2025
f511d771a3e9071d8a191416892bb04e,Vista Tours Pk,Punjab,Lahore,"Block R1 Block R 1 Phase 2 Johar Town, Lahore, 54000, Pakistan",54000.0,74.27303911,31.4580186,Travel & Lodging,Travel Agencies,Travel agency,Open 24 hours,+92 308 7959001,vistatourspk.com,5.0,4.0,23.14,,03-2025
92cb3f7c0c4b5b38db57c73b4bc7fb98,Delux Trips,Pakistan,Mansehra,"Shahnawaz Chowk, Mohalla Saienabad, Mansehra, 21300, Pakistan",21300.0,73.20032073,34.34112974,Travel & Lodging,Travel Agencies,Tour operator,Open 24 hours,+92 347 8916700,deluxtrips.com,5.0,6.0,34.14,,03-2025
eaa66442d5ec7c9abe753a7733dbd694,Fairy meadow tours,Services Society,Islamabad,"ADDRESSH # house, 264 Street 85, Services Society SCHS E 11/2 E-11, Islamabad, 44000, Pakistan",44000.0,72.96927557,33.69941496,Travel & Lodging,Travel Agencies,Tour agency,Open 24 hours,+92 310 5220564,fairymeadowtours.com,5.0,2.0,32.57,,03-2025
cb5ddf42fc6f9452a47a749e645501f5,Agha G Travels & Tours (Pvt)Ltd.,Wah Cantt,Taxila,"Office 4/5, 1st Floor، Bank Al-Habib، Al-Karam Plaza، Chowk, Sarai Khola Taxila, 47080, Pakistan",47080.0,72.79645595,33.73659481,Travel & Lodging,Travel Agencies,Travel agency,Open,+92 51 4542028,aghagtravel.blogspot.com,4.1,13.0,33.43,,03-2025
5fe1c5dfb5bcce89ef4b485f9bde0a36,TN7Sky Tours & Rent A Car Service Pvt Ltd,Tarnol,Islamabad,"Motorway Link Rd, Tarnol, Islamabad, 44000, Pakistan",44000.0,72.90840691,33.65115695,Travel & Lodging,Travel Agencies,Tour agency,Open 24 hours,+92 310 8503528,tn7skytoura.com,5.0,3.0,26.14,,03-2025
3c818d7a4c0ffc09aec1af5e2dc5f0b9,Famztravel,Islamabad Capital Territory,Islamabad,"Plot# 51-52, Khyber Plaza, Shop# 1, Ground Floor, G-15, Islamabad, 44150, Pakistan",44150.0,72.92142288,33.63281935,Travel & Lodging,Travel Agencies,Tour agency,Open 24 hours,+92 307 7513000,famztravel.com,5.0,11.0,26.29,,03-2025
bd3bf075a479fee71d329f79d8cc848b,Northern Travelers.Pk,Pakistan,Lahore,"Karim Park Ravi Road, b, Lahore, 54000, Pakistan",54000.0,74.29879675,31.5910605,Travel & Lodging,Travel Agencies,Travel agency,Open 24 hours,+92 320 4475449,facebook.com,5.0,1.0,21.0,,03-2025
acd84a420b8ec3b1eec7ea5c2d7cfcc0,Travelustaad.com,Islamabad Capital Territory,Islamabad,"5th Floor Royal Crown, Business Square, Block C Gulberg Greens, Islamabad, 44000, Pakistan",44000.0,73.1674093,33.61650891,Travel & Lodging,Travel Agencies,Travel agency,Open 24 hours,+92 300 0495522,travelustaad.com,4.5,70.0,27.0,,03-2025
c0d8373b74d6b8d8076c0fe21d64f14f,Salaar Wasim Travels & Tours Lodhran,Pakistan,Lodhrān,"Nassu Lataska hotel, Kehror Pecca road, Lodhrān, 59320, Pakistan",59320.0,71.6446068,29.54719515,Travel & Lodging,Travel Agencies,Travel agency,Open 24 hours,+92 301 7796618,salaartours.blogspot.com,4.9,76.0,24.71,,03-2025
7ecce3bc5af459f3cdb73a1446232b55,Pak Tours Services,Block H,Islamabad,"3rd Floor, Adeel Plaza, Block H G 7/2 Blue Area, Islamabad, 44000, Pakistan",44000.0,73.05976061,33.71216719,Travel & Lodging,Travel Agencies,Tour operator,Open 24 hours,+92 321 8484087,pak-tours.com,5.0,11.0,34.67,,03-2025
8303879dd1e4af94a3226fc1ad8df76b,Flying World Traval Agency Pakpattan,Pakistan,Traval,"Shop 5, Al fareed Gardan, Main Gate, Al Fareed Gardan Commerical Market, Traval, 57400, Pakistan",57400.0,73.38023997,30.3495027,Travel & Lodging,Travel Agencies,Travel agency,Open 24 hours,+92 317 3336899,flyingworldnet.com,4.3,3.0,28.83,,03-2025
a23342ad789443b703c217f67ddfdcc1,CITI Tours & Travel,Pakistan,Lahore,"Suit 6-7, 2nd floor, Khan Arcade, Firdous Mkt Rd, Block J Gulberg III, Lahore, 54000, Pakistan",54000.0,74.34638847,31.50214156,Travel & Lodging,Travel Agencies,Tour agency,Open,+92 324 4647577,cititoursandtravel.com,5.0,14.0,27.43,,03-2025
53b3c8c9513018fbd1ad39432b797b2c,Travel with HUMSAFAR,UC-11 Metroville Colony,Karachi,"abul hassan isphani road, Gulzar-e-Hijri Block 3/1 Metrovil Colony, Karachi, 75750, Pakistan",75750.0,67.10079886,24.94647434,Travel & Lodging,Travel Agencies,Travel agency,Open 24 hours,+92 303 2886402,humsafarkehumsafar.org,5.0,1.0,25.71,,03-2025
e08604975836e7c0225c381a9d5b5225,Ansar travel and tours,Swat Metropolitan Area,Talash,"Dir (L, Main Bazar, Talash, 18300, Pakistan",18300.0,71.87153473,34.74027862,Travel & Lodging,Travel Agencies,Travel agency,Open 24 hours,+92 345 3500579,m.facebook.com,5.0,7.0,31.57,,03-2025
eeb0c3298e2fb4c6555a97a1725ad68d,Muhammad Ali Ahmad Goods Transport,Sindh,Nawabshah,"60 Mail Road, Nawabshah, 67450, Pakistan",67450.0,68.42826593,26.25686314,Travel & Lodging,Travel Agencies,Transportation service,Open 24 hours,+92 300 3237251,facebook.com,3.5,16.0,34.29,,03-2025
acdf94337b6c8c7cc82b3f51f8500e56,AQIL TRAVEL AGENCY,Swabi Tehsil,Shewa,"adda, Shewa Road, Shewa, 23420, Pakistan",23420.0,72.31873154,34.21454426,Travel & Lodging,Travel Agencies,Travel agency,Open 24 hours,+92 312 2929370,google.com,5.0,1.0,22.71,,03-2025
aef06b365fdf93000e2b3f83596c0a3a,Ultimate Adventure Tour,Sakwar,Gilgit,"Hakeem Market, Main Road, Mohallah Islamabad Sakwar, Gilgit, 15100",15100.0,74.38842159,35.88019311,Travel & Lodging,Travel Agencies,Tour agency,Open 24 hours,+62 811-8848-199,ultimateadventure.pk,5.0,6.0,24.0,,03-2025
f4354e02afe150dc237031db6fa58018,Sajjad Sultan Travel and Tours,Pakistan,Haroonabad,"Sahi Petroleium Sevice and Chishtian road Shaheed chowk, Haroonabad, 62100, Pakistan",62100.0,73.14418158,29.60811914,Travel & Lodging,Travel Agencies,Travel agency,Open 24 hours,+92 301 7464422,sultantravelandtours.blogspot.com,4.9,16.0,29.71,,03-2025
e0dfb11ea20282ddd4750fb9b2f771a6,Sky Blue travel agency & real estate,Pakistan,Haroonabad,"Al-khair, Al-Khair market, old Cinema, Market, near Al-Bagdad Bakers, Haroonabad, 62100, Pakistan",62100.0,73.12861194,29.60793035,Travel & Lodging,Travel Agencies,Travel agency,Open 24 hours,+92 308 3803151,skyblue.com,5.0,10.0,29.57,,03-2025
2be725d13d358685b6e6699f59158027,Black Glacier Tours Pvt Ltd,Hunza Nagar,Hunza,"Tehsil, Ghulkin P/O Gulmit, Gojal, Hunza, 15000",15000.0,74.86424568,36.40737043,Travel & Lodging,Travel Agencies,Tour agency,Open,+92 333 5535155,blackglaciertours.com,5.0,2.0,38.14,,03-2025
2e03e2779b9305fd00635f5f4f259aa4,TourdeGB,Hunza Nagar,Karimabad,"Main Karim Abad Road, Hunza, Karimabad, 15700",15700.0,74.66865054,36.31570153,Travel & Lodging,Travel Agencies,Tour operator,Open,+92 355 4234409,tourdegb.com,5.0,3.0,31.86,,03-2025
0bc4bdecd90da393da4e2b0c1d363bbe,Salt Range Tourism,Pakistan,Choa Saidan Shah,"Kalar Kahar Rd, Choa Saidan Shah, 48320, Pakistan",48320.0,72.97877119,32.71994572,Travel & Lodging,Travel Agencies,Tourist information center,Open,+92 331 6636665,saltytrips.pk,4.5,44.0,,People typically spend up to 1.5 hours here,03-2025
e54c2855b687db4d6f51411ab7076410,SA Travels & Tours .rent a car,Pakistan,Alipur,"Lehtrar Road, Street, near Malik Music Center, Alipur, 46000, Pakistan",46000.0,70.91045358,29.38173513,Travel & Lodging,Travel Agencies,Travel agency,Open 24 hours,+92 311 5115720,islamabadrentacar.com.pk,5.0,1.0,22.0,,03-2025
19b2d67d284f0699f353272ad87a70c2,Tripways,Pakistan,Lahore,"Kalwar homes, 11 Model Town Link Rd, Phase 3 GECH Society, Lahore, 54700, Pakistan",54700.0,74.32107165,31.46751862,Travel & Lodging,Travel Agencies,Tour agency,Open 24 hours,+92 304 4704069,facebook.com,5.0,4.0,39.0,,03-2025
f414d32bbd8b1088e325b6f8b320c2d8,Hello Mountains,Gilgit,Danyor,"main chowk, Danyor, 15110",15110.0,74.37652782,35.92111012,Travel & Lodging,Travel Agencies,Travel agency,Open,+92 311 1646663,hellomountains.com.pk,5.0,7.0,31.83,,03-2025
6d066696ec6a67d8278baa80cfb0e4f1,Pakistan Dream Destination Tours,Kashrote,Gilgit,"Goal Rd, near Airport, Gilgit, 15100",15100.0,74.32596418,35.92047237,Travel & Lodging,Travel Agencies,Tour operator,Open,+92 314 3310388,dreamdestination.pk,5.0,11.0,28.14,,03-2025
c8f80181d123f6149ca316b8448a455e,TUSHMIT TRAVEL,Punjab,Gujrat,"Shadiwal Rd, near Attucks Petrol Pump, Gujrat, Pakistan",,74.07320363,32.55810327,Travel & Lodging,Travel Agencies,Travel agency,Open 24 hours,+92 300 7011715,oktravelsandtourism.com,3.7,3.0,32.86,People typically spend up to 4 hours here,03-2025
c3706f872acd87853b624b8dbe4d917b,AL QAYYUM TRAVELS,Punjab,Bahawalpur,"Fawara Chowk Bahawalpur, Officer Auqaf Market, Bahawalpur, 63100, Pakistan",63100.0,71.66800217,29.39085236,Travel & Lodging,Travel Agencies,Travel agency,Open,+92 300 8745701,alqayyumtravels.net,3.3,6.0,28.14,,03-2025
e7b1e41cd81ed2cd6b63e0793845be98,Pak Travelog,Block H,Islamabad,"3rd Floor, Mujahid Plaza, Office 6 Jinnah Ave, Block H G 7/2 Blue Area, Islamabad, 44010, Pakistan",44010.0,73.05902815,33.71225842,Travel & Lodging,Travel Agencies,Travel agency,Open 24 hours,+92 305 5555306,paktravelog.com,4.1,96.0,27.29,,03-2025
ffedecbd8cffaf44593db93fd2bd4a11,Hadi Travels (Pvt)Ltd.,UC-8 Saddar,Karachi,"Court View Apartment, Court Rd, Saddar Karachi, 74000, Pakistan",74000.0,67.01780581,24.85548166,Travel & Lodging,Travel Agencies,Travel agency,Open 24 hours,+92 300 7030303,haditravels.com,3.8,21.0,27.57,,03-2025
dd7a9628d439357b71b5a9efe7e6b531,THE VISION TRAVEL,Sabzazar Housing Scheme Phase 1 & 2,Lahore,"14 H-1 Main Boulevard Sabzazar Road, Sabzazar Block H Sabzazar Housing Scheme Phase 1 & 2 Lahore, Pakistan",,74.26494682,31.51547985,Travel & Lodging,Travel Agencies,Travel agency,Open,+92 304 1114430,mybookingworld.com,4.5,159.0,61.17,People typically spend up to 1 hour here,03-2025
dcd2f69f0d38d48facaaad3f33555dca,Kkh adventure pakistan,South Asia,Skardu,"Shangrila Resort Road, Kachora, Skardu, 16100",16100.0,75.45060016,35.42617683,Travel & Lodging,Travel Agencies,Travel agency,Open,+92 346 8116280,m.facebook.com,5.0,3.0,28.29,,03-2025
4a211484d0d2378efcf777aa1c914bb0,Shaheen express chach interchange شاہین ایکسپریس چھچھ انٹرچینج,Punjab,Nartopa,"Chach interchange Porshawar exit side, Nartopa, 43450, Pakistan",43450.0,72.50710714,33.92924494,Travel & Lodging,Travel Agencies,Transportation service,Open 24 hours,+92 310 7772299,shaheenexpress.com,4.8,24.0,32.57,,03-2025
ceb326eed49f83ed7f561c592a3d71d8,Uforia Tours,Sector B,Lahore,"32 MB, 4th Floor, Sector B DHA Phase 6, Lahore, 54100, Pakistan",54100.0,74.44088365,31.47398355,Travel & Lodging,Travel Agencies,Travel agency,Open 24 hours,+92 326 4491540,instagram.com,5.0,22.0,29.43,,03-2025
517bdb81b26e85bab521695848816d85,TOURISTA TRAVEL AND TOURS (PRIVATE) LIMITED,Pakistan,Lahore,"office no 17, Rehman centre, 2 service lane ring road, Natha Singh Wala, Lahore, 54000, Pakistan",54000.0,74.42316668,31.46065968,Travel & Lodging,Travel Agencies,Tour agency,Open 24 hours,+92 309 1146205,touristatravelandtours.com,5.0,14.0,26.43,,03-2025
89235c90c5ff5db679e506f4fe773f29,Arsh Travel & Tourism,Punjab Small Industries Cooperative Housing Society,Lahore,"allied school, Punjab Small Industries Cooperative Housing Society defence campus, Lahore, 54000, Pakistan",54000.0,74.41212971,31.47157535,Travel & Lodging,Travel Agencies,Travel agency,Open 24 hours,+92 315 3153156,m.facebook.com,5.0,2.0,34.0,,03-2025
6bd08020bf9002da17dde5fd5204f757,The Chief Travels,Pakistan,Lahore,"753, 753 Qazi Muhammad Isa Rd, Block C Faisal Town, Lahore, 54000, Pakistan",54000.0,74.29988188,31.4747287,Travel & Lodging,Travel Agencies,Travel agency,Open,+92 42 35203641,facebook.com,5.0,2.0,33.5,,03-2025
4652f4d28995ed1bd8d1328b89abd97b,High Hills Tours,Pakistan,Faisalabad,"High Hills Tours, Abdullah Pur Bus Stand, Faisalabad, 38000, Pakistan",38000.0,73.07780938,31.45571646,Travel & Lodging,Travel Agencies,Tour agency,Open 24 hours,+92 323 6063633,highhillstours.com,5.0,4.0,32.57,,03-2025
8644570173b0d4f60b104a76d902c0e2,Faisalabad Rent A Car,Pakistan,Faisalabad,"M TEX CHONK KHALSA COLLEGE MAIN KENAL ROAD ABDULLAHPUR FAISALABAD KENAL, ROAD, Faisalabad, 00000, Pakistan",0.0,73.10348391,31.41903843,Travel & Lodging,Travel Agencies,Travel agency,Open 24 hours,+92 322 5470544,fsdrentacar.com.pk,4.6,5.0,22.86,,03-2025
5d4d2f2ba91ec60c0bd3ab11268ce029,Flying 3M International Travel And Tours.,Pakistan,Faisalabad,"shop No. 26-p, Block A, near Chakki chowk, Colony, Gulshan E Iqbal, Faisalabad, 38000, Pakistan",38000.0,73.03778662,31.37102064,Travel & Lodging,Travel Agencies,Travel agency,Open,+92 344 7856183,flying3minternationaltravelandtours.com,5.0,2.0,29.71,,03-2025
14bcc6b2b547956a8040f7e210bee6b2,MO RENT A CAR & TOUR PRIVATE LIMITED,UC-4 Hyderi,Karachi,"G, Saima Shopping Mall, Block, North Block F Nazimabad, Karachi, 74700, Pakistan",74700.0,67.04003743,24.93537251,Travel & Lodging,Travel Agencies,Travel agency,Open 24 hours,+92 336 0128253,morentacarandtour.com,5.0,67.0,21.17,,03-2025
1567e6139fb19cd7381f4bd384f68f91,Welcome Events & Destinations,Pakistan,Lahore,"Office 04, Second Floor, 90/B Canal Park, Gulberg 2, Lahore, 54000, Pakistan",54000.0,74.33561542,31.53112353,Travel & Lodging,Travel Agencies,Travel agency,Open 24 hours,+92 333 4293012,welcome-ed.com,4.5,8.0,32.83,,03-2025
7e69f6d1ad2506dd9aae1182f5d6b990,Divine Fly,South Asia,Skardu,"Divine Fly, Chungi Airport Rd Skardu, Astana, Skardu, 16100",16100.0,75.60378983,35.29474933,Travel & Lodging,Travel Agencies,Travel agency,Open,+92 355 5118812,flywithdivine.com,5.0,24.0,32.43,,03-2025
1defa0e1b76ddabc0d3120e0f6976e44,Burewala Travel & Tour's,Punjab,Burewala,"Fawara Chowk, Burewala, 61010, Pakistan",61010.0,72.69215974,30.15906134,Travel & Lodging,Travel Agencies,Travel agency,Open 24 hours,+92 313 8730461,facebook.com,5.0,12.0,31.29,,03-2025
03a7b5dd0a940f3f4cdeca85272305bb,Kashmir travels & rent a car,Rawalpindi Tehsil,Rawalpindi,"Srdar nawab khan plaz,banni stop Chakri, road, Rawalpindi, 12344, Pakistan",12344.0,73.01046275,33.55800815,Travel & Lodging,Travel Agencies,Travel agency,Open 24 hours,+92 344 9333322,tiktok.com,5.0,28.0,17.29,,03-2025
a2066a9254393134c29b212426cc7ebc,AL-Hijra Travel and Tours,Swabi,Ismaila,"Main Bus stop, Ismaila, 23200, Pakistan",23200.0,72.24005662,34.22806635,Travel & Lodging,Travel Agencies,Airline ticket agency,Open,+92 311 8258240,alhijratts.com,4.4,7.0,27.86,,03-2025
c49fc26a7a9cc6b5850776f39caa0db2,Karakorum Expeditions,Islamabad Capital Territory,Islamabad,"New Mal، Usman Plaza, Flat No. 1, Jinnah Avenue, Kuri Road, Islamabad, 44000, Pakistan",44000.0,73.15208335,33.68041733,Travel & Lodging,Travel Agencies,Tour operator,Open,+92 51 5402198,karakorumexpedition.com,4.7,21.0,39.29,,03-2025
fb36dbc71f2de28be31ee42e7d3330a2,Checkin.pk,Punjab,Lahore,"9-A, First Floor, Grand Hotel and Towers Davis Road, Lahore - Pakistan, Garhi Shahu, Lahore, 54000, Pakistan",54000.0,74.33710016,31.55708227,Travel & Lodging,Travel Agencies,Travel agency,Open 24 hours,+92 311 1555395,checkin.pk,4.4,46.0,24.86,,03-2025
736668c023c733f1f1146d410c0eaf0a,KARWAN-E-USMANIA,Pakistan,Lahore,"bata usmani 4abubakar, block mansoorah homes Hanjerwal, Lahore, 05499, Pakistan",5499.0,74.26012277,31.48533435,Travel & Lodging,Travel Agencies,Travel agency,Open 24 hours,+92 333 4883578,karwanaeusmania.wordpress.com,1.0,1.0,23.43,,03-2025
00b74f14971f6a951ac0568f8c4276bf,Snow Lake Adventure,Islamabad Capital Territory,Islamabad,"1 G 12, House # 5 Street # 2-B, Islamabad, 44220, Pakistan",44220.0,73.06326345,33.71206874,Travel & Lodging,Travel Agencies,Tourist information center,Open 24 hours,+92 355 5555144,google.com,5.0,1.0,31.17,,03-2025
402280057bb1f5531bad57bc4979a363,Nauman International Travels,Punjab,Chakwal,"Haqnawaz Plaza, Bhoun Chowk, Chakwal, 48800, Pakistan",48800.0,72.86028156,32.93289822,Travel & Lodging,Travel Agencies,Travel agency,Open,+92 334 4716769,facebook.com,5.0,2.0,32.29,,03-2025
9fad0d78e589706d409e44adb819b9bd,The Journeyer Tourism,Pakistan,Lahore,"Rehman Arcade, near University of Central Punjab, Airline Society, Lahore, 54000, Pakistan",54000.0,74.26395141,31.44395283,Travel & Lodging,Travel Agencies,Travel agency,Open,+92 300 2001998,thejourneyer.com,5.0,2.0,41.14,,03-2025
6cbfacbf7b17650d219c56083d687b02,XPRESS HOLIDAYS - Best Umrah Travel & Tour Agency Near by in Karachi,UC-10 Pehalwan Goth,Karachi,"Block 4 Gulistan-e-Johar, Karachi, 74800, Pakistan",74800.0,67.13670896,24.93055978,Travel & Lodging,Travel Agencies,Travel agency,Open,+92 300 8224774,facebook.com,5.0,18.0,28.29,,03-2025
89a39bea96d85c75f5210048609f5afe,Islamabad Riders,Islamabad Capital Territory,Islamabad,"F-10 Markaz F 10/3 F-10, Islamabad, 44000, Pakistan",44000.0,73.01043552,33.69549983,Travel & Lodging,Travel Agencies,Sport tour agency,Open 24 hours,+92 333 6221738,facebook.com,5.0,9.0,33.0,,03-2025
fc8d41c57b2198e3e672ec4f3ff19669,Burraq Travelers & Tourism Services Pvt Ltd.,South Asia,Kotli,"near MCB, Opposite Vellay View, Shaheed Chock, Pang Piran Kotli, 11100",11100.0,73.90020141,33.51717059,Travel & Lodging,Travel Agencies,Travel agency,Open,+92 58264 44303,btts.pk,4.3,3.0,29.17,,03-2025
3193681c8b17b81586e1c258b43edaff,Kashmir Commercial Complex,Islamabad Capital Territory,Islamabad,"5-6 Kashmir Commercial Kamplex Fazal e Haq Road, Islamabad, 44100, Pakistan",44100.0,73.07279829,33.7190891,Travel & Lodging,Travel Agencies,Travel agency,Open,,toptravels.com.pk,4.3,104.0,51.86,People typically spend up to 4 hours here,03-2025
f4e3827930e1ba49b645eaac70a740d3,AL-IZZAH Aviation معیاری عمرہ سروس,Punjab,Fateh Jang,"2nd Storey, Awan Plaza, Rawalpindi - Kohat Rd, near Ahmed Plaza & Awan CNG, Fateh Jang, 43350, Pakistan",43350.0,72.64073459,33.56844114,Travel & Lodging,Travel Agencies,Travel agency,Open 24 hours,+92 300 2549924,al-izzahaviation.com,4.8,10.0,23.71,,03-2025
2321141cb0a4ac7995a8c45fb279aa40,Skardu Rent A Car,South Asia,Skardu,"Alamdar Chowk, next to Pehnogy, Hyderabad, Skardu, 16100",16100.0,75.63225358,35.28955118,Travel & Lodging,Travel Agencies,Tour operator,Open 24 hours,+92 315 5082745,pyaraskardu.com,5.0,3.0,32.0,,03-2025
e437b8c3700cad1976f842fee8e436b6,KARWAN-E-KHURASAN TRAVEL & TOURS (PVT) LTD,Tank Tehsil,Tank,"Office # 5, Daman Plaza, Bannu Road, Tank, 29400, Pakistan",29400.0,70.38638631,32.20955042,Travel & Lodging,Travel Agencies,Travel agency,Open,+92 300 9010258,karwanekhurasan.com,4.8,25.0,37.71,,03-2025
5b57fe1486af8da8daad51bdcd75fd74,Umer Movers And Cargo Services,Azizabad,Rawalpindi,"Shop no 965/16A Street no 9, Sajid Bukhari Rd, Azizabad, Rawalpindi, 46000, Pakistan",46000.0,73.02455587,33.5876129,Travel & Lodging,Travel Agencies,Transportation service,Open 24 hours,+92 333 5068598,umermovers.pk,4.4,33.0,28.14,,03-2025
d607ce5ab05f3665acb84324b6463ae0,Dua Travels Lodhran,Pakistan,Lodhrān,"NEW Ghalla Mandi Rd, Lodhrān, 59320, Pakistan",59320.0,71.62649035,29.53527368,Travel & Lodging,Travel Agencies,Travel agency,Open,+92 300 6801475,duatravels.com,4.1,21.0,33.29,,03-2025
52f0911f72cfadbc067250a0c7d75fcc,Tour Maker,Pakistan,Lahore,"148-C Faisal Town Bloack, C, Lahore, 54770, Pakistan",54770.0,74.30162095,31.47307781,Travel & Lodging,Travel Agencies,Tour agency,Open 24 hours,+92 307 4757791,tourmaker.pk,3.7,3.0,34.5,,03-2025
d84a90ba136742914298401ad6d84cf2,Travel With Zohaib Khan,Punjab,Lahore,"26-N, Pakways Plaza, N-Block Block N Phase 2 Johar Town, Lahore, 54782, Pakistan",54782.0,74.27318144,31.46107034,Travel & Lodging,Travel Agencies,Travel agency,Open,+92 320 4836006,todaytravelservices.pk,4.0,51.0,54.17,,03-2025
d7f5d029e7d13b58b20eff60b3af4100,Care Fly Medical Tourism,Islamabad Capital Territory,Islamabad,"13-D, Shop 2, Kohsitan Road, Markaz, F-8, Islamabad, 44000, Pakistan",44000.0,73.03870444,33.71129988,Travel & Lodging,Travel Agencies,Tour agency,Open 24 hours,+92 332 9008210,careflymed.com,5.0,2.0,33.8,,03-2025
bcc3a123f04f7f986f051325d230334b,Bin Ahmad Travels & Tours,Punjab,Lahore,"15 A4, Block H Valencia, Lahore, 54800, Pakistan",54800.0,74.25806368,31.40093264,Travel & Lodging,Travel Agencies,Travel agency,Open,+92 300 4202775,linkedin.com,4.9,40.0,21.83,,03-2025
141f6ee74088414ab13829f32ebed732,Gill's tourists group,Upper Mall Scheme,Lahore,"H, E 1587 Street 2, Upper Mall Scheme, Lahore, 54810, Pakistan",54810.0,74.35444926,31.54566956,Travel & Lodging,Travel Agencies,Travel agency,Open,+92 344 4223302,gillstouristgroup.com,5.0,1.0,31.17,,03-2025
0c60bdc7ebde42640f37f7e9af7ea98a,Travel Deals,Shadman,Lahore,"H block, Commercial Market, office no 14/A2, Valencia Town, Lahore, 54000, Pakistan",54000.0,74.32112193,31.5313377,Travel & Lodging,Travel Agencies,Travel agency,Open,+92 310 7299954,traveldealsbygb.com,4.9,13.0,34.0,,03-2025
b781b5a4ce7f474be9f86832495f53ef,IVS Islamabad Visa Services,Islamabad Capital Territory,Islamabad,"BLOCK 18A OFFICE#6, F-7 Markaz F 7 Markaz F-7, Islamabad, 44000, Pakistan",44000.0,73.05343712,33.72104677,Travel & Lodging,Travel Agencies,Travel agency,Open 24 hours,+92 333 8862999,islamabadtravelandtours.com,5.0,22.0,30.29,,03-2025
d2ea9c34e1f1e50042a7156adcf580a3,Beyond Blue Travel & Tours,Pakistan,Lahore,"Office # 1, Third Floor, GNC, Al Hafeez Tower, MM Alam Rd, Block C1 Block C 1 Plaza, Lahore, 54660, Pakistan",54660.0,74.34807889,31.51334178,Travel & Lodging,Travel Agencies,Travel agency,Open,+92 316 0622230,beyondbluetravels.com,4.7,3.0,35.17,,03-2025
e305ea43effc78d0ecad45a341aae6d1,Mid-Life Journey's,Sector 2,Islamabad,"Housing, Street-6 Sector-2 Airport, Society, Islamabad, 54000, Pakistan",54000.0,73.13337919,33.59037085,Travel & Lodging,Travel Agencies,Tour operator,Open 24 hours,+92 335 0555654,business.google.com,4.9,11.0,23.57,,03-2025
889cfdc5d7437c45d783749ade681731,Ambassador Travel & Tours (Pvt) Ltd,Punjab,III,"Office # 34 1st, Latif Center, Plaza Main Boulevard Gulberg, Block D1 Gulber, III, 54000, Pakistan",54000.0,74.34244982,31.51640795,Travel & Lodging,Travel Agencies,Airline ticket agency,Open,+92 301 0911117,ambstravel.com,5.0,10.0,30.17,,03-2025
08d9e20af7466cba2fd12add5759d4c9,Four Star Goods Transport Services,Punjab,Lahore,"Sagian Wala Bypass Rd, Lahore, 54000, Pakistan",54000.0,74.27504179,31.57264992,Travel & Lodging,Travel Agencies,Transportation service,Open,+92 322 4516141,fourstargoodstransportservices.com,4.0,4.0,27.67,,03-2025
f278fb724943c298a97071753c10954f,Alpine Trekkers and Tours,Islamabad Capital Territory,Islamabad,"House # 465 Street 74, G-8/1 G 8/1 G-8, Islamabad, 44080, Pakistan",44080.0,73.04383918,33.6919793,Travel & Lodging,Travel Agencies,Tour operator,Open 24 hours,+92 337 0404043,alpinetrekkersandtours.com,4.4,8.0,27.43,,03-2025
aa15c35bcc931b9005f1247d85495c5b,Z Travel & Tourism,Pakistan,Faisalabad,"Office No#UG61,62, Center Point Plaza, Jaranwala Rd, Kohinoor City Faisalabad, 38000, Pakistan",38000.0,73.11427692,31.41148472,Travel & Lodging,Travel Agencies,Travel agency,Open 24 hours,+92 41 5380008,ztraveltourism.pk,5.0,4.0,22.17,,03-2025
93b464afafba42c8791cd56d8e3cecef,Gujranwala Faisalabad Goods Transport company,Rashidpura,Lahore,"Band Rd, near Gujranwala Sweets, opp. Data Floor Mils & PSO Pump, Devioura Daroghawala, Lahore, 54800, Pakistan",54800.0,74.40045677,31.59179621,Travel & Lodging,Travel Agencies,Transportation service,Open,+92 42 36553615,gujranwala-faisalabad-goods.business,5.0,1.0,30.14,,03-2025
03938af2e66961f52462e3f9c8048ede,Tervaiz Cargo Services,Punjab,Lahore,"backside UET univeristy, near Hazrat eesha darbar, stop Begumpura, Lahore, 54890, Pakistan",54890.0,74.35834553,31.58126131,Travel & Lodging,Travel Agencies,Transportation service,Open 24 hours,+92 317 4854120,tervaizcargo.com,4.9,16.0,34.0,,03-2025
912fea0f1aaff77f15f4d7f9efb4786e,REHAFS,UC-1 Kalyan,Karachi,"House# R-67, Sector-8, North Karachi., Sector 8 North Karachi Twp, Karachi, 75850, Pakistan",75850.0,67.0501872,24.98196368,Travel & Lodging,Travel Agencies,Tour operator,Open 24 hours,+92 333 2337558,facebook.com,3.5,16.0,26.71,,03-2025
286f878a335c4baa354ab5d97ad8bbb1,New Mustafa Travel & Tours,Qila Gujjar Singh,Lahore,"10 A GROUND FLOOR ABBOAT ROAD KHURSHAHID BUILDING, near DUNYA NEWS CHANNEL, Lahore, 54000, Pakistan",54000.0,74.32908567,31.56470749,Travel & Lodging,Travel Agencies,Travel agency,Open 24 hours,+92 323 6422393,zaidikram101.wixsite.com,5.0,5.0,25.17,,03-2025
68b91bd0a277685a01a52551a4479799,Trek Hub PK,Pakistan,Lahore,"Block 2 karim park ravi road, B2, Lahore, 05450, Pakistan",5450.0,74.2987626,31.59124513,Travel & Lodging,Travel Agencies,Travel agency,Open 24 hours,+92 324 7633778,instagram.com,4.7,3.0,37.57,,03-2025
8b277adc3998c1ae40e76bfeb1215f49,Zeeshan Air Services,Punjab,Chakwal,"Office no 3, Malik plaza, main chapter Bazar, Chakwal, 48800, Pakistan",48800.0,72.85620089,32.9326124,Travel & Lodging,Travel Agencies,Travel agency,Open,+92 332 5462416,zeeshanair.com,4.6,28.0,28.71,,03-2025
4ab1d95f3b898351cbb6915de9617240,Chishtia Logistics,Pakistan,Lahore,"Multan Rd, Maraka Village, Lahore, 54000, Pakistan",54000.0,74.14829415,31.3691855,Travel & Lodging,Travel Agencies,Transportation service,Open 24 hours,+92 300 9401905,chishtialogistics.com,4.1,32.0,37.0,,03-2025
c6927ff56487480a6ee1c0fc9df66031,Karachi Hotels,UC-5 Mehmoodabad,Karachi,"Sky Mark Tower, Suite # M4/A, Mezzanine Floor KCHS UNION BLOCK 7, 8, Block 7 KAECHS, Karachi, 75350, Pakistan",75350.0,67.07883838,24.85934221,Travel & Lodging,Travel Agencies,Travel agency,Open 24 hours,+92 345 2982565,karachi-hotels.co,4.1,11.0,29.14,,03-2025
1d7819e21d83ca44477df4f93e96aacf,Umair Movers,UC-10 Pehalwan Goth,Karachi,"Shop no A, 11 commercial 2, Rabia City Block 18 Gulistan-e-Johar, Karachi, 75290, Pakistan",75290.0,67.13254424,24.90726312,Travel & Lodging,Travel Agencies,Transportation service,Open,+92 324 0293152,umairmovers.com,3.6,49.0,38.57,,03-2025
fc68a44e7064a84f06c6b8dcf0734367,AA TRAVELS,Saddar Town,Karachi,"OFFICE#M5, DR, Horizon Plaza, Dr Daud Pota Rd, Station Cantt, Karachi, 75530, Pakistan",75530.0,67.03542588,24.84461017,Travel & Lodging,Travel Agencies,Travel agency,Open 24 hours,+92 304 2004290,aatravels.com.pk,5.0,2.0,29.0,,03-2025
d9802d62626b9f40d46d3d39f5681461,Muhammad Fahad,Pakistan,Kasur,"Chandni Chowk, Kasur, 55050, Pakistan",55050.0,74.46460529,31.11372213,Travel & Lodging,Travel Agencies,Transportation service,Open 24 hours,+92 322 0447161,fahadtrader.com,1.0,1.0,30.57,,03-2025
7c1d7eadb2181a6caffa70be851c6a59,Trip makers,Sindh,Karachi,"near Rahat Milk Corner, D.H.A Phase II Extension Phase 2 Commercial Area Defence Housing Authority, Karachi, 75500, Pakistan",75500.0,67.06483467,24.83282857,Travel & Lodging,Travel Agencies,Travel agency,Open 24 hours,+92 308 2696404,facebook.com,5.0,3.0,26.17,,03-2025
cb8e47d2de9bb01cf3691c6c54d8d7a5,Haider Travel and Tours Group of Companies Pvt. Ltd.,Pakistan,Muzaffargarh,"Array wali Gali, 2 Jhang Rd, Purani Chungi, Muzaffargarh, 34200, Pakistan",34200.0,71.18447252,30.08169095,Travel & Lodging,Travel Agencies,Travel agency,Open 24 hours,+92 300 4542707,haidertravelandtours.odoo.com,3.5,2.0,34.86,,03-2025
ade2eb545b448c1053c673dfb85da00b,Khawaja Enterprises Travels & Tours,Pakistan,Lodhrān,"Railway Rd, Lodhrān, 59320, Pakistan",59320.0,71.62614735,29.53933524,Travel & Lodging,Travel Agencies,Travel agency,Open,+92 300 6842636,3startravels.com,4.6,9.0,37.71,,03-2025
b234666d8649e33514c39d002186a3a4,Hattar Travels,Pakistan,Lodhrān,"Ghalla Mandi Rd, Lodhrān, 59320, Pakistan",59320.0,71.62649035,29.53527344,Travel & Lodging,Travel Agencies,Travel agency,Open,+92 300 6848620,twitter.com,5.0,3.0,28.14,,03-2025
acf69ce6b8573b7cbb888de4c4651266,M.A Travels and tours,Toba Tek Singh District,GB,"361 361 GB Rd, GB, 36050, Pakistan",36050.0,72.58622829,30.89660229,Travel & Lodging,Travel Agencies,Travel agency,Open 24 hours,+92 315 7323828,facebook.com,4.0,1.0,31.0,,03-2025
a11c06da58e3c0209939807577c1d8ea,Yango DHA Office,Sindh,Karachi,"22, Karachi, 75500, Pakistan",75500.0,67.06575124,24.83243379,Travel & Lodging,Travel Agencies,Transportation escort service,Open,+92 339 4013264,,3.8,84.0,52.29,People typically spend up to 3 hours here,03-2025
b3ce7f544bc58d398ffc40943bcaf70b,PAK TRIPS,Pakistan,Lahore,"Office No. 6 , 1st Floor, Alvi Grand Mall, Zarrar Shaheed Rd, Al-Faisal Town, Lahore, 54000, Pakistan",54000.0,74.40095465,31.54893446,Travel & Lodging,Travel Agencies,Tourist information center,Open 24 hours,+92 302 9636978,paktrips.com.pk,5.0,6.0,21.86,,03-2025
aff89d7246552a6bc996c63ab24d0ed1,Noor ul Harmain Travel & Tours,UC-9 Awami Colony,Karachi,"Police Staiton, 18/6, 4 4A Rd, opp. Landhi, Area Landhi Town, Karachi, 75160, Pakistan",75160.0,67.17990974,24.83859458,Travel & Lodging,Travel Agencies,Travel agency,Open,,noorulharmain.com.pk,4.3,107.0,48.5,People typically spend up to 1 hour here,03-2025
f119763328a27a1afc3c5b0ef394994a,Trango Adventure,Skardu,Skardu,"Radio Pakistan Chowk, Airport Rd Skardu, Toqrangah, Skardu, 16100",16100.0,75.60563745,35.29506949,Travel & Lodging,Travel Agencies,Tour operator,Open,+92 58154 53144,trangoadventure.com,4.8,71.0,25.86,,03-2025
596341168eb493b66e50c12cec9b64db,Speedo Bus stop,Punjab,Lahore,"Office # 112, 1st floor, Khaleej Tower, 38 Jail Rd, Commercial Area Jinnah Town, Lahore, 54000, Pakistan",54000.0,74.31806031,31.54378131,Travel & Lodging,Travel Agencies,Transportation service,Open,+92 42 111 222 627,pma.punjab.gov.pk,4.3,192.0,41.0,,03-2025
8c5f353090eadefeaf9fc586ae92cc6d,AL FIRDOUS TRAVEL & TOURS,Kotli,Kotli,"Besides to Gol masjid, Housing Scheme, Near Community Hall, Kotli, 11100",11100.0,73.90033026,33.51310813,Travel & Lodging,Travel Agencies,Airline ticket agency,Open,+92 345 5850618,wa.me,5.0,77.0,30.5,,03-2025
5e316c93f7f9c006c4ea82b56bdda133,Step Travel and Tours,Rawalpindi Tehsil,Rawalpindi,"Near Texi Stand, Dhoke Kala Khan Rawalpindi, 26054, Pakistan",26054.0,73.08806127,33.65131676,Travel & Lodging,Travel Agencies,Tour operator,Open,+92 336 5792139,instagram.com,5.0,9.0,27.71,,03-2025
6825b10249848d0833990155027acfbc,Faremakers Head Office,Pakistan,Lahore,"53-A Street 1, Block E1 Block E 1 Gulberg III, Lahore, 54000, Pakistan",54000.0,74.33785441,31.51617017,Travel & Lodging,Travel Agencies,Travel agency,Open,+92 311 1147111,faremakers.com,4.1,64.0,37.33,,03-2025
95b5db7b3873d14c851b34f2bb822925,SIRANI TRAVEL AND TOURS IATA,Punjab,Liāqatpur,"Allama Iqbal Colony, Liāqatpur, 64000, Pakistan",64000.0,70.94929282,28.9371151,Travel & Lodging,Travel Agencies,Travel agency,Open 24 hours,+92 320 9609600,facebook.com,4.7,3.0,21.43,,03-2025
c4b771926f646d08dc93b11fe3146927,PSP - Dispatch Services,Punjab,Lahore,"OFFICE 403 4th Floor, Subhan Mall, Johar, Block H-3 Block H 3 Phase 2 Town, Lahore, 54782, Pakistan",54782.0,74.25938924,31.46880912,Travel & Lodging,Travel Agencies,Transportation service,Open 24 hours,+92 313 3549107,pspdispatch.com,4.5,2.0,25.17,,03-2025
45ca2b89bcc01df29d83a85d7a6f135f,House of Polani - Bahadurabad,UC-2 Civic Center,Karachi,"House 344 Siraj ud-Daulah Rd, opposite Dr. Aisha Hospital, Bahadurabad Bahadur Yar Jang CHS, Karachi, Pakistan",,67.0695503,24.88373834,Travel & Lodging,Travel Agencies,Travel agency,Open,+92 349 8889777,polanisgroup.com,4.3,43.0,50.71,People typically spend up to 1 hour here,03-2025
cb3a6a12cdeadf0cb49b6c9fa1f9c166,Usama Wah Travels (Pvt) Ltd,Attock,Wah,"L, New city phase 2 L block, block street 11, Wah, 47010, Pakistan",47010.0,72.71598146,33.73712173,Travel & Lodging,Travel Agencies,Tour operator,Open,+92 328 5785953,usamawahtravels.com.pk,5.0,32.0,25.57,,03-2025
cd03006541bbf00f38b9da46c419bc08,C-SHIPS Cruises,UC-1 Bhutta Village,Karachi,"Harbour, East Wharf Karachi, 75620, Pakistan",75620.0,66.97957934,24.82993117,Travel & Lodging,Cruises & Ferries,Cruise agency,Open,+92 334 6232642,facebook.com,4.2,5.0,42.57,,03-2025
c21ef9d73bfcb5cd26c75ca59274edb9,Mount Travel and Tour,Skardu,Skardu,"Pull Skardu, Near Clifton Bridge, Hassan Colony, Skardu, 16100",16100.0,75.62369683,35.2837948,Travel & Lodging,Travel Agencies,Tour operator,Open 24 hours,+92 355 5384387,mounttravelandtour.pk,5.0,18.0,31.29,,03-2025
f5f69a70626b6bb2ac810b394e70e7d5,Skardu Ventures (Travel & Tours),South Asia,Skardu,"Alamdar, Link Road, Chowk, Skardu, 16100",16100.0,75.63275555,35.28818319,Travel & Lodging,Travel Agencies,Airline ticket agency,Open,+92 349 5680091,skarduventures.pk,5.0,77.0,33.71,,03-2025
6dbee770197f8ab1ef87560fe989e45d,Tour De Swat,Swat Tehsil,Mingora,"Bahrain Rd, Mingora, 19130, Pakistan",19130.0,72.37337176,34.79138138,Travel & Lodging,Travel Agencies,Tourist information center,Open 24 hours,+92 315 4262233,tourdeswat.pk,4.9,193.0,30.86,,03-2025
8968dd5c9e0a8d8d2ede0201267510a7,Zaad e Rah Travel and Tours (Pvt) Ltd,Pakistan,Lahore,"42, Block A Phase 1 Johar Town, Lahore, 54782, Pakistan",54782.0,74.29874653,31.47034083,Travel & Lodging,Travel Agencies,Travel agency,Open 24 hours,+92 321 5164646,zaaderah.com,4.1,9.0,31.86,,03-2025
82314f9e5dbdd0c0eef1cf63137646f6,Al Rafay Rent A Car,Punjab,Lahore,"Abubakar St, Block H-1 Block H 1 Phase 2 Johar Town, Lahore, 92000, Pakistan",92000.0,74.26106959,31.47241561,Travel & Lodging,Travel Agencies,Transportation service,Open 24 hours,+92 301 6824610,facebook.com,5.0,7.0,33.14,,03-2025
f2226dc83b25740baa9343fa18a1686b,Malik Brother's Transports Services,UC-2 Sir Syed,Karachi,"C, Office No, G-7, Alliance Apartment, 4rth, 11 Anda Mor Rd, Sector North Karachi Twp, Karachi, 74600, Pakistan",74600.0,67.06346255,24.96561326,Travel & Lodging,Travel Agencies,Transportation service,Open,+92 313 3553755,malikbrotherstransport.com,4.7,10.0,34.29,,03-2025
be568373c306cd49b3813d5df5a6bb7f,Golden Trip Tours & Travels,UC-1 Model Colony,Karachi,"Office No.01 Ground Floor Plot No.37 Sheet No.5, Abbasi Market, Model Colony Lasi Para, Karachi, 75100, Pakistan",75100.0,67.18320445,24.90119773,Travel & Lodging,Travel Agencies,Travel agency,Open,+92 21 34500749,g-ttt.com,4.1,43.0,36.86,,03-2025
50d77b58ee34d142686d81440c30f08f,Lajpal Travel And Tours Dargah Hussain Abad Sharif Qamber,Qambar Shahdadkot,Qambar,"Shahdadkot Rd, Qambar, Pakistan",,67.99567525,27.59862897,Travel & Lodging,Travel Agencies,Travel agency,Open,+92 312 9882288,facebook.com,4.3,25.0,33.83,People typically spend up to 1.5 hours here,03-2025
a58b3566502318f056530e83c931cff1,Shaheen Transport,Pakistan,Pasni,"Bus stop, Main Bazaar Rd, Pasni, 91301, Pakistan",91301.0,63.46864953,25.26326835,Travel & Lodging,Travel Agencies,Transportation service,Open,+92 322 2099639,facebook.com,4.5,4.0,43.86,,03-2025
f742bacde25b62bc344ed9f9cd172ac2,Paragon Travels,UC-9 Gulshan-e-iqbal 2,Karachi,"Office 21, United Trade Centre, near Dhaka Sweets, Block 6 Gulshan-e-Iqbal, Karachi, 74000, Pakistan",74000.0,67.09029013,24.92335862,Travel & Lodging,Travel Agencies,Tour operator,Open,+92 333 0334559,paragonadventureclub.com,4.4,206.0,32.57,,03-2025
449c9ce11d002100e814dc808faf6dcd,Inayat Travels Swat,Swat Tehsil,Swat,"shamoze road kabal chowk, Swat, 19060, Pakistan",19060.0,72.28386092,34.79257769,Travel & Lodging,Travel Agencies,Travel agency,Open,+92 345 9516704,facebook.com,4.6,25.0,35.5,,03-2025
ed9ed598453540cdc185e6647fe0db29,Tawaf Travel & Tours,Punjab,Lahore,"Hill View Arcade Office 16-17, 1st Floor, Plot 5 Davis Road, Mayo Gardens Garhi Shahu, Lahore, 54000, Pakistan",54000.0,74.33408859,31.56210351,Travel & Lodging,Travel Agencies,Travel agency,Open,+92 42 111 111 893,tawafgroup.com,4.5,58.0,34.83,,03-2025
a45098f8b99959b46be378a87415203f,Phalia International,Satellite Town,Rawalpindi,"Block A Satellite Town, Rawalpindi, Pakistan",,73.07675054,33.64121588,Travel & Lodging,Travel Agencies,Tour agency,Open,+92 300 8551124,phalia.com.pk,4.3,3.0,42.17,People typically spend up to 1 hour here,03-2025
ea4290f1793579251c990edee9cf0958,Culture Express Lahore Guided Tour,Punjab,Lahore,"46, empress tower, Muhammad Nagar Garhi Shahu, Lahore, 54000, Pakistan",54000.0,74.33328839,31.56342181,Travel & Lodging,Travel Agencies,Tour operator,Open,+92 306 4137267,culturesexpress.com,5.0,85.0,39.0,,03-2025
b38ac0cff7dc34a49e3753a0a6ee2b9f,Trip Trails Pakistan Peshawar Office,Pakistan,Peshawar,"Peshawar Cantonment, Peshawar, 02600, Pakistan",2600.0,71.54298239,34.00056662,Travel & Lodging,Travel Agencies,Travel agency,Open 24 hours,+92 91 5253383,triptrails.com.pk,4.9,9.0,24.14,,03-2025
8b61c70ef867644eaa91a656ef5263ef,Mujahid Air Travels,South Asia,New Mirpur City,"Office No. 1 Suleman Plaza 1st Floor Sector F/3 Part، 2nd Kotli Rd, New Mirpur City, 10250",10250.0,73.77408539,33.13680193,Travel & Lodging,Travel Agencies,Travel agency,Open 24 hours,+92 332 5792402,mujahidairtravels.wixsite.com,4.9,12.0,25.86,,03-2025
0e49f863b56616fe04342ef9cb2f3adc,Jam Khan,Swat Tehsil,Saidu Sharif,"Muhallah Bar Khalay, Saidu Sharif, 19200, Pakistan",19200.0,72.35369196,34.74921635,Travel & Lodging,Travel Agencies,Tour operator,Open,+92 311 1968593,scss.orgfree.com,4.6,554.0,59.0,,03-2025
da31ec546889ec0af8e26d6b04f0e397,Basra Travels Pvt Ltd,Punjab,Bahawalpur,"office # 6, Al Medinah Commercial centre, opposite VTI (women) college, Bahawalpur Cantt, Bahawalpur, 63100, Pakistan",63100.0,71.68810812,29.38395177,Travel & Lodging,Travel Agencies,Travel agency,Open,+92 300 8680165,wizyway.com,5.0,1.0,36.0,,03-2025
1c6cac9a61cc2b207128cebb2c696cc8,TAHIR INTERNATIONAL TRAVELS,Timergara,Timergara,"Telenor Franchise, MB TOWER, Hospital Rd, GORGORY CHOWK, Timergara, 18300, Pakistan",18300.0,71.8392987,34.82773752,Travel & Lodging,Travel Agencies,Airline ticket agency,Open,+92 331 9067096,facebook.com,4.8,28.0,28.5,,03-2025
7bf96fa19bc315d5601171bfde1d7318,Karwan Janab Muslim bin Aqeel,Tando Jahanian,Hyderabad,"Tando Jahania, Liaqat Road, Civil Lines, Tando Jhanian Tando Jahanian, Hyderabad, 71000, Pakistan",71000.0,68.34829617,25.39191639,Travel & Lodging,Travel Agencies,Travel agency,Open 24 hours,+92 336 3060740,facebook.com,4.0,1.0,31.43,,03-2025
ff9a5f4c6c5485188e6c995c11f56f4f,Reality Escapers,UC-6 P.e.c.h.s 1,Karachi,"1-1/K, Block VI Karachi, 75400, Pakistan",75400.0,67.05809984,24.85840973,Travel & Lodging,Travel Agencies,Travel agency,Open,+92 21 34312244,realityescapers.co,4.9,181.0,50.17,,03-2025
eb23984d72eb26062584195c192069fa,JS GROUP OF COMPANIES (JS Travel & Tours (Pvt.) Ltd.,Punjab,Multan,"14-Hajvery Arcade, Kutchery Road, Khawajabad, Multan, 60000, Pakistan",60000.0,71.45869186,30.20354785,Travel & Lodging,Travel Agencies,Travel agency,Open,+92 307 7747297,jstravelgroup.com,4.9,120.0,,People typically spend up to 3 hours here,03-2025
a1b3f9392082f1309e9c70e3f64ed9ee,Rock Valley Tours,Punjab,Lahore,"LGF 47-A Defence Shopping Mall DHA main Boulevard, New Iqbal Park Rd, Lahore, 54750, Pakistan",54750.0,74.37755112,31.48795775,Travel & Lodging,Travel Agencies,Tour agency,Open 24 hours,+92 347 4598096,rockvalleytours.com,4.8,32.0,27.0,,03-2025
e5508e0968bf93078ec7379b2a92efc8,Macnkro Travel,UC-5 Naseerabad,Karachi,"Office # 03 Anarkali Block 07, near Ayesha Manzil, Federal B Area Karachi, 75950, Pakistan",75950.0,67.06104691,24.92508846,Travel & Lodging,Travel Agencies,Travel agency,Open,+92 21 36822902,macnkro.com,4.6,79.0,36.33,,03-2025
8a1a867ceb40a6633d6be69452c9ea11,Qudoos Travel & Tours,Qila Didar Singh,Qila Didar Singh,"Gala Ch. Ijaz Wala, Qila Didar Singh, 52330, Pakistan",52330.0,74.00991597,32.13370138,Travel & Lodging,Travel Agencies,Travel agency,Open,+92 300 0030152,,4.3,6.0,38.0,People typically spend up to 3.5 hours here,03-2025
acc814a06771c5d8c64f188366708f78,TRAVOCOM Pvt Limited,Sindh,Karachi,"Police Station, A-251, PIA Society, Main Road, opposite Gulistan-e-Johar, Gulistan e Johar Block 9 Pia Housing Scheme Block 9 PIA Housing Scheme, Karachi, Pakistan",,67.14554974,24.92290793,Travel & Lodging,Travel Agencies,Travel agency,Open,+92 311 1111247,travocom.com,4.4,299.0,45.5,People typically spend up to 2 hours here,03-2025
2f010f8a82841e925ecc56266a5822cb,Hunza Explorers Treks & Tours,Hunza Nagar,Hunza,"Ghulkin, Gojal، Hunza, 15750",15750.0,74.85432883,36.39803613,Travel & Lodging,Travel Agencies,Tour operator,Open 24 hours,+92 321 4364658,hunzaexplorers.com,4.0,1.0,29.29,,03-2025
73a6a1232332a39ca090d3a2ca67a7b1,Tai Travel & Tours,UC-4 City Railway Colony,Karachi,"Pakistan Chowk, Saddar Karachi, 74800, Pakistan",74800.0,67.00983026,24.85399262,Travel & Lodging,Travel Agencies,Travel agency,Open 24 hours,+92 334 3800237,facebook.com,4.5,2.0,25.43,,03-2025
ebf591121e5fe029c7496adb8f478494,Al Asam Travel and Tourism,Sialkot,Sialkot,"Kachehri Rd, Sialkot, 51310, Pakistan",51310.0,74.53351687,32.50179861,Travel & Lodging,Travel Agencies,Travel agency,Open,+92 311 2444888,alasamtravel.com,4.6,119.0,36.71,,03-2025
98d09037acc0d7ce7ae5f52523c59ccf,Sastay Hotels,Pakistan,Faisalabad,"Majeed Plaza, Ground Floor, Al Hamra Town، East Canal Road،, Al Hamra Town, Faisalabad, 38000, Pakistan",38000.0,73.17576968,31.45985626,Travel & Lodging,Travel Agencies,Tour agency,Open,+92 345 9668445,sastayhotels.pk,4.5,23.0,24.14,,03-2025
3035954c4d42b16ab57a4622e33cfae6,PFH (Transportation Company),Sialkot,Daska,"near Bakri Petrol Pump, Ranjhai, Daska, 51010, Pakistan",51010.0,74.32500126,32.31398797,Travel & Lodging,Travel Agencies,Transportation service,Open 24 hours,+92 302 8433611,facebook.com,5.0,2.0,23.71,,03-2025
4d0094801d8841d85255c89b7a70cc45,Royal Executive Cars,Rawalpindi Tehsil,Rawalpindi,"Shop 2181,، Street No 16، Allama Iqbal Colony Tench Bhatta, Allama Iqbal Colony, Rawalpindi, 46000, Pakistan",46000.0,73.02112049,33.58516793,Travel & Lodging,Travel Agencies,Transportation service,Open 24 hours,+92 334 5574557,royalfleet.co.uk,5.0,3.0,24.29,,03-2025
79d0f180e50be4866cb55132c51b791a,Swat Adventure Club,Swat Metropolitan Area,Malam Jabba,"Crown Palace hotel & Restaurants, Malam Jabba, 19400, Pakistan",19400.0,72.57164076,34.81910086,Travel & Lodging,Travel Agencies,Travel agency,Open 24 hours,+92 334 9419435,facebook.com,4.0,1.0,21.14,,03-2025
041dc0edff183de13dd9745fc63e9275,Alsaad goods transport,Rawalpindi Tehsil,Rawalpindi,"Ganj Mandi Raja Bazar, Rawalpindi, 46000, Pakistan",46000.0,73.04918564,33.6157558,Travel & Lodging,Travel Agencies,Transportation service,Open,+92 340 9405975,facebook.com,4.0,22.0,33.33,,03-2025
bdfbffbb14dbdacf355ad885b4f5e59a,Lakhani Pilgrimage,UC-7 P.e.c.h.s 2,Karachi,"62-S Ground Floor, Mahmood Ghaznavi Rd, P.E.C.H.S., Karachi, 74500, Pakistan",74500.0,67.04966676,24.87242058,Travel & Lodging,Travel Agencies,Tour operator,Open,+92 21 34548880,lakhanipilgrimage.com,4.5,96.0,,People typically spend up to 2.5 hours here,03-2025
9ca69db914f213b7347e91f83b8bd643,Salam Travel and Tours,Rawalpindi,Gujar Khan,"London Plaza, Railway Road, Gujar Khan, 47850, Pakistan",47850.0,73.30670914,33.25699758,Travel & Lodging,Travel Agencies,Travel agency,Open 24 hours,+92 345 5495875,salamtravels.com.pk,3.7,12.0,32.29,,03-2025
ed60ff4156c0abeb060f64274edab5f6,Trango Adventure,Saddar,Rawalpindi,"ponch House, 606 Adam Jee Rd, Saddar, Rawalpindi, 46000, Pakistan",46000.0,73.05162254,33.59604253,Travel & Lodging,Travel Agencies,Tour operator,Open,+92 346 8485900,trangoadventure.com,5.0,3.0,35.14,,03-2025
926a53d9127d671d4bad8bc217098339,Etihad Link International Travel & Tourism,Punjab,Bhalwal,"Eid Gah Rd, Bhalwal, 40410, Pakistan",40410.0,72.89780459,32.27180515,Travel & Lodging,Travel Agencies,Travel agency,Open,+92 303 7964044,unaux.com,4.4,7.0,32.17,,03-2025
f133c5abb66a868cc7166fe31122ada8,Travel Times Tourism Quetta,Quetta,Quetta,"Ground Floor Office # 1 Civic Business Centre, Hali Rd, Quetta, 87300, Pakistan",87300.0,67.01264269,30.20035669,Travel & Lodging,Travel Agencies,Travel agency,Open,+92 81 2865675,traveltimes.com.pk,4.3,69.0,33.71,,03-2025
962cb7c2e1b118169003515bcd78bf9b,Bismillah Travels,Sialkot,Sialkot,"GYMKHANA BUILDING, KuTchery ROAd, Mohalla Water Works, Sialkot, 51310, Pakistan",51310.0,74.53319255,32.50198285,Travel & Lodging,Travel Agencies,Travel agency,Open,+92 52 4265570,bismillahtravel.com,3.8,11.0,28.5,,03-2025
6b1e9c32d9929323d57439605d68ddb1,PIA Booking Office,Islamabad Capital Territory,Islamabad,"Alay Plaza, AK،, AKM Fazl-ul-Haq Rd, Block E G 6/2 Blue Area, Islamabad, 44000, Pakistan",44000.0,73.07171052,33.71844968,Travel & Lodging,Travel Agencies,Airline ticket agency,Open,+92 51 9209911,piac.com.pk,4.0,1556.0,57.14,,03-2025
21ea1c58d71fb9455b5458b3845c694e,Lahore Travel,Pakistan,Lahore,"Khayaban-e-Firdousi, Block F1 Block F 1 Phase 1 Johar Town, Lahore, 54000, Pakistan",54000.0,74.27854724,31.45934993,Travel & Lodging,Travel Agencies,Travel agency,Open 24 hours,+92 345 8030888,travelco.pk,4.8,32.0,33.86,,03-2025
41f56b3819b5cdfd2bf270b0568493ad,Travellers Hub Pakistan,Islamabad Capital Territory,Islamabad,"Second floor , Office 201, Secon hills, Service Rd N, F.E.C.H.S. FECHS E 11/2 E-11, Islamabad, 44000, Pakistan",44000.0,72.96582182,33.70142877,Travel & Lodging,Travel Agencies,Tour agency,Open 24 hours,+92 340 1059218,instagram.com,5.0,51.0,31.57,,03-2025
054f384c817948296f8c0744a5e336a2,ZUFTA Travel & Tours International Pvt. Ltd.,Pakistan,Lahore,"Office No. 102, 1st Floor, Siddique Trade Center, Block H Gulberg 2, Lahore, 54000, Pakistan",54000.0,74.35011026,31.53122359,Travel & Lodging,Travel Agencies,Travel agency,Open,+92 300 8381844,zufta.pk,4.5,1383.0,33.33,,03-2025
8aa5a8d0e07cc045a6032ff50f39f610,Silk Line Bus Service,Punjab,Multan,"Opposite Metero Bus Station Vains Plaza, VEHARI CHOWK Multan, 60000, Pakistan",60000.0,71.50722179,30.17415248,Travel & Lodging,Travel Agencies,Transportation service,Open 24 hours,+92 61 6772988,silkline.pk,3.7,741.0,54.0,,03-2025
5c69722f4fd48a2c7620bd63f7d423ca,Baghbanpura Orange Line Metro Train Station,Pakistan,Lahore,"GT Rd, Baghbanpura, Lahore, 54000, Pakistan",54000.0,74.36802668,31.57939059,Travel & Lodging,Travel Agencies,Transportation service,Open,+92 42 111 222 627,pma.punjab.gov.pk,4.6,854.0,64.43,,03-2025
fc64ef3a223ad6399fd77d8aaa13772c,Zubair Khan Shinwari Hajj & Umrah Services Pvt Ltd,Khyber Pakhtunkhwa,Peshawar,"Flat #14، Municipal Plaza, Namak Mandi, Peshawar, 25000, Pakistan",25000.0,71.56323934,34.00556438,Travel & Lodging,Travel Agencies,Travel agency,Open,+92 333 9999172,zkshajj.com,4.6,9.0,32.17,,03-2025
866848cc12d973fb99192f54f3233ad7,M A Rent A Car,Pakistan,Ahmedpur East,"Chacha, Near Chowk Basti, Ahmedpur East, 63350, Pakistan",63350.0,71.24920369,29.14590466,Travel & Lodging,Travel Agencies,Travel agency,Open 24 hours,+92 300 9720740,facebook.com,5.0,11.0,28.57,,03-2025
a127da22bd6899114eb1f145577aa7ce,Babar Weighbridge Port Qasim,UC-3 Cattle Colony,Karachi,"Zone, Plot W 2/1 115 to 117 Port Qasim Industrial Area Near PAPCO opp PSO Petrol Pump North West, Industrial, Karachi, 75020, Pakistan",75020.0,67.30413993,24.82263653,Travel & Lodging,Checking & Baggage,Weigh station,Open 24 hours,+92 335 7597883,babarweighbridge.com,5.0,8.0,29.0,,03-2025
245ae76f46d619cba9514f78dca7caea,Babar Weighbridge Labour Square,UC-4 Matroville,Karachi,"Plot No. F-77/D, Opp. Phillips Company Off. Central Avenue Labour Square, S.I.T.E, Industrial Trading Estates, Karachi, 74700, Pakistan",74700.0,66.97970517,24.90207123,Travel & Lodging,Checking & Baggage,Weigh station,Open 24 hours,+92 21 32569764,babarweighbridge.com,4.1,180.0,40.71,,03-2025
f0c4051c5763e2f4cba80417525d3474,Tirmizi Travel & Tours Pvt LTD,Block H,Islamabad,"Office #2 3Floor, Masco plaza, 64 West Jinnah Ave, Block H G 7/2 Blue Area, Islamabad, 44000, Pakistan",44000.0,73.05796969,33.71167443,Travel & Lodging,Travel Agencies,Travel agency,Open,+92 345 9338252,tirmizitours.com,5.0,3.0,29.0,,03-2025
d7d208c6375dc210a3bdff2567e940ad,Rajpoot Transport Company,Shan Chan Chiragh,Rawalpindi,"D/208-209, Mairaj Market, New Sarafa Bazar, Shan Chan Chiragh, Rawalpindi, 46000, Pakistan",46000.0,73.0562408,33.61650596,Travel & Lodging,Travel Agencies,Transportation service,Open 24 hours,+92 333 5178667,rtcpakistan.com,3.0,4.0,24.57,,03-2025
0e1ecceb099ea0c3eea1fd7c6f21092a,Al Asif Goods & Car Carrier Service,UC-2 Darya Abad,Karachi,"Suit no.1,Plot no. 38B,Al Imran Building, Mauripur Rd, near Frontier Hotel,Old Truck Stand, Daryabad, Karachi, 74000, Pakistan",74000.0,66.98570933,24.86254219,Travel & Lodging,Travel Agencies,Transportation service,Open,+92 307 2200018,goodscarcarrier.blogspot.com,4.4,7.0,24.86,,03-2025
e252563d4c882ce88ea545d307b6c24f,VisitPK Tour Planner,Punjab,Rawalpindi,"5th floor, Empire Heights II, please 7, Bahria Town Phase VI Phase 6 Bahria Town, Rawalpindi, 46220, Pakistan",46220.0,73.13427066,33.55614575,Travel & Lodging,Travel Agencies,Tour operator,Open 24 hours,+92 345 1520702,visitpk.com,4.8,5.0,30.71,,03-2025
8281e53e5167e7db3eb95f9212512b6f,Zamzama Travels and Tours,UC-2 Civic Center,Karachi,"Shop # 3, Sawera Arcade, Jamaluddin Afghani Rd, Bihar Muslim Society Sharfabad, Karachi, 75400, Pakistan",75400.0,67.06415187,24.88651272,Travel & Lodging,Travel Agencies,Travel agency,Open,+92 21 34943335,zamzamatravels.com,4.7,39.0,24.67,,03-2025
fa213be2b406667828308a0062efaa23,Bhai Sahab Transport Rent a car Lahore,Punjab,Lahore,"Commercial Area Cavalry Ground, 49-C, Cavalry Ground, Lahore, 54000, Pakistan",54000.0,74.36148215,31.50172696,Travel & Lodging,Travel Agencies,Transportation service,Open 24 hours,+92 320 4400993,bsahab.com,5.0,1.0,23.14,,03-2025
3ad559a3b829d72d1de1b9f97a080b0c,Prince Travels & Tours,UC-7 P.e.c.h.s 2,Karachi,"Bungalow 161 A, Sir Syed Road, Block 3 PECHS, Karachi, 74800, Pakistan",74800.0,67.0530204,24.87952154,Travel & Lodging,Travel Agencies,Travel agency,Open,+92 321 8288982,princetravelsandtour.com,4.4,45.0,35.83,,03-2025
f5fe2959a5961af14afc9b8cc7f9c241,ROYAL GLOBAL TRAVEL AND TOURISM,UC-6 P.e.c.h.s 1,Karachi,"first floor, COSER CLOSET, Office No. FF 12, Main Tariq Rd, P.E.C.H.S., Karachi, 75400, Pakistan",75400.0,67.05994794,24.87541421,Travel & Lodging,Travel Agencies,Travel agency,Open 24 hours,+92 342 2893281,royalglobal.com.pk,4.0,1.0,29.71,,03-2025
a7e224caf9c07a342b2514d6b0170a0f,AL KHAIR TRAVEL AND TOURS,Sector D,Islamabad,"7 D FRIST FLOOR OFFICE 5 PAK PLAZA, Main Rd, PWD, Islamabad, 46000, Pakistan",46000.0,73.14837225,33.57444178,Travel & Lodging,Travel Agencies,Travel agency,Open,+92 300 8454103,facebook.com,5.0,5.0,30.43,,03-2025
17d6201b86ac57fb711179f2e06c5629,MALIK AIR TRAVEL & TOURS,Khanewal,Khanewal,"Shop #41 Railway Rd, near Govt Public High School, Khanewal, 58150, Pakistan",58150.0,71.91912672,30.3042159,Travel & Lodging,Travel Agencies,Travel agency,Open,+92 336 6564123,facebook.com,4.3,4.0,38.43,,03-2025
b31b795734bc9915162ad01e2f27797b,AL KASIB TRAVELS & TOURS PVT LTD,Punjab,Bahawalpur,"Fawara Chowk Bahawalpur, Al Kasib Rd, near SONARI BANK, AZIZ MARKET, Bahawalpur, 63100, Pakistan",63100.0,71.66813215,29.3916765,Travel & Lodging,Travel Agencies,Travel agency,Open,+92 301 5682940,alkasibtravels.com,5.0,132.0,30.14,,03-2025
fc35ac88a6df2d356b77a31a5800f5c2,Tour Edge,Pakistan,Lahore,"P-13 Peradise Floor, Sadiq Trade Center, Block H Gulberg 2, Lahore, 54000, Pakistan",54000.0,74.35017989,31.53139971,Travel & Lodging,Travel Agencies,Travel agency,Open 24 hours,+92 306 8655455,touredge.pk,4.5,148.0,37.5,,03-2025
06a01c3e44fafab429a19179bb6bc8b3,Prestine Travels And Tours Highly Rated Luxury Transports,Islamabad Capital Territory,Islamabad,"1st floor, Sharjah Plaza, Markaz, G-10 Markaz G 10 Markaz G-10, Islamabad, 46000, Pakistan",46000.0,73.0135316,33.67705462,Travel & Lodging,Travel Agencies,Transportation service,Open,+92 311 1786345,prestinetravels.com,5.0,2.0,29.86,,03-2025
c176dfbbc63dcbe9c035c46ad8ab1c4b,Easy Parwaz Travel & Tours,Sector F,Islamabad,"Office # 3022, 3rd floor, World Trade Center, GIGA Mall, DHA Phase 2, Islamabad DHA Phase 2, Islamabad, 45730, Pakistan",45730.0,73.15629395,33.52068616,Travel & Lodging,Travel Agencies,Travel agency,Open 24 hours,+92 336 3351104,easyparwaz.com,5.0,53.0,24.57,,03-2025
50148548ced6207f4ceb68fbcde4898d,MUHAMMAD AIR SERVICES,Swabi,Swabi,"Shaheer plaza, Swabi - Mardan Rd, near to zong franchise, Swabi, 23430, Pakistan",23430.0,72.46749963,34.1278413,Travel & Lodging,Travel Agencies,Travel agency,Open,+92 313 9838626,,4.0,2.0,51.67,People typically spend up to 4 hours here,03-2025
753bd328ae971d9a8f89411f574987bc,Bhimber Air Travels,Eurasia,Bhimber,"MAIN ROAD AL KUWAIT PLAZA SHOP 5 IN BASEMENT, Bhimber, 10040",10040.0,74.07131852,32.97597034,Travel & Lodging,Travel Agencies,Travel agency,Open,+92 340 4608683,,3.6,5.0,64.71,People typically spend up to 45 min here,03-2025
ab64440673597988229eaa1603cf7d05,Royal Holidays Travel and Tours,UC-3 Khandu Goth,Karachi,"Shop# 03, Hanif Centre, Nawab Siddique Ali Khan Rd, near Hanif Hospital, Block-B North Nazimabad Town, Karachi, 74600, Pakistan",74600.0,67.03009298,24.92439976,Travel & Lodging,Travel Agencies,Travel agency,Open,+92 21 36704413,royalholidays.pk,4.9,33.0,30.33,,03-2025
c29cfd46081cbc5b635064ce7a90c875,Trail Hikers (Private) Limited,Pakistan,Lahore,"M09, Mezzanine Floor, Siddique Trade Center, Block H Gulberg, Lahore, 54000, Pakistan",54000.0,74.35001365,31.53170944,Travel & Lodging,Travel Agencies,Travel agency,Open,+92 316 8447461,linktr.ee,4.8,113.0,30.17,,03-2025
ac1c280753bd79dcda838fe41d6bedaa,Tour Vision Travel Pvt Ltd,Pakistan,Lahore,"UG-9 Big, Big City Plaza City Tower, Liberty Around About, Lahore, 54000, Pakistan",54000.0,74.33745975,31.5102975,Travel & Lodging,Travel Agencies,Travel agency,Open,+92 311 1381888,toursvision.com,4.8,77.0,40.67,,03-2025
041ead264d6b3ea6987218faf26f4ae9,Os Consultants,Islamabad Capital Territory,Islamabad,"Office # 3, Aaly Plaza, Fazal e Haq Rd, Blue, Area G 6/2 Islamabad, 44000, Pakistan",44000.0,73.07064367,33.7178532,Travel & Lodging,Travel Agencies,Travel agency,Open,+92 336 5500177,osconsultants.pk,5.0,11.0,32.0,,03-2025
8de36ce5d7e68a1eec248e870e8035c0,LARAIB TRAVEL AND TOURS (PVT) LTD,Punjab,Gojra,"Tehsil Office Rd, Gojra, 56000, Pakistan",56000.0,72.67576261,31.14947411,Travel & Lodging,Travel Agencies,Travel agency,Open,+92 303 6074390,,3.6,10.0,61.71,People typically spend up to 2 hours here,03-2025
38708c2c064188d2683c80a4fdeb0652,Daewoo Bus Stop Abbotabad,Pakistan,Abbottabad,"Karakoram Hwy, Jinnahabad Abbottabad, 22010, Pakistan",22010.0,73.23272718,34.1927032,Travel & Lodging,Travel Agencies,Transportation service,Open 24 hours,+92 992 384718,daewooexpress.pk,4.0,2.0,33.14,,03-2025
20ac017f85805b9fedcb28534f7a711f,Alsalam international overseas employment promoters near al kareem center jampur road pull dat dg khan,Dera Ghazi Khan,dat,"Street no.1 near al kareem center pull dat dg khan, Pull, dat, 32201, Pakistan",32201.0,70.6374181,30.03054573,Travel & Lodging,Travel Agencies,Travel agency,Open,+92 334 0611515,,4.0,4.0,49.67,People typically spend up to 3 hours here,03-2025
d96a1d0dbcb112aba1be290566e4c9de,Rumi Travels and Tours,Gilgit,Gilgit,"Office No 2, near DC Office, Gilgit, 05112",5112.0,74.32778572,35.91263839,Travel & Lodging,Travel Agencies,Tour operator,Open 24 hours,+92 342 5480255,rumitours.pk,5.0,8.0,30.0,,03-2025
11d68278c50fdcc52868cea371c912d0,Holiday Hype,Punjab,Lahore,"G-59, Ground Floor Ashiana Shopping Center, Main Blvd Gulberg, Block D1 Gulberg III, Lahore, 54000, Pakistan",54000.0,74.33973961,31.51274317,Travel & Lodging,Travel Agencies,Tour agency,Open,+92 307 1177793,facebook.com,2.6,5.0,33.67,,03-2025
b8e7588d3e7ad3c5a6d0574c68947ae4,Sui Gas South Zone Office,UC-4 City Railway Colony,Karachi,"City Railway Colony, Karachi, Pakistan",,67.00247075,24.84796846,Travel & Lodging,Tourist Information,Visitor center,Open,+92 21 99021000,ssgc.com.pk,3.5,98.0,69.6,People typically spend up to 1.5 hours here,03-2025
fa04c6c9adf1d99c59c0f34e97e54d1b,Ahya Travel & Tours,Pakistan,Kot Ghulam Muhammad,"Buledi Colony Kot Ghulam Muhammad, 68330, Pakistan",68330.0,69.2469908,25.28188677,Travel & Lodging,Travel Agencies,Travel agency,Open 24 hours,+92 302 3316037,m.youtube.com,5.0,1.0,26.0,,03-2025
070e13914e6aefecfae723f824e8b726,Pakistan Tours,Pakistan,Lahore,"Office 963, Floor, Street 1, Askari X, Lahore, 54000, Pakistan",54000.0,74.41093167,31.52447025,Travel & Lodging,Travel Agencies,Tour operator,Open 24 hours,+92 301 2333313,wildfrontierstravel.com,4.5,4.0,30.29,,03-2025
985323cdd6366afda3fd658a5ae03ad8,Trip Trix,Pakistan,Lahore,"Lahore Johar town and, Gulberg III, Lahore, 47000, Pakistan",47000.0,74.34150328,31.51019355,Travel & Lodging,Travel Agencies,Travel agency,Open 24 hours,+92 336 1931133,m.youtube.com,5.0,7.0,24.86,,03-2025
f7c1eb5dab8525e03cae90ca9bbcdfbe,Passu Adventures,Passu,Passu,"Hunza, Passu, 15100",15100.0,74.89210784,36.46031666,Travel & Lodging,Travel Agencies,Travel agency,Open 24 hours,+92 355 4206610,passuadventures.com,5.0,4.0,33.0,,03-2025
8fd2ebd60341f77673ad007d06f6c170,Holiday Pro | Travel & Tours,UC-2 Civic Center,Karachi,"Balad Trade Centre, Alamgir Rd, Bihar Muslim Society Bahadurabad, Karachi, 07481, Pakistan",7481.0,67.06291476,24.88387174,Travel & Lodging,Travel Agencies,Travel agency,Open 24 hours,+92 330 3430900,holidaypro.pk,5.0,40.0,31.57,,03-2025
1844baec039fd760f576b9712823ae91,Sada bahar daewoo multan,Punjab,Multan,"Chaudhry Colony, Multan, 60000, Pakistan",60000.0,71.50710794,30.17394293,Travel & Lodging,Travel Agencies,Transportation service,Open 24 hours,+92 333 6106070,facebook.com,4.3,28.0,22.14,,03-2025
516a3bfb177fb0e7019de4ac5f808871,SHAH MURAD WEIGHT STATION,Thatta,Gulmanda,"Jungshahi rd, near jakhra petrol pump, Gulmanda, 73130, Pakistan",73130.0,67.86081931,24.78688035,Travel & Lodging,Checking & Baggage,Weigh station,Open 24 hours,+92 313 3931431,pk.com,5.0,1.0,27.14,,03-2025
2ddc83e462047d15fa8f8a558f8a1273,Feroz Visa Consultancy (SMC-PVT) LTD,Nasir Khel,Swat,"3, Mohallah Nasir Khel Bara Bandai, Swat, 19201, Pakistan",19201.0,72.39563376,34.82212979,Travel & Lodging,Travel Agencies,Travel agency,Open,+92 319 3119304,ferozvisaconsultancy.com,3.8,70.0,,People typically spend up to 45 min here,03-2025
c739033aa2d4ba7db06b76d7f1040a52,Pakistan Packages Tour,Gilgit,Gilgit,"first floor, Fcna Market office no B-11, Jutial, Gilgit, 15100",15100.0,74.34936511,35.90995926,Travel & Lodging,Travel Agencies,Tour operator,Open 24 hours,+92 300 9128993,pakistanpackagestour.com,5.0,38.0,28.43,,03-2025
60fcea24f9ed0a9d08467cb3e3d8022f,Abbasi & Brother Mazda Transport Service,Islamabad Capital Territory,Islamabad,"Al-Yasir Market, Hamza Plaza, Sector I-10/1 I 10/1 I-10, Islamabad, 44000, Pakistan",44000.0,73.03104715,33.6401094,Travel & Lodging,Travel Agencies,Transportation service,Open 24 hours,+92 51 4431329,facebook.com,3.0,1.0,25.0,,03-2025
dd734f3224c8e45f5b15924174641e5c,Mani Tour&Travels,Punjab,Rawalpindi,"National bank, I.J.P. Road, Pandora, Rawalpindi, 46000, Pakistan",46000.0,73.03619222,33.6385756,Travel & Lodging,Travel Agencies,Tour operator,Open 24 hours,+92 341 9992895,manitour.com,3.0,2.0,26.29,,03-2025
297bff1119582f17618e8c4807893c67,MG Travel,کاٹیلئی۔ امانکوٹ,Mingora,"Royal Arcade, کاٹیلئی۔ امانکوٹ Mingora, 11930, Pakistan",11930.0,72.35177931,34.77190169,Travel & Lodging,Travel Agencies,Travel agency,Open,+92 946 710444,mgtravel.pk,5.0,2.0,25.67,,03-2025
ab844f5caa2ba367344589781858adfb,Kamileentravels,Dera Ghazi Khan,Dera Ghazi Khan,"Multan Rd, opposite Superior College, Gulshanabad Dera Ghazi Khan, Pakistan",,70.64325816,30.03668245,Travel & Lodging,Travel Agencies,Travel agency,Open,+92 311 2400044,kamileen.com,3.2,5.0,26.86,People typically spend up to 2 hours here,03-2025
6eb0646c4036c0b0fac2086420602627,Sehrish Tours and Travels Skardu,South Asia,Skardu,"Aliabad, Skardu, 16100",16100.0,75.6385284,35.2876023,Travel & Lodging,Travel Agencies,Transportation service,Open,+92 345 9604578,g.co,5.0,49.0,33.14,,03-2025
7ac8c09593cce63f3bb0e739bdddf6d3,hsntravels,Islamabad Capital Territory,Islamabad,"Block D G 6/2 Blue Area, Islamabad, 44000, Pakistan",44000.0,73.07395572,33.71982645,Travel & Lodging,Travel Agencies,Travel agency,Open 24 hours,+92 306 5506098,facebook.com,4.0,2.0,27.86,,03-2025
5c1cbca8ecc7e1c17f2dc529959071e5,MTC (Mian Transport Company),Sheikhupura,Sheikhupura,"Faisalabad Rd, Mor Araiya Wala, Sheikhupura, 39350, Pakistan",39350.0,73.99080816,31.70169913,Travel & Lodging,Travel Agencies,Transportation service,Open 24 hours,+92 303 4909289,mtcvans.ga,4.0,3.0,32.43,,03-2025
83ccc63c056b70c9041a7d67447d2e6f,Pluto Resorts,Pakistan,Dunga Gali,"Toheedabad, Main Nathia Gali Rd, near dunga gali, Dunga Gali, 22310, Pakistan",22310.0,73.38250669,34.02459784,Travel & Lodging,Vacation Rentals & RV,Cottage rental,Open 24 hours,+92 300 0175886,plutoresorts.com,4.1,48.0,28.14,,03-2025
2f0214344a229f814c78e6f0a633490c,Hamdard International Travels & Tours Co Pakistan.,Shamsabad,Rawalpindi,"Flat 13 Second Floor Kala Khan Shopping Mall Murree, Road, Shamsabad, Rawalpindi, 46300, Pakistan",46300.0,73.07855111,33.65395993,Travel & Lodging,Travel Agencies,Travel agency,Open,+92 300 3060900,getjobs.pk,5.0,1.0,29.0,,03-2025
aedf66d3c221a78ab473cb7018a03b54,Travel Move,Punjab,Lahore,"Zamin Center Shimla Hill, LG 22 Davis Road, Muhammad Nagar Garhi Shahu, Lahore, 54000, Pakistan",54000.0,74.33402933,31.56277339,Travel & Lodging,Travel Agencies,Travel agency,Open 24 hours,+92 321 4619411,travelsmove.com,5.0,1.0,21.17,,03-2025
05e242a4df23849ac2c9c85c40597ea7,Karwan-E-MinhajUlHussain,Punjab,Lahore,"296-301, H3 Ali Ibn-e-Abi Talib Rd, Block H-3 Block H 3 Phase 2 Johar Town, Lahore, 54000, Pakistan",54000.0,74.25836016,31.47224683,Travel & Lodging,Travel Agencies,Tour agency,Open 24 hours,+92 333 4600760,karwan-e-minhajulhussain.org,4.8,22.0,37.14,,03-2025
ce43139d72a914ddf39d755c6797d78d,Reservation Office S.Jamie&co Pakistan Railway,Railway Colony,Multan,"Railway Station Rd, Railway Colony, Multan, 60000, Pakistan",60000.0,71.44265987,30.18080014,Travel & Lodging,Travel Agencies,Travel agency,Open 24 hours,+92 309 8416065,sjmcpl.com.pk,4.0,21.0,32.0,,03-2025
6ad9449b888b9ec00593b64b6597abac,Blizin,Pakistan,Lahore,"office 8, 3rd floor, Madina towerr, 224 Lahore – Kasur Rd, Lahore, 54000, Pakistan",54000.0,74.32105583,31.52419764,Travel & Lodging,Travel Agencies,Tour agency,Open 24 hours,+92 309 6663377,blizin.com,4.3,7.0,24.71,,03-2025
4053100ae27676a770f8845cc4d1481a,ATS Movers and Packers House Shifting Services In Lahore,Pakistan,Lahore,"11/A Punjab Small Industry Near V Block Gala DHA, 54792, Pakistan",54792.0,74.40364528,31.4938353,Travel & Lodging,Travel Agencies,Transportation service,Open 24 hours,+92 300 0364820,ats.com.pk,1.0,1.0,20.86,,03-2025
879832eee138aa666ec0ab3aff6e63e1,PIA Booking office Faisalabad,Pakistan,Faisalabad,"26, The Mall Road, Civil Lines, Faisalabad, 38850, Pakistan",38850.0,73.08806756,31.42239387,Travel & Lodging,Travel Agencies,Airline ticket agency,Open,+92 41 9200786,piac.com.pk,4.1,419.0,52.86,,03-2025
b657eed55feb2932f8bdafb8e9c4c22f,Raja's Travel and Tourism,Pakistan,Lahore,"h#6 St#2, A Block Al-Faisal Town, Lahore, 54870, Pakistan",54870.0,74.40162441,31.54690554,Travel & Lodging,Travel Agencies,Travel agency,Open 24 hours,+92 323 0119684,facebook.com,3.5,2.0,17.83,,03-2025
46bd7adc031b9777eb2ff692e1058854,Bin Dawood Services (pvt) Ltd,Pakistan,Faisalabad,"40/3 New Civil Lines, behind State Bank of Pakistan, Faisalabad, 38000, Pakistan",38000.0,73.08598792,31.42002879,Travel & Lodging,Travel Agencies,Travel agency,Open,+92 321 5555547,facebook.com,4.1,16.0,35.83,,03-2025
bcbd26cd0c121d62eef27b9ceb6ba4df,Shimshal Mountain Guides,South Asia,Shimshal,"Village Shimshal District Hunza Tehsil Gojal, 15100",15100.0,75.30650896,36.43891717,Travel & Lodging,Travel Agencies,Tour operator,Open 24 hours,+92 344 2251165,shimshalmountainguides.com,5.0,1.0,26.86,,03-2025
1dc8912e958ced1966804c81a5adc119,Malik Shahzaib Transport,UC-2 Sir Syed,Karachi,"G-7, Alliance Appartment, Main Nagan Chowrangi, Main nagan, Sector 11 C 1 Chowrangi, Karachi, 74600, Pakistan",74600.0,67.06334586,24.96562342,Travel & Lodging,Travel Agencies,Transportation service,Open,+92 310 2824174,malikshahzaibtransport.com,4.5,2.0,24.43,,03-2025
916e68a36b8aa85f5bc1179366cb9c95,Rent A Car MTS,UC-1 Bilal Colony,Karachi,"E6, Mehran Town Sector 6 E Korangi, Karachi, 74900, Pakistan",74900.0,67.10690853,24.84764474,Travel & Lodging,Travel Agencies,Transportation service,Open 24 hours,+92 300 9248455,mtsrajpar.blogspot.com,5.0,4.0,35.43,,03-2025
b39e1a7f3f0e6475391076a609730162,Waleed Travels and Tours,Block G,Islamabad,"Fazal-e-haq, Block G G 7/3 Blue Area, Islamabad, 46000, Pakistan",46000.0,73.06454026,33.71462671,Travel & Lodging,Travel Agencies,Travel agency,Open 24 hours,+92 341 5067775,waleedtravels.com.pk,3.7,3.0,36.0,,03-2025
9689e3199fdade1530969d911501b185,Dera Babar Brothers Mayo Rajpoot,Pakistan,Lahore,"House No 14 Shah Jamal town opposite Muster haft factory ashiyan road, B, Lahore, 54000, Pakistan",54000.0,74.37337448,31.43090167,Travel & Lodging,Travel Agencies,Transportation service,Open 24 hours,+92 300 8820442,babarbrotherscargo.com,5.0,4.0,37.29,,03-2025
9ea96a6efc830406ab9f26c6f33a5a9e,Wasiq Travels & Tours (Rent a Car),Islamabad Capital Territory,Islamabad,"Office#12, Umer Plaza, F-8 Markaz F 8 Markaz F-8, Islamabad, 44220, Pakistan",44220.0,73.03868575,33.71161688,Travel & Lodging,Travel Agencies,Transportation service,Open 24 hours,+92 300 5316799,wasiqtravels.com,3.0,27.0,30.29,,03-2025
73cb50572f647b101f32e23a1eb1d810,Gulraz Travels,Saddar Town,Karachi,"office no 2, Mehran Residency, Dr Daud Pota Rd، opposite NAB Office, near Cantt. Station Road, Karachi Cantonment, Karachi, 73500, Pakistan",73500.0,67.03445166,24.8465941,Travel & Lodging,Travel Agencies,Travel agency,Open,+92 300 2509799,gulraz.com,5.0,1.0,25.0,,03-2025
3aa347e4e8d3c98bd200032d7b81079c,Safar e Mubarik,Punjab,Lahore,"2nd floor, Mk arcade center, Sunderdas Rd, Zaman Park, Lahore, 54000, Pakistan",54000.0,74.34898165,31.5533389,Travel & Lodging,Travel Agencies,Tour agency,Open 24 hours,+92 344 4430021,safaremubarik.com,5.0,2.0,22.86,,03-2025
c59b1ac28916a44eced2ae0c76a1bade,Tafreez Tour and travels,UC-3 Gadap,Karachi,"Mid commercial A Lane E, Karachi, 75340, Pakistan",75340.0,67.30086438,25.02309037,Travel & Lodging,Travel Agencies,Travel agency,Open,+92 333 9211664,tafreez.com,3.0,1.0,30.86,,03-2025
0dfd198ec43be1ae6d1fc6bec4e7bcdf,The Sargodha Holidays,Punjab,Faisalabad,"hr tower, College Road، Kohinoor City Faisalabad, 38000, Pakistan",38000.0,73.11156396,31.41442367,Travel & Lodging,Travel Agencies,Travel agency,Open 24 hours,+92 300 6566666,facebook.com,4.0,1.0,25.5,,03-2025
0afc0e8ecde5fe895f3638a8f7561682,Noor-e-Kausar Pvt. Ltd.,UC-2 Civic Center,Karachi,"Office No. 704-705, Balad Trade Centre, Bihar Muslim Society BMCHS, Sharfabad, Karachi, 74800, Pakistan",74800,67.06288463,24.88385355,Travel & Lodging,Travel Agencies,Travel agency,Open,+92 21 34121444,,4.9,20.0,48.67,People typically spend up to 2 hours here,03-2025
33e5d61d7c43b6dd66920db63a85b5ef,Yango Registration office Iqbal Town,Ravi Block,Lahore,"143 Main Ravi Block Rd, Ravi Block Allama Iqbal Town, Lahore, 54000, Pakistan",54000,74.27963254,31.51073518,Travel & Lodging,Travel Agencies,Transportation service,Open,+92 42 37872883,yango.com,3.8,42.0,58.33,,03-2025
cdedc14871d6064b3636a49ad65ca0e4,Aftab Travels,Punjab,Lahore,"738 Usman Park St, F Block Block F Gulshan-e-Ravi, Lahore, 54000, Pakistan",54000,74.27532811,31.54566915,Travel & Lodging,Travel Agencies,Travel agency,Open,+92 301 0013998,aftabtravels.com.pk,4.9,10.0,37.83,,03-2025
2b3203aeaa40ea3bec7c152db1fd9037,Skyways,Punjab,Islamabad,"Faizabad Islamabad, 44000, Pakistan",44000,73.08175026,33.66255971,Travel & Lodging,Travel Agencies,Transportation service,Open 24 hours,+92 51 111 555 567,skywaysonline.pk,3.0,34.0,24.14,,03-2025
9abeaf0128ad8ae6dcef17de41e20fa0,Raza Rajpoot Pick And Drop,Pakistan,Lahore,"04, Lahore, 53400, Pakistan",53400,74.44646751,31.59630312,Travel & Lodging,Travel Agencies,Transportation service,Open 24 hours,+92 345 8957056,google.com.pk,5.0,5.0,37.5,,03-2025
f5cf594473ee7c3da7960a65981c34b3,Hussain Travels & Family Tours,Warriach,Gujranwala,"DC, 165 Commercial Colony, Neelam Block Dc Colony, Gujranwala, 52000, Pakistan",52000,74.16412485,32.23068331,Travel & Lodging,Travel Agencies,Travel agency,Open,+92 319 4877246,hussainfamilytours.com.pk,5.0,2.0,27.83,,03-2025
f1e756712dc36133d0793de10fc0195a,KQUI Hajj & Umrah Service,Walton,Lahore,"Head office:E-146, Main Academy Road, Street #4 Institution, Lahore, 50001, Pakistan",50001.0,74.3563173,31.49903634,Travel & Lodging,Travel Agencies,Tour operator,Open,+92 300 8433085,urdupoint.com,5.0,1.0,27.43,,03-2025
5d0dc68e2d9a60eaf4b01e0ef81a86fe,Travel Access,Punjab,Lahore,"LG-10, Shimla Tower, Davis Road, Muhammad Nagar Garhi Shahu, Lahore, 54000, Pakistan",54000.0,74.33422262,31.56250479,Travel & Lodging,Travel Agencies,Travel agency,Open,+92 307 5287906,travelaccesspk.com,5.0,1.0,29.33,,03-2025
ab0f3e8dcb0597fc57f1861f27080333,Fly With Frontline (Pvt)Ltd,Punjab,Lahore,"F-9, Hill view Arcade, 5A Davis Road, Garhi Shahu, Lahore, 54000, Pakistan",54000,74.33417436,31.56198345,Travel & Lodging,Travel Agencies,Travel agency,Open,+92 321 8585858,fwfrontline.com,5.0,1.0,28.29,,03-2025
ebd6a665bb40d0eb5f17af600258e826,NOOR AL SAMA TOURISM,Punjab,Lahore,"1st Floor, Shimla Tower, F-16, 5 Davis Road, Lahore, 54000, Pakistan",54000,74.33417456,31.56198324,Travel & Lodging,Travel Agencies,Travel agency,Open 24 hours,+92 42 36293033,nas-travels.com,5.0,4.0,27.33,,03-2025
002b116cd1f1c5d4c2a1188ee502efb3,Innovate Adventures Pakistan,Punjab,Gujranwala,"Jinnah Spaces Mumtaz Market, opposite Chaseup, Gujranwala, 52250, Pakistan",52250,74.18195552,32.18151529,Travel & Lodging,Travel Agencies,Tour agency,Open 24 hours,+92 312 2879500,adventures.innovate.com.pk,5.0,4.0,17.29,,03-2025
ba8717479bc0272ded8b5d8a98fb3690,Movers Brothers,UC-5 Landhi,Karachi,"Shop #7, KDA apartments main national highway, Shah Latif Main Rd, Bin Qasim Town, Karachi, 75020, Pakistan",75020,67.27054347,24.85912131,Travel & Lodging,Travel Agencies,Transportation service,Open 24 hours,+92 300 9500651,moversbrothers.com,5.0,5.0,32.0,,03-2025
31800931dd5fba4fea3b9f59e24a462f,Travel Time Tours,UC-3 Khandu Goth,Karachi,"Saima Bridge View, Block-B Block B North Nazimabad Town, Karachi, 74600, Pakistan",74600,67.03042832,24.92410916,Travel & Lodging,Travel Agencies,Travel agency,Open 24 hours,+92 321 2241084,facebook.com,4.6,8.0,29.0,,03-2025
1cac05de7270c3bff5ec39679ef5e639,Target TMC (Pvt) Ltd.,Stadium Commercial Area,Karachi,"2nd Floor، 10C Khayaban-e-Shamsheer، opp. Malaysian Consulate Khada Market, DHA Phase 5 Stadium Commercial Area Defence V Defence Housing Authority, Karachi, 75500, Pakistan",75500,67.0457239,24.8135086,Travel & Lodging,Travel Agencies,Travel agency,Open,+92 21 35248505,target-tmc.com,4.4,37.0,,People typically spend up to 4 hours here,03-2025
3f8800e2a04bf010bb4037ec1518e3e0,Pakistan Guide,Pakistan,Lahore,"31 A Amina Park, Multan Rd, Lahore, 54000, Pakistan",54000,74.24617545,31.48898245,Travel & Lodging,Travel Agencies,Travel agency,Open 24 hours,+92 316 4074346,pakistanguide.pk,5.0,2.0,27.6,,03-2025
b90f18151d1fa4add8adeb480b7a5876,Ehsas Travel,Gadap Town,Karachi,"House No L-15, shop No.2, Gulshan e ravi, 5E surjani town Karachi 5E, Karachi, 07510, Pakistan",07510,67.05594376,25.01789097,Travel & Lodging,Travel Agencies,Travel agency,Open,+92 311 2008123,ehstastravel.com,5.0,4.0,24.43,,03-2025
2cb554a2b6d1f84a9bcff02b7bf61eae,Joy of Travelling,Punjab,Lahore,"Office M-110, Ashiana Center, Block D1 Gulberg III, Lahore, 54000, Pakistan",54000,74.33978081,31.5127014,Travel & Lodging,Travel Agencies,Travel agency,Open,+92 321 9416896,facebook.com,5.0,2.0,31.8,,03-2025
4d0e6d52eb1d200f48f190613dd4803b,7 Star Holidays Pvt Ltd,Islamabad Capital Territory,Islamabad,"Office no 2, Zulfiqar Ali Plaza, Gate no2 main GT Rd, opposite DHA 2, Islamabad, 44000, Pakistan",44000,73.14342378,33.52290822,Travel & Lodging,Travel Agencies,Travel agency,Open,+92 321 5370030,facebook.com,5.0,1.0,33.29,,03-2025
58b6e655f451a1391944a5bf6db954bc,Mengal Goods Transport Co. & Bros,UC-4 Baba Bhitt,Karachi,"Office 101-102 Dua Center Plot A-230 Street-3 Gate no-4 Quaid-E-Azam Truck Stand, Hawksbay Rd, Mauripur, Karachi, 75780, Pakistan",75780,66.95513426,24.8686026,Travel & Lodging,Travel Agencies,Transportation service,Open,+92 300 8564717,mgtcb.com,4.8,6.0,47.83,,03-2025
e7fbd276344a484081a397437424734b,Shaheen Container Terminal,Pakistan,Lahore,"23 km Multan Rd, Mohlanwal, Lahore, 53800, Pakistan",53800,74.15756232,31.40722098,Travel & Lodging,Travel Agencies,Transportation service,Open 24 hours,+92 42 35979184,shaheenfreight.com.pk,3.5,2.0,20.86,,03-2025
08d80d4adac39912b6d2e11718be2c91,Abeer Travel & Tours | Providing Best Air Ticketing And Umrah Packages In Bahria Town,Sector C,Lahore,"Sector-C Chambelli Block, 1st Floor, 212-A, opposite Grand Jamia Masjid, Bahria Town, Lahore, 53720, Pakistan",53720,74.18206215,31.36999078,Travel & Lodging,Travel Agencies,Travel agency,Open,+92 300 3504499,abeertravel.com,4.9,16.0,31.43,,03-2025
1a2bd159c3fe0359c392a7e5965486ee,Mascot International Tourism,Pakistan,Lahore,"54 A, HBFC,،, Block A Faisal Town, Lahore, 54770, Pakistan",54770,74.29983364,31.48515511,Travel & Lodging,Travel Agencies,Tour operator,Open,+92 42 32089181,mascottourism.com,5.0,1.0,35.4,,03-2025
79361effed1e8eb7f18fcb3e8cc021ac,Trekkies.pk,Pakistan,Lahore,"2 B, 18km Lahore – Kasur Rd, Pak-Arab Housing Scheme, Lahore, 54000, Pakistan",54000,74.34575039,31.4316989,Travel & Lodging,Travel Agencies,Tour agency,Open,+92 321 4303845,trekkiespk.com,5.0,2.0,37.83,,03-2025
91ae083186c12ef0f07e96c5f2c1cd90,Palm Leaf Travels,Punjab,Lahore,"73-C, Nawab Town, Lahore, 54800, Pakistan",54800,74.24616433,31.45232569,Travel & Lodging,Travel Agencies,Tour agency,Open,+92 322 9648628,pl-travels.com,5.0,3.0,29.43,,03-2025
5d1297e73d700c9edf5b537b8a274612,Sada Bahar Air Travel Hajj & Umrah,Pakistan,Hub,"1, Hub, 90250, Pakistan",90250,66.87216427,25.0348445,Travel & Lodging,Travel Agencies,Travel agency,Open,+92 332 8082680,wwwsadabahar.com.pk,5.0,13.0,26.29,,03-2025
8ede8ce6f5603bd28037bed31bdcb839,Pakistan Peak Explorers,Skardu,Skardu,"gilgit, sukamaidan skardu, baltistan, Skardu, 16100",16100,75.63135356,35.29562664,Travel & Lodging,Travel Agencies,Tour operator,Open 24 hours,+92 319 5703259,pakistanpeakexplorers.com,4.0,1.0,17.29,,03-2025
43e9b9addbf5f5519f8ac94a7110950f,Ibex Adventure Club Skardu / SeeSkardu,South Asia,Skardu,"Serena road shigar, Skardu, 16300",16300,75.73900713,35.4212101,Travel & Lodging,Travel Agencies,Travel agency,Open 24 hours,+92 342 7235833,instagram.com,4.9,15.0,33.5,,03-2025
69b966284e46ec6e349b8657f6105bf3,Tripit Travels (Pvt.) Ltd,Sector A,Islamabad,"Apartment #405, 4th Floor, Sector A, BME Panorama Sector A Bahria Enclave, Islamabad, 44600, Pakistan",44600.0,73.20900961,33.68822712,Travel & Lodging,Travel Agencies,Travel agency,Open 24 hours,+92 335 5024952,tripit.pk,5.0,3.0,29.17,,03-2025
b6c7834f24507e8b3d9f1180d61e7859,Bykea CS Office Help Center,UC-7 P.e.c.h.s 2,Karachi,"A/2, Gohar Chamber, CC Area, Shahra-e-Faisal, near Duty Free Shop, Kathiawar Society Block 7/8 Karachi, 74500, Pakistan",74500,67.07781198,24.86699858,Travel & Lodging,Travel Agencies,Transportation service,Open,+92 307 1264567,bykea.com,4.3,6.0,29.71,,03-2025
12a5c84b0dd02c397ae45e02301f4368,Asad Enterprises Transport Services,UC-4 Silver Town,Karachi,"Opposite LRBT Hospital, Korangi 2.5, Mustafa Taj Colony Sector 42 Korangi, Karachi, 74900, Pakistan",74900,67.14435969,24.8229423,Travel & Lodging,Travel Agencies,Transportation service,Open 24 hours,+92 300 8205992,asadtransport.com,5.0,1.0,21.57,,03-2025
f915cf009946a9fd79efed5fe9304c50,TM Cargo & Logistics Site Area,UC-4 Matroville,Karachi,"D48 Siemens Chorangi Plot E, Telephone Sindh Industrial Trading Estate, Karachi, 74600, Pakistan",74600,66.99026343,24.90531014,Travel & Lodging,Travel Agencies,Transportation service,Open 24 hours,+92 300 3335176,tmcargo.net,5.0,1.0,37.17,,03-2025
fa9f532e6dd9ef00ef0bd3554b34ee10,Yango Registration Office,Pakistan,Lahore,"Ground Floor, New, Liberty Tower, 19/A Model Town Link Rd, Colony Bhatti Colony, Lahore, 54000, Pakistan",54000.0,74.31587143,31.47006584,Travel & Lodging,Travel Agencies,Transportation service,Open,+92 334 4149296,yango.com,3.7,87.0,73.33,,03-2025
b51756a7d493a70277fbafe22bd3ab40,Take My Trip,Pakistan,Lahore,"38 LG Divin center, Airport Rd, Gulshan e Ali Colony, Lahore, 54000, Pakistan",54000.0,74.41432148,31.49298574,Travel & Lodging,Travel Agencies,Travel agency,Open,+92 309 4361375,,4.3,32.0,71.5,People typically spend up to 1 hour here,03-2025
578ffe3414b8ae25cb103fb8fc634844,Ali Rent Services,Sheikhupura,Sheikhupura,"Green Town Housing Colony, Sheikhupura, 39350, Pakistan",39350,74.01765554,31.69971725,Travel & Lodging,Travel Agencies,Travel agency,Open 24 hours,+92 332 8480651,facebook.com,5.0,4.0,28.29,,03-2025
98220d41737fde19ca337bcead0fb23c,Wafid Pakistan,Satellite Town,Jhelum,"C Block, Office No.05, Citi, NM Heights, C Block, Housing, CiTi Housing, Jhelum, 49600, Pakistan",49600,73.65604472,32.99529859,Travel & Lodging,Travel Agencies,Travel agency,Open 24 hours,+92 324 1304186,wafid.com.pk,5.0,8.0,33.43,,03-2025
0262643e75b54296ffd8e5e290805ace,Karwan-E-Khalil Travel & Tours,UC-11 Dad Nagar,Karachi,"Shop No 18, Jama Masjid, Gate Street Number 4, Banaras Town Sector 9 Orangi Town, Karachi, 75800, Pakistan",75800.0,67.0055564,24.94238531,Travel & Lodging,Travel Agencies,Travel agency,Open,+92 342 2111533,karwanekhalil.com,4.8,57.0,37.43,,03-2025
784f19238cbd5f8818c5099cd7a8bc1f,Work visa for all,Pakistan,Kasur,"Mian kachari Chembur No 29, 55050, Pakistan",55050,74.46442181,31.11426487,Travel & Lodging,Travel Agencies,Travel agency,Open,+92 300 6965158,workvisaforall.com,1.5,2.0,27.71,,03-2025
f21087153f488de0266ee45078f0c837,Your Dream Destination Travel & Tours,Pakistan,Dina,"Double Story office next to Attock Petrol Pump Dina Mirpur Bypass, Bypass, Mirpur, Dina, 49400, Pakistan",49400.0,73.61690721,33.02283555,Travel & Lodging,Travel Agencies,Travel agency,Open,+92 544 294226,yourdreamdestination.com.pk,5.0,1.0,,People typically spend up to 4 hours here,03-2025
73fd564876d49208e99b418f0c08fddb,AlFatah Travels & Tours,Punjab,Lahore,"New DHA Main Head Office, 70 A A, Commercial Sector A DHA Phase 6, Lahore, 53720, Pakistan",53720.0,74.43700894,31.4676283,Travel & Lodging,Travel Agencies,Travel agency,Open,+92 310 0091111,alfatahtravels.com,3.2,5.0,39.0,,03-2025
55062d53c77fabed4762bdab95db32be,Sawaary - Karachi office,Sindh,Karachi,"Badar Comm. Street 11, DHA Phase 5 Badar Commercial Area Defence V Defence Housing Authority, Karachi, 75500, Pakistan",75500.0,67.04368558,24.7987084,Travel & Lodging,Travel Agencies,Transportation service,Open 24 hours,+92 314 3228679,sawaary.com,3.9,7.0,34.14,,03-2025
d62aabbb4e31fc81fd007f5d16c7ace9,Kashmir Explorers,Eurasia,Bagh,"Pakistan Plaza, Bypass Road, near Meezan Bank, Bagh, 12500",12500,73.77794996,33.97621182,Travel & Lodging,Travel Agencies,Tour agency,Open 24 hours,+92 347 3080002,facebook.com,4.0,1.0,30.29,,03-2025
924c8eb443ef41b9d69947744143da19,Kumrat valley tour guide,Khyber Pakhtunkhwa,Thal,"Kumrat valley, Thal, 18000, Pakistan",18000.0,72.2427287,35.47832561,Travel & Lodging,Travel Agencies,Tour operator,Open 24 hours,+92 324 9155528,facebook.com,4.6,35.0,30.86,,03-2025
0b564c3d0c8fc465e1fd8d5986f3c4b1,Plum Travel and Tours ghalanai branch,Khyber Pakhtunkhwa,Ghalanai,"Bajaur Rd, Ghalanai, 25000, Pakistan",25000.0,71.40453112,34.32216573,Travel & Lodging,Travel Agencies,Travel agency,Open,+92 346 9191934,plumtravels.pk,5.0,6.0,24.5,,03-2025
14d0f328b2f40e9bd6f0fa35116201c2,Aan Tourism,Pakistan,Lahore,"Muslim, 1C Noon road, New, Block B Town, Lahore, 54792, Pakistan",54792.0,74.31668989,31.51286777,Travel & Lodging,Travel Agencies,Tour agency,Open,+92 42 32351717,aantourism.com,4.4,23.0,57.67,,03-2025
b7136f2c0655f4b6812095ad6305d9dd,Hazir Janab Travels,Pakistan,Lahore,"82, Naeem Block, Canal Bank Housing Scheme, Lahore, 54850, Pakistan",54850.0,74.40802351,31.57355664,Travel & Lodging,Travel Agencies,Travel agency,Open,+92 333 4445633,wa.me,5.0,5.0,32.0,,03-2025
967131965fec019cfb1177a3ff209951,AL QIBLA ISLAMABAD,Sector E-11/3,Islamabad,"OFFICE NO 11, ASKAN CENTRE, MPCHS E-11/3 MPCHS E 11/3 E-11, Islamabad, 44810, Pakistan",44810.0,72.97671418,33.70441212,Travel & Lodging,Travel Agencies,Travel agency,Open 24 hours,+92 315 4692552,alqiblaairservices.com,4.3,3.0,24.17,,03-2025
db65f6184362be20a05dea90c5053000,"Shajar-e-Harram Travel & Tours, Hajj & Umrah (Pvt) Ltd.",Taramri,Islamabad,"Floor # 2, Ali Plaza, near Save Mart, opposite Pakistan Halls, Lehtrar Rd Taramri, Chowk, Islamabad, 44000, Pakistan",44000,73.16323983,33.64459696,Travel & Lodging,Travel Agencies,Travel agency,Open,+92 312 5269781,shajareharram.com,5.0,15.0,27.33,,03-2025
fa646af4563a9bfa823609309c7b96b5,Gilgit hunza national goods,Rawalpindi Tehsil,Rawalpindi,"Chungi Number 4, Rawalpindi, 46000, Pakistan",46000.0,73.0476995,33.61766558,Travel & Lodging,Travel Agencies,Transportation service,Open 24 hours,+92 51 5771476,facebook.com,4.0,9.0,37.5,,03-2025
95e7f92171beb6c942a65ef95361e2d1,TRAVEL ADVISOR BATKHELA,پلیی,Batkhela,"Gul Rang Market, opposite Old Daewoo Adda, Batkhela, 23020, Pakistan",23020.0,71.96248442,34.61519692,Travel & Lodging,Travel Agencies,Travel agency,Open,+92 341 7713717,traveladvisor.com.pk,5.0,1.0,36.71,,03-2025
fe87eb4e66607c80dcbde14cde227ffc,Super Crown Int'l Travels,Zamzama Commercial Area,Karachi,"Office # 4,Ground Floor, Plot، 2-C 3rd Zamzama Commercial Lane, DHA Phase 5 Zamzama Commercial Area Defence V Karachi, 75600, Pakistan",75600,67.04011853,24.81667021,Travel & Lodging,Travel Agencies,Travel agency,Open,+92 21 35301122,supercrownintl.com,3.8,5.0,26.5,,03-2025
aacdd3cfeb48d357e60b1733cc314424,Royal Riders Pakistan RRP,Rawalpindi Tehsil,Rawalpindi,"109, Rawalpindi, 46000, Pakistan",46000.0,73.09169696,33.60059674,Travel & Lodging,Travel Agencies,Tourist information center,Open,+92 345 0075566,royalriderspakistan.com,5.0,178.0,33.57,,03-2025
3e88c5972b1c80012da4ddbdf193d4c0,Logistic Leader,UC-4 Baba Bhitt,Karachi,"NEW TRUCK STAND, PLOT#NO 658-A GATE NO # 4, Hawksbay Rd, Mauripur, Karachi, 74200, Pakistan",74200.0,66.95547254,24.8689862,Travel & Lodging,Travel Agencies,Transportation service,Open 24 hours,+92 321 2591222,logisticsleader.com.pk,5.0,1.0,22.5,,03-2025
5ed35bb8905a4b2d045b8f69508c4260,IUB-DoST (Directorate of Sustainable Tourism),Pakistan,Bahawalpur,"The Islamia University of, B.J Campus, Office of Director (DoST), Executive Hostel, Bahawalpur, 63100, Pakistan",63100.0,71.75008651,29.38028753,Travel & Lodging,Travel Agencies,Tourist information center,Open 24 hours,+92 62 9255579,dost.iub.edu.pk,4.6,14.0,21.4,,03-2025
feaf29ec18b3ece087e3b03a8c196489,M Pak Makkah ManPower Services,Punjab,Bhalwal,"Office 12, Travel, Bhalwal, 40410, Pakistan",40410,72.89775713,32.27224393,Travel & Lodging,Travel Agencies,Travel agency,Open 24 hours,+92 324 0027033,business.google.com,3.0,1.0,38.29,,03-2025
190c43981fd65882b19f573f46fb0da9,New Ghauri international Travel Agency,Sadda,Sadda,"khanano market, bazar, Sadda, 26290, Pakistan",26290,70.32386367,33.70593886,Travel & Lodging,Travel Agencies,Travel agency,Open 24 hours,+92 327 9049975,facebook.com,5.0,1.0,25.57,,03-2025
e14bf771fb3eb1fdf8338b3b4ab0cd63,3Musafir,Punjab,Lahore,"63 A, Lahore, 54810, Pakistan",54810.0,74.4105143,31.53847976,Travel & Lodging,Travel Agencies,Tour agency,Open 24 hours,+92 322 1848940,3musafir.com,4.9,218.0,33.0,,03-2025
0637125aba64e1f3898294e11787100a,Ghazali Travel & Tours Hangu Branch,Pakistan,Hangu,"Peerano Plaza, main bazar, near Paat Bazar, Hangu, 26190, Pakistan",26190.0,71.05908211,33.52233381,Travel & Lodging,Travel Agencies,Travel agency,Open 24 hours,+92 331 5665544,instagram.com,5.0,5.0,24.71,,03-2025
63b60885475f706717c8761c79d06aa9,Ghizer Valley,Ghizar,Yasin Valley,"Taus, Yasin Valley, 15310",15310.0,73.35039988,36.41216013,Travel & Lodging,Travel Agencies,Travel agency,Open 24 hours,+92 312 9745461,ghizervalley.com,4.6,74.0,30.0,,03-2025
270dd8c2fea130e95c4772bc935ee0bc,BAHR E ALHARAM TRAVELS AND TOURS,Pakistan,Lahore,"OFFICE #134, FIRST FLOOR LATIF CENTER JEWELLERY MARKET, opposite ICHHRA, MARKET LH, Lahore, 05306, Pakistan",5306.0,74.42337891,31.46056171,Travel & Lodging,Travel Agencies,Travel agency,Open 24 hours,+92 300 1170119,facebook.com,3.0,1.0,36.57,,03-2025
92bbb62a3ffdd0f1e66d8893af297a40,Raheem Tours & Transport services,Swat Tehsil,Saidu Sharif,"Raheem tours & transport office swat, Saidu Sharif, 19200, Pakistan",19200.0,72.35369124,34.74921697,Travel & Lodging,Travel Agencies,Tour agency,Open 24 hours,+92 347 9222255,raheemtour.com,5.0,8.0,25.29,,03-2025
9105734ce888873274c2174889266687,Malik Computerized Kanta,Pakistan,Mubarakpur,"Mubarakpur, 63100, Pakistan",63100.0,71.37548276,29.25219298,Travel & Lodging,Checking & Baggage,Weigh station,Open,+92 308 1070355,instagram.com,5.0,1.0,28.0,,03-2025
62c9d8e66bff4546e4af4a50c4f615a1,The Eventum Travels,Sindh,Karachi,"Badar Comm. Street 8A, Badar Commercial Area Defence V Defence Housing Authority, Karachi, 75500, Pakistan",75500.0,67.04226791,24.79905995,Travel & Lodging,Travel Agencies,Travel agency,Open 24 hours,+92 332 3347202,facebook.com,3.0,4.0,32.0,,03-2025
914d4c65dd551c63ae8c17d9afd88c61,Zubair-MARFAT-E-HARMAIN TRAVEL'S,Pakistan,Basti Malook,"opposite Haji shb yar Masjid, Basti Malook, 59311, Pakistan",59311,71.53457624,29.8542134,Travel & Lodging,Travel Agencies,Travel agency,Open,+92 313 6227627,,4.5,43.0,54.57,People typically spend up to 2.5 hours here,03-2025
541948997be65cc56732ed04e825c730,Serene Air,UC-1 Model Colony,Karachi,"Office # 1, Awami Market, Model Colony Block 19 Model Colony, Karachi, 75080, Pakistan",75080.0,67.19096191,24.91101618,Travel & Lodging,Travel Agencies,Travel agency,Open 24 hours,+92 333 3008996,sereneair.com,3.1,14.0,31.57,,03-2025
29db18c1a4d57e622b84ae29323a9bd5,Diplomatic Travel & Tourism Services Office # 2,Punjab,Lahore,"304, Upper Mall Scheme, Lahore, 54000, Pakistan",54000.0,74.35737359,31.53502473,Travel & Lodging,Travel Agencies,Travel agency,Open 24 hours,+92 311 4206660,diplomatictravel.pk,5.0,1.0,33.67,,03-2025
bf14ac1753f8872b9558213069eda4e6,Anwar Ul Harmain Pvt LTD,UC-10 Clifton,Karachi,"B7, Crystal Court, Street 5, Block 5 Clifton, Karachi, 75600, Pakistan",75600.0,67.03131256,24.82606591,Travel & Lodging,Travel Agencies,Tour operator,Open,+92 333 0444121,anwarulharmain.com.pk,4.8,6.0,28.0,,03-2025
3a80373698504bf689eff755d2a422fc,Find Pakistan Travel & Tours ( Bike Trips in Pakistan ),Pakistan,Jaranwala,"320/3 Street 12, Defence View Housing Colony Jaranwala, 37250, Pakistan",37250.0,73.41032025,31.32033628,Travel & Lodging,Travel Agencies,Tour operator,Open 24 hours,+92 333 6561655,findpakistan.pk,4.8,6.0,28.14,,03-2025
b558463a43dfcc1a24986e5840d0778c,L A K Traders,Khyber Pakhtunkhwa,Dir,"Shop No 01, Almas Bazar, Jamil Market, 03, Dir, 18151, Pakistan",18151,72.06737593,35.15143298,Travel & Lodging,Travel Agencies,Travel agency,Open,+92 340 1908429,facebook.com,3.3,3.0,35.0,,03-2025
f6b3c582765159142a95416125c279b7,Mountaintraveller,Punjab,Lahore,"Delhi Rd, Saddar Cantt, Lahore, 42000, Pakistan",42000,74.37289152,31.54700166,Travel & Lodging,Travel Agencies,Travel agency,Open 24 hours,+92 312 4228057,instagram.com,4.6,9.0,26.0,,03-2025
f617cbe3402c53a210fbb41c72d32553,Truckload.pk Karachi,Gadap Town,Karachi,"Karachi - Hyderabad Motorway, New Sabzi Mandi, Karachi, 74800, Pakistan",74800.0,67.15633291,24.99351766,Travel & Lodging,Travel Agencies,Transportation service,Open 24 hours,+92 314 4456736,truckload.pk,3.7,3.0,28.67,,03-2025
329d26c1d6c1ebbe7d9ad956cacf4357,Tourist Helper and consultant,Shakargarh,Shakar Garh,"people, Noorkot road Al Riaz Hotel Town, colony, Shakar Garh, 51800, Pakistan",51800.0,75.15672954,32.25877194,Travel & Lodging,Travel Agencies,Tourist information center,Open,+92 306 4956600,call.whatsapp.com,5.0,2.0,25.14,,03-2025
ccda296d3f3f8c086e0a8c3ee366c55e,Imagine Karakorum Tour,Mohallah Jhangi Jadeed,Rawalpindi,"P-330 Janglat Road, Mohallah Jhangi Jadeed Banni, Rawalpindi, 46000, Pakistan",46000.0,73.06159597,33.62181637,Travel & Lodging,Travel Agencies,Tour operator,Open 24 hours,+92 344 6253054,imaginekarakorumtours.com,4.0,1.0,28.57,,03-2025
91230a61246ae877a37fa943d709bb60,Rent a Car Changan Karvaan,Pakistan,Lahore,"Sceemor, Multan Rd, Lahore, 54000, Pakistan",54000,74.28105159,31.52517943,Travel & Lodging,Travel Agencies,Travel agency,Open 24 hours,+92 300 8299990,youtube.com,4.4,7.0,28.43,,03-2025
44333f1fb1ae3b8bd8ed87b1441402fa,Malhi transportation services,Sialkot,Qila Kalar Wala,"Chowk, Pahr ghali Wada, Pind, Qila Kalar Wala, 51701, Pakistan",51701,74.61918974,32.08856038,Travel & Lodging,Travel Agencies,Transportation service,Open 24 hours,+92 343 6467772,youtube.com,5.0,2.0,29.57,,03-2025
8143739e8002e5dab19d9c3099092f76,Danish Awan Cargo Services Faisalabad,Pakistan,Faisalabad,"Dry port road Chuk Jhumra, By Pass, Faisalabad, 38000, Pakistan",38000,73.15318034,31.47355566,Travel & Lodging,Travel Agencies,Transportation service,Open,+92 300 5556588,danishawan.com.pk,2.5,2.0,28.5,,03-2025
047a04bf2b46298e69e55c5972546a53,The ZIA Travels,WAPDA Colony,Pindigheb,"Bilal Market, WAPDA Colony, Pindigheb, 43260, Pakistan",43260.0,72.27157039,33.2488494,Travel & Lodging,Travel Agencies,Travel agency,Open,+92 57 2352262,theziatravels.com,4.9,23.0,44.67,,03-2025
cae9223b3101fe277f3e9e7de42ed1f1,2ur2day travel and tours,UC-3 Aisha Manzil,Karachi,"Rahmat Square, shop no 1, CS- 11 Ayesha Manzil Pedestrian Crosssing, Federal B Area Block 7 Gulberg Town, Karachi, 75950, Pakistan",75950,67.0593172,24.92572311,Travel & Lodging,Travel Agencies,Travel agency,Open 24 hours,+92 333 3321586,2ur2day.com,5.0,1.0,26.14,,03-2025
63fc4de11063c5c7a6009a28a634b640,T&T Travels And Tours,UC-3 Aisha Manzil,Karachi,"Office# S-18, 2nd Floor, Sohni Shopping Mall, Main Karimabad Liaqatabad Flyover, Federal B Area Block 4 Gulberg Town, Karachi, 15700, Pakistan",15700,67.05093465,24.91912118,Travel & Lodging,Travel Agencies,Travel agency,Open,+92 315 1015950,tandttravelandtours.com,5.0,2.0,41.29,,03-2025
2d237419055cae325cb5b6e51ff71bc5,Al-Wakil Rent a Car,UC-1 Kalyan,Karachi,"Sector 11C-3 Sector 11 C 1 North Karachi Twp, Karachi, 78650, Pakistan",78650,67.05956766,24.96596727,Travel & Lodging,Travel Agencies,Transportation service,Open 24 hours,+92 331 2628953,facebook.com,5.0,2.0,28.29,,03-2025
72ad36a53c88d3e8d4308f53db5805ae,Al-Safeer Haj & Umra Pvt Ltd,Pakistan,Lahore,"Lodhi Arcade Shop 14-G, Plot 42, Ferozpur Rd Samanabad Town, 54000, Pakistan",54000,74.31410667,31.54367644,Travel & Lodging,Travel Agencies,Travel agency,Open,+92 323 8484488,,4.0,21.0,33.83,People typically spend up to 3 hours here,03-2025
7c4eaa6f3e7ba638a34df8e396ddf06c,Ajwah Cargo Carrier & Carriage Contractor,Pakistan,Bagh,"Shop No. 11, Mian Aslam Road Railway, station Badami, Bagh, 05412, Pakistan",05412,74.31608058,31.59584743,Travel & Lodging,Travel Agencies,Transportation service,Open 24 hours,+92 309 9994551,linkedin.com,4.3,3.0,32.33,,03-2025
3ee9849e948c22d3b1c7b0363d128628,The Wanderers,Block F,Rawalpindi,"Main I J P Rd, Block F New Katarian Satellite Town, Rawalpindi, 46000, Pakistan",46000.0,73.0535402,33.64750165,Travel & Lodging,Travel Agencies,Travel agency,Open 24 hours,+92 313 5566727,instagram.com,1.0,1.0,24.86,,03-2025
1c0b65b1dbd56efbc0f90724a0f52cd1,Trip Designers,Pakistan,Hyderabad,"Unit # 08, Boulevard Gold Plaza, Shop G-22, near quetta pyala, Latifabad, Hyderabad, 71800, Pakistan",71800.0,68.35598693,25.36744316,Travel & Lodging,Travel Agencies,Travel agency,Open,+92 341 0274371,facebook.com,5.0,7.0,27.33,,03-2025
93205ea275d0cb2a1704d29dd93172fc,مكتب استقدام في كراتشي باكستان,UC-5 Mehmoodabad,Karachi,"Karachi Administration Employees Housing Society Block 4 KAECHS, Karachi, 75400, Pakistan",75400.0,67.07382915,24.85940494,Travel & Lodging,Travel Agencies,Travel agency,Open 24 hours,+92 300 2205427,muhammadalbalohiagmail.com,3.7,3.0,23.57,,03-2025
e3ab6ec3220b5eb9568db787e8e91a55,S.S.Gaba Travel & Tours,Karachi City,Karachi,"food, Plot # 1019 hussainabad food street, street, near SAJ Accedemy School, Federal B Area Block 3 hussainabad, Karachi, 75950, Pakistan",75950.0,67.05566986,24.91724984,Travel & Lodging,Travel Agencies,Travel agency,Open,+92 323 2452926,facebook.com,5.0,1.0,31.71,,03-2025
b7ac991dfa3b622cdad41aee6d37d092,umrahshop.com,Samejabad,Multan,"40 FUTI ROAD, Samejabad, Multan, 66000, Pakistan",66000.0,71.52669139,30.20062438,Travel & Lodging,Travel Agencies,Travel agency,Open 24 hours,+92 303 6060601,umrahshop.com,5.0,1.0,35.57,,03-2025
985752d4b80a59e74145077abb26df25,Etimad Express Travels,UC-10 Pehalwan Goth,Karachi,"Shop no 6 king, Palm Residency, Block 3 Block 3 A Gulistan-e-Johar, Karachi, 75300, Pakistan",75300.0,67.13333789,24.9227549,Travel & Lodging,Travel Agencies,Travel agency,Open 24 hours,+92 300 2730329,facebook.com,4.3,6.0,29.6,,03-2025
655aebee44f86a69be0f5e67e47d1056,MH Enterprises,Karachi City,Karachi,"Office Shop #3, A Rd, Nazimabad 3 Block 3 Nazimabad, Karachi, 74600, Pakistan",74600.0,67.02535773,24.9157485,Travel & Lodging,Travel Agencies,Travel agency,Open,+92 300 2304560,facebook.com,4.7,3.0,30.71,,03-2025
f251f1a1150f7d8eaeed57f6112633c5,Rana Amjad Goods,Punjab,Lahore,"Data Nagar Badami Bagh, Lahore, 54000, Pakistan",54000.0,74.31823272,31.59344261,Travel & Lodging,Travel Agencies,Transportation service,Open,+92 316 4166165,ranaamjadgoods.com,5.0,3.0,24.0,,03-2025
f6db48a9c724230f49d824009735733e,indrive & Yango services,Barakahu,Kot Hathyal,"P5WM+WHW Chishti Street, Town, Kot Hathyal, 44000, Pakistan",44000.0,73.18031746,33.74459698,Travel & Lodging,Travel Agencies,Transportation service,Open 24 hours,+92 321 8154821,indrive.com,5.0,1.0,26.43,,03-2025
b7377c409f5402f01bccb9576f12d64b,Gappa Valley,Nagar,Gilgit,"Nagar, Gilgit, 15100",15100,74.21225952,36.28797828,Travel & Lodging,Travel Agencies,Tourist information center,Open 24 hours,+92 346 2632785,en.wikipedia.org,5.0,11.0,22.0,,03-2025
4b779a596191111931581daf9cbdc332,SHAH MADAR MNI GUDS NEW SABZI MNDI multa,Punjab,Multan,"SABZI MNDI, 66000, Pakistan",66000.0,71.52233536,30.15746275,Travel & Lodging,Travel Agencies,Transportation service,Open 24 hours,+92 300 7308157,arive.pk,5.0,1.0,34.71,,03-2025
62d584749d193331fbcafed492446edf,Express Travel | Umrah | Ticket,Islamabad Capital Territory,Islamabad,"Sadaat Farms & Market, Main Double Road, Gulberg Greens Gulberg Greens Block B Islamabad, 44000, Pakistan",44000,73.14073539,33.59636963,Travel & Lodging,Travel Agencies,Travel agency,Open 24 hours,+92 324 5731459,expresstravel.com.pk,5.0,2.0,25.0,,03-2025
fe4f6f680536bdf8f1016d626ce46e97,ELEVEN SALON & SPA,Sabzazar Housing Scheme Phase 1 & 2,Lahore,"1-2 Al-Rehmat Plaza 1st Floor Main G Block Road, near Model Bazar, Sabzazar Block G Sabzazar Housing Scheme Phase 1 & 2 Lahore, 54000, Pakistan",54000.0,74.26747162,31.52089344,Travel & Lodging,Travel Agencies,Travel agency,Open,+92 325 9723699,facebook.com,4.3,18.0,26.29,,03-2025
c3eb2ba8f0fe50765373a75c1a88bc2e,Discover inno,UC-9 Civil Lines,Karachi,"Civil Lines Emaar, Karachi, 75210, Pakistan",75210.0,67.02536066,24.8444274,Travel & Lodging,Travel Agencies,Tour operator,Open 24 hours,+92 317 2165276,discoverinno.com,5.0,1.0,31.5,,03-2025
55ffa9452074c8f56158b56f43d3e83c,Madaklasht Tourism Point,Khyber Pakhtunkhwa,Chitrāl,"Shishi koh Madaklasht District and, Chitrāl, 72000, Pakistan",72000.0,72.01446716,35.7593186,Travel & Lodging,Travel Agencies,Tour operator,Open 24 hours,+92 343 6825877,facebook.com,4.9,7.0,23.67,,03-2025
e67d5175d3c82691348afdda6b83e633,Sunglow Enterprises Private Limited,Islamabad Capital Territory,Islamabad,"Office 201, 209, Sher Bahadur Building, Civic Center Melody, G-6, Islamabad, 44000, Pakistan",44000.0,73.08217974,33.7169266,Travel & Lodging,Travel Agencies,Travel agency,Open,+92 300 5008130,sunglowenterprises.com,4.7,7.0,29.83,,03-2025
63aa6197647cd04d462bd1c07ab2cf8a,Discover Travels & Tours,"Block 20 (Saadat Colony, Ancholi)",Karachi,"Office LS-14 Ancholi, near Imam Bargah Shuda-E-Karbala, Federal B Area Block 20 Society, Karachi, 75950, Pakistan",75950.0,67.07975864,24.94549554,Travel & Lodging,Travel Agencies,Travel agency,Open,+92 332 3279061,facebook.com,5.0,4.0,,,03-2025
56c9de2221a0c9a8744d52ca219b558e,Republika Central Hotel and Resort,Pakistan,Bandi Dhundan,"Peer Bandi Rd, Bandi Dhundan, 22010, Pakistan",22010.0,73.25235969,34.2639724,Travel & Lodging,Hotels & Accommodation,Hotel,Open,+92 300 5121060,republikabysummit.com,4.7,215.0,,,03-2025
66cfb7c30b0fb360e2c05ea80606059c,Hunza Marcopolo Inn Gulmit,Hunza Nagar,Gulmit,"Polo Ground، Near Gulmit, Gulmit, 15750",15750.0,74.86320964,36.3897527,Travel & Lodging,Hotels & Accommodation,Hotel,Open,+92 346 5431267,marcopoloinngulmit.com,4.2,327.0,,,03-2025
c12d30e2d08e65c035c907cf95b6cb0d,Yamama Travel And Tours PVT LTD,Punjab,Raiwind,"G 7، Railway Market, Raiwind Rd, Raiwind, Pakistan",,74.2171652,31.25019468,Travel & Lodging,Travel Agencies,Travel agency,Open,+92 304 1113328,yamamatravel.net,4.7,43.0,28.86,,03-2025
736cb2c83fc3d716eb8e3d94985eb9c7,Aimys Villa Guest House,Punjab,Multan,"Opposite Regional Tax Office, Kalma Chowk, LMQ Rd, Nawan Shehr, Multan, 60700, Pakistan",60700.0,71.45282839,30.19688232,Travel & Lodging,Hotels & Accommodation,Hotel,Open,+92 300 8633902,theaimysvilla.com,3.9,375.0,,,03-2025
68c42731c2818ebffcc5796b70ce3f4d,Al Shaheen International Travels & Tours,Pakistan,Pākpattan,"Railway Rd, Bijli Chowk، Pākpattan, 57400, Pakistan",57400.0,73.38950977,30.35041989,Travel & Lodging,Travel Agencies,Travel agency,Open,+92 300 1011471,,4.9,24.0,31.33,,03-2025
1821ad173bd436fa1cdc53c8a4fea4a8,Link Aviation Travel And Tours,U Block,Multan,"new alflah market, U Block Block U New Multan Colony, Multan, 60000, Pakistan",60000.0,71.5164828,30.20269243,Travel & Lodging,Travel Agencies,Travel agency,Open 24 hours,+92 300 4279588,,3.4,5.0,33.33,,03-2025
a097672228c22713f4e244e26b21181d,Shah Suleman Travel,Taunsa,Taunsa,"Near indus HighWay Chwok Hashim, Taunsa, 32100, Pakistan",32100.0,70.64941281,30.71282867,Travel & Lodging,Travel Agencies,Travel agency,Open,+92 64 2601418,,3.9,19.0,29.71,,03-2025
8f89e075ed6418773234215ca39c5568,Mushtarka Mehmond Goods Transport Company,Punjab,Gujranwala,"Beron Eminabadi Darwaza Maint, G.T. Rd, Gujranwala, 52250, Pakistan",52250.0,74.18769566,32.15343079,Travel & Lodging,Travel Agencies,Transportation service,Open,+92 55 4210397,,5.0,4.0,34.43,,03-2025
3472151c9bb11b8a168ddcc9ec3f230f,Hotel de Papáe (Intl),Islamabad Capital Territory,Islamabad,"Service Rd, Block D G 6/2 Blue Area, Islamabad, 44000, Pakistan",44000.0,73.07638794,33.72079074,Travel & Lodging,Hotels & Accommodation,Hotel,Open,+92 51 2273427,hoteldepapae.com,4.0,1790.0,,,03-2025
29c67572ef533e04c8e925bac57af12b,Pak Vacationist Group,Sialkot,Sambrial,"House No 77 Awan’s Villa mohalla rajpootan Galla, Mandi Sambrial, Sambrial, 51070, Pakistan",51070.0,74.35552348,32.48208426,Travel & Lodging,Travel Agencies,Tourist information center,Open,+92 317 5885857,,4.9,12.0,29.0,,03-2025
55aaed6c3877de437a884e4b2cc00834,Fadi Tourist Facilitator,Pakistan,Abbottabad,"Fawar Chowk, Abbottabad Rd, Abbottabad, 16100, Pakistan",16100.0,73.33808684,34.12832139,Travel & Lodging,Travel Agencies,Tourist information center,Open,+92 344 9544227,,5.0,4.0,27.71,,03-2025
5d6580dc3cca64ccdf6362574d486b54,Hunza Guides Pakistan Tours Trekking & Expeditions,Islamabad Capital Territory,Islamabad,"J-7 Mall, Office No. 123, 1st Floor, D-17, Street 2, Islamabad, 44000, Pakistan",44000.0,72.85562785,33.6592831,Travel & Lodging,Travel Agencies,Tour operator,Open,+92 300 8504627,hunzaguidespakistan.com,4.6,28.0,,,03-2025
ed60443411d7b6d3104f7d68692e49bf,Raiwind Travel & tours,Punjab,Raiwind,"Raiwind Rd, near Civil Hospital, opposite Jazz Towar, Raiwind, 55150, Pakistan",55150.0,74.21717975,31.25052826,Travel & Lodging,Travel Agencies,Travel agency,Open 24 hours,+92 300 3002001,,4.5,67.0,38.86,,03-2025
5a6a2e9025dc445b42b454796111fa6d,TOURGURU,Punjab,Lahore,"Zainab Tower، 13 MB FLOOR, Phase 3 GECH Society, Lahore, 54100, Pakistan",54100.0,74.3138484,31.46634097,Travel & Lodging,Travel Agencies,Tour agency,Open,+92 334 9881472,tourguru.net,5.0,1.0,,,03-2025
2552c25fb6b0c6a40b679d4861f7f3f3,Taxila Mir Union Transport Company,Wah Cantt,Taxila,"GT Rd, Sarai Kala Chowk, Taxila, 47080, Pakistan",47080.0,72.79735048,33.73614439,Travel & Lodging,Travel Agencies,Transportation service,Open 24 hours,+92 51 4534937,,4.4,10.0,26.29,,03-2025
c20033187b053220bc235b86fb2ad1ca,Travizon Trekker,Pakistan,Lahore,"M-09, Mezzanine Floor, Saddiq Trade Center, Block H Gulberg 2, Lahore, 54000, Pakistan",54000.0,74.3504647,31.53154888,Travel & Lodging,Travel Agencies,Travel agency,Open,+92 323 0428202,travizontrekker.myshopify.com,4.7,138.0,,,03-2025
79fffaa0fd53919c7cd6daf8abf3d82f,Tourplanner.pk,Islamabad Capital Territory,Islamabad,"Shop 4, lower ground, T&T ECHS, St 11, F-17/2 Islamabad, 44000, Pakistan",44000.0,72.87288319,33.62784977,Travel & Lodging,Travel Agencies,Tour operator,Open,+92 331 8483626,narankaghantours.pk,4.6,487.0,,,03-2025
df2ea04f459aa7e5f49e66be041a4e2b,Pakistan Voyager,Sheikhupura,Sheikhupura,"Mushtaq Street, Tariq Rd, Sheikhupura, 39350, Pakistan",39350.0,73.9746315,31.69922545,Travel & Lodging,Travel Agencies,Travel agency,Open,+92 307 5315478,facebook.com,3.0,1.0,,,03-2025
06e63f916b7de0af24ff79614bef2f41,Wazeers Mahel Hotel & Resturant,South Asia,Gorikot,"Gorikot, 16100",16100.0,74.84536573,35.29519053,Travel & Lodging,Hotels & Accommodation,Resort hotel,Open,+92 313 5486900,wazeersmahel.com,4.4,299.0,,,03-2025
9b86fe5a7d7ecb1795f6b654399e03ee,Al-Aziz Hotel,Block F,Rawalpindi,"Committee Chowk, 46000, Pakistan",46000.0,73.05770979,33.64725785,Travel & Lodging,Hotels & Accommodation,Hotel,Open,+92 342 2838041,alazizhotel.ascendant.travel,4.1,14.0,,,03-2025
a6daecb7de5f60c0544e004a280b324b,A.S GOODS TRANSPORT,UC-1 Bhutta Village,Karachi,"R12 GOLD LINE HARBOURKeamari karachi sindh R12 GOLD LINE HARBOURKeamari, Port Of Karachi, Karachi, 75400, Pakistan",75400.0,66.97706861,24.82535472,Travel & Lodging,Travel Agencies,Transportation service,Open 24 hours,+92 21 32862234,,5.0,1.0,22.0,,03-2025
b5c4f517f398e505040dd6ac86dd085b,Naveed Enterprises,Sadiqabad,Sadiqabad,"Niazi Market, near FFC Chowk, Sadiqabad, 64350, Pakistan",64350.0,70.06304617,28.29017883,Travel & Lodging,Travel Agencies,Transportation service,Open 24 hours,+92 300 6735376,,4.8,5.0,24.29,,03-2025
23e8653705cfc340a15ec9bd79fc9dc5,Akram Travel Service,Punjab,Faisalabad,"Unnamed Road, Block A Samanabad, Faisalabad, Pakistan",,73.06900965,31.38794751,Travel & Lodging,Travel Agencies,Transportation escort service,Open,+92 321 9989191,google.com,4.8,6.0,33.67,,03-2025
6f2d52051f2bc2c906e12b7a5d30cb1b,Dofort Travel & Tours,Punjab,Lahore,"Office # 1 3rd Floor Tele Tower, Model Town Link Rd, Model Town, Lahore, 54000, Pakistan",54000.0,74.31482037,31.46815318,Travel & Lodging,Travel Agencies,Travel agency,Open,+92 42 35443314,,4.3,3.0,46.14,,03-2025
931b9166a9032cc13944de6767bcba55,Dera Ch Ansar Mehmood s/o Haji Ghulam Rasool. Dera Juttan Da,Shah Sadiq Nahang,Waryam Wala,"Dera Juttan Da Chak 493 JB, Batianwala Rd, Waryam Wala, 35101, Pakistan",35101.0,72.23360577,30.93144382,Travel & Lodging,Vacation Rentals & RV,Villa,Open 24 hours,+92 326 3055767,facebook.com,5.0,14.0,,,03-2025
69faee14b0e21dca0164bd370849692b,Xtreme Adventure Club,Punjab,Lahore,"Latif Center, Shop # 17 lg al, 3, Main Boulevard Gulberg, Block D1 Gulberg III, Lahore, 45000, Pakistan",45000.0,74.34225016,31.51658573,Travel & Lodging,Travel Agencies,Tour operator,Open,+92 342 4181345,facebook.com,5.0,2.0,,,03-2025
0f3529088074c70dcf9d4686f4fa86cd,UAAR Guesthouse,Shamsabad,Rawalpindi,"Murree Rd, Shamsabad, Rawalpindi, 46000, Pakistan",46000.0,73.0817008,33.64526911,Travel & Lodging,Hotels & Accommodation,Hostel,Open,+92 307 7089022,uaar.edu.pk,4.1,328.0,,,03-2025
bac3f388f079b06af6349075cf4b738c,Hotel park way Fizaghat,Swat Tehsil,Mingora,"Kalam road Fizaghat, Mingora, 19130, Pakistan",19130.0,72.3752399,34.79169135,Travel & Lodging,Hotels & Accommodation,Hotel,Open,+92 345 9519545,securereservation.org,4.2,269.0,,,03-2025
e63245a5ded69e8d5afbe5abe1323b15,Amigos Travels and Tours,UC-2 Civic Center,Karachi,"Office # 409, Indigo, Business Tower, Alamgir Rd, Bahadurabad Bahadur Yar Jang CHS, Karachi, 75400, Pakistan",75400.0,67.06666927,24.88077418,Travel & Lodging,Travel Agencies,Travel agency,Open,+92 306 5399958,amigostravelsandtours.com,4.9,58.0,,,03-2025
0711e28c7835f4155d396b006f510b68,Al-Furqan Goods & Car Carrier Services Islamabad,Islamabad Capital Territory,Islamabad,"office # 11, pakistan plaza, GT Rd, near attock pump, G 15/4 G-15, Islamabad, 44000, Pakistan",44000.0,72.92531551,33.63779022,Travel & Lodging,Travel Agencies,Transportation service,Open 24 hours,+92 300 2125148,,4.6,131.0,33.0,,03-2025
2f8c97d9c73788f4c4834e8ad05a7f07,Shaheen Group of Hostels,Khyber Pakhtunkhwa,Peshawar,"On the Front of Shaheen Restaurant, alharam model town, Peshawar Ring Rd., near toll plaza, Hayatabad, Peshawar, 25120, Pakistan",25120.0,71.45365566,33.9698177,Travel & Lodging,Hotels & Accommodation,Hostel,Open,+92 345 4274874,g.co,3.9,27.0,,,03-2025
47ebd3c6aafe10a5669b3d958079a920,Popeyes AJK & Restaurant,South Asia,Kutton,"Kutton, 13231",13231.0,73.82837811,34.5507553,Travel & Lodging,Hotels & Accommodation,Lodge,Open,+92 313 5425690,popeyetour.com,4.3,42.0,,,03-2025
711d312dd99ceb596e57fe34b4c535c1,Zeeshan Transport Services,Sabzazar Housing Scheme Phase 1 & 2,Lahore,"13 & 14، G, Main Blvd Sabzazar, Sabzazar Block G Sabzazar Housing Scheme Phase 1 & 2 Lahore, 54000, Pakistan",54000.0,74.26459314,31.52468533,Travel & Lodging,Travel Agencies,Transportation service,Open 24 hours,+92 321 9447128,,4.6,10.0,36.0,,03-2025
124d0021592d40a5cae4492d5e29b671,Shelton Resort Hotel & Restaurant,Khyber Pakhtunkhwa,Dir,"Dir upper main bazar praw, Chitral - Dir Rd, Dir, 18000, Pakistan",18000,71.87574386,35.21245373,Travel & Lodging,Hotels & Accommodation,Resort hotel,Open,+92 313 5948103,ebaymartshop.com,4.0,194.0,,,03-2025
fab7017a3bace624ef0ba1930f076a9d,Tour To World,Punjab,Lahore,"Plaza No 66, 2nd Floor, Sector A Phase 6 DHA, Lahore, 54000, Pakistan",54000,74.43671544,31.4679124,Travel & Lodging,Travel Agencies,Travel agency,Open,+92 309 9901515,tourtoworld.us,4.2,63.0,,,03-2025
24d2653c55bf159ba39ca6112e0eb1d0,Makki Madni Goods Transport Co,Sabzazar Housing Scheme Phase 1 & 2,Lahore,"Band Rd, Block D Sabzazar Housing Scheme Phase 1 & 2 Lahore, 54000, Pakistan",54000,74.26231936,31.53586584,Travel & Lodging,Travel Agencies,Transportation service,Open 24 hours,+92 300 2777795,,5.0,2.0,30.14,,03-2025
189f22126eec74b71ba82cd4ae624735,TravelNorths Pakistan,Islamabad Capital Territory,Islamabad,"501, 5th floor, Khudadad Heights, Main Margalla Rd, Golra E-11, Islamabad, 44000, Pakistan",44000,72.97545414,33.68984226,Travel & Lodging,Travel Agencies,Tour operator,Open 24 hours,+92 332 0792222,,4.7,7.0,24.57,,03-2025
c853350d13ce07deedf0ea04798aa6a7,Pak Travel & Tourism,UC-9 Jacob Lines,Karachi,"Jacob Line, Central Jacob Lines Karachi, 75520, Pakistan",75520,67.03729159,24.86825667,Travel & Lodging,Travel Agencies,Sightseeing tour agency,Open 24 hours,+92 347 2778867,,3.0,1.0,20.71,,03-2025
444a831df167825d1a31ed06d6713018,Bestways Travels,Rawalpindi Tehsil,Rawalpindi,"Office No 1, Block 4, Pindi Club Building، Mall Road, 46000, Pakistan",46000,73.04827243,33.59323371,Travel & Lodging,Travel Agencies,Travel agency,Open,+92 51 5565306,bestway.com,4.3,93.0,,,03-2025
864e2a76ea36e54e28173f87e227fcd6,Shangrila Hotels and Resorts Changla Gali Resorts,Pakistan,Nathia Gali,"Changla gali, Abbottabad Rd, Nathia Gali, 22280, Pakistan",22280,73.37701655,33.9965148,Travel & Lodging,Hotels & Accommodation,Hotel,Open,+92 345 0019095,shangrila.pk,3.9,1056.0,,,03-2025
c871642429011f8eff4d4740c74b4344,City View Hotel,Pakistan,Lahore,"43-A/C, near Main Market, G-Block Gulberg 2, Lahore, 54000, Pakistan",54000,74.34522885,31.52605335,Travel & Lodging,Hotels & Accommodation,Hotel,Open,+92 308 9178779,cityviewhotel.org,4.0,412.0,,,03-2025
62964047351c53ce41b528430868fafd,Travel Linker PVT LTD,Pakistan,Peshawar,"City District Building Office No#3 Ferdouse Main Gt Road, Hashtnagri, Peshawar, 25000, Pakistan",25000,71.57010764,34.01431659,Travel & Lodging,Travel Agencies,Travel agency,Open,+92 91 2550533,travellinkerpvt.com,5.0,5.0,,,03-2025
5263c1ca2483e6bc43dedaf2572dfafb,"New Boys Hostel, Sialkot Medical College",Sialkot,Sialkot,"Sialkot, 51040, Pakistan",51040,74.47500325,32.42869617,Travel & Lodging,Hotels & Accommodation,Hostel,Open,+92 52 3524281,smc.edu.pk,4.2,5.0,,,03-2025
25de5966dd0c9a29174a4a592006b4b7,SAEED MALIK TRAVEL & TOURS,Dera Ghazi Khan,Dera Ghazi Khan,"Dera Ghazi Khan near new pakistan chowk dera ghazi khan multan road, by pass, Dera Ghazi Khan, 32200, Pakistan",32200,70.70135386,30.06604938,Travel & Lodging,Travel Agencies,Travel agency,Open,+92 332 6766699,,4.7,6.0,33.71,,03-2025
441fc5e3020d73774ffe1ffd8b933fe8,Olympia Travels Haj & Umrah Services,Vehari,Vehari,"Block B kharkhana bazar, Bank road, opposite Meezan bank, Vehari, 61100, Pakistan",61100,72.34890097,30.04238012,Travel & Lodging,Travel Agencies,Tour operator,Open 24 hours,+92 300 7729570,,4.9,8.0,28.86,,03-2025
331408089c8a9cc358a034155d02cc60,PakTurk Maarif Boys Hostel Islamabad,Islamabad Capital Territory,Islamabad,"Park link Rd, near COMSATS University Gate, Islamabad, 44000, Pakistan",44000,73.15570295,33.64685829,Travel & Lodging,Hotels & Accommodation,Hostel,Open,+92 309 4445785,pk.maarifschool.org,4.4,71.0,,,03-2025
dd7ff71ca7811c74115fa52f12b9f802,Awami Goods Transport company,Punjab,Mandi Bahauddin,"Godam:Railway Mall Godam, Main Office:Gala, Booking Office:Cheema Chowk Mandi Bahauddin, Mandi Bahauddin, 50400, Pakistan",50400,73.48693886,32.58526487,Travel & Lodging,Travel Agencies,Transportation service,Open 24 hours,+92 546 507966,,3.9,21.0,32.0,,03-2025
fbe452b766cb77305d958d0966e5d83e,"Nature Explorer Tours | Rent a Hiace, Coaster, Brv, Prado & Land Cruiser | Islamabad Rent A Car",Islamabad Capital Territory,Islamabad,"Office # 2 Ground Floor, RAS Arcade, Street 124, G-13/4 G 13/4 G-13, Islamabad, Pakistan",,72.96574896,33.64818559,Travel & Lodging,Travel Agencies,Travel agency,Open 24 hours,+92 312 0506457,natureexplorertours.com,4.7,444.0,31.43,,03-2025
e7e3316212f176aab81289397ea46323,Cadillac Hotel,Islamabad Capital Territory,Islamabad,"3rd Floor, Trade Center, 20-B, near Safa Gold Mall, F-7 Markaz F 7 Markaz F-7, Islamabad, 44000, Pakistan",44000,73.05298172,33.72033077,Travel & Lodging,Hotels & Accommodation,Hotel,Open,+92 51 2650399,facebook.com,4.2,12.0,,,03-2025
06de4c05a678a5bb80cb363beb128afb,BILAL TRAVELS INTERNATIONAL IATA,Saddar,Rawalpindi,"OFFICE # 1-2 1ST, Al Amin Plaza, Kashmir Rd, Saddar, Rawalpindi, 46000, Pakistan",46000,73.04449661,33.59695211,Travel & Lodging,Travel Agencies,Travel agency,Open,+92 334 8888714,alabbastravels.com,4.2,6.0,,,03-2025
d39638ae45a97b6c8cb7060f8733d320,Altaj hotel,Sadiqabad Tehsil,Sadiqabad,"Railway Rd, Sadiqabad, 64300, Pakistan",64300,70.12780985,28.30211123,Travel & Lodging,Hotels & Accommodation,Hotel,Open,+92 303 7900074,facebook.com,5.0,1.0,,,03-2025
ec90762ef91ca673efb37265a4f221b0,Centaurus Hotel Suites,Islamabad Capital Territory,Islamabad,"1 Jinnah Avenue, Nazim-ud-din Rd, Islamabad, 44000, Pakistan",44000,73.04742679,33.70752654,Travel & Lodging,Hotels & Accommodation,Hotel,Open,+92 336 1541540,centaurussuites.com,4.2,600.0,,,03-2025
39c0f20f8b806027c9f98a33f027b0f1,Q Travel International,Pakistan,Gojra,"SARGODHA ROAD, Gojra, 50400, Pakistan",50400,73.3201285,32.40856613,Travel & Lodging,Travel Agencies,Airline ticket agency,Open,+92 344 5170046,,4.3,8.0,37.29,,03-2025
fc2251fd1bf386618e0e5ea73cfaa4a7,AJ TRAVEL AND TOURS,Pakistan,Mīrpur Khās,"Shop # 824, 1 Tourabad Rd, Mīrpur Khās, 69000, Pakistan",69000,69.01646363,25.5284738,Travel & Lodging,Travel Agencies,Travel agency,Open,+92 333 2977368,,5.0,2.0,40.67,,03-2025
ca4a3b2848b72cb7132b62d1dc04dce7,Himaliya Hotel & Restaurant,Pakistan,Mansehra,"N-15, Mansehra, 21300, Pakistan",21300,73.34382912,34.51900852,Travel & Lodging,Hotels & Accommodation,Hotel,Open,+92 346 9533994,ascendant.travel,5.0,6.0,,,03-2025
8462e4a55fd7af05c23f2cc4b2bd47de,US TRAVELS (Pvt.) Ltd.,Pakistan,Lahore,"UG 2 & 5, Big City Plaza Liberty roundabout, Block E 2 Gulberg III, Lahore, Pakistan",,74.33696689,31.51060767,Travel & Lodging,Travel Agencies,Travel agency,Open,+92 311 1999129,ustravels.com.pk,4.3,33.0,29.5,,03-2025
46f5d87cfb49e2c568012138483b7f99,Cargo Care,UC-6 P.e.c.h.s 1,Karachi,"3/G, Block، 6, PECHS Extension Block 6 P.E.C.H.S., Karachi, 75400, Pakistan",75400,67.05872556,24.85878365,Travel & Lodging,Travel Agencies,Transportation service,Permanently closed,+92 320 4495499,cargocare.com.pk,4.0,5.0,,,03-2025
00a42ddec6b916d00704c16aa97fe5da,SHAH ABDULLAH AIR INT. TRAVEL & TOURS PIRMAHAL,Toba Tek Singh,Pir Mahal,"Sharif Plaza Madina Chowk, Pir Mahal, 36300, Pakistan",36300,72.4268589,30.76656665,Travel & Lodging,Travel Agencies,Travel agency,Open,+92 300 6560394,mywa.link,5.0,1.0,,,03-2025
402306a4ffd39182af132f641b51cceb,New Cargo Services Office GT Rd Okara,Samad Pura,Okara,"56300, Samadpura Okara, 56300, Pakistan",56300,73.45023632,30.79915481,Travel & Lodging,Travel Agencies,Transportation service,Open 24 hours,+92 300 7536099,,4.0,25.0,43.14,,03-2025
fb45c63bb9e9d8334aa68c47a86aa81d,skyview,Khyber Pakhtunkhwa,teshil,"near forest house, Shogran teshil, 21061, Pakistan",21061,73.45810387,34.63983575,Travel & Lodging,Hotels & Accommodation,Hotel,Open,+92 336 4488444,shogranvalley.com,4.4,19.0,,,03-2025
86e878ff81c8cb8f69746a71f0f98104,Green Tours,Pakistan,Lahore,"P-31, Paradise floor، Siddiq Trade Center, Liberty Market Gulberg III, Lahore, 74000, Pakistan",74000,74.30279874,31.51025564,Travel & Lodging,Travel Agencies,Tour operator,Open,+92 300 4026492,openinghours.work,5.0,1.0,,,03-2025
24cda42478e47bc727734f5e8a30bd11,Meezan Travel & Tours,UC-7 P.e.c.h.s 2,Karachi,"Off. 608, Anum Empire, 6th Floor, Near Baloch Colony Rd, Kathiawar Society Block 7 P.E.C.H.S., Karachi, 75300, Pakistan",75300,67.07842897,24.86695282,Travel & Lodging,Travel Agencies,Travel agency,Open,+92 21 34540016,meezantravelntours.com,3.7,3.0,,,03-2025
0693290ae392800dfabba52567cfbd41,Fly with GreenWays Travel & Tours,Sargodha,Sargodha,"Hamza Plaza Block no.9 Dairy road, 40100, Pakistan",40100,72.65680693,32.08757624,Travel & Lodging,Travel Agencies,Travel agency,Open,+92 322 7602383,facebook.com,5.0,1.0,,,03-2025
613af41cfb45692149bc232c548277ed,Hoorain Travel and Tours,Rawalpindi,Gujar Khan,"London Plaza, 47850, Pakistan",47850,73.30671019,33.25699711,Travel & Lodging,Travel Agencies,Travel agency,Open,+92 51 3575162,facebook.com,3.0,1.0,,,03-2025
3337e2e343f6bc6c14412a1ba0de9690,Gaza Travels,Taraf Mubarik Doim,Multan,"Haleem Sqaure, Chowk Kutchery, LMQ Rd, Multan, 60000, Pakistan",60000,71.48401942,30.21028454,Travel & Lodging,Travel Agencies,Travel agency,Permanently closed,+92 313 6222431,gazatravels.com,5.0,1.0,,,03-2025
9862dd420cbc207a82b353a64c0c7168,Ozone manpower overseas employment agencie,Vehari,Vehari,"Vehari, Pakistan",,72.40209175,30.0643478,Travel & Lodging,Travel Agencies,Travel agency,Open 24 hours,+92 333 9992567,youtube.com,3.5,2.0,26.14,,03-2025
c12e0d779c0f7c8ddd635dfb9174a25a,Downtown Residency,Muzaffarabad,Muzaffarabad,"5, near Prime Minister House, Jalalabad, Muzaffarabad, 13100",13100,73.47596144,34.35675079,Travel & Lodging,Hotels & Accommodation,Hotel,Open,+92 58224 45200,dtresidency.com,4.2,237.0,,,03-2025
9b5676f7ac3111d9b5d32c7c7b532a3c,Hunza holidyays,Hunza Nagar,Gulmit,"Village Passu P.O Gulmit Hunza, 15100",15100,74.86256976,36.38905441,Travel & Lodging,Travel Agencies,Tour agency,Open,+92 355 5699407,hunzaholidays.com,5.0,1.0,,,03-2025
1dcb853b4540c5df3b6a07b0252cbec6,JANI HOUSE,Shaukatabad,Fatehpur,"Road, Fatehpur, 31050, Pakistan",31050,71.21043398,31.24632078,Travel & Lodging,Vacation Rentals & RV,Homestay,Open,+92 307 6311220,facebook.com,4.6,5.0,,,03-2025
8f06b09e6faf4d357cdc996d3c9ae534,YANGO PARTNER FORUM ONE COMMUNICATION,Pakistan,Lahore,"Noorani Building، 40B, 2nd Floor, Allama Iqbal Rd, Lahore, 54000, Pakistan",54000,74.33972159,31.5661062,Travel & Lodging,Travel Agencies,Transportation service,Open,+92 327 4675854,,4.8,1371.0,64.83,,03-2025
bce3ee9bbaf9aae4b13d643a23dcc4a8,Matchless Travel,Taraf Mubarik Doim,Multan,"Shop # 59 Upper Ground Floor Business City Plaza، 1 Service Rd, Peer Khurshid Colony Chah Usman Wala, Multan, 60000, Pakistan",60000,71.46851676,30.21359963,Travel & Lodging,Travel Agencies,Travel agency,Open,+92 61 6224607,matchlesstravels.com,4.5,6.0,,,03-2025
427467f3e9dbb5d0179b47d728588938,My Lift Lahore,Pakistan,Lahore,"House#101, Gulshan-E-Lahore Block C Gulshan E Lahore, Lahore, 54000, Pakistan",54000,74.24877667,31.42328313,Travel & Lodging,Travel Agencies,Transportation service,Open,+92 304 1115439,,4.5,42.0,28.57,,03-2025
fb84b42c8456ece5f38044fc5fb41a9e,Avari Hotel Lahore,Punjab,Lahore,"Shahrah-e-Quaid-e-Azam, Garhi Shahu, Lahore, 54000, Pakistan",54000,74.32478117,31.55905762,Travel & Lodging,Hotels & Accommodation,Hotel,Open,+92 42 36366366,avari.com,4.7,30307.0,,,03-2025
96dcac4395d0dbd3df9dacde50368742,Linked Travel & Tourism,Pakistan,Lahore,"57 Pine Ave, Eden Lane Villas 2 Lahore, Pakistan",,74.25033274,31.38195822,Travel & Lodging,Travel Agencies,Travel agency,Open 24 hours,+92 300 2661991,wwww.linkedtravels.com,3.0,2.0,29.29,,03-2025
4162b87dea12144a30e10d02cf5e5520,Timesaco,Islamabad Capital Territory,Islamabad,"F-8/1 F 8/1 F-8, Islamabad, 44000, Pakistan",44000.0,73.02889089,33.70789742,Travel & Lodging,Travel Agencies,Transportation service,Open 24 hours,+92 51 111 888 809,,3.9,57.0,39.29,,03-2025
84ee6ec1e632d8e45cf8a00e0d065a80,Latif Rent A Car,Pakistan,Hyderabad,"Unnamed Road, Latifabad Unit 2 Latifabad, Hyderabad, 71000, Pakistan",71000.0,68.34303835,25.36857134,Travel & Lodging,Travel Agencies,Transportation service,Open,+92 345 3598420,facebook.com,4.5,2.0,,,03-2025
87cce377bfbc586cb32360c6aad2356c,Executive Inn Guest House,Karachi City,Karachi,"House No 6/R, Row7 N-C-E-H-S, Near City School - Gulshan Campus Block 10-A Gulshan e iqbal, Block 10 A National Cement Employees CHS, Karachi, 75300, Pakistan",75300.0,67.10331421,24.90752767,Travel & Lodging,Hotels & Accommodation,Guest house,Open,+92 323 2323961,executiveinnguesthouse.pk,3.9,389.0,,,03-2025
a868c0791e21952ce7929d0dcfe1c37c,Abha Air Services,Pakistan,Peshawar,"near MCB main branch, Kalibari Peshawar Cantonment, Peshawar, Pakistan",,71.53966971,33.99970262,Travel & Lodging,Travel Agencies,Travel agency,Open 24 hours,+92 91 5272756,abhaairservices.com,5.0,3.0,34.5,,03-2025
956ee6b95fe8fb1470d59ff037ffffcf,Travelex International,Pakistan,Faisalabad,"40-A New Civil Lines, behind State Bank of Pakistan, Faisalabad, 38000, Pakistan",38000.0,73.08615413,31.41998211,Travel & Lodging,Travel Agencies,Travel agency,Open,+92 321 8669066,travelex.com.pk,4.2,85.0,,,03-2025
7181250e7038bb136410b72ab027b0a0,Hotel Summer Retreat Nathiagali,Pakistan,Nathia Gali,"Retreat Hotels, Nathia Gali, 22010, Pakistan",22010.0,73.38006542,34.07579421,Travel & Lodging,Hotels & Accommodation,Hotel,Open,+92 308 8886854,retreathotels.pk,4.0,2012.0,,,03-2025
950ec26091ce5330b254078ebf202718,Bari Travel & Tours,Pakistan,Faisalabad,"Bari Travel & Tours, Sargodha Rd، opposite HBL, Ali Town Branch, Faisalabad, 38000, Pakistan",38000.0,73.0758611,31.47348279,Travel & Lodging,Travel Agencies,Travel agency,Open,+92 335 7618180,,5.0,2.0,23.5,,03-2025
4a837e754f4cb1f59177598fb4da7230,7 Days Travel and Tours,Rawalpindi Tehsil,Islamabad,"Office # G 18, Ovais C 3 Rd, near al noor chemist, Block A Pakistan Town, Islamabad, 44000, Pakistan",44000.0,73.13590153,33.56684547,Travel & Lodging,Travel Agencies,Travel agency,Open,+92 334 5252005,facebook.com,4.9,16.0,,,03-2025
574f99cd956fdb6ee402aa69a76d43d5,Ayaz Naan Shop,Takht Bhai,Janday,"Main Malakand Mardan Rd, Janday, 23200, Pakistan",23200.0,71.98298483,34.24288232,Travel & Lodging,Hotels & Accommodation,Hotel,Open,+92 310 5051600,facebook.com,5.0,2.0,,,03-2025
ff08c38b65226ef6b05fb76a5cf03ed5,Four Seasons Travel,Pakistan,Faisalabad,"Susan Rd، Madina Town, Block Z Madina Town, Faisalabad, 38000, Pakistan",38000.0,73.11800812,31.42417798,Travel & Lodging,Travel Agencies,Travel agency,Open,+92 41 8715302,,5.0,6.0,37.17,,03-2025
4d72a89835b80730f6cad08315b9f234,Thrillventure Tours,Zulfiqar & Al Murtaza Commercial Area,Karachi,"Office no 101 plot, 186-c Al-Murtaza Commercial Ln 3, DHA Karachi Phase VIII Zone A Zulfiqar & Al Murtaza Commercial Area Phase 8 Dha Karachi, Karachi, 75000, Pakistan",75000.0,67.07406275,24.79296044,Travel & Lodging,Travel Agencies,Tour agency,Open 24 hours,,facebook.com,4.9,42.0,23.0,,03-2025
709ed838a7358b4d65510c68b157903f,Hotel Afandi,Shahi Bagh,Peshawar,"GT Rd, opp. : Gulbahar police station, Bilal town, Peshawar, 25000, Pakistan",25000.0,71.58899063,34.01596063,Travel & Lodging,Hotels & Accommodation,Hotel,Open,+92 91 2612094,facebook.com,3.9,430.0,,,03-2025
8f246acb4d5f9b7a04ff6740e81f330c,Parwaz Group of Travels,Swabi,Swabi,"Gharibabad Maniri, Swabi, 23430, Pakistan",23430.0,72.46748238,34.12406657,Travel & Lodging,Travel Agencies,Travel agency,Open,+92 938 222829,parwaztours.com,4.3,16.0,,,03-2025
5473966eac36eccf0923152d768056cd,Abbas Brothers Goods Transport Co,Usman Colony,Bahawalpur,"Multan Road, Usman Colony Bahawalpur, 63100, Pakistan",63100.0,71.67004283,29.41442989,Travel & Lodging,Travel Agencies,Transportation service,Open 24 hours,+92 62 2875000,,3.8,29.0,49.5,,03-2025
f3bbca9595fdf9b9e25823bd35d19b99,Lahore City Guided Tours,Punjab,Lahore,"Bhatti Gate, Kucha Faqirkhana Walled City of Lahore, Lahore, 54000, Pakistan",54000.0,74.30403598,31.57946521,Travel & Lodging,Travel Agencies,Tour operator,Open,+92 322 8833561,adillahorei.com,5.0,33.0,,,03-2025
952b6307a1d61a0eaaca7bdc4235d2b9,Saleem Rent A Car,Pakistan,Bahawalpur,"Muslim Town Hassan Town, Bahawalpur, 63100, Pakistan",63100.0,71.70128132,29.39466157,Travel & Lodging,Travel Agencies,Transportation service,Open 24 hours,+92 305 7600879,,5.0,1.0,33.0,,03-2025
4831bbdd8cf6c705f5fb31408aa9ddb2,Worldwise Travels,UC-4 Hyderi,Karachi,"First Floor, Star, F 45 Saima Pari Rd, near 5 Star Chowrangi, Block H North Nazimabad Town, Karachi, 75300, Pakistan",75300.0,67.0447353,24.9412962,Travel & Lodging,Travel Agencies,Travel agency,Open,+92 332 3762486,facebook.com,4.8,13.0,,,03-2025
7c5babfde870b50a0268585de270489b,"Snow Palace Hotel, Shogran",Khyber Pakhtunkhwa,Shogran,"Shogran, 21200, Pakistan",21200.0,73.45732449,34.63860441,Travel & Lodging,Hotels & Accommodation,Hotel,Open,+92 333 5806148,facebook.com,4.8,320.0,,,03-2025
84c129fc625ba364046f920b982a9968,Faizan Travel,Sialkot,Daska,"Bank Rd, Daska, 51010, Pakistan",51010.0,74.34392767,32.32935785,Travel & Lodging,Travel Agencies,Travel agency,Open,+92 300 7443286,faizantravels.pk,4.1,11.0,,,03-2025
1f17ae3ba9e77ade786e1d81c1637549,Hotel Shelton Inn,Pakistan,Balakot,"Opposite, masjid Madina Teyyaba boli, Balakot Near Islamabad guest house boli, Balakot, 21230, Pakistan",21230.0,73.34345156,34.51950463,Travel & Lodging,Hotels & Accommodation,Hotel,Open,+92 343 5275511,facebook.com,4.2,119.0,,,03-2025
85068aa16ad2860df867ea76e4bee55c,China Border Tour Packages,Punjab,Lahore,"Paradise Floor Office 59, IT Tower, Hali Rd, Block D1 Gulberg III, Lahore, 54000, Pakistan",54000.0,74.34184192,31.51501289,Travel & Lodging,Travel Agencies,Tour agency,Open 24 hours,,,4.5,211.0,31.86,People typically spend up to 2 hours here,03-2025
64b13b254419a4e4afdbb6ccacab0060,Sastaticket.pk Multan,Punjab,Multan,"Property no: 1713, Ward no: 9/M، Mohala Pir Pathan، Near Qadirabad Katchery Road, Mohalla Qadirabad, Multan, 60000, Pakistan",60000.0,71.45845911,30.20286341,Travel & Lodging,Travel Agencies,Travel agency,Open,+92 21 111 172 782,sastaticket.pk,3.6,30.0,,,03-2025
3ee22b6c574b8f50744d112b98082f74,Continental Girls Hostel UCP Lahore,Pakistan,Lahore,"H # 67-R, st # 7, GCP society Shokat khanam chowk, gate # 05, near UCP University, Lahore, 54000, Pakistan",54000.0,74.2657783,31.44873592,Travel & Lodging,Hotels & Accommodation,Hostel,Open,+92 333 7069571,facebook.com,4.1,141.0,,,03-2025
20f3a251c12fff9edc8248d12697b6bc,kharg international private limited travel and tours,Karachi City,Karachi,"5e 28 commercial area Nazimabad No.5, near jama masjed faizane raza, Block 5 E Block 5 Nazimabad, Karachi, 74600, Pakistan",74600.0,67.02124195,24.92162023,Travel & Lodging,Travel Agencies,Travel agency,Open,+92 314 2049387,,3.5,2.0,28.33,,03-2025
74451a31d4af4848690a4bfb6d0e3962,SBA Travel & Tours (sub branch),Shah Nawaz Zanour Colony,Sakrand,"Nawabshah Rd, Shah Nawaz Zanour Colony Lailabad Colony, Sakrand, Pakistan",,68.27636858,26.1403052,Travel & Lodging,Travel Agencies,Travel services,Open 24 hours,+92 300 3236969,sbatraveltours.blogspot.com,5.0,3.0,34.71,,03-2025
8742e284f184ab7c6652f32ac246c9f7,Take off Travel and Tours,Punjab,Gujranwala,"First Floor, Mumtaz Market, 205 GT Rd, Civil Lines, Gujranwala, 52250, Pakistan",52250.0,74.18258391,32.18126031,Travel & Lodging,Travel Agencies,Travel agency,Open,+92 345 1009152,facebook.com,4.4,18.0,,,03-2025
789b4c235a4d3b82819f775c2aa58734,Awesome Adventure Pakistan,Gilgit,Gilgit,"Office No. O4, SM Market, Konodas Bridge, Gilgit, 15100",15100.0,74.3084427,35.92529343,Travel & Lodging,Travel Agencies,Tour agency,Open,+92 322 6221448,aapakistan.com,5.0,45.0,,,03-2025
e6431021baf0fef424a2698f6483d96c,LOKAL Rooms x Blue Area,Block I,Islamabad,"Block, 111 West A.K l, AKM Fazl-ul-Haq Rd, G 7/2 Blue Area, Islamabad, 44000, Pakistan",44000.0,73.05635126,33.7103523,Travel & Lodging,Hotels & Accommodation,Hotel,Open,+92 311 1156525,lokal.pk,3.0,2.0,,,03-2025
a9d90c0e2b6a5916206a009fe7b170dc,The North Wonders,Pakistan,Chitrāl,"2nd Floor, Five star trading company, Bypass Rd, Chitrāl, 17200, Pakistan",17200.0,71.78360571,35.85483524,Travel & Lodging,Travel Agencies,Tour agency,Open 24 hours,+92 342 9991555,,5.0,4.0,32.57,,03-2025
6e41516e5532478ea2e3424e1381ae09,Haider Air Travels & Tours,Punjab,Chakwal,"Chakwal-Talagang Rd, Bhon Chowk, City Area, Chakwal, 48326, Pakistan",48326.0,72.85418792,32.9327145,Travel & Lodging,Travel Agencies,Travel agency,Open,+92 543 551826,,4.7,15.0,25.29,,03-2025
a1f5103a4484a31dfb62a538dc9d8adb,TheTime Travel,Lala Chak,Gujrat,"Sargodha Rd, Sargodha Road Area, Gujrat, 50700, Pakistan",50700.0,74.04855959,32.56164041,Travel & Lodging,Travel Agencies,Travel agency,Open,+92 53 3530092,,4.3,4.0,27.86,,03-2025
ebe1ce571a5abf8e10187d969fd6b68e,E-Lodge Guest House,Islamabad Capital Territory,Islamabad,"House 18, A/3 Street 3, F-6/3 F 6/3 F-6, Islamabad, 44000, Pakistan",44000.0,73.07380983,33.73801687,Travel & Lodging,Hotels & Accommodation,Hotel,Open,+92 307 8981889,elodgef6.wordpress.com,4.4,259.0,,,03-2025
f3d67cef4dfbe91d0b7a4d1a88dba50b,Travel Advisor,UC-1 Azizabad,Karachi,"Plot R, 1246, Federal B Area Azizabad Block 2 Gulberg Town, Karachi, 75950, Pakistan",75950.0,67.06098851,24.91469988,Travel & Lodging,Travel Agencies,Travel agency,Open,+92 336 2002819,facebook.com,5.0,1.0,,,03-2025
a9e1a58562ed030c4a1c1252eb09ed62,Best Travel and Tour Operator Hajj & Umrah Agency in Lahore,Pakistan,Lahore,"Main Boulevard Gulberg, Block H Gulberg 2, Lahore, 54660, Pakistan",54660.0,74.34848879,31.52951045,Travel & Lodging,Travel Agencies,Travel agency,Permanently closed,+92 326 1659623,meezabair.com,4.1,7.0,,,03-2025
a4b255d1be0c2031b0bae5f5967d1337,Chitral Tours,Pakistan,Chitrāl,"Hospital Road, Chitrāl, 17200, Pakistan",17200.0,71.78680271,35.85413192,Travel & Lodging,Travel Agencies,Tour agency,Open 24 hours,+92 346 5552545,,5.0,2.0,28.4,,03-2025
822f0ffb3d7cb0243a3470615af2d638,Qureshi Transport Services قریشی ٹرانسپورٹ سروسز,UC-7 Sharifabad,Karachi,"Al Azam Square, M-10, near Sindh Government Hospital, Sharifabad Block 1 Gulberg Town, Karachi, Pakistan",,67.04775657,24.91073171,Travel & Lodging,Travel Agencies,Transportation service,Open,+92 333 2272282,qureshitransport.pk,4.6,76.0,33.43,,03-2025
13c1d065da92a81e271b041d96991b14,QIBLAH TRAVELS QIBLAH TRAVELS AND TOURS ( PVT ) LTD.,UC-4 Silver Town,Karachi,"Sector 35 F Landhi Town, Karachi, Pakistan",,67.15805381,24.82787874,Travel & Lodging,Travel Agencies,Travel agency,Open,+92 311 1100009,qiblahtravels.com,4.3,6.0,36.86,,03-2025
1744a63b01f9aaedfeefe05d1e873d7a,Harram Ul Hajjaz Travels & Tours (Pvt) Ltd.,Punjab,Lahore,"49-D Commercial Canal Road, Block D DHA EME Sector, Lahore, 53710, Pakistan",53710.0,74.21253151,31.43533766,Travel & Lodging,Travel Agencies,Travel agency,Open,+92 321 4999155,harramulhajjaz.com,4.4,28.0,,,03-2025
3f4d1459dfbd233f812b54cf499292dd,COMFORT INN HOTEL,Sahiwal Tehsil,Sahiwal,"Link to Railway Road, Khokha Bazar, Sahiwal, 57000, Pakistan",57000.0,73.10170481,30.66050761,Travel & Lodging,Hotels & Accommodation,Hotel,Open,+92 314 4223737,comfortinnswl.com,4.0,574.0,,,03-2025
a2e3ab3c719545fa6f5ef9af1ab9fffc,Karachi Travel: Umrah Packages,UC-6 P.e.c.h.s 1,Karachi,"SMCH, Block A, Shahrah-e-Faisal Block 6 P.E.C.H.S., Karachi, 75350, Pakistan",75350.0,67.06533557,24.8611988,Travel & Lodging,Travel Agencies,Travel agency,Open,+92 21 34534481,umrahpackagesfrompakistan.com,4.3,26.0,,,03-2025
0ce2b2e92261bd5ddf717d65a988d0fb,Imdad Akash,Pakistan,Patolkhel,"Patolkhel, 28100, Pakistan",28100.0,70.83007773,33.01725838,Travel & Lodging,Vacation Rentals & RV,Homestay,Open,+92 336 9322299,imdadakash222.com,5.0,3.0,,,03-2025
9776fcb51e04826cfe5e7e4d07c2f1ce,Mian Hameed Logistics,Sheikhupura,Sheikhupura,"Joyan Wala Morr, Sheikhupura, 39040, Pakistan",39040.0,74.05726297,31.68951997,Travel & Lodging,Travel Agencies,Transportation service,Open 24 hours,+92 308 4199811,,5.0,4.0,29.57,,03-2025
07b75e8f73fcef43f2e5fc54780ca363,Labbaik Holy Tours: Hajj Group Organizer,Tariqabad,Multan,"LMQ Road, Haleem square, Punjab, Near Sharif Plaza, LMQ Rd, Tariqabad, Multan, 60000, Pakistan",60000.0,71.45500075,30.20342225,Travel & Lodging,Travel Agencies,Tour agency,Open,+92 333 6161949,labbaiktour.com,3.7,15.0,,,03-2025
a9479ca45503f104e14d9360bd062e4e,Baltoro Adventures Pakistan,Newrangah,Skardu,"Samar , House, New Ranga Rd, near Maqpoon Brdge, Newrangah, Skardu",,75.61449389,35.30262517,Travel & Lodging,Travel Agencies,Tour agency,Open 24 hours,+92 317 1571617,baltoroadventures.com,4.6,5.0,28.43,,03-2025
8f576967e1e453503d9f16306ea37690,Allama Iqball Hall (NFC IET Boys Hostel-II),Punjab,Multan,"NFC IET, Multan, 60000, Pakistan",60000.0,71.53642861,30.22467221,Travel & Lodging,Hotels & Accommodation,Hostel,Open,+92 300 8158350,nfciet.edu.pk,4.3,218.0,,,03-2025
152b9e35eb64e2b1dc739c0665d7d585,Trip Trails Pakistan,Satellite Town,Rawalpindi,"2nd Floor, B, 584 Satellite Town, Block B Satellite Town, Rawalpindi, Pakistan",,73.06595853,33.6366393,Travel & Lodging,Travel Agencies,Tour agency,Open,+92 333 7171203,triptrails.com.pk,4.5,4.0,27.14,,03-2025
b2b3564dd252567bf1fdaa12d46653c4,General Bus Stand Layyah,Pakistan,Layyah,"District Courts Rd, Layyah, 31200, Pakistan",31200.0,70.95940524,30.96810453,Travel & Lodging,Travel Agencies,Transportation service,Open 24 hours,+92 329 7885077,,4.0,1724.0,48.43,,03-2025
e3ee10703634c89f577cfa87efad2e1d,IBEX VIEW FAMILY GUEST HOUSE,Khyber,Khyber,"Khyber Gojal Hunza Hunza, 15600",15600.0,74.7901265,36.5728207,Travel & Lodging,Hotels & Accommodation,Guest house,Open,+92 355 4213569,facebook.com,4.8,9.0,,,03-2025
e98c5126ff4fd6431dc62f3d70b33aa1,Travel Advisors International,Islamabad Capital Territory,Islamabad,"3rd Floor, FANTOM MALL Office No 8-11, I-8 Markaz Islamabad, 44000, Pakistan",44000.0,73.07285581,33.66845976,Travel & Lodging,Travel Agencies,Travel agency,Open,+92 345 9444623,instagram.com,4.9,165.0,,,03-2025
16b1e8bf4c80a42faae9b2690b4963c8,Pakistan Travel Mart,Pakistan,Lodhran,"Al Javed Manzil Near Animal Hospital Main Road Dhanot Tehsil, Lodhran, 59320, Pakistan",59320.0,71.74191025,29.58028731,Travel & Lodging,Travel Agencies,Travel agency,Open 24 hours,+92 307 5287906,,3.0,1.0,28.71,,03-2025
19100f5ef934061ee204ea152c32180e,Bait-ul-Mamoor Travel & Tours Pvt Ltd,Punjab,Lahore,"Suite 13-14, 1st floor, Khawaja Arcade، Wahdat Road, Rehmanpura Colony, Lahore, 54000, Pakistan",54000.0,74.31758464,31.52016677,Travel & Lodging,Travel Agencies,Travel agency,Open,+92 321 4297891,bmttours.com,4.5,85.0,,,03-2025
589bdbb74ee18538915895a935a2cc22,Humayun Farrukh Travels & Tours PVT LTD,Pakistan,Lahore,"504, 5th Floor, Regency Plaza, 120-P MM Alam Rd, Block P Gulberg 2, Lahore, 54660, Pakistan",54660.0,74.34838657,31.52140413,Travel & Lodging,Travel Agencies,Travel agency,Open,+92 300 8408068,wwhft.com,3.9,7.0,,,03-2025
2638365dc983da70136cb19f6dcb038b,Mian Transport Services & Tours,Pakistan,Lahore,"Meezan Bank, B-Block near, Zarrar Shaheed Rd, Al-Faisal Town, Lahore, 54000, Pakistan",54000.0,74.39901692,31.54891848,Travel & Lodging,Travel Agencies,Transportation service,Open 24 hours,+92 323 4699522,,4.4,16.0,21.14,,03-2025
ddc72ad61c780500e99bdbf44192eeac,Green Valley Hotel and Restaurant Mahanadri,Pakistan,Mahandri,"Green valley hotel and restaurant, Mahandri, 21220, Pakistan",21220.0,73.57502485,34.69902831,Travel & Lodging,Hotels & Accommodation,Hotel,Open,+92 343 9549298,facebook.com,4.3,261.0,,,03-2025
995205925cd44fbe3a06b28515a138b0,Ali abbas Travels and Tours,Pakistan,Lahore,"Shahabad Centre, Temple Rd, Park Lane Mozang Chungi, Lahore, 54000, Pakistan",54000.0,74.31296584,31.55349248,Travel & Lodging,Travel Agencies,Travel agency,Open 24 hours,+92 305 1000588,,4.8,4.0,26.43,,03-2025
7cbcfd56736147c6b1b92b9442fc4921,Ch. Shaban Ali Maher house,Punjab,Changa Manga,"Street islamic fucture high school and college، near ghous ul azam madrssa, Changa Manga, 55200, Pakistan",55200.0,73.96246481,31.09229438,Travel & Lodging,Tourist Information,Visitor center,Open 24 hours,+92 308 4430606,,3.3,7.0,35.14,,03-2025
47bd6faa7e990807a6eaa3ca517576b0,Republika Urban Hotel by Summit Resorts,Pakistan,Abbottabad,"748/48-C Comsats University Rd, Al Mansoor Town, Abbottabad, 22010, Pakistan",22010.0,73.23836634,34.20035575,Travel & Lodging,Hotels & Accommodation,Hotel,Open,+92 300 5121060,republikabysummit.com,4.3,264.0,,,03-2025
e683714296e7301768c3d96199503c23,TDCP Sightseeing Bahawalpur,Pakistan,Bahawalpur,"TDCP office old press club, near stadium, Bahawalpur Cantt, Bahawalpur, 63100, Pakistan",63100.0,71.68114254,29.40159798,Travel & Lodging,Travel Agencies,Travel agency,Open,+92 302 5553132,tdcp.gop.pk,4.6,5.0,,,03-2025
efb550de33a4958d6d3cd45728e3521f,Grace Inn Hotel,Punjab,Lahore,"16-C, Main Raiwind Rd, Phase 1 Judicial Colony, Lahore, 54782, Pakistan",54782.0,74.24122789,31.46669952,Travel & Lodging,Hotels & Accommodation,Hotel,Open,+92 342 4348655,graceinnhotel.ascendant.travel,3.6,35.0,,,03-2025
e5e2a6e3b7be47c8e716a2c94fdb870c,Gilgit Bikers (Pakistan),Gilgit,Gilgit,"Yadgar Chowk, Airport Rd, Gilgit",,74.32328716,35.91553282,Travel & Lodging,Travel Agencies,Tour operator,Open 24 hours,+92 311 1588723,gilgitbikers.com,4.9,61.0,24.29,,03-2025
404f6574c3d0d8fbad91641934d790ed,MARGALLA Hills Residency Islamabad E-11/3,Sector E-11/3,Islamabad,"House 170-A, Street 70, MPCHS E-11/3 MPCHS E 11/3 E-11, Islamabad, 44000, Pakistan",44000.0,72.97395719,33.70306562,Travel & Lodging,Hotels & Accommodation,Guest house,Open,+92 349 5709104,facebook.com,4.8,1752.0,,,03-2025
aae91333ca2c0fc71eafd3dac76e4ef9,Apex Inn Trackers Guest House,Eurasia,Sharda,"Mankro , Sharda , Neelum Valley, Sharda, 13231",13231.0,74.1331524,34.73202518,Travel & Lodging,Hotels & Accommodation,Guest house,Open,+92 355 7197306,neelumvalleyhotels.com,4.4,34.0,,,03-2025
c50258be9a945cd7ae8e07e79536595e,Malik Asif Travels And Tours Layyah,Pakistan,Layyah,"District Courts Rd, Layyah, 31200, Pakistan",31200.0,70.96014691,30.97248259,Travel & Lodging,Travel Agencies,Travel agency,Open,+92 300 6760083,,4.4,14.0,41.0,,03-2025
f6c37e3e88437d0274e92a535b2ffc11,(Dtravel.pk) Dastagir Travel | Travel Agency in Lahore | Umrah & Hajj Packages 2025,Pakistan,Lahore,"Moon Market Park, 35-CIVIC Center, Block E Gulshan-e-Ravi, Lahore, 54000, Pakistan",54000.0,74.2782868,31.55143813,Travel & Lodging,Travel Agencies,Travel agency,Open,+92 332 3322251,dtravel.pk,4.5,97.0,,,03-2025
a661e466cb4aab2fff32270b64afd88f,Akbar International Hotel,South Asia,Muzaffarabad,"Tanga Adda Rd, Tariqabad Muzaffarabad, 13100",13100.0,73.46978876,34.36629035,Travel & Lodging,Hotels & Accommodation,Hotel,Open,+92 301 2405711,facebook.com,4.1,151.0,,,03-2025
44125256ccb973453944170da431f54c,Bridge Travel & Tours,UC-2 Civic Center,Karachi,"Bahadurabad Bahadur Yar Jang CHS, Karachi, Pakistan",,67.06788863,24.8804512,Travel & Lodging,Travel Agencies,Travel agency,Open,+92 21 34852349,bridgetravels.net,5.0,1.0,33.83,,03-2025
3999f90c6b3590ef9725dec850089ca9,Hotel Shalimar Rawalpindi,Rawalpindi Tehsil,Rawalpindi,"Aziz Bhatti Shaheed Road, Rawalpindi, 46000, Pakistan",46000.0,73.0553247,33.58825052,Travel & Lodging,Hotels & Accommodation,Hotel,Open,+92 51 5562901,hotelshalimar.ascendant.travel,3.2,1335.0,,,03-2025
676c89527c53077fbe5573f29802e9f0,Eden Logistics,Rawalpindi Tehsil,Rawalpindi,"Chungi Number 4, Rawalpindi, 46000, Pakistan",46000.0,73.04805333,33.6171772,Travel & Lodging,Travel Agencies,Transportation service,Open 24 hours,+92 51 5558799,,5.0,3.0,32.67,,03-2025
cc88c51898240935a163f74af90378ba,City view hotel lawrance road,Punjab,Lahore,"17-A Lawrence Road, Jinnah Town, Lahore, 54000, Pakistan",54000.0,74.32165245,31.55572911,Travel & Lodging,Hotels & Accommodation,Hotel,Open,+92 322 9494405,sites.google.com,3.9,120.0,,,03-2025
2df5d81cff36295990180a73c2dfd6cd,Aairveerz,Pakistan,Lahore,"Office # 201, 2nd floor, Alhafeez Business center, Block B 3 Gulberg III, Lahore, 54660, Pakistan",54660.0,74.34760966,31.50343442,Travel & Lodging,Travel Agencies,Travel agency,Open,+92 42 35771761,aairveerz.pk,4.7,20.0,,,03-2025
966e18887844386f5176b72a9944aa16,KarachiPur Hotel Booking Office,Punjab,Dunyapur,"Chak No 327 WB, Main Lodhran - Khanewal Expy, Dunyapur, 59120, Pakistan",59120.0,71.75003385,29.82418261,Travel & Lodging,Hotels & Accommodation,Hotel,Permanently closed,+92 311 1804111,karachipur.site,4.8,5.0,,,03-2025
0c80f4bdffbb8654675ba2d48853c548,Traverse Pakistan,Islamabad Capital Territory,Islamabad,"Plot Number, Shop Number 6, 1, MPCHS E 11/1 E-11, Islamabad, Pakistan",,72.9673246,33.69469257,Travel & Lodging,Travel Agencies,Travel agency,Open 24 hours,+92 321 6650670,traversepakistan.com,4.9,192.0,24.0,,03-2025
98a8f276eceb099989b1394257df2313,Quaid-e-Azam Hostel,Pakistan,Lahore,"Chatterjee Rd, Anarkali Bazaar Lahore, 54000, Pakistan",54000.0,74.30649468,31.57253955,Travel & Lodging,Hotels & Accommodation,Hostel,Open,+92 42 99213370,gcu.edu.pk,4.7,78.0,,,03-2025
838c00ecc36189d0a06585a6a4243d8a,Al Saeed Guest House & Hostel,Rahim Yar Khan Tehsil,Rahim Yar Khan,"near Insignia and Alkaram Studio, 25-A Model town, Rahim Yar Khan, 64200, Pakistan",64200.0,70.31025986,28.42391971,Travel & Lodging,Hotels & Accommodation,Guest house,Open,+92 326 3717190,facebook.com,4.4,26.0,,,03-2025
a5c57ace770a89855bc2deb704604686,Raza International Corporation,Samad Pura,Okara,"155 Katchery Bazar Rd, Block-F Block F Okara, 56300, Pakistan",56300.0,73.44473841,30.8103191,Travel & Lodging,Travel Agencies,Travel agency,Open,,razagroup.pk,4.5,35.0,52.67,,03-2025
b1eb62d5fefa2c31be03a0e2217e2305,PIA Booking Office (Sales Agent),Pakistan,Lahore,"150 Bank Square Market, Model Town, Lahore, 54700, Pakistan",54700.0,74.32340216,31.48831247,Travel & Lodging,Travel Agencies,Airline ticket agency,Open,+92 42 35860135,piac.com.pk,3.6,109.0,,,03-2025
f033245ceb5162269b122543f3365a32,Paradise City Travel and Tourism,Punjab,Zafarwal,"Shakargarh Rd, Zafarwal, 51670, Pakistan",51670.0,74.90626318,32.34045876,Travel & Lodging,Travel Agencies,Travel agency,Open,+92 300 1040044,,4.8,6.0,21.71,,03-2025
23b069c91d76229fccbf9a5c92dddb49,SARDAR INTERNATIONAL TRAVELS,Pakistan,Mansehra,"Gujjar Plaza, Kashmir Rd, near Circuit House, Mansehra, 21300, Pakistan",21300.0,73.20828437,34.34054256,Travel & Lodging,Travel Agencies,Travel agency,Open,+92 349 9037631,facebook.com,4.4,5.0,,,03-2025
11eadf1da0b7e72afaa299d61fbd7f8f,NEW STAR GOODS TRANSPORT COMPANY,Rawalpindi Tehsil,Rawalpindi,"New star goods, Ganj Mandi Raja Bazar, Rawalpindi, 46000, Pakistan",46000.0,73.0491625,33.6156981,Travel & Lodging,Travel Agencies,Transportation service,Open 24 hours,+92 51 5539330,,4.2,12.0,32.57,,03-2025
ef4e84cb04668147afebc91e6d838f62,Xperts Travel,Sindh,Karachi,"Plot# 14c small street 24th commercial street, karachi, Phase 2 Karachi, 75300, Pakistan",75300.0,67.06884373,24.83168525,Travel & Lodging,Travel Agencies,Travel agency,Open,,xpertstravel.com,4.9,307.0,45.14,,03-2025
95e8dbba41ca683f8b233d84e4e2677c,Daewoo Cargo Service franchise,Punjab,Multan,"1 Suraj Miani Road, Gillani Colony, Multan, Pakistan",,71.43506714,30.20384582,Travel & Lodging,Travel Agencies,Transportation service,Open,+92 310 0800230,facebook.com,3.8,21.0,40.71,,03-2025
964d6996211c0fce4649dd85061b9e85,HAIDERI TRAVELS,Quetta,Quetta,"Alamdar Road, Quetta, 87300, Pakistan",87300.0,67.02483998,30.1891831,Travel & Lodging,Travel Agencies,Travel agency,Open,+92 81 2665866,facebook.com,3.7,3.0,,,03-2025
94862936a943a0c0daf988fa55e026f6,MPPL Guest House,UC-10 Clifton,Karachi,"Plot F, 5, Old Clifton Block 4 Old Clifton, Karachi, 75600, Pakistan",75600.0,67.02905693,24.81361388,Travel & Lodging,Hotels & Accommodation,Lodge,Open,+92 21 111 021 021,multi.net.pk,4.6,13.0,,,03-2025
f690576bdb462eb39d0eeb838d2e256d,Sunset Resort,Islamabad Capital Territory,Islamabad,"Street # 4, Shah Allah Ditta, near D-12, Islamabad, 44000, Pakistan",44000.0,72.92793258,33.71075314,Travel & Lodging,Hotels & Accommodation,Resort hotel,Open,+92 333 5137327,sunsetresort.ascendant.travel,4.3,215.0,,,03-2025
477202d4de6eeb73f95490a360cb81ce,Wild Mountain Explorers Pakistan,Hunza Nagar,Hunza Nagar,"Gojal, Hunza Nagar",,74.85983048,36.43472465,Travel & Lodging,Travel Agencies,Tourist information center,Open,+92 312 0228157,facebook.com,5.0,2.0,29.14,,03-2025
d991d8528091b1811c1c70a0815f5505,Rao Muhammad Asghar Khan (Rao House),Punjab,Lodhrān,"Adda Permat, Rao House, Rao Muhammad Asghar Khan, Basti Allah Daad Wali, Lodhrān, 59320, Pakistan",59320.0,71.57484268,29.58831786,Travel & Lodging,Vacation Rentals & RV,Homestay,Permanently closed,+92 304 2900910,facebook.com,5.0,5.0,,,03-2025
35c57783654caee8158e72ecdda8d3c8,Swat-gilgit Travels,Swat Tehsil,Mingora,"Shahid Coach Terminal, N-95, Mingora, Pakistan",,72.3693303,34.7905768,Travel & Lodging,Travel Agencies,Tour agency,Open 24 hours,+92 300 9305483,facebook.com,5.0,4.0,32.29,,03-2025
ba5920b77ec8d11219327c9605f6a620,Johar Town Boys Hostel,Pakistan,Lahore,"236-B block, near Allah Ho Chowk, Johar Town, Lahore, 54600, Pakistan",54600.0,74.29564722,31.46815249,Travel & Lodging,Hotels & Accommodation,Hostel,Open,+92 344 6976577,m.facebook.com,4.5,26.0,,,03-2025
b479fb90f11870f6906c68207d8de282,Shaheen Boys Hostel Islamabad G-10,Islamabad Capital Territory,Islamabad,"House# 463, 4 Street 48, G-10, Islamabad, 44100, Pakistan",44100.0,73.01838659,33.68167572,Travel & Lodging,Hotels & Accommodation,Hostel,Open,+92 333 9800670,shaheenhostels.pk,3.3,150.0,,,03-2025
2ef18c56cd45e476af655485e6c09b5a,MTN Fleet & Logistics Hattar,Pakistan,Hattar,"33.9002190, 72.8634400, Hattar Industrial Estate, Hattar, 22671, Pakistan",22671.0,72.86089996,33.90025891,Travel & Lodging,Travel Agencies,Transportation service,Open 24 hours,+92 995 639977,,5.0,2.0,27.0,,03-2025
ee01482b29619a63c8684d70592d1c1f,Sajjad Fiaz Goods Transport Co,Sabzazar Housing Scheme Phase 1 & 2,Lahore,"Street Number 3, Block D Sabzazar Housing Scheme Phase 1 & 2 Lahore, 54000, Pakistan",54000.0,74.26300758,31.53657129,Travel & Lodging,Travel Agencies,Transportation service,Open,+92 42 37534895,,5.0,1.0,26.29,,03-2025
95bf3130aab8fc4661afdc9bcc865068,Ali Travels,Sialkot,Sialkot,"Kutchery Road, Sialkot, 51310, Pakistan",51310.0,74.65549718,32.26430486,Travel & Lodging,Travel Agencies,Travel agency,Open,+92 52 4265111,alitravels.com,3.0,4.0,,,03-2025
f970f309d04ad5079392dde7728f87d6,GetOut Adventure,Pakistan,Lahore,"IT Tower, P59, Block E 1 Gulberg III, Lahore, 54000, Pakistan",54000.0,74.33854878,31.51585594,Travel & Lodging,Travel Agencies,Tour operator,Open,+92 311 1977977,getout.pk,4.5,8.0,,,03-2025
341801ff4e0c69ecf3e3a3a39b851641,Adil coaches Bannu,Pakistan,Bannu,"General Bus Stand, Bannu, North Western Frontier, 28100, Pakistan",28100.0,70.61253451,32.99242174,Travel & Lodging,Travel Agencies,Transportation service,Open,+92 333 9738506,,4.1,316.0,69.0,,03-2025
bbee35c0ba3c306084bc41cc9cc57799,Mirpur Apartments & Hotel,South Asia,New Mirpur City,"Abbas Tower, Valley Homes Ext. Phase 1, Chechiyan Rd, Azamabad, New Mirpur City, 10250",10250.0,73.74616223,33.11516883,Travel & Lodging,Hotels & Accommodation,Hotel,Open,+92 58274 11044,mirpurapartments.com,4.2,131.0,,,03-2025
c6ad3a68aaca1838d21ae402c19b9cf4,Hotel Deens,Pakistan,Abbottabad,"Mir Alam Town, Main Mansehra Rd, near Bundhan Shadi Hall, Amir Alam Awan Town, Abbottabad, 22010, Pakistan",22010.0,73.23040985,34.17979154,Travel & Lodging,Hotels & Accommodation,Hotel,Permanently closed,+92 314 5049390,hoteldeens.ascendant.travel,3.5,22.0,,,03-2025
0ef021416516edaec9781c51799b00d9,Short Times Couple Guest House,UC-7 Shanti Nagar,Karachi,"Shanti Nagar Colony Main Rd, Shanti Nagar Karachi, 75300, Pakistan",75300.0,67.09607747,24.90174522,Travel & Lodging,Hotels & Accommodation,Guest house,Open,+92 301 1260782,karachi-hotels.co,4.3,60.0,,,03-2025
3b9664ae149c8372b9a83b5b45db74dc,Diyar Resorts,Eurasia,DhirKot,"Diyar Resorts, Bypass Road, DhirKot, 12500",12500.0,73.57291443,34.0306866,Travel & Lodging,Hotels & Accommodation,Resort hotel,Open,+92 316 7224488,diyarresorts.com,4.6,568.0,,,03-2025
729e1930da95784e5f9fdf7efe4bc2be,Mehran Hotel (1500),Walled City,Peshawar,"kabley bazar, Hakeem Ullah Jan Rd, Peshawar, 24840, Pakistan",24840.0,71.56367276,34.00787491,Travel & Lodging,Hotels & Accommodation,Hotel,Open,+92 300 5819858,mehranhotel.com,4.2,299.0,,,03-2025
58c8cb8b234e84855bd76e7f7d477c9b,DANISH ZAIB TRAVELS,Punjab,Chichawatni,"College Rd, Ali Town, Chichawatni, 57200, Pakistan",57200.0,72.69503163,30.52953468,Travel & Lodging,Travel Agencies,Travel agency,Open,+92 300 0301311,facebook.com,4.0,3.0,,,03-2025
4601de1507894a62390a7e1ad63b4075,Service Apartments Karachi,Sindh,Karachi,"D, 50 Khayaban-e-Muslim, D.H.A Phase 6 Phase 6 Defence Housing Authority, Karachi, 74000, Pakistan",74000.0,67.05367974,24.78183613,Travel & Lodging,Vacation Rentals & RV,Short term apartment rental agency,Open,+92 306 8230101,serviceapartments.pk,4.4,15.0,,,03-2025
2e447bcc3e213603a3e27482cd7209a1,Qutbal Town. Street 6 Plot 82,Islamabad Capital Territory,Islamabad,"dak isb, St 06 Pl 82 1st corner qutbal town, Khanna Islamabad, 44551, Pakistan",44551.0,73.12473243,33.62697412,Travel & Lodging,Travel Agencies,Transportation service,Open,+92 342 8110228,facebook.com,4.7,3.0,,,03-2025
82b6100cfab0cbe2278329266b5f083f,Aroma Travel Service (Pvt) Ltd,UC-8 Saddar,Karachi,"16, SIDCO Avenue Centre, Din Mohammad Wafai Rd, Civil Lines, Karachi, Pakistan",,67.02385036,24.85409155,Travel & Lodging,Travel Agencies,Travel agency,Open,+92 21 99205704,aromatravel.com,4.3,139.0,25.17,,03-2025
24ce8b8a1eb2a903b90525e294f3cd9e,BIN BARKAT AIR TRAVEL,Samundri Tehsil,Samundri,"OFFICE NO, 01 Faisalabad Road, opposite GENERAL BUS STAND, Samundri, 37300, Pakistan",37300.0,72.96223859,31.05955639,Travel & Lodging,Travel Agencies,Travel agency,Open,+92 331 3422448,binbarkat.com,4.8,39.0,,,03-2025
e943d41f37ac9ba823b997746ad4797e,Peace Girls Hostel Lahore near UOL,National Police Foundation Housing Society,Lahore,"162-B Defence Rd, National Police Foundation Housing Society Muhafiz Town Phase 2 Muhafiz Town, Lahore, 54000, Pakistan",54000.0,74.26233027,31.3910208,Travel & Lodging,Hotels & Accommodation,Hostel,Open,+92 331 8000109,dreamshostelservices.com,3.7,69.0,,,03-2025
