poi_id,name,region,locality,address,postcode,longitude,latitude,category_level1,category_level2,category_level3,business_status,phone,website_domain,rating,rating_count,traffic_score,time_spent,update_month
8757f91ba27abb957121abd26bcaff39,Shell,Punjab,Jhang,"Amir Colony Jhang, 35200, Pakistan",35200.0,72.31658882,31.2737338,Transportation & Logistics,Fuel & Charging,Gas station,Open 24 hours,+92 800 743 55,shell.com.pk,3.8,345.0,52.43,People typically spend up to 20 min here,03-2025
1650d773463b1196710658d0f90a80e4,BILAL SUPER DRIVE- Total Petrol Station,Pakistan,Mehrabpur,"SURVEY NO. 126/1, HALANI ROAD,,MEHRABPUR, Mehrabpur, 67000, Pakistan",67000.0,68.41069212,27.10104251,Transportation & Logistics,Fuel & Charging,Gas station,Open 24 hours,+92 300 8314102,totalparco.com.pk,3.9,72.0,47.43,People typically spend up to 1 hour here,03-2025
eb043ec3176bacd2ebdfd3b63f1aef45,Shell petrol station,پلیی,Batkhela,"N-45, Batkhela, 23020, Pakistan",23020.0,71.9550711,34.61123767,Transportation & Logistics,Fuel & Charging,Gas station,Open 24 hours,+92 800 743 55,shell.com.pk,3.9,278.0,29.29,People typically spend up to 45 min here,03-2025
e6205e361c73b41190e8e994f4472ac0,Total PARCO Petrol Pump,Rawalpindi,Islamabad,"East Service Road, Islamabad Expy, Ghauri Town, Islamabad, 44000, Pakistan",44000.0,73.12087429,33.61910727,Transportation & Logistics,Fuel & Charging,Gas station,Open 24 hours,+92 333 5113720,totalparco.com.pk,4.1,722.0,43.29,People typically spend up to 45 min here,03-2025
b055112fb1ccb869cdf9fcc0d818d479,Shell,Zaman Park,Lahore,"Faizan Filling Station, Allama Iqbal Rd, Larex Colony Garhi Shahu, Lahore, 54139, Pakistan",54139.0,74.3512707,31.55731397,Transportation & Logistics,Fuel & Charging,Gas station,Open 24 hours,+92 42 36304329,find.shell.com,4.1,230.0,54.43,People typically spend up to 25 min here,03-2025
b65db6b0be660ff92c7dee85d9e257bb,JOYIA PETROLEUM SERVICES- Total Petrol Station,Pakistan,Bahawal Nagar,"ADDA GAJJIANI, 12 KM FROM BAHAWALI CHOWK, Bahawal Nagar, 62300, Pakistan",62300.0,73.24969023,29.87853614,Transportation & Logistics,Fuel & Charging,Gas station,Open 24 hours,+92 300 8426664,totalparco.com.pk,3.8,48.0,39.57,People typically spend up to 25 min here,03-2025
f67d00359c1400b8369052eaa37b8a92,Shell,UC-3 Khandu Goth,Karachi,"Sharah-e-Sher Shah Suri, Block-B Block B North Nazimabad Town, Karachi, 75720, Pakistan",75720.0,67.03047511,24.92550691,Transportation & Logistics,Fuel & Charging,Gas station,Open 24 hours,+92 21 36643305,find.shell.com,3.8,475.0,47.14,People typically spend up to 30 min here,03-2025
03902fd4d1f2cc3bc9368502174e65c4,Jam Good Filling Station- Total Petrol Station,Punjab,Muzaffargarh,"607 TDA, Muhammdi Adda,Near Pathan Hotel, Muzaffargarh, 34200, Pakistan",34200.0,71.23782515,30.38047561,Transportation & Logistics,Fuel & Charging,Gas station,Open 24 hours,+92 300 5554475,totalparco.com.pk,3.8,92.0,26.43,People typically spend up to 20 min here,03-2025
b482ac46ebaa2cf4fda479df419150b5,NEW MALIK PETROLEUM SERVICE- Total Petrol Station,Sadiqabad Tehsil,Sadiqabad,"AT MOUZA CHAK # 10/NP, Sadiqabad Bypass, National Highway,SADIQABAD, Habib Colony, Sadiqabad, 64350, Pakistan",64350.0,70.09668051,28.31443471,Transportation & Logistics,Fuel & Charging,Gas station,Open 24 hours,+92 300 8670045,totalparco.com.pk,4.0,25.0,40.29,People typically spend up to 1 hour here,03-2025
6896ddfd4c2252f82ec0801388b8e74a,Super Meezan Filling Station- Total Petrol Station,Punjab,Multan,"Multan-Muzaffargarh Rd, Chenab East Bank, Sher Shah, Punjab, Multan, 60000, Pakistan",60000.0,71.31825014,30.07751244,Transportation & Logistics,Fuel & Charging,Gas station,Open 24 hours,+92 300 8639723,totalparco.com.pk,4.0,61.0,38.14,People typically spend up to 20 min here,03-2025
cda68395144fecc45786ff046f8bd5ba,Al-Khalil Filling Station- Total Petrol Station,Punjab,Lala Musa,"G.T Road, Lalamusa., Lala Musa, 50200, Pakistan",50200,73.92440015,32.73433424,Transportation & Logistics,Fuel & Charging,Gas station,Open 24 hours,+92 333 4348951,totalparco.com.pk,4.0,175.0,46.57,People typically spend up to 20 min here,03-2025
604653950a200d0bab1d09cc2bda5d0d,Madina Filling Station- Total Petrol Station,Pakistan,Karachi,"43-44 km, Jaranwala Road, Mandi Faizabad, Near Karachi Rice Mills, Karachi, 74000, Pakistan",74000,73.99592986,31.42308332,Transportation & Logistics,Fuel & Charging,Gas station,Open 24 hours,+92 323 9000991,totalparco.com.pk,4.3,33.0,37.43,People typically spend up to 1 hour here,03-2025
e3120e88155006931dfd64908308f3e3,Total Speed Filling Station- Total Petrol Station,Pakistan,Muzaffargarh,"Mouza Jaisalwain, Tehsil District Muzzafar Garh., jhang road Muzafar Garh., Muzaffargarh, 34200, Pakistan",34200,71.21073942,30.11212195,Transportation & Logistics,Fuel & Charging,Gas station,Open 24 hours,+92 300 8737178,totalparco.com.pk,3.9,87.0,41.0,People typically spend up to 45 min here,03-2025
94670754f6846ecae35093b46d10daa0,Behzad C.N.G Station- Total Petrol Station,Pakistan,Hyderabad,"Plot # 35, Deh Sandhan Tapo Verato Shahdad Chowk, Hala by-pass-Hala City, Distri, Hyderabad, 71000, Pakistan",71000,68.42595691,25.82374868,Transportation & Logistics,Fuel & Charging,Gas station,Open 24 hours,+92 333 2681638,totalparco.com.pk,3.8,696.0,49.14,People typically spend up to 30 min here,03-2025
1cb92ec707fa6dd130b6615579c22a32,STAR SPEED SERVICE STATION- Total Petrol Station,Sargodha,Sargodha,"0.4KM SILLANWALI ROAD FACTORY AREA ,NEAR LAK TRAVEL,SARGODHA, Sargodha, 40100, Pakistan",40100,72.6544589,32.08142643,Transportation & Logistics,Fuel & Charging,Gas station,Open 24 hours,+92 48 3726744,totalparco.com.pk,3.9,56.0,38.29,People typically spend up to 1 hour here,03-2025
db83de7c049b66296c66c742d785763a,HUMAYUN & SHOAIB FUELS- Total Petrol Station,Khanewal,Khanewal,"Near Lahore Morr Chowk, Zafaraullah Road, Khanewal,KHANEWAL, Khanewal, 58150, Pakistan",58150,71.91854883,30.31140877,Transportation & Logistics,Fuel & Charging,Gas station,Open 24 hours,+92 300 6899263,totalparco.com.pk,4.1,80.0,41.71,People typically spend up to 25 min here,03-2025
27c5d85cf4cf9923d1ecd2a84c8dc8f1,Sahiwal Filling Station- Total Petrol Station,Sahiwal Tehsil,Sahiwal,"538 A-Nishter Road, Opp.Jinnah Hall, Sahiwal., Muhammadi Colony Sahiwal, 57000, Pakistan",57000,73.09319761,30.66203298,Transportation & Logistics,Fuel & Charging,Gas station,Open 24 hours,+92 300 4006709,totalparco.com.pk,4.1,519.0,46.86,People typically spend up to 20 min here,03-2025
6d4c7052c657b8bb8c51e4b71d08d80f,Modern Expo Filling Station (Shell),Punjab,Lahore,"388, 389, 390, block J3, Shahrah-e-Nazria Pakistan, Jauhar Town, Block J 3 Phase 2 Johar Town, Lahore, 54000, Pakistan",54000,74.24959367,31.46656695,Transportation & Logistics,Fuel & Charging,Gas station,Open 24 hours,+92 42 35312650,shell.com.pk,4.0,233.0,41.71,People typically spend up to 45 min here,03-2025
69d61db921ebc7fc8caa06f5751f4f05,Bahadur Filling Station- Total Petrol Station,Rajanpur,Rajanpur District,"1.5 KM Rajan Pur Sherh, Rajanpur District, 33500, Pakistan",33500,70.32384511,29.07944977,Transportation & Logistics,Fuel & Charging,Gas station,Open 24 hours,+92 344 4088888,totalparco.com.pk,3.9,88.0,43.14,People typically spend up to 45 min here,03-2025
3f7596d03a4cfd8296bc0dc9a8b52a05,AWAIS QARNI PETROLEUM SERVICE- Total Petrol Station,Pakistan,Hala,"Awais Qarni C/O Mcb bank sun branch dist:Jamshoro Tauka Manghand,MANJHAND, Hala, 70120, Pakistan",70120,68.22938328,25.90075445,Transportation & Logistics,Fuel & Charging,Gas station,Open 24 hours,+92 345 3639931,totalparco.com.pk,3.9,76.0,33.0,People typically spend up to 45 min here,03-2025
67c099ced8d330637dc39e068cde33b9,MURTAZA MEHMOOD PETROLEUM SERVICE- Total Petrol Station,Sadiqabad,Sadiqabad,"Near Jilani Floor Mill, Salaar Market, Jamal Din Wali,SADIQABAD, Sadiqabad, 64370, Pakistan",64370,70.05061886,28.50929877,Transportation & Logistics,Fuel & Charging,Gas station,Open 24 hours,+92 68 5672482,totalparco.com.pk,3.8,68.0,52.14,People typically spend up to 1 hour here,03-2025
604939856efa19634b5fa0eb1b4c78d4,SUKKA PETROLEUM SERVICE- Total Petrol Station,Rahim Yar Khan,Khan pur,"B/W KM NO.705-706 OF KLP Road, N5, Zahirpir Chowk Distt, Rahim Yar Khan Tehsil K, Khan pur, 64100, Pakistan",64100,70.51902877,28.78976093,Transportation & Logistics,Fuel & Charging,Gas station,Open 24 hours,+92 300 8676505,totalparco.com.pk,4.3,157.0,39.57,People typically spend up to 1 hour here,03-2025
85ffa7977cae616493147ff65867837f,Sabir Filling & CNG Station- Total Petrol Station,Gadap Town,Karachi,"SB 7 Sector 3, &nbsp;sub sector 3A , KDA scheme 41 , Surjani Town , Karachi, Sector 3 Surjani Town, Karachi, 74000, Pakistan",74000,67.07866281,25.02572381,Transportation & Logistics,Fuel & Charging,Gas station,Open 24 hours,+92 300 2365817,totalparco.com.pk,4.0,40.0,38.86,People typically spend up to 1.5 hours here,03-2025
dc254c3abc1e9ebdcb807ed8bb0e0dfa,New Sitara Hilal Filling Station- Total Petrol Station,Pakistan,Okara,"N-5, Okara, 56300, Pakistan",56300.0,73.52084927,30.84239388,Transportation & Logistics,Fuel & Charging,Gas station,Open 24 hours,+92 300 7691940,totalparco.com.pk,4.1,250.0,47.0,People typically spend up to 30 min here,03-2025
d9a419df3a2a40edd634f39d8c67ddb2,Shell,Sillanwali,Sillanwali,"Sillanwali Shah Nikdur Jhamra Road, 3-4 Sahiwal Road, Aslam Colony, Sillanwali, 40210, Pakistan",40210.0,72.52977142,31.82229036,Transportation & Logistics,Fuel & Charging,Gas station,Open 24 hours,+92 48 6531680,find.shell.com,4.5,17.0,45.43,People typically spend up to 30 min here,03-2025
18cbe487ae3c9b46b598d7b2ec41769a,Shell,Pakistan,Peshawar,"Grand Trunk Rd, University Rd, Peshawar Cantonment, Peshawar, 25000, Pakistan",25000.0,71.5288587,34.00627269,Transportation & Logistics,Fuel & Charging,Gas station,Open 24 hours,+92 321 9033200,find.shell.com,3.2,12.0,32.57,People typically spend up to 4 hours here,03-2025
bf91eb5bda93844976943847bc79ea1f,AMIR FILLING STATIONS- Total Petrol Station,Pakistan,Pattoki,"Multan Lahore Rd, Faisal Colony, Pattoki, 55300, Pakistan",55300.0,73.84471065,31.02303598,Transportation & Logistics,Fuel & Charging,Gas station,Open 24 hours,+92 49 4421946,totalparco.com.pk,3.8,110.0,48.29,People typically spend up to 15 min here,03-2025
e86117ae1c7e643e209027f2881f5101,PUNJAB PETROLEUM SERVICE- Total Petrol Station,Sheikhupura,Sheikhupura,"Lahore Sheikhupura Road, Sheikhupura, 39350, Pakistan",39350.0,74.0378113,31.69529011,Transportation & Logistics,Fuel & Charging,Gas station,Open 24 hours,+92 300 4685253,totalparco.com.pk,3.9,40.0,19.43,People typically spend up to 2.5 hours here,03-2025
8dd2b508354ceab3ce8303507a5986e9,Total Petrol Pump,Punjab,Lahore,"Ravi Rd, Qasurpura, Lahore, 54000, Pakistan",54000.0,74.29613224,31.60058437,Transportation & Logistics,Fuel & Charging,Gas station,Open 24 hours,+92 300 4332272,totalparco.com.pk,4.1,210.0,41.29,People typically spend up to 25 min here,03-2025
2f2a0fa22508e60d01f3049808c9b4e1,Frontier Mardan Filling Station- Total Petrol Station,Pakistan,Mardan,"Near The City School Mardan Bypass, Mardan, Mardan, 23200, Pakistan",23200.0,72.02288561,34.18783019,Transportation & Logistics,Fuel & Charging,Gas station,Open 24 hours,+92 301 8604747,totalparco.com.pk,3.9,139.0,40.57,People typically spend up to 25 min here,03-2025
afcfeb86fd24b450b1f0dbea14cfc437,Hascol Petrol Station-Abdullah,UC-4 City Railway Colony,Karachi,"Bellasis St, New Chali, Karachi, 75400, Pakistan",75400.0,67.00801511,24.85170411,Transportation & Logistics,Fuel & Charging,Gas station,Open 24 hours,+92 21 111 757 757,hascol.com,3.7,207.0,43.14,People typically spend up to 45 min here,03-2025
6860a264442cad9ed8a60b46cfdb5e27,Shell,Punjab,Mianwali,"Sargodha - Mianwali Rd, Mianwali, 42200, Pakistan",42200.0,71.55153081,32.53854584,Transportation & Logistics,Fuel & Charging,Gas station,Open 24 hours,+92 459 234340,find.shell.com,4.0,62.0,44.71,People typically spend up to 30 min here,03-2025
f5371d2af7787cceaf46950acce4ceb7,AL-RASHID FILLING STATION- Total Petrol Station,Umerkot,Umarkot,"SURVEY NO.84, DEH & TALUKA UMERKOT,,UMERKOT, Umerkot ratnore Rd, Umarkot, 69100, Pakistan",69100.0,69.74080743,25.37629536,Transportation & Logistics,Fuel & Charging,Gas station,Open 24 hours,+92 333 7460583,totalparco.com.pk,4.5,30.0,30.57,People typically spend up to 1 hour here,03-2025
4f4e6c1aa37aa24c27b8c5e7f72dee97,M.Shahrukh Total Parco Petrol Station,Punjab,Bahawalpur,"Dubai chowk, Plot No. 4, Near Dubai Chowk, Cha Pepole Wala Scheeme Model Town, Bahwalpur, Ahmedpur Rd, Model Town, Bahawalpur, 63100, Pakistan",63100.0,71.66127077,29.38657588,Transportation & Logistics,Fuel & Charging,Gas station,Open 24 hours,+92 300 8184080,totalparco.com.pk,3.5,160.0,52.71,People typically spend up to 25 min here,03-2025
680b11e0267d2e1cd2154f9ba2a00d05,Shell,Pakistan,Jalalpur Pirwala,"Eid Gah, Bait Panohan Road, Lodhran Rd, Jalalpur Pirwala, 59250, Pakistan",59250.0,71.21861997,29.50570446,Transportation & Logistics,Fuel & Charging,Gas station,Open 24 hours,+92 61 4210494,find.shell.com,3.8,117.0,49.0,People typically spend up to 45 min here,03-2025
5f717f8bc0390832ee8c7143692403a2,MAQBOOL PETROLEUM- Total Petrol Station,Punjab,Jhang,"FAISALABAD-JHANG ROAD,MOCHIWALA MORR DISTT.,JHANG, Jhang, 35200, Pakistan",35200.0,72.5785952,31.30448079,Transportation & Logistics,Fuel & Charging,Gas station,Open 24 hours,+92 300 7980756,totalparco.com.pk,3.5,15.0,39.57,People typically spend up to 2 hours here,03-2025
28730b317c3c3c2546abf30ae4ad5ea8,Shell,Pakistan,Halani,"N-5, 5 8/2 Halani, 67131, Pakistan",67131.0,68.31881063,27.0884068,Transportation & Logistics,Fuel & Charging,Gas station,Open,+92 242 460021,find.shell.com,3.9,356.0,55.14,People typically spend up to 45 min here,03-2025
94ca6c3af2fff715342f5bebf65dec56,Haji.Musa Khan (Shaheed) GO(Gas & Oil) Filling Station,Ningolai Village,Ningolai Village,"Airport Rd, Malak Abad Ningolai Village, 19201, Pakistan",19201.0,72.40915834,34.83403385,Transportation & Logistics,Fuel & Charging,Gas station,Open 24 hours,+92 946 877555,facebook.com,4.1,85.0,44.0,People typically spend up to 2 hours here,03-2025
a88a8fd5cdc6949182bede7751c33db5,Mahboob Filling Station- Total Petrol Station,Pakistan,Kohat,"Mouza Muslim Abad, Indus Highway Kohat, Tehsil & Distt Kohat., Kohat, 26000, Pakistan",26000.0,71.38588764,33.46765123,Transportation & Logistics,Fuel & Charging,Gas station,Open 24 hours,+92 333 5270770,totalparco.com.pk,3.9,80.0,33.29,People typically spend up to 15 min here,03-2025
09d1dec0fbf9ee9376f5dd9a629d28ee,Shell,Wapda Town,Gujranwala,"1210 221 GT Rd, Block 1 Phase A Wapda Town, Gujranwala, 52250, Pakistan",52250.0,74.18835351,32.10040749,Transportation & Logistics,Fuel & Charging,Gas station,Open,+92 55 4800609,find.shell.com,3.8,180.0,54.0,People typically spend up to 30 min here,03-2025
a7b3c3208e25b47f6321afae8c26f7bb,Total-Parco Petrol Station,UC-7 Water Pump,Karachi,"L-1/D/1, BLOCK 21,,KDA SCH NO.16FEDERAL -B AREA,KARACHI, Block 21 Gulberg Town, Karachi, 75950, Pakistan",75950.0,67.08333057,24.93500238,Transportation & Logistics,Fuel & Charging,Gas station,Open 24 hours,+92 300 3739551,totalparco.com.pk,4.0,347.0,36.43,People typically spend up to 45 min here,03-2025
b0071feb1ee3e0b7ffa1c6e2387e6b4a,Total PARCO Petrol Pump,Rawalpindi Tehsil,Rawalpindi,"BOSTAN KHAN ROAD, chaklala scheme 3, Chaklala Housing Scheme 3, Rawalpindi, 46000, Pakistan",46000.0,73.09140623,33.58480025,Transportation & Logistics,Fuel & Charging,Gas station,Open 24 hours,+92 323 9699863,totalparco.com.pk,4.2,228.0,41.71,People typically spend up to 25 min here,03-2025
960a99d55dcdd0f3cdbffc6537778180,Shell,Karachi City,Karachi,"Shahrah-e-Jahangir Road, 2A 2 Sarwar Shaheed Rd, Yaseenabad, Karachi, 75950, Pakistan",75950.0,67.0701475,24.91891945,Transportation & Logistics,Fuel & Charging,Gas station,Open 24 hours,+92 21 36315651,find.shell.com,3.9,528.0,36.86,People typically spend up to 30 min here,03-2025
9bc67c0ce14b94aefc94545dcb313de2,Khosa Petroleum Service,Dera Ghazi Khan,Kot Mubarak,"DG Khan Cement Factory, Road, Kot Mubarak, 32200, Pakistan",32200.0,70.65122837,30.21222777,Transportation & Logistics,Fuel & Charging,Gas station,Open 24 hours,+92 333 3302699,gno.com.pk,3.9,10.0,39.43,People typically spend up to 1 hour here,03-2025
326e5fb98f02c7f9841b488edb33a1ec,Total Buraq Petrol Station,UC-6 Mauri Pur,Karachi,"NEW ANJAM COLONY,MUHAJIR CAMP NO.4,HUB RIVER ROAD,KARACHI, Karachi Northern Bypass, Keamari, Karachi, 75730, Pakistan",75730.0,66.96054695,24.90408023,Transportation & Logistics,Fuel & Charging,Gas station,Open 24 hours,+92 333 2217566,totalparco.com.pk,4.3,639.0,43.43,People typically spend up to 20 min here,03-2025
28161e5d68c1ec1358ac3eccb8fa4a2e,Total Parco Petrol Pump - Capital Filling Station,Islamabad Capital Territory,Islamabad,"Peshawar road adjacent to coca cola Factory near motor way Islamabad, Jhangi Syedian, Islamabad, 44000, Pakistan",44000.0,72.93910045,33.62921439,Transportation & Logistics,Fuel & Charging,Gas station,Open 24 hours,+92 300 8479297,totalparco.com.pk,4.2,835.0,38.86,People typically spend up to 15 min here,03-2025
de56b62ab9fd309b17878c6495102db0,BENZINA FILLING STATION- Total Petrol Station,Punjab,Lahore,"BLOCK G-3, M.A.JOHAR TOWN,, Block G 3 Phase 2 Johar Town, Lahore, 54782, Pakistan",54782.0,74.26929267,31.47382039,Transportation & Logistics,Fuel & Charging,Gas station,Open 24 hours,+92 300 9489978,totalparco.com.pk,4.1,178.0,47.43,People typically spend up to 30 min here,03-2025
27b9e8bcfcbbce5fd2fce6034963cdd9,Total Parco Petrol Pump,Punjab,Jhang,"Gojra Road Near D.H.Q Hospital, Jhang, Jhang, 35200, Pakistan",35200.0,72.33309262,31.26235346,Transportation & Logistics,Fuel & Charging,Gas station,Open 24 hours,+92 47 7651090,totalparco.com.pk,4.1,215.0,48.43,People typically spend up to 30 min here,03-2025
17a82a3261529d055c50c4d592257cb7,Shell,Sindh,Matiari,"N-5, Matiari, 70150, Pakistan",70150.0,68.50619617,25.70196974,Transportation & Logistics,Fuel & Charging,Gas station,Open 24 hours,+92 300 8243940,find.shell.com,4.0,119.0,45.43,People typically spend up to 30 min here,03-2025
5f10a4c9ca1c3223dc081f17b0ed75d6,BARNALA PETROLEUM- Attock Petrol Station,Eurasia,Barnala,"BHIMBER BARNALA ROAD, Barnala, 10020",10020.0,74.23933632,32.87335263,Transportation & Logistics,Fuel & Charging,Gas station,Open 24 hours,+92 342 7111333,totalparco.com.pk,4.2,39.0,40.43,People typically spend up to 1 hour here,03-2025
894654016ea62e517e03e39c08c6da3b,NEW SAFDAR PETROLEUM SERVICE- Total Petrol Station,Pakistan,Ghotki,"main national highway, Ghotki Bypass, DEH SANGI, ,GHOTKI, Ghotki, 65110, Pakistan",65110.0,69.31590224,27.93956933,Transportation & Logistics,Fuel & Charging,Gas station,Open 24 hours,+92 300 2118522,totalparco.com.pk,3.8,21.0,42.71,People typically spend up to 2 hours here,03-2025
573e087f4f1643f056e9f48f0ef77364,Total Gas Station,Pakistan,Lahore,"Main Defence Road, opposite DHA commercial Broadway. Teshil Cantonment District, Block A Divine Gardens, Lahore, 54792, Pakistan",54792.0,74.42057143,31.50175422,Transportation & Logistics,Fuel & Charging,Gas station,Open 24 hours,+92 42 35695341,totalparco.com.pk,4.0,1075.0,45.71,People typically spend up to 20 min here,03-2025
27c4f0948d7ec4a9d754a13cf099d5a8,KARAM ALLAH PETROLEUM- Total Petrol Station,Pakistan,Lahore,"MOUZA KACHA, KAHNA KACHA ROAD, Kahna Kacha Rd, Kana Kacha, Lahore, 54770, Pakistan",54770.0,74.30750018,31.39417542,Transportation & Logistics,Fuel & Charging,Gas station,Open 24 hours,+92 300 8463844,totalparco.com.pk,4.0,113.0,36.86,People typically spend up to 25 min here,03-2025
db44be62031cebf76844950b3f1eb144,Raja Petrol Pump,Karachi City,Karachi,"Plot # S.T 5/A block 16, Federal B Area Block 16 Gulberg Town, Karachi, 75950, Pakistan",75950.0,67.07961277,24.9413679,Transportation & Logistics,Fuel & Charging,Gas station,Open 24 hours,+92 21 36337510,facebook.com,3.8,227.0,44.71,People typically spend up to 45 min here,03-2025
a8e59523cc36dac59e5c293d00409983,UET Service Station - Total Petrol Station,Punjab,Lahore,"OPPOSITE ENGINEERING UNIVERSITY GT ROAD, Mughalpura, Lahore, 54890, Pakistan",54890.0,74.35629396,31.57649736,Transportation & Logistics,Fuel & Charging,Gas station,Open 24 hours,+92 333 4274976,totalparco.com.pk,4.1,176.0,41.14,People typically spend up to 30 min here,03-2025
c1de3028b8695861ae17de88717ce7d6,DEEPALPUR FILLING STN- Total Petrol Station,Punjab,Depalpur,"DEEPALPUR - PAKPATTAN ROAD , Main City, Depalpur, 56180, Pakistan",56180.0,73.64051892,30.66680326,Transportation & Logistics,Fuel & Charging,Gas station,Open 24 hours,+92 301 7313921,totalparco.com.pk,4.3,77.0,54.14,People typically spend up to 45 min here,03-2025
8bc5b50cc35709950c59d22d88603873,AL-QADIR FILLING STATION- Total Petrol Station,Punjab,Kāmoke,"OPPOSITE MASTER TILES FACTORY, GT ROAD CHIANWALI, Kāmoke, 52470, Pakistan",52470.0,74.21097964,32.01906595,Transportation & Logistics,Fuel & Charging,Gas station,Open 24 hours,+92 301 8473951,totalparco.com.pk,3.9,104.0,42.29,People typically spend up to 2 hours here,03-2025
9e3fd0662674a422c3b82487c28c36b2,Total Petrol Station,Shuabad,Shujaabād,"Purana Multan Road, Near Chowk Fawara, Shujabad.,SHUJAABAD, Shujaabād, 59220, Pakistan",59220.0,71.29730226,29.89093044,Transportation & Logistics,Fuel & Charging,Gas station,Open 24 hours,+92 300 7365997,totalparco.com.pk,3.8,28.0,34.14,People typically spend up to 45 min here,03-2025
84c16e5f0875791fd551884e0911e871,BAKHMAL KHAN AND DARYA KHAN- Total Petrol Station,Khyber Pakhtunkhwa,Bannu,"MIRAN SHAH ROAD ,BANNU, Bannu, 28100, Pakistan",28100.0,70.59015595,32.99574037,Transportation & Logistics,Fuel & Charging,Gas station,Open 24 hours,+92 300 9892147,totalparco.com.pk,3.9,21.0,53.29,People typically spend up to 2 hours here,03-2025
25b5fe08043c5f11195571b898099f08,Total PARCO Petrol Pump Kamran & Bros,Waris Khan,Rawalpindi,"Main Murree Road, Opposite Naz Cinema, Rawalpindi, Kartar Pura, Rawalpindi, 46000, Pakistan",46000.0,73.0642647,33.62251271,Transportation & Logistics,Fuel & Charging,Gas station,Open 24 hours,+92 322 5033208,totalparco.com.pk,3.9,295.0,41.86,People typically spend up to 45 min here,03-2025
2ee4cbb6392040349977de667a847284,Abdullah Chaudhary Filling Station,Rawalpindi,Rawalpindi,"Bhatta Road, I-14, Rawalpindi, 46300, Pakistan",46300.0,72.97791426,33.60644541,Transportation & Logistics,Fuel & Charging,Gas station,Open 24 hours,+92 315 5519503,apl.com,4.0,67.0,30.57,People typically spend up to 1 hour here,03-2025
159d73915b46548ac98aa0cfcb55ff30,Shell,Punjab,Gujrat,"Gujrat- Phalia Rd, Sargodha Rd, Gujrat, 50700, Pakistan",50700.0,74.03556915,32.5565122,Transportation & Logistics,Fuel & Charging,Gas station,Open 24 hours,+92 300 6207434,find.shell.com,4.1,125.0,41.71,People typically spend up to 30 min here,03-2025
5a31924c2a4c31f4d2c48a93c9649264,Total Parco Petrol Pump,UC-4 Essa Nagri,Karachi,"BLOCK 14 OPP SABZI MANDI,GULSHAN E IQBAL,KARACHI, Block 14 Gulshan-e-Iqbal, Karachi, 75300, Pakistan",75300.0,67.06706961,24.89812962,Transportation & Logistics,Fuel & Charging,Gas station,Open 24 hours,+92 21 34948269,totalparco.com.pk,3.8,638.0,44.29,People typically spend up to 25 min here,03-2025
b1a0222cfdf1a190ec7589f5a19e4ff5,Shell,Thatta,Hyderabad,"Karachi - Hyderabad Motorway, Hyderabad, 70011, Pakistan",70011.0,68.13749872,25.33176655,Transportation & Logistics,Fuel & Charging,Gas station,Open 24 hours,+92 312 2025083,find.shell.com,3.9,81.0,32.57,People typically spend up to 25 min here,03-2025
ea8df1d8b6f965ce5f9b1ca1d24f122b,KAMAL SERVICE STATION- Total Petrol Station,UC-4 Silver Town,Karachi,"SECTOR 48 B, STREET 2,,KORANGI TOWNSHIP EAST,KARACHI, Sector 48-B Taj Colony Sector 48 B Korangi, Karachi, 74900, Pakistan",74900.0,67.14152291,24.81868741,Transportation & Logistics,Fuel & Charging,Gas station,Open 24 hours,+92 333 2282382,totalparco.com.pk,4.0,91.0,40.57,People typically spend up to 30 min here,03-2025
e163166fd37356cd22f470326272a180,Shell,Karachi City,Karachi,"5 Rashid Minhas Rd, Federal B Area Block 16 Gulberg Town, Karachi, 75950, Pakistan",75950.0,67.08192223,24.94032678,Transportation & Logistics,Fuel & Charging,Gas station,Open,+92 21 36371781,find.shell.com,4.0,493.0,58.86,People typically spend up to 25 min here,03-2025
ce1251564f2d3b54073a2060ba963a27,Falcon Filling Station- Total Petrol Station,Khyber Pakhtunkhwa,Peshawar,"Opp, University Rd, Tehkal, Peshawar, 25000, Pakistan",25000.0,71.52071684,34.00734418,Transportation & Logistics,Fuel & Charging,Gas station,Open 24 hours,+92 300 4276497,totalparco.com.pk,4.0,632.0,32.86,People typically spend up to 30 min here,03-2025
f5db9f8a00c722590822b5ae1c8cc561,Sandal Bar Filling Station- Total Petrol Station,Punjab,Jhang,"Total Parco Petrol pump, Jhang exit FAISALABAD ROAD NEAR Jhang BYPASS Jhang, Jhang, 35200, Pakistan",35200.0,72.40406419,31.28452122,Transportation & Logistics,Fuel & Charging,Gas station,Open 24 hours,+92 300 6509045,totalparco.com.pk,4.1,71.0,48.29,People typically spend up to 45 min here,03-2025
c7611919f206ee9e1445c491e68accda,AL-ZAIB PETROLEUM- Total Petrol Station,Pakistan,Depalpur,"56180, Pakistan",56180.0,74.46667139,31.1062679,Transportation & Logistics,Fuel & Charging,Gas station,Open 24 hours,+92 321 6570200,totalparco.com.pk,4.0,83.0,43.86,People typically spend up to 20 min here,03-2025
11f9cc759fb3e0952cac69daa5047cac,AL-SULTAN PETROLEUM- Total Petrol Station,Punjab,Bhawana,"Jhang-Chiniot Rd, New Larri Adda, Mohalla Sadaat, Bhawana, Punjab, Obhan Road, Bhawana, 35350, Pakistan",35350.0,72.64183052,31.56695675,Transportation & Logistics,Fuel & Charging,Gas station,Open 24 hours,+92 345 7857544,totalparco.com.pk,3.9,52.0,40.29,People typically spend up to 25 min here,03-2025
cb3550ebfc48cb663df83603fc4871cc,Super Five Star Filling Station- Total Petrol Station,Pakistan,Mansehra,"Tehkra, Mansehra., Mansehra, 21300, Pakistan",21300.0,73.20306353,34.35604948,Transportation & Logistics,Fuel & Charging,Gas station,Open 24 hours,+92 997 380032,totalparco.com.pk,3.8,91.0,34.43,People typically spend up to 1 hour here,03-2025
40506544468c0fd5683524f3caf3c01e,Shell,Sector G,Lahore,"Street 9 9 Education, Avenue Road, Phase 5 D.H.A, Lahore, 54770, Pakistan",54770.0,74.39492339,31.4671056,Transportation & Logistics,Fuel & Charging,Gas station,Open 24 hours,+92 317 8431717,find.shell.com,3.1,42.0,52.86,People typically spend up to 20 min here,03-2025
5362ff3c355d5c6ad9a2f64fbea06d71,Shell,Pakistan,Lahore,"GT Rd, Manāwān Manawan, Lahore, 54000, Pakistan",54000.0,74.47286332,31.59396843,Transportation & Logistics,Fuel & Charging,Gas station,Open 24 hours,+92 301 6152116,find.shell.com,4.0,18.0,43.86,People typically spend up to 2 hours here,03-2025
31c4d483ad00942dbade1c955be566f8,Pearl Filling Station- Total Petrol Station,Sultan Pura,Lahore,"71 - GT Road, Taizab Ahata (Near Leather Market), Lahore., Swami Nagar, Lahore, 54000, Pakistan",54000.0,74.34058317,31.57945666,Transportation & Logistics,Fuel & Charging,Gas station,Open 24 hours,+92 300 8421165,totalparco.com.pk,3.9,194.0,42.43,People typically spend up to 25 min here,03-2025
9d731dda6f9f500c7b384c61b9301c27,Model Filling Station- Total Petrol Station,Township,Lahore,"779D Maulana Shaukat Ali Rd, Township Block 10 Sector B 1 Lahore, 54770, Pakistan",54770.0,74.30598841,31.46663862,Transportation & Logistics,Fuel & Charging,Gas station,Open 24 hours,+92 300 8415625,totalparco.com.pk,4.2,241.0,43.71,People typically spend up to 20 min here,03-2025
41816db75409b26e7784d1e4f83643dc,Total Petrol Station,Chung,Lahore,"19 - 20 Kms from Lahore, Multan Road, Tehsil & Distt Lahore., Multan Rd, Manowal, Lahore, 54000, Pakistan",54000.0,74.17838893,31.43191737,Transportation & Logistics,Fuel & Charging,Gas station,Open 24 hours,+92 333 4624818,totalparco.com.pk,4.1,157.0,39.71,People typically spend up to 30 min here,03-2025
169a01322b8fbf7634f7bd3500c37b29,Shell,Tipu Sultan Colony,Multan,"Abdali Rd, Tipu Sultan Colony, Multan, 60000, Pakistan",60000.0,71.45241962,30.19390467,Transportation & Logistics,Fuel & Charging,Gas station,Open 24 hours,+92 61 4588115,find.shell.com,3.9,152.0,39.43,People typically spend up to 45 min here,03-2025
d732bd363ea083d103d93b7bfbd79f18,CENTRAL GASOLINE Total PARCO Petrol Pump,UC-13 Shah Nawaz Bhutto,Karachi,"Plot no. ST-2, Sector 5-A/4, North Karachi, Township, Karachi., Sector 5 A 4 New Karachi Town, Karachi, 75620, Pakistan",75620.0,67.06164529,25.00175965,Transportation & Logistics,Fuel & Charging,Gas station,Open 24 hours,+92 21 36931693,totalparco.com.pk,3.9,227.0,35.0,People typically spend up to 25 min here,03-2025
e03f814d949a4f0da0ae7c702c2f51fc,Peshawar Press Club,Pakistan,Peshawar,"peshawar press club peshawar near 1122 headquarter, Peshawar, 25000, Pakistan",25000.0,71.54810434,34.00361472,Transportation & Logistics,Freight & Shipping,Newspaper distribution service,Open,+92 91 9212601,peshawarpressclub.com,4.2,183.0,44.33,People typically spend up to 2.5 hours here,03-2025
a5fe277b539c8c64906842d2c73dc713,KHYBER PETROL SERVICE- Total Petrol Station,UC-4 City Railway Colony,Karachi,"M. T KHAN RD SULTANBAD,NEAR NEW HAJI CAMP,KARACHI, Intelligence Colony, Karachi, 74400, Pakistan",74400.0,67.01439168,24.84312833,Transportation & Logistics,Fuel & Charging,Gas station,Open 24 hours,+92 21 35684233,totalparco.com.pk,4.1,200.0,48.43,People typically spend up to 25 min here,03-2025
9b6e1681de715516fb6559311f2b478b,Total,Rawalpindi,Gujar Khan,"Main GT Road, Julyana more, G.T. Rd, Gujar Khan, 47850, Pakistan",47850.0,73.31424598,33.24539083,Transportation & Logistics,Fuel & Charging,Gas station,Open 24 hours,+92 51 3512007,totalparco.com.pk,4.0,274.0,40.14,People typically spend up to 30 min here,03-2025
835d27a105ea524685ebdce01826b582,CHINAR FILLING STATION- Total Petrol Station,sardargarhi,Peshawar,"GT Rd, Chughar Pura, Peshawar, Khyber Pakhtoonkhwa, sardargarhi, Peshawar, 25000, Pakistan",25000.0,71.62435676,34.01666562,Transportation & Logistics,Fuel & Charging,Gas station,Open 24 hours,+92 306 8888181,totalparco.com.pk,4.1,53.0,37.86,People typically spend up to 25 min here,03-2025
f484718e2bd7aa4f86103a83de079a39,Shell,Sialkot,Sialkot,"Defence Road, Fatehgarh, Sialkot, 51011, Pakistan",51011.0,74.50921915,32.4794041,Transportation & Logistics,Fuel & Charging,Gas station,Open,+92 52 3551666,find.shell.com,4.3,12.0,34.14,People typically spend up to 3 hours here,03-2025
cf58bc0c01bfb6b13713e33321a483b8,Ch. Hakim Ali & Co.- Total Petrol Station,Punjab,Faisalabad,"Near Grid Station, Samundari Road Faisalabad, Sahibnagar, Faisalabad, 38000, Pakistan",38000.0,73.06548181,31.36108652,Transportation & Logistics,Fuel & Charging,Gas station,Open 24 hours,+92 301 6051242,totalparco.com.pk,4.2,136.0,38.29,People typically spend up to 25 min here,03-2025
be56b6e157f239dc086e2069771a8828,HASCOL Petrol Pump-Burqi,Sindh,Karachi,"Main Korangi Rd, PHASE 2 Phase 2 Commercial Area Defence Housing Authority, Karachi, 75500, Pakistan",75500,67.06692618,24.83592214,Transportation & Logistics,Fuel & Charging,Gas station,Open 24 hours,+92 333 3015010,hascol.com,4.1,250.0,43.29,People typically spend up to 20 min here,03-2025
2da8766149394096cb05d5a44533d78c,Shell,Zone B,Karachi,"16th St, 8 Dha Phase Zone B Phase 8 Defence Housing Authority, Karachi, 75600, Pakistan",75600,67.08518554,24.7783816,Transportation & Logistics,Fuel & Charging,Gas station,Open,+92 300 2618679,find.shell.com,4.1,589.0,45.29,People typically spend up to 20 min here,03-2025
b61082dc1f6111ef4e812437a5f80351,Shell,Punjab,Chiniot,"3.5 KM Sargodha Faisalabad Road, Chiniot, 35400, Pakistan",35400,72.96265163,31.74473542,Transportation & Logistics,Fuel & Charging,Gas station,Open 24 hours,+92 321 6684445,find.shell.com,4.5,2.0,36.86,People typically spend up to 15 min here,03-2025
cccebe6d180b36b3d0d8d6540090f381,Shell,Pakistan,Abbottabad,"Murree Rd, Nawan Shehr Town, Abbottabad, 22030, Pakistan",22030,73.24829328,34.15804911,Transportation & Logistics,Fuel & Charging,Gas station,Open 24 hours,+92 992 390186,find.shell.com,4.0,134.0,36.57,People typically spend up to 30 min here,03-2025
56f6cdfa6656a7ade3e423686e279f6c,MALIK PETROLEUM- Total Petrol Station,Riazabad,Mailsi,"Multan Road, Melsi,MAILSI, Mailsi, 61200, Pakistan",61200,72.16380435,29.80908974,Transportation & Logistics,Fuel & Charging,Gas station,Open 24 hours,+92 300 4847254,totalparco.com.pk,3.9,19.0,50.0,People typically spend up to 45 min here,03-2025
96aeb715090ebe2a278e740d4e3ed86c,Al-Buraq Filling Station- Total Petrol Station,Aliot,Rawalpindi,"TPPL, Aliot, Kahuta, Rawalpindi, Rawalpindi, 47330, Pakistan",47330,73.30414414,33.58868697,Transportation & Logistics,Fuel & Charging,Gas station,Open 24 hours,+92 344 5569169,totalparco.com.pk,3.8,25.0,41.29,People typically spend up to 25 min here,03-2025
0ff9e404a3ac5d82c862a4f29f5c3cee,Euro Petrol Pump,Pakistan,Lahore,"19, Block G Gulberg III, Lahore, 54660, Pakistan",54660,74.34197139,31.50396938,Transportation & Logistics,Fuel & Charging,Gas station,Open 24 hours,+92 42 111 387 645,euro.com.pk,4.1,53.0,43.14,People typically spend up to 15 min here,03-2025
59b67d99c1e01b74c17b2af7198d68e1,GO COCO LHR 6,Pakistan,Lahore,"Plot 395 Malik Tufail Rd, Block B1 Block B 1 Phase 1 Johar Town, Lahore, 54770, Pakistan",54770,74.29927811,31.46565029,Transportation & Logistics,Fuel & Charging,Gas station,Open 24 hours,+92 309 7777321,gno.com.pk,4.2,125.0,46.0,People typically spend up to 30 min here,03-2025
e930db9926beff2e11cfbe8380da3a4d,Shell,Pakistan,Faisalabad,"Plot # 124, Faisalabad - Sahianwala Expy, Abdullahpur, Faisalabad, 38001, Pakistan",38001.0,73.10687265,31.42288296,Transportation & Logistics,Fuel & Charging,Gas station,Open 24 hours,+92 300 8659886,find.shell.com,3.6,11.0,50.43,People typically spend up to 20 min here,03-2025
17077365962d5ae2deabe99e8811a292,Shell,Punjab,Lahore,"Pine Ave, T & T Aabpara Housing Society, Lahore, 54000, Pakistan",54000.0,74.24738623,31.41368657,Transportation & Logistics,Fuel & Charging,Gas station,Open 24 hours,+92 345 7601595,find.shell.com,4.4,122.0,54.0,People typically spend up to 30 min here,03-2025
a0b55e0f951786a775bd2646ee4b37ba,Shell,Punjab,Lahore,"3KM Raiwind Rd, Rahimabad, Lahore, 54000, Pakistan",54000.0,74.23765538,31.44733836,Transportation & Logistics,Fuel & Charging,Gas station,Open 24 hours,+92 300 9407093,find.shell.com,4.3,19.0,48.86,People typically spend up to 45 min here,03-2025
936038ffedd3af6403b0c4b3244e7947,Shell,Punjab,Lahore,"McLeod Rd, Garhi Shahu, Lahore, 54000, Pakistan",54000.0,74.31852798,31.56631927,Transportation & Logistics,Fuel & Charging,Gas station,Open 24 hours,+92 42 37220094,find.shell.com,4.0,47.0,29.0,People typically spend up to 1.5 hours here,03-2025
b227f38f6dff6ad486eb7b18278a0450,Zafarwal Filling Station- Total Petrol Station,Punjab,Narowal,"Mouza Zafarwal, Tehsill Zafarwal, District Narowal, Narowal, 51600, Pakistan",51600.0,74.89786187,32.33501331,Transportation & Logistics,Fuel & Charging,Gas station,Open 24 hours,+92 300 8471159,totalparco.com.pk,4.0,121.0,56.29,People typically spend up to 30 min here,03-2025
2583bac6f7d5e28bde36a72b02cc3667,HAROON YOUSAF PETROLEUM - GO Petrol Station,Punjab,Gujranwala,"Main GT Rd, Shaheenabad, Gujranwala, 52250, Pakistan",52250.0,74.17715739,32.19427397,Transportation & Logistics,Fuel & Charging,Gas station,Open 24 hours,+92 325 4746887,gno.com.pk,4.3,46.0,55.0,People typically spend up to 30 min here,03-2025
887461d5f09f10a0b737b6787b19844a,Shell,Rawalpindi,Islamabad,"Islamabad Expy, Koral Town, Islamabad, 44000, Pakistan",44000.0,73.13640074,33.5986479,Transportation & Logistics,Fuel & Charging,Gas station,Open 24 hours,+92 334 5031502,find.shell.com,3.1,57.0,41.29,People typically spend up to 20 min here,03-2025
7871261caeb4268b3deac5047687294e,Taj Gasoline 45,UC-11 Garden East,Karachi,"Jehangir Rd, near Gurumandir Chowrangi, Jamshed town chowrangi, Karachi, 07483, Pakistan",7483.0,67.03733931,24.88300897,Transportation & Logistics,Fuel & Charging,Gas station,Open 24 hours,+92 306 0673367,tajgasoline.com,4.6,38.0,24.14,People typically spend up to 45 min here,03-2025
93d9d5ddcd2a01b5497dc02ad8234696,Shell,Saddar,Rawalpindi,"Sarwar Rd, Saddar, Rawalpindi, 46000, Pakistan",46000.0,73.05676117,33.59139856,Transportation & Logistics,Fuel & Charging,Gas station,Open 24 hours,+92 51 5568780,find.shell.com,4.4,167.0,40.71,People typically spend up to 10 min here,03-2025
d47e6e2cf36f81906365bbcf7ac7222b,Qasmi Filling Station Total Petrol Station,Sujawal,Sujawal,"SURVEY NO.168/1, DEH, & TALUKA SUJAWAL,SUJAWAL, Sujawal, 73050, Pakistan",73050.0,68.07097444,24.60302365,Transportation & Logistics,Fuel & Charging,Gas station,Open 24 hours,+92 300 7061223,totalparco.com.pk,3.9,118.0,46.86,People typically spend up to 1 hour here,03-2025
6a5ba7d02e9f150628bfd4ca8f9a47aa,SARHAD GASOLINE SERVICE- Total Petrol Station,Dera Ghazi Khan,Dera Ghazi Khan,"Rajanpur Rd. Basti Malana, D.G.Khan,D. G. KHAN, Dera Ghazi Khan, 32410, Pakistan",32410.0,70.63935131,29.87455688,Transportation & Logistics,Fuel & Charging,Gas station,Open 24 hours,+92 300 8746747,totalparco.com.pk,4.2,34.0,38.57,People typically spend up to 25 min here,03-2025
8a122b44b25630710d67efb0f3460373,Total Petrol Station,sardargarhi,Peshawar,"Sardar Garhi, Near Chamkani Chowk, G.T Road, Peshawar., sardargarhi, Peshawar, 25000, Pakistan",25000.0,71.63617596,34.01933213,Transportation & Logistics,Fuel & Charging,Gas station,Open 24 hours,+92 300 7504473,totalparco.com.pk,4.2,113.0,29.29,People typically spend up to 30 min here,03-2025
92092cadc01fc62aa7381400c0863a4b,Shell,Punjab,Lahore,"Tehsil, Lahore – Kasur Rd, Model Town, Lahore, 54770, Pakistan",54770.0,74.35490585,31.42256331,Transportation & Logistics,Fuel & Charging,Gas station,Open 24 hours,+92 321 8499126,find.shell.com,4.1,72.0,51.86,People typically spend up to 25 min here,03-2025
7569f68d087a5527824b872a41f4314a,Shell,Pakistan,Jamshoro,"Karachi - Hyderabad Motorway, Jamshoro, 76060, Pakistan",76060,68.22419929,25.37707494,Transportation & Logistics,Fuel & Charging,Gas station,Open 24 hours,+92 300 8243940,find.shell.com,3.8,147.0,49.57,People typically spend up to 25 min here,03-2025
694d400713b814d2160e3ec26d202f6c,Shell,Pakistan,Mīrpur Khās,"Mirpur Khas - Digri Rd Mirwah, Road, Mīrpur Khās, 69000, Pakistan",69000.0,69.01092428,25.45229575,Transportation & Logistics,Fuel & Charging,Gas station,Open 24 hours,+92 301 3987550,find.shell.com,3.9,15.0,20.71,People typically spend up to 45 min here,03-2025
0ad5aa54ff78e3bf21454c0e085bd2cb,Total PARCO Petrol Pump JINNAH PETROLEUM,UC-5 Nanak Wara,Karachi,"6/5, V269+H76 Hawk Street, Muhammad Ali Jinnah Rd, opp. Radio Pak, Boharpir, Karachi, 74000, Pakistan",74000,67.0155667,24.86138485,Transportation & Logistics,Fuel & Charging,Gas station,Open 24 hours,+92 302 2085905,totalparco.com.pk,4.1,355.0,44.57,People typically spend up to 25 min here,03-2025
69e0d25be5b1c687f1619449a261f981,KB Kamalia Filling Station- Total Petrol Station,Toba Tek Singh District,Kamalia,"Zia Rd, Zeeshan Colony, Kamalia, 36350, Pakistan",36350,72.64430564,30.73254982,Transportation & Logistics,Fuel & Charging,Gas station,Open 24 hours,+92 300 6917704,totalparco.com.pk,3.8,54.0,38.29,People typically spend up to 1 hour here,03-2025
58573315364fecb0be8632bc07d06f40,Dalmia Filling Station- Total Petrol Station,UC-7 Shanti Nagar,Karachi,"Near HQ SAC, Plot No 177 / PF/01, Stadium Rd, PAF, Karsaz, Karachi, Sindh, Shanti Nagar Karachi, 74200, Pakistan",74200,67.09743713,24.8971556,Transportation & Logistics,Fuel & Charging,Gas station,Open 24 hours,+92 300 6625447,totalparco.com.pk,3.8,244.0,48.0,People typically spend up to 25 min here,03-2025
27cb293c2c6def053a26af35cbdecb4f,RENALA KHURD SERVICE CENTRE- Total Petrol Station,Renala Khurd,Renala Khurd,"N-5, Renala Khurd, 56150, Pakistan",56150,73.61276586,30.88816167,Transportation & Logistics,Fuel & Charging,Gas station,Open 24 hours,+92 301 8697742,totalparco.com.pk,3.5,48.0,27.14,People typically spend up to 1.5 hours here,03-2025
ca92fb85d0384866393f06bf63ff7d5f,Attock - Jubilee Filling Station (Petrol Pump),Pakistan,Lahore,"1 Block C Rd, Block C Commercial Area Jubilee Town Housing Scheme, Lahore, 53720, Pakistan",53720,74.18178859,31.40755513,Transportation & Logistics,Fuel & Charging,Gas station,Open 24 hours,+92 322 4000430,apl.com.pk,4.1,71.0,55.71,People typically spend up to 25 min here,03-2025
fe440e5d8fed52019f865e2c86853527,Times Filling Station- Total Petrol Station,Punjab,Kot Abdul Malik,"11 km, Lahore - Sheikhupura - Faisalabad Rd, near کوٹ عبدالمالک, Kot Abdul Malik, 39250, Pakistan",39250,74.23780563,31.6216518,Transportation & Logistics,Fuel & Charging,Gas station,Open 24 hours,+92 302 8422313,totalparco.com.pk,4.0,217.0,34.86,People typically spend up to 30 min here,03-2025
204ee281d7772ebab94c40d56b29fa99,Al Raheem Filling Station,UC-5 Landhi,Karachi,"Zulfiqarabad, near PSO Terminal Bin Qasim, Karachi, 74200, Pakistan",74200,67.30329087,24.86711141,Transportation & Logistics,Fuel & Charging,Gas station,Open 24 hours,+92 302 8270698,totalparco.com.pk,3.9,25.0,39.86,People typically spend up to 45 min here,03-2025
19b5fa52f8821358143592abc0031d7b,AL-SARDAR PETROLEUM- Total Petrol Station,Saroki,Gujrat,"KM (1 0) ALI CHOWK, Spall Town, Gujrat, 50700, Pakistan",50700,74.08988354,32.58394253,Transportation & Logistics,Fuel & Charging,Gas station,Open 24 hours,+92 300 8627527,totalparco.com.pk,3.7,178.0,46.71,People typically spend up to 30 min here,03-2025
1fee642c0de9e826a5d905d869d9c899,DOST MUHAMMAD ENTERPRISES F/S- Total Petrol Station,Pakistan,Badin,"SURVEY NO.106 HYD-BADIN ROAD,BADIN, Badin, 72200, Pakistan",72200,68.8280218,24.67273444,Transportation & Logistics,Fuel & Charging,Gas station,Open 24 hours,+92 300 3070366,totalparco.com.pk,3.7,47.0,44.29,People typically spend up to 1 hour here,03-2025
10c2b7a260d4dffe35afd0533abff3c2,THREE STAR FILLING STATION- Total Petrol Station,Pakistan,Mansehra,"BAFA DO RAHA, AT KARAKORUM HIGHWAY MANSEHRA, N-35 Bandi Piran, Mansehra, 21300, Pakistan",21300.0,73.22479117,34.40796887,Transportation & Logistics,Fuel & Charging,Gas station,Open 24 hours,+92 306 8103750,totalparco.com.pk,3.9,44.0,41.43,People typically spend up to 1 hour here,03-2025
b2963c53977c1408f7914b2036b7d0b4,City Petrol Pump,Pakistan,Dera Ismail Khan,"NORTH CIRCULAR ROAD, Dera Ismail Khan, 29050, Pakistan",29050.0,70.8939453,31.83852854,Transportation & Logistics,Fuel & Charging,Gas station,Open 24 hours,+92 333 5484808,totalparco.com.pk,3.5,35.0,45.43,People typically spend up to 1.5 hours here,03-2025
c3635aa0522340073edfb83fc65e53a2,Town Filling Station- Total Petrol Station,Pakistan,Lahore,"Plot No. 15 & 15-A, Muslim Block, Allama Iqbal Town,near Scheme Morr, Lahore, Muslim Block Allama Iqbal Town, Lahore, 54570, Pakistan",54570.0,74.28040997,31.5228131,Transportation & Logistics,Fuel & Charging,Gas station,Open 24 hours,+92 323 4260317,totalparco.com.pk,4.0,73.0,37.14,People typically spend up to 30 min here,03-2025
ba1af1a38a93db7ed9ff0422caa7c329,GAMBAT CITY PETROLEUM SERVICE- Total Petrol Station,Pakistan,Gambat,"PLOT NO.2117, STATION ROAD, ,GAMBAT, Gambat, 66070, Pakistan",66070.0,68.52530318,27.35001027,Transportation & Logistics,Fuel & Charging,Gas station,Open 24 hours,+92 301 8315555,totalparco.com.pk,3.9,87.0,55.43,People typically spend up to 45 min here,03-2025
0abfffb26dbeb57507cb3c606a0ff217,Total PARCO Petrol Pump,UC-4 Gujjro,Karachi,"PROV-V1 ABDUL HASAN ISPHANI ROAD, Sohrab Katrak Road, Gulzar E Hijri Scheme 33, Karachi, 74200, Pakistan",74200.0,67.08858634,24.94838967,Transportation & Logistics,Fuel & Charging,Gas station,Open 24 hours,+92 307 2322216,totalparco.com.pk,3.9,579.0,53.0,People typically spend up to 20 min here,03-2025
05214a444a9031a523acf6e2c356dea1,Total Petrol Station - Canal Road,Punjab,Lahore,"Canal Bank Road, 4-KM from Thokar Niaz Baig, near Muhafiz Town, Lahore, 53700, Pakistan",53700.0,74.21493241,31.45532347,Transportation & Logistics,Fuel & Charging,Gas station,Open 24 hours,+92 321 4688322,totalparco.com.pk,3.9,441.0,48.71,People typically spend up to 25 min here,03-2025
7d264a484af04169ae06e29dadac9069,Total Parco Shujaat Service Station,Sindh,Karachi,"135-A STREET، 21 Khayaban-e-Shujaat, D.H.A Phase 6 Phase 6 Defence Housing Authority, Karachi, 75500, Pakistan",75500.0,67.05769754,24.79472761,Transportation & Logistics,Fuel & Charging,Gas station,Open 24 hours,+92 21 35340797,totalparco.com.pk,4.0,1284.0,47.86,People typically spend up to 15 min here,03-2025
98fcf611b289d52034b3db4fd568129c,SHELL Petrol Pump and select shop,Sialkot Metropolitan Area,Ugoki,"Sialkot - Wazirabad Dual Carriageway, Ugoki, 51310, Pakistan",51310.0,74.43356223,32.47851627,Transportation & Logistics,Fuel & Charging,Gas station,Open 24 hours,+92 800 743 55,shell.com.pk,3.5,82.0,46.0,People typically spend up to 20 min here,03-2025
2514a0d315bc8e4d78b7b5547375492b,Chaudhary FS Total Parco Pakistan Limited,Punjab,Lahore,"(Near Jamia Maki Mosque) Chuna Bhattian, Shalimar Link Road Lahore., Singhpura, Lahore, 54000, Pakistan",54000.0,74.37845342,31.57808465,Transportation & Logistics,Fuel & Charging,Gas station,Open 24 hours,+92 314 7613518,totalparco.com.pk,4.0,445.0,45.29,People typically spend up to 25 min here,03-2025
9e8d2236bc292b62d1871c2499d02818,Shell,Islamabad Capital Territory,Islamabad,"Kashmir Chowk, Murree Rd, Islamabad Club, Islamabad, 44000, Pakistan",44000.0,73.10218013,33.70863419,Transportation & Logistics,Fuel & Charging,Gas station,Open,+92 51 2876968,find.shell.com,3.6,51.0,57.86,People typically spend up to 15 min here,03-2025
a48c1ce2d29a57abca393b8215ed50d9,Total - Areeb Areel Filling Station,Punjab,Lahore,"13 KM Multan Rd, N-5 Amarkot, Lahore, 54000, Pakistan",54000.0,74.23131723,31.46862367,Transportation & Logistics,Fuel & Charging,Gas station,Open 24 hours,+92 345 8485109,totalparco.com.pk,4.1,1598.0,43.57,People typically spend up to 15 min here,03-2025
727d77f04e583cdd4ddff3c182635a01,Emman Filling Station- Total Petrol Station,Pakistan,Pattoki,"TPPL, Pattoki Bypass, Multan Road Pattoki, Pattoki, 55300, Pakistan",55300.0,73.85728665,31.04303617,Transportation & Logistics,Fuel & Charging,Gas station,Open 24 hours,+92 324 4078881,totalparco.com.pk,4.0,151.0,19.14,People typically spend up to 10 min here,03-2025
7133ca82e28bc6ede940b201d78a3ef3,Al-Moutee Filling Station- Total Petrol Station,Pakistan,Faisalabad,"1 Km Masjid Ismail Rd, Faisalabad, 38000, Pakistan",38000.0,73.07138816,31.45840139,Transportation & Logistics,Fuel & Charging,Gas station,Open 24 hours,+92 333 6558175,totalparco.com.pk,4.0,169.0,35.14,People typically spend up to 25 min here,03-2025
b68443c19fa444388cd4c95eca82cb43,Sultania Filling Station- Total Petrol Station,Pakistan,Jhang,"Total Parco Petrol pump, Garh More, Garh Maharaja, Distt Jhang, Jhang, 35200, Pakistan",35200,71.84292553,30.84548334,Transportation & Logistics,Fuel & Charging,Gas station,Open 24 hours,+92 300 7504473,totalparco.com.pk,4.2,119.0,47.43,People typically spend up to 1 hour here,03-2025
4f902d6ca97e37d88f67c803fd36a04d,Shell,UC-10 Pehalwan Goth,Karachi,"118 National Stadium Rd, Gulistan-e-Johar, Karachi, 75260, Pakistan",75260.0,67.1125197,24.90100426,Transportation & Logistics,Fuel & Charging,Gas station,Open 24 hours,+92 21 34985887,find.shell.com,3.8,244.0,35.57,People typically spend up to 1 hour here,03-2025
0db29629a3b22093b5b2443c4574bec4,Pakistan Bikers Rental & Workshop,Waris Khan,Rawalpindi,"K, 163 Zafar ul Haq Rd, Waris Khan Committee Mohalla Waris Khan, Rawalpindi, 46000, Pakistan",46000.0,73.06322814,33.61518179,Transportation & Logistics,Vehicle Rentals & Services,Motorcycle rental agency,Open,+92 311 4444022,pakistanbikers.com,4.6,64.0,54.43,People typically spend up to 1.5 hours here,03-2025
d89b49fc6e7ddb153d4b95d43277b202,Nasir Filling Station Pasrur (PSO),Sialkot,Pasrūr,"Sialkot Rd, Pasrūr, 51480, Pakistan",51480,74.65197727,32.26909064,Transportation & Logistics,Fuel & Charging,Gas station,Open 24 hours,+92 52 6441574,sites.google.com,3.9,72.0,34.29,People typically spend up to 45 min here,03-2025
62ff77e7e458e253b96bacbcca9aeaf6,Shell,منوں نگر,Wah Cantt,"Peshawar-Rawalpindi Road Gt Road Wah, Wah Cantt, 47000, Pakistan",47000,72.65871759,33.8235719,Transportation & Logistics,Fuel & Charging,Gas station,Open 24 hours,+92 300 4623729,find.shell.com,3.8,113.0,45.0,People typically spend up to 30 min here,03-2025
5846390ad54624424f969c13d2d5d616,Shell,Pakistan,Lahore,"Multan Rd, Cresent Town, Lahore, 54570, Pakistan",54570,74.25941877,31.49238755,Transportation & Logistics,Fuel & Charging,Gas station,Open,+92 335 0131321,find.shell.com,3.9,218.0,50.14,People typically spend up to 45 min here,03-2025
9cceb6757bab24dea05f15bd1678795f,HUSSNAIN PETROLEUM- Total Petrol Station,Sheikhupura,Sheikhupura,"SHEIKHUPURA-FAISALABAD ROAD FEROZWATWAN, Sheikhupura, 39350, Pakistan",39350,73.76287545,31.5863487,Transportation & Logistics,Fuel & Charging,Gas station,Open 24 hours,+92 300 4012777,totalparco.com.pk,4.1,42.0,50.29,People typically spend up to 30 min here,03-2025
88a133ba08ad1b7e34fa972bf9eb4540,Total Petrol Station,Pakistan,Lahore,"RAKH CHABEEL,LAHORE CANTT,G.T. ROAD NEAR POLICE STATION MUNAWAN, Bata Pur, Lahore, 54810, Pakistan",54810,74.46288747,31.59286817,Transportation & Logistics,Fuel & Charging,Gas station,Open 24 hours,+92 345 4175267,totalparco.com.pk,4.1,243.0,44.71,People typically spend up to 20 min here,03-2025
ef415085e50984453595806a773ff9f6,Asia One Petroleum Service- Total Petrol Station,Sadiqabad,Rahim Yar Khan,"KLP National Highway N-5 North Bound Tehsil Sadiqabad District Rahim Yar Khan, Sadiqabad Bypass, Rahim Yar Khan, 64200, Pakistan",64200,70.1460342,28.35048745,Transportation & Logistics,Fuel & Charging,Gas station,Open 24 hours,+92 313 5439966,totalparco.com.pk,4.0,133.0,51.29,People typically spend up to 1 hour here,03-2025
fc3b429b466a675c50af30717640a19f,Shell,UC-11 Dad Nagar,Karachi,"351 370 QATAR HOSPITAL ROAD, Sector 8 Orangi Town, Karachi, 71580, Pakistan",71580.0,67.0042196,24.94640432,Transportation & Logistics,Fuel & Charging,Gas station,Open 24 hours,+92 21 36698780,find.shell.com,4.5,10.0,35.71,People typically spend up to 45 min here,03-2025
7c623317479a36708f5bcc9daa0b51fe,Shell,Punjab,Lahore,"GT Rd, Khan Colony, Lahore, 54929, Pakistan",54929.0,74.39720747,31.58629495,Transportation & Logistics,Fuel & Charging,Gas station,Open 24 hours,+92 42 36543144,find.shell.com,3.6,50.0,47.71,People typically spend up to 45 min here,03-2025
fdd086f44cc136042afe412433766ec3,SHAH F/S- Total Petrol Station,Pakistan,Jehangīra,"GT Rd, Shaidu, Akora Khattak, Khyber Pakhtoonkhwa, Jehangīra, 23620, Pakistan",23620.0,72.19519576,33.97066777,Transportation & Logistics,Fuel & Charging,Gas station,Open 24 hours,+92 923 210380,totalparco.com.pk,3.8,56.0,29.14,People typically spend up to 30 min here,03-2025
c6b0641509a64b40c2653a77ba352063,Layyah Filling Station- Total Petrol Station,Pakistan,Layyah,"Chobara Road, near bypass choowk, Layyah, Layyah, 31200, Pakistan",31200.0,70.96130797,30.96680733,Transportation & Logistics,Fuel & Charging,Gas station,Open 24 hours,+92 606 414414,totalparco.com.pk,3.9,218.0,38.14,People typically spend up to 30 min here,03-2025
1ed2f1a801f00b8802966a7966e78ea5,Shell,Sindh,Ghotki,"N-5 287 National Hwy, Ghotki, 65010, Pakistan",65010.0,69.65918665,28.04360543,Transportation & Logistics,Fuel & Charging,Gas station,Open,+92 723 644500,find.shell.com,3.9,120.0,45.43,People typically spend up to 45 min here,03-2025
ea94490866475aad7e55b4552ae7d1ad,Shell,Pakistan,Hasilpur,"Hasilpur - Chishtian Rd, Hasilpur, 63000, Pakistan",63000.0,72.55643763,29.69864255,Transportation & Logistics,Fuel & Charging,Gas station,Open,+92 300 7852660,find.shell.com,3.9,120.0,53.43,People typically spend up to 30 min here,03-2025
eef1df7042efc3d63ffb996338b66299,Shell,UC-4 Matroville,Karachi,"Labour Square, Central Ave, Road, F-245, Karachi, 75730, Pakistan",75730.0,66.97682912,24.90650465,Transportation & Logistics,Fuel & Charging,Gas station,Open 24 hours,+92 21 32562087,find.shell.com,3.9,130.0,37.0,People typically spend up to 30 min here,03-2025
461d3fe716be78c8b6e8e9d3470ede15,Sadpara Filling Station - TOTAL Parco Petrol Pump,Quaidabad,Skardu,"Sharah e Quaid e Azam, near FE&MT Eye Care Center, Quaidabad, Skardu, 16100",16100.0,75.61494162,35.2900434,Transportation & Logistics,Fuel & Charging,Gas station,Open 24 hours,+92 355 9441588,totalparco.com.pk,4.3,29.0,29.71,People typically spend up to 4 hours here,03-2025
c719b90dd4dbf9b301b1cbcd927075b0,Four Star Petroleum- Total Petrol Station,Sarai Alamgir,Sarai Alamgir,"GT Road, Sarai Alamgir, 50000, Pakistan",50000,73.73659897,32.90497655,Transportation & Logistics,Fuel & Charging,Gas station,Open 24 hours,+92 300 8602736,totalparco.com.pk,4.1,140.0,42.86,People typically spend up to 20 min here,03-2025
6ce04800b438b57e3941f10331a4e53e,Tharparkar Filling Station - Total Petrol Station,Pakistan,Mīrpur Khās,"PLOT 96T099 SAMANABAD, KHIPRO CHOWK,MIRPUR KHAS, Mīrpur Khās, 69000, Pakistan",69000,69.02395536,25.5357585,Transportation & Logistics,Fuel & Charging,Gas station,Open 24 hours,+92 306 3316061,totalparco.com.pk,3.9,38.0,40.43,People typically spend up to 1.5 hours here,03-2025
ed50d814fb15f428ca848ae06dc0326d,TOTAL PARCO Gill Filling Station,Sialkot,Sialkot,"Sialkot Pasroor Road, Near Diska Moor, Pasroor, Sialkot, 51480, Pakistan",51480,74.65166381,32.27137464,Transportation & Logistics,Fuel & Charging,Gas station,Open 24 hours,+92 321 7404707,totalparco.com.pk,4.0,62.0,40.57,People typically spend up to 1.5 hours here,03-2025
d08c531a14abcea8ff42be0bce04cef3,Al Shakoor Sons Petroleum Service,Punjab,Chak No 6/AH,"Chak No 6/AH, 58180, Pakistan",58180,71.98810782,30.41044277,Transportation & Logistics,Fuel & Charging,Gas station,Open 24 hours,+92 344 3312000,facebook.com,4.8,6.0,42.71,People typically spend up to 2.5 hours here,03-2025
d46ca84191ed7f37d3e129655ec89203,Faizi Filling Station- Total Petrol Station,Pakistan,Lahore,"51-Mohallah Urdu Nagar, Mouza Nawan Kot, Samnaabad More, Gulshan-e-Ravi, Lahore, Gulfishan Colony, Lahore, 54000, Pakistan",54000.0,74.29033687,31.54559447,Transportation & Logistics,Fuel & Charging,Gas station,Open 24 hours,+92 321 8434585,totalparco.com.pk,4.0,183.0,35.86,People typically spend up to 45 min here,03-2025
1705ac320bca8e030aae5d7f09a59540,Attock Petroleum,Pakistan,Bahawalnagar,"Chishtian Rd, Bahawalnagar, 62300, Pakistan",62300.0,73.24443814,29.9933682,Transportation & Logistics,Fuel & Charging,Gas station,Open 24 hours,+92 331 6792733,facebook.com,4.0,131.0,55.0,People typically spend up to 30 min here,03-2025
33fe004c5b0aff4ca434417adf4f0c25,Total Petrol Station,Samundri Tehsil,Samundri,"Faisalabad - Samundri Rd, Samundri, 37300, Pakistan",37300,72.96806312,31.08672021,Transportation & Logistics,Fuel & Charging,Gas station,Open 24 hours,+92 333 6697442,totalparco.com.pk,3.9,24.0,31.43,People typically spend up to 15 min here,03-2025
d5ff3c2dbfc7fcc8b0e74afefd70648e,AL-KHAIR SERVICE STATION- Total Petrol Station,Karachi City,Karachi,"PP-I BLOCK 1 LANDHI,METROVILLE-III DISTRICT MALIR,KARACHI, Majeed Colony 2 Landhi Town, Karachi, 75840, Pakistan",75840,67.22960231,24.83643873,Transportation & Logistics,Fuel & Charging,Gas station,Open 24 hours,+92 300 8248117,totalparco.com.pk,3.8,29.0,40.14,People typically spend up to 45 min here,03-2025
14f5947fbe2d48530190846d15d8e5e2,Shell,Pakistan,Okara,"Lahore - Okara Rd, Okara, 56300, Pakistan",56300,73.45575893,30.80765451,Transportation & Logistics,Fuel & Charging,Gas station,Open 24 hours,+92 44 2526579,find.shell.com,4.0,86.0,26.86,People typically spend up to 45 min here,03-2025
647e9bc3235a75a4cc52b84050d1ebd2,Shell,Gadap Town,Karachi,"Karachi Northern Bypass, Phase 2, Karachi, 75330, Pakistan",75330,67.1798532,24.99901922,Transportation & Logistics,Fuel & Charging,Gas station,Open 24 hours,+92 21 35870443,find.shell.com,4.0,48.0,34.57,People typically spend up to 1 hour here,03-2025
f0e280c23afa6c683deed888b48817d8,AL-AHMAD F/S- Total Petrol Station,Pakistan,Jalalpur Jattan,"SHAHBAZPUR ROAD KULLA CHAUR, Jalal Pur Jattan, Gujrat, Jalalpur Jattan, 50700, Pakistan",50700,74.22446033,32.63177611,Transportation & Logistics,Fuel & Charging,Gas station,Open,+92 345 6888987,totalparco.com.pk,4.3,31.0,36.0,People typically spend up to 1 hour here,03-2025
e3449e6678ef486ea1d22ade5e48ad48,Faiz Petroleum Service- Total Petrol Station,Pakistan,Bahawalpur,"Faizabad Colony Near Jamia Masjid Mehria Multan road Bahwalpur, Bahawal Pur., Bahawalpur, 63100, Pakistan",63100,71.66622889,29.41777067,Transportation & Logistics,Fuel & Charging,Gas station,Open 24 hours,+92 62 2882070,totalparco.com.pk,3.8,148.0,47.57,People typically spend up to 25 min here,03-2025
55803c039f1455a34fba54a294c221df,Shell,Pakistan,Kohat,"Kohat - Fateh Jang Rd, Kohat, 26080, Pakistan",26080,71.61651719,33.51170826,Transportation & Logistics,Fuel & Charging,Gas station,Open 24 hours,+92 922 560606,find.shell.com,3.4,22.0,36.57,People typically spend up to 3 hours here,03-2025
4acbe62b33476154a48aa65734d36976,Al Madina Traders Total Parco Petrol Station,Sindh,Hyderabad,"PLOT NO.30 R.S. 182, DEH SERI, WADHO WAH ROAD, near EID GAH, QASIMABAD Qasimabad, Hyderabad, 71100, Pakistan",71100.0,68.33871137,25.38841241,Transportation & Logistics,Fuel & Charging,Gas station,Open 24 hours,+92 321 9272488,totalparco.com.pk,3.7,120.0,45.71,People typically spend up to 20 min here,03-2025
56ad32b513048205a7f23b3fec296dab,NAWAB FILLING STATION- Total Petrol Station,Punjab,Fateh Jhang,"KHOR FATEH JHANG ROAD SUKHWAL, Fateh Jhang, 43350, Pakistan",43350.0,72.5629153,33.33181152,Transportation & Logistics,Fuel & Charging,Gas station,Open 24 hours,+92 324 2222622,totalparco.com.pk,4.2,65.0,45.0,People typically spend up to 1.5 hours here,03-2025
61babb4da3703d7c54c0581ac7190b33,Total Parco Petrol Pump,Sindh,Karachi,"Plot No. 251 Beach Avenue, Street No. 3, D.H.A. Phase 8 Zone A Phase 8 Defence Housing Authority, Karachi, 75500, Pakistan",75500.0,67.06090332,24.76948369,Transportation & Logistics,Fuel & Charging,Gas station,Open 24 hours,+92 21 35251604,totalparco.com.pk,3.8,412.0,43.43,People typically spend up to 20 min here,03-2025
64263a6bd4f5bc2c3a38794a91d0fe50,Shell,Tehkal Payan I,Peshawar,"Grand Trunk Rd Jamrud, Road Khyber Rd, Tehkal, Peshawar, 25000, Pakistan",25000.0,71.52435987,34.00696073,Transportation & Logistics,Fuel & Charging,Gas station,Open 24 hours,+92 91 9216592,find.shell.com,3.8,185.0,37.0,People typically spend up to 15 min here,03-2025
4301efb37729ce5c3978e89ff7b090b3,Shell,Punjab,Faisalabad,"Samundri Road, Samanabad, Faisalabad, 38001, Pakistan",38001.0,73.07274892,31.39255834,Transportation & Logistics,Fuel & Charging,Gas station,Open 24 hours,+92 300 5179486,find.shell.com,4.2,30.0,33.0,People typically spend up to 30 min here,03-2025
a12b09bbf3c417b52c8f81d311f5f235,Attock Petrol Pump,Sehwān,Mehar,"N55, Mehar, 76330, Pakistan",76330.0,67.8632421,26.39345792,Transportation & Logistics,Fuel & Charging,Gas station,Open 24 hours,+92 345 9272299,apl.com.pk,4.0,58.0,21.86,People typically spend up to 30 min here,03-2025
c7baf7e0bbf74df2cb3253a9264cd28a,FEMTECH PETROLEUM- Total Petrol Station,Sheikhupura,Sheikhupura,"5-KMS SHEIKHUPURA-LHR ROAD CH MILL STOP, NEAR ICI, Sheikhupura, 39350, Pakistan",39350.0,74.04634914,31.69373098,Transportation & Logistics,Fuel & Charging,Gas station,Open 24 hours,+92 300 8839431,totalparco.com.pk,4.2,13.0,44.57,People typically spend up to 45 min here,03-2025
679ecb425a60b7377ace18839c365bba,Usman Filling Station- Total Petrol Station,Pakistan,Mandi Bahauddin,"Between 2 & 3 Km Mandi Bahuddin, Sargodha Road, Mandi Bahauddin., Mandi Bahauddin, 50400, Pakistan",50400.0,73.47314267,32.56732646,Transportation & Logistics,Fuel & Charging,Gas station,Open 24 hours,+92 333 5101732,totalparco.com.pk,4.2,115.0,43.86,People typically spend up to 30 min here,03-2025
bd6b275ca6f961e9ecacf2d25c65aac5,Ideal Filling Station- Total Petrol Station,Sheikhupura,Sheikhupura,"6 Km, Lahore Rd, Model Town Housing Colony, Sheikhupura, 54700, Pakistan",54700.0,74.02300372,31.70162544,Transportation & Logistics,Fuel & Charging,Gas station,Open 24 hours,+92 56 3792734,totalparco.com.pk,4.1,431.0,46.57,People typically spend up to 20 min here,03-2025
319c5e08588ffa340efae39e501e2074,Shell,Pakistan,Larkana,"VIP Rd, Indus Hwy, Larkana, 77150, Pakistan",77150.0,68.20104973,27.56373289,Transportation & Logistics,Fuel & Charging,Gas station,Open 24 hours,+92 74 4059171,find.shell.com,3.9,71.0,55.14,People typically spend up to 20 min here,03-2025
6fd1a7a2eb0cf3e559488fae82d92401,UMAIR WARRAICH FILLING STATION- Total Petrol Station,Sadiqabad,Sadiqabad,"KM 628-629 MACHI GOTH, N-5, KLP Road Nera FFC Chowk SADIQABAD, Sadiqabad, 64450, Pakistan",64450.0,70.04903372,28.28561085,Transportation & Logistics,Fuel & Charging,Gas station,Open 24 hours,+92 300 8385160,totalparco.com.pk,4.0,92.0,45.71,People typically spend up to 2.5 hours here,03-2025
b0b2b455a3b3383c79db4b9a4bec6d4b,Shell,Taxila,Rawalpindi,"Street No. 35, Rawalpindi, 43731, Pakistan",43731.0,72.7271033,33.83868273,Transportation & Logistics,Fuel & Charging,Gas station,Open 24 hours,+92 312 5312886,find.shell.com,3.6,42.0,36.0,People typically spend up to 30 min here,03-2025
68d553ae1102323c98f159d608751afb,Al Shehbaz Filling Station - Total Petrol Station,Pakistan,Mīrpur Khās,"AKASH FERTILIZERS AGENCY, KHIPRO CHOWK ,MIRPUR KHAS, Mīrpur Khās, 69000, Pakistan",69000.0,69.0244136,25.53602848,Transportation & Logistics,Fuel & Charging,Gas station,Open 24 hours,+92 300 8600565,totalparco.com.pk,3.7,124.0,55.14,People typically spend up to 25 min here,03-2025
47861f62369b735f1106855028b62c83,FAROOQ SAEED PETROLEUM SERVICE- Total Petrol Station,Punjab,Faisalabad,"SADIQ SARWARI ROAD, OPPOSITE, Kohinoor City Madina Town (Extension), Faisalabad, 38860, Pakistan",38860.0,73.11169738,31.41454947,Transportation & Logistics,Fuel & Charging,Gas station,Open 24 hours,+92 300 8656898,totalparco.com.pk,3.9,154.0,45.29,People typically spend up to 30 min here,03-2025
03359eb57e8878758efed8335efa5552,Shell,Rawalpindi Tehsil,Rawalpindi,"CMH Rd, Rawalpindi, 46000, Pakistan",46000.0,73.04315098,33.58888975,Transportation & Logistics,Fuel & Charging,Gas station,Open,+92 300 5332970,find.shell.com,4.2,473.0,49.71,People typically spend up to 30 min here,03-2025
d87590e368a326a945704c1903e10dff,Narang Filling Station- Total Petrol Station,Punjab,Narang,"in between 23 to 25 km muridkay narowal road, Narang, Narang, 39050, Pakistan",39050.0,74.48500395,31.91774032,Transportation & Logistics,Fuel & Charging,Gas station,Open 24 hours,+92 321 9486218,totalparco.com.pk,3.5,72.0,41.86,People typically spend up to 30 min here,03-2025
81a16fb1687e0b1b4497283df3b723b2,Chaudhry Petroleum - Total PARCO Petrol Station,Pakistan,Sahiwal,"SAHIWAL - QABULA - ARIFWALA ROAD, OLD MILE # 28 FURLANG 6, CITY ROAD, Sahiwal, 57480, Pakistan",57480.0,73.05428229,30.29700636,Transportation & Logistics,Fuel & Charging,Gas station,Open 24 hours,+92 321 6999052,totalparco.com.pk,4.0,177.0,38.29,People typically spend up to 30 min here,03-2025
16555200fa52e0f38d309e10b05400b2,Shell,Pakistan,Kasur,"Depal Pur Rd, Kasur, 55051, Pakistan",55051.0,74.26678156,30.97896412,Transportation & Logistics,Fuel & Charging,Gas station,Open 24 hours,+92 49 2791036,shell.com.pk,3.8,91.0,41.0,People typically spend up to 45 min here,03-2025
fa68519c52e5c92e1054f5a19d4f6f30,Total Parco Petroleum,Rawalpindi,Gujar Khan,"5KM SHORT GUJAR KHAN MAIN GT ROAD, GT Rd, Gujar Khan, 47850, Pakistan",47850.0,73.28368426,33.27957055,Transportation & Logistics,Fuel & Charging,Gas station,Open 24 hours,+92 300 8501675,totalparco.com.pk,4.0,207.0,33.71,People typically spend up to 10 min here,03-2025
1ff6e50a3fbc9a906e59c0d297c5cc98,SOOFI WARIS PETROLEUM SERVICE- Total Petrol Station,Tando Ghulām Ali,Tando Ghulam Ali,"SURVEY 48/2, DEH DUMBHALO DIGRO ROAD,TANDO GHULAM ALI, Tando Ghulam Ali, 72050, Pakistan",72050.0,68.88630178,25.12911735,Transportation & Logistics,Fuel & Charging,Gas station,Open 24 hours,+92 345 8279996,totalparco.com.pk,4.1,17.0,40.0,People typically spend up to 45 min here,03-2025
6c05fb1e5d5bb9a16eb810f2b30f72f1,Shell,South Asia,Swat,"Kathar Road Swat Road, Saidu Sharif Rd, Swat, 19120",19120.0,73.66610862,33.34400916,Transportation & Logistics,Fuel & Charging,Gas station,Open 24 hours,+92 300 5740034,find.shell.com,4.1,113.0,43.29,People typically spend up to 25 min here,03-2025
18b2765d20dd25ac8078d22a6392a8fd,Elite Filling Station- Total Petrol Station,Pakistan,Faisalabad,"P-29, Millat Road, Faisalabad., Noorpur, Faisalabad, 38000, Pakistan",38000.0,73.09494148,31.44977635,Transportation & Logistics,Fuel & Charging,Gas station,Open 24 hours,+92 300 8262908,totalparco.com.pk,3.8,45.0,39.71,People typically spend up to 45 min here,03-2025
039a754c7947a82528f9440afef3a910,SYED PETROLEUM- Total Petrol Station,Pakistan,Faisalabad,"Jhumra Rd, Mansoorabad, Faisalabad, 38000, Pakistan",38000.0,73.11124687,31.43775128,Transportation & Logistics,Fuel & Charging,Gas station,Open 24 hours,+92 41 8530258,totalparco.com.pk,3.7,149.0,44.0,People typically spend up to 45 min here,03-2025
e3f8b071b56aef9228a34b095cca909c,SHEERAZ TRUCKING STATION- Total Petrol Station,Sheikhupura,Sheikhupura,"7KM SHEIKHUPURA SARGODHA ROAD, Sheikhupura, 39350, Pakistan",39350.0,73.88887659,31.73512831,Transportation & Logistics,Fuel & Charging,Gas station,Open 24 hours,+92 56 3540000,totalparco.com.pk,4.1,64.0,48.71,People typically spend up to 30 min here,03-2025
59ba047aa4e5aaf21523b52b1a3a215d,Total Parco Pump,Renala Khurd,Chak 17/1.AL,"Khasra No 21/7, Khewat No 2/2, Khatooni No 16-38, Multan Rd, Umerabad, Chak 17/1.AL, 55300, Pakistan",55300.0,73.70036361,30.93089094,Transportation & Logistics,Fuel & Charging,Gas station,Open 24 hours,+92 321 8922222,totalparco.com.pk,4.2,216.0,41.86,People typically spend up to 25 min here,03-2025
4ce136b5b3866b128f8d9e05e4b4cb93,Shell,Renala Khurd,Renala Khurd,"Renala Khurd Road, N5 Lahore Rd, 56150, Pakistan",56150.0,73.5928802,30.87849971,Transportation & Logistics,Fuel & Charging,Gas station,Open 24 hours,+92 300 7955170,find.shell.com,3.6,88.0,41.14,People typically spend up to 25 min here,03-2025
4815bc393a6acc962ba8dc232bc92a1f,Total Petrol Station - Ittehad Petroleum,Punjab,Lahore,"13 Km Multan Rd, Amarkot Lahore, 54000, Pakistan",54000.0,74.21929631,31.46043257,Transportation & Logistics,Fuel & Charging,Gas station,Open 24 hours,+92 333 4113335,totalparco.com.pk,4.0,330.0,42.57,People typically spend up to 25 min here,03-2025
8aefa77211145953f2696dc3597de053,Shell,Pakistan,Abbottabad,"Havelian Road, N-35, Abbottabad, 22630, Pakistan",22630,73.14754497,34.06045061,Transportation & Logistics,Fuel & Charging,Gas station,Open 24 hours,+92 992 333965,find.shell.com,3.9,153.0,37.71,People typically spend up to 30 min here,03-2025
58c61225c932f06bf14108abf62f69eb,Total Petrol Station,Punjab,Narowal,"In b/w 5-6 KM from Narowal situated at Mouza Jamma, Tehsil & District, ,, Narowal, Usman Trade City, Narowal, 51600, Pakistan",51600,74.86116835,32.10950358,Transportation & Logistics,Fuel & Charging,Gas station,Open 24 hours,+92 542 510400,totalparco.com.pk,4.0,153.0,33.29,People typically spend up to 25 min here,03-2025
71779b276b5a9add76f60e8f9d4ef15a,NEW SARHAD TRUCKING STATION- Total Petrol Station,Pakistan,Bahawalpur,"Ahmedpur East Road, Dera Masti, N5,BAHAWALPUR, Bahawalpur, 63100, Pakistan",63100,71.55988854,29.32248417,Transportation & Logistics,Fuel & Charging,Gas station,Open 24 hours,+92 300 9663697,totalparco.com.pk,4.2,103.0,39.43,People typically spend up to 30 min here,03-2025
42d9c807f9b5a8fbf3dafe977db80812,Total PARCO Petrol Pump,Taxila Tehsil,Taxila,"CHOWK SERAI KALA, Main GT ROAD , Taxila, Taxila, 47080, Pakistan",47080,72.79944533,33.73616045,Transportation & Logistics,Fuel & Charging,Gas station,Open 24 hours,+92 300 8542282,totalparco.com.pk,4.3,333.0,42.71,People typically spend up to 45 min here,03-2025
f67c88c2bc9153f39e22066b238d24fd,Shell,Islamabad Capital Territory,Islamabad,"Service Rd E, F-10 Markaz F 10/4 F-10, Islamabad, 44000, Pakistan",44000,73.01256831,33.69349875,Transportation & Logistics,Fuel & Charging,Gas station,Open 24 hours,+92 51 2296949,find.shell.com,3.5,263.0,52.43,People typically spend up to 45 min here,03-2025
e6848c00cad42d0cbf964520542c515f,Shell,Sindh,Hyderabad,"Jamshoro Rd, Gulistan-e-Sajjad Qasimabad, Hyderabad, 70011, Pakistan",70011,68.34283225,25.41990214,Transportation & Logistics,Fuel & Charging,Gas station,Open 24 hours,+92 22 3667778,find.shell.com,3.9,489.0,43.86,People typically spend up to 45 min here,03-2025
b6ecdf994c03465025f17f292b1abea7,Shell,Khyber Pakhtunkhwa,Peshawar,"Peshawar Ring Rd., Adeera, Peshawar, 25111, Pakistan",25111,71.46667667,33.97544778,Transportation & Logistics,Fuel & Charging,Gas station,Open,+92 91 5815723,find.shell.com,3.9,168.0,48.57,People typically spend up to 30 min here,03-2025
0cf9ad19973e08e16abe0c07f8555de3,Shell,UC-4 Gujjro,Karachi,"2 Karachi - Hyderabad Motorway Main, Karachi - Hyderabad Motorway, 75330, Pakistan",75330.0,67.09602383,24.95623779,Transportation & Logistics,Fuel & Charging,Gas station,Open,+92 21 32760717,find.shell.com,3.9,323.0,55.86,People typically spend up to 25 min here,03-2025
f8085376b15b79f4d3ca45fd00d518b2,HASCOL Petrol Pump,Punjab,Kāmoke,"Khasra No 265, Khewat No 493, Khatooni No 919, N5, Pak Town, Main GT Rd, Pak Town, Kāmoke, 52470, Pakistan",52470.0,74.21764568,31.99003742,Transportation & Logistics,Fuel & Charging,Gas station,Open 24 hours,+92 321 9450786,hascol.com,3.9,201.0,48.57,People typically spend up to 30 min here,03-2025
4c410629a171ec09b326d1bb52341633,Al-Aziz Filling Station- Total Petrol Station,Qila Didar Singh,Gujranwala,"Gujranwala - Hafizabad road Qila Didar Singh., Gujranwala, 52330, Pakistan",52330.0,74.02095416,32.13471165,Transportation & Logistics,Fuel & Charging,Gas station,Open 24 hours,+92 300 4229402,totalparco.com.pk,3.8,47.0,49.86,People typically spend up to 45 min here,03-2025
957ac8fc9ad9ce7b3f90f98409f915b1,FAISAL TRUCKING STATION- Total Petrol Station,Rajoa,Chiniot,"FAISALABAD-CHINIOT ROAD,NEAR MADINA SUGAR MILL,CHINIOT, Sargodha Road, Chiniot, 35400, Pakistan",35400.0,73.01644282,31.6332428,Transportation & Logistics,Fuel & Charging,Gas station,Open 24 hours,+92 321 8666014,totalparco.com.pk,3.5,15.0,30.29,People typically spend up to 15 min here,03-2025
3402c76ec519e854b6874796f7793be1,Shell,UC-4 Baba Bhitt,Karachi,"PP-1, Hawksbay Rd, Mauripur, Karachi, 75760, Pakistan",75760,66.95478227,24.86992357,Transportation & Logistics,Fuel & Charging,Gas station,Open,+92 21 32353881,find.shell.com,4.0,77.0,42.86,People typically spend up to 45 min here,03-2025
efdc30c5a4bad395dcc386782d2708d2,AL-MASOOD PETROLEUM- Total Petrol Station,South Asia,Dadyal,"BAHALOTE CHOWK-DADAYAL, Dadyal, 10530",10530,73.66721815,33.34354436,Transportation & Logistics,Fuel & Charging,Gas station,Open 24 hours,+92 345 8559898,totalparco.com.pk,4.3,46.0,39.14,People typically spend up to 1 hour here,03-2025
e11e1b091c29b90acdb552e537864ab9,FARMS FUEL- Total Petrol Station,Pakistan,Faisalabad,"REHMAN SOCIETY, 121/JB ,MILLAT ROAD,FAISALABAD, Millat Rd, New Green Town, Faisalabad, 38000, Pakistan",38000,73.10058881,31.46610533,Transportation & Logistics,Fuel & Charging,Gas station,Open 24 hours,+92 41 8845309,totalparco.com.pk,4.4,133.0,35.43,People typically spend up to 25 min here,03-2025
25fed331052cc4472147c6dcafde0413,Dildar Filling Station- Total Petrol Station,Pakistan,Faisalabad,"Total Parco Petrol pump, 40 More, Jaranwala,Faisalabad, Faisalabad, 38000, Pakistan",38000,73.42025495,31.32473749,Transportation & Logistics,Fuel & Charging,Gas station,Open 24 hours,+92 345 7357046,totalparco.com.pk,3.5,58.0,38.0,People typically spend up to 2.5 hours here,03-2025
2368d9240647c2be88cb320e8412c59b,ISLAMABAD FILLING STATION- Total Petrol Station,Pakistan,Pakpattan,"DEHLI - MULTAN ROAD, ARIFWALA - PAKPATTAN SECTION, Pakpattan, 57400, Pakistan",57400,73.16610655,30.3415035,Transportation & Logistics,Fuel & Charging,Gas station,Open 24 hours,+92 344 5151151,totalparco.com.pk,4.2,21.0,39.29,People typically spend up to 1 hour here,03-2025
3b54fa1bb1792df1c9c3ab98d4b60c16,Shell,Punjab,Multan,"Katchehry Road, opposite Five star electronic plus, Mohalla Kotla Tollay Khan, Multan, 60000, Pakistan",60000.0,71.46151995,30.20050495,Transportation & Logistics,Fuel & Charging,Gas station,Open 24 hours,+92 61 4783617,find.shell.com,3.8,84.0,48.86,People typically spend up to 45 min here,03-2025
a417bca7174ea44349298664252656bf,Indus Filling Station- Total Petrol Station,Dera Ghazi Khan,Dera Ghazi Khan,"Jampur Road, Basti Malam, 24 KM from D.G. Khan , Indus Highway ., Dera Ghazi Khan, 32200, Pakistan",32200.0,70.62991222,29.84608062,Transportation & Logistics,Fuel & Charging,Gas station,Open 24 hours,+92 300 8731112,totalparco.com.pk,4.2,343.0,61.0,People typically spend up to 25 min here,03-2025
ef5633affd66dfb4c334cdca67f7f49a,TEHSIN-1 Filling & CNG STATION,Pakistan,Khairpur,"Babarloi Bypass, Khairpur, 66020, Pakistan",66020.0,68.83695252,27.65174373,Transportation & Logistics,Fuel & Charging,Gas station,Open 24 hours,+92 301 3435005,totalparco.com.pk,3.7,91.0,48.86,People typically spend up to 45 min here,03-2025
8dd54fb9e6bfc625cbca203988b61a0f,Total Parco Filling Station,Pakistan,Lahore,"Near Children Hospital, Opposite Arfa Technology Park, Ferozepur Road Lahore., Nishtar Town, Lahore, 54600, Pakistan",54600.0,74.34078454,31.47755575,Transportation & Logistics,Fuel & Charging,Gas station,Open 24 hours,+92 42 35917931,totalparco.com.pk,3.8,374.0,49.71,People typically spend up to 25 min here,03-2025
097c0c71c68d97c94aab7e815fa54686,G.M Petroleum- Total Petrol Station,Punjab,Gujranwala,"Near Bus Stand, G.T. Rd, Model Town, Gujranwala, 52250, Pakistan",52250,74.18304136,32.17062923,Transportation & Logistics,Fuel & Charging,Gas station,Open 24 hours,+92 55 3732201,totalparco.com.pk,3.9,198.0,38.14,People typically spend up to 30 min here,03-2025
decaec2fc7dd5d13b700769a95827119,Speedway Filling Station- Total Petrol Station,Sargodha,Sargodha,"Total Parco Petrol Pump, University/College Road,Opposite D I G House, Sargodha, Sargodha, 40100, Pakistan",40100,72.66937765,32.07815747,Transportation & Logistics,Fuel & Charging,Gas station,Open 24 hours,+92 300 2617818,totalparco.com.pk,4.0,201.0,45.5,People typically spend up to 25 min here,03-2025
5eb01ffcfcc863ecba03c2bbb2909bfe,ARHAM SERVICE CENTRE- Total Petrol Station,Pakistan,Pākpattan,"Baba Farid Chowk, Sahiwal Road, Pākpattan, 57400, Pakistan",57400.0,73.36229151,30.36518859,Transportation & Logistics,Fuel & Charging,Gas station,Open 24 hours,+92 457 372548,totalparco.com.pk,4.0,268.0,52.43,People typically spend up to 20 min here,03-2025
87c798a8e53a7a87d9bc5ee1dbece80e,Shell,Saddar,Rawalpindi,"Sarwar Rd, Saddar, Rawalpindi, 46000, Pakistan",46000.0,73.05675875,33.59126626,Transportation & Logistics,Fuel & Charging,Gas station,Open 24 hours,+92 51 5571334,find.shell.com,4.4,2718.0,42.29,People typically spend up to 15 min here,03-2025
331b0dd75a99520db83df854c2c207f5,Paris Filling Station- Total Petrol Station,Punjab,Gujranwala,"Moor Aiman Abad, GT Rd, Eminabad, Gujranwala, 52250, Pakistan",52250.0,74.20745893,32.04574558,Transportation & Logistics,Fuel & Charging,Gas station,Open 24 hours,+92 55 3264630,totalparco.com.pk,4.0,220.0,32.86,People typically spend up to 15 min here,03-2025
99ae79288ceb539000f4fdf5460bf0f4,Shell,Pakistan,Jalalpur Pirwala,"Multan Rd, Jalalpur Pirwala, 59250, Pakistan",59250.0,71.24243958,29.62807778,Transportation & Logistics,Fuel & Charging,Gas station,Open,+92 331 4242094,find.shell.com,4.4,25.0,54.14,People typically spend up to 45 min here,03-2025
37fd9630aa59065a8eb70f615f3047be,AL-HAMD PETROLEUM SERVICES- Total Petrol Station,Shāhdādpur,Shāhdādpur,"Shahdadpur - Nawabshah Rd, Shāhdādpur, 68030, Pakistan",68030.0,68.61515632,25.92889712,Transportation & Logistics,Fuel & Charging,Gas station,Open 24 hours,+92 301 3451122,totalparco.com.pk,4.1,50.0,47.29,People typically spend up to 1 hour here,03-2025
a778efd69da71ecb12fa8a760b6ef23a,Malik's Star Filling Station- Total Petrol Station,Sialkot,Narowal,"1.9 KM, Circular Road, Tehsil & Dist. Narowal, Narowal, 51600, Pakistan",51600.0,74.5682751,32.49700062,Transportation & Logistics,Fuel & Charging,Gas station,Open 24 hours,+92 321 6106829,totalparco.com.pk,3.9,91.0,48.57,People typically spend up to 45 min here,03-2025
8b9282ff9b38dfe6c464a18467bb0f40,Mehar Petroleum — Total Petrol Station,Pakistan,Jhelum,"ROHTAS ROAD, DHOKE MUNAWAR CHOWK, Jhelum, 49600, Pakistan",49600.0,73.62086153,32.95649145,Transportation & Logistics,Fuel & Charging,Gas station,Open 24 hours,+92 342 5720230,totalparco.com.pk,4.3,20.0,33.71,People typically spend up to 30 min here,03-2025
0cebd7aa4a640772d968cb77c7e0dab0,RAJA SONS PETROLEUM Total,Punjab,Chichawatni,"KM # 1062, NATIONAL HIGHWAY (N-5), Chichawatni Bypass,, Bypass, Chichawatni, 57200, Pakistan",57200.0,72.69389766,30.51929214,Transportation & Logistics,Fuel & Charging,Gas station,Open 24 hours,+92 300 8693821,totalparco.com.pk,4.0,149.0,28.71,People typically spend up to 2.5 hours here,03-2025
ee19e2a1f624b5753a06b4711973aa90,Shell,Pakistan,Chappargram,"N35 Karakurm Highway, 21111, Pakistan",21111.0,73.04971677,34.65980391,Transportation & Logistics,Fuel & Charging,Gas station,Open 24 hours,+92 997 310309,find.shell.com,4.2,41.0,42.43,People typically spend up to 4 hours here,03-2025
36f075399b7fc514e44937872d527c89,Al-Ghafoor Filling Station- Total Petrol Station,Timergara,Batkhela,"Gulabad Chakdara Lower Dir, Batkhela, 18800, Pakistan",18800.0,72.02805496,34.69450977,Transportation & Logistics,Fuel & Charging,Gas station,Open 24 hours,+92 300 8262908,totalparco.com.pk,4.1,66.0,37.57,People typically spend up to 30 min here,03-2025
3109653c3bb2dacbe1f3d96f97b080f1,Shell,Punjab,Faisalabad,"Dijkot Rd, Gao Shala 38 Block A, Faisalabad, 38001, Pakistan",38001.0,73.07025189,31.40608624,Transportation & Logistics,Fuel & Charging,Gas station,Open 24 hours,+92 41 2640534,find.shell.com,3.8,215.0,40.57,People typically spend up to 30 min here,03-2025
6714f2d9fc57a6198154083719aafd22,Shell,Islamabad Capital Territory,Islamabad,"Kalabagh - Nathia Gali Rd, Block B Multi Gardens B-17, Islamabad, 45211, Pakistan",45211.0,72.83802549,33.68536635,Transportation & Logistics,Fuel & Charging,Gas station,Open,+92 51 2296045,find.shell.com,3.8,366.0,51.86,People typically spend up to 30 min here,03-2025
ad1fb786fa404882381314e3a40c2a86,Shell,Rahim Yar Khan,Rahim Yar Khan,"National Highway 5 5 KLP Rd, N-5, Rahim Yar Khan, 64200, Pakistan",64200.0,70.26539745,28.54154279,Transportation & Logistics,Fuel & Charging,Gas station,Open,+92 68 5678055,find.shell.com,4.3,37.0,35.71,People typically spend up to 25 min here,03-2025
b5aa03e9af4c026c151be1661737bd01,Al-Madina Filling Station- Total Petrol Station,Sargodha,Sargodha,"""Total Parco Petrol pump Lalazar town#1,Chak # 46 inbetween 4-5 Km From Sargodha, Lala Zar Town Lalazar Town, Sargodha, 40100, Pakistan",40100.0,72.7091976,32.05722228,Transportation & Logistics,Fuel & Charging,Gas station,Open 24 hours,+92 301 8604747,totalparco.com.pk,3.8,98.0,40.8,People typically spend up to 15 min here,03-2025
a9784cbdd80c7674547313461a79aeb5,NATIONAL PETROLEUM - GOJRA- Total Petrol Station,Punjab,Gojra,"Painsara - Gojra Rd, Gojra, 50500, Pakistan",50500.0,72.70458874,31.18643443,Transportation & Logistics,Fuel & Charging,Gas station,Open 24 hours,+92 300 8666737,totalparco.com.pk,4.0,109.0,36.71,People typically spend up to 30 min here,03-2025
b733ec54491cce292f5268ae09a20d87,Tanoli CNG (Tanoli Filling Station)- Total Petrol Station,Pakistan,Hattar,"Hattar industrial estate, Hattar Industrial Estate, Hattar, 22610, Pakistan",22610.0,72.8483351,33.88562667,Transportation & Logistics,Fuel & Charging,Gas station,Open 24 hours,+92 300 5627926,totalparco.com.pk,4.2,90.0,41.29,People typically spend up to 25 min here,03-2025
c980435ae04e570a35aa23a9aa753373,Shell,Sargodha,Sargodha,"Gujrat - Sargodha Rd, Sargodha, 40210, Pakistan",40210.0,72.65495349,32.09116891,Transportation & Logistics,Fuel & Charging,Gas station,Open 24 hours,+92 48 3720876,find.shell.com,4.3,32.0,37.71,People typically spend up to 30 min here,03-2025
d9e22adc4527228aa8562ca65d6c3e39,Hascol Petrol Pump,Rawalpindi,Islamabad,"Service Rd E, Sohan, Islamabad, 44000, Pakistan",44000,73.09646979,33.65175733,Transportation & Logistics,Fuel & Charging,Gas station,Open 24 hours,+92 333 5581720,hascol.com,4.1,540.0,42.57,People typically spend up to 25 min here,03-2025
a0ab96a379b8ce3e95b58eff63f77383,Shell,Pakistan,Faisalabad,"Jaranwala Rd, Dhuddi Wala, Faisalabad, 38001, Pakistan",38001,73.12015889,31.40627745,Transportation & Logistics,Fuel & Charging,Gas station,Open 24 hours,+92 41 4855553,find.shell.com,4.1,122.0,39.43,People typically spend up to 25 min here,03-2025
5879e15f2ea2f1fb3c7e3896175fa79d,S.K. SERVICE CENTRE- Total Petrol Station,Sheikhupura,Sheikhupura,"KM 3 & 4, SHEIKHUPURA GUJRANWAL RD NEAR MOTORWAY TOLL PLAZA, Sheikhupura, 39350, Pakistan",39350,74.00057524,31.7348772,Transportation & Logistics,Fuel & Charging,Gas station,Open 24 hours,+92 324 5877390,totalparco.com.pk,4.0,51.0,42.57,People typically spend up to 30 min here,03-2025
937475f645de01aab8b513c5cb5de03d,Shell,Punjab,Muzaffargarh,"Jhang Rd, Rashidabad, Muzaffargarh, 34200, Pakistan",34200,71.18651936,30.08990476,Transportation & Logistics,Fuel & Charging,Gas station,Open 24 hours,+92 300 5163196,find.shell.com,3.0,7.0,39.43,People typically spend up to 1 hour here,03-2025
36bcedf1519da52728018f607447171e,TOTAL PETROL PUMP Ayan filling station,Pakistan,Alipur,"Alipur, 34201, Pakistan",34201,70.95373212,29.38256714,Transportation & Logistics,Fuel & Charging,Gas station,Open 24 hours,+92 303 8529201,totalparco.com.pk,4.0,42.0,41.29,People typically spend up to 30 min here,03-2025
eb96142c3b5d38dae4252901dd4a2c58,Shell,Pakistan,Lahore,"Service Road, 436-437 Main Blvd, Block F Phase 1 Johar Town, Lahore, 54770, Pakistan",54770,74.28357291,31.4629833,Transportation & Logistics,Fuel & Charging,Gas station,Open,+92 300 8647287,find.shell.com,4.0,331.0,50.86,People typically spend up to 45 min here,03-2025
223568e076a2e2122a2e06e85d68a46c,Sundar Petroleum - Total Petrol Station,Punjab,Lahore,"MAUZA SULTAN KE, SUNDER RAIWIND ROAD, Lahore, 55150, Pakistan",55150,74.14605826,31.32841046,Transportation & Logistics,Fuel & Charging,Gas station,Open 24 hours,+92 321 9466080,totalparco.com.pk,3.7,40.0,34.0,People typically spend up to 30 min here,03-2025
d9d489a016152977a22155a72bbc84cf,Pakistan Petrolium Service Total Petrol Station,Pakistan,Lodhrān,"Chak No 100M, Bahwalpur-Multan Road, Lodhran.,LODHRAN, Lodhrān, 59320, Pakistan",59320,71.64055885,29.48721973,Transportation & Logistics,Fuel & Charging,Gas station,Open 24 hours,+92 300 8680954,totalparco.com.pk,3.9,168.0,38.0,People typically spend up to 25 min here,03-2025
f43eaa38c6e976338d9b599ee6e20796,Shell,Sindh,Karachi,"44 Shahra-e-Faisal, Faisal Cantonment, Karachi, 75230, Pakistan",75230.0,67.14250134,24.88728578,Transportation & Logistics,Fuel & Charging,Gas station,Open 24 hours,+92 21 34599444,find.shell.com,3.8,774.0,39.86,People typically spend up to 25 min here,03-2025
462abdd0efb1eb892ba1c628bb69b21b,Shell,Sindh,Hyderabad,"Thandi Sarak, Saddar, Hyderabad, 70011, Pakistan",70011.0,68.36381757,25.38580828,Transportation & Logistics,Fuel & Charging,Gas station,Open 24 hours,+92 333 2671829,find.shell.com,3.2,72.0,46.71,People typically spend up to 45 min here,03-2025
6c8443d8a5e88ea9f188a2c8739d6c4e,Total Parco (Hashmi Filling Station),Talwandi Rah,Gujranwala,"Hashmi Filling Station, Khiyali ByPass, Sheikhupura Rd, Muhammad Nagar, Gujranwala, 52250, Pakistan",52250.0,74.16672191,32.1081194,Transportation & Logistics,Fuel & Charging,Gas station,Open 24 hours,+92 300 0700732,totalparco.com.pk,4.1,99.0,42.57,People typically spend up to 1 hour here,03-2025
ab2f5f459c6216336fd7c00bfd0328cf,Shell,Saddar,Rawalpindi,"36 Haider Rd, Saddar, Rawalpindi, 46120, Pakistan",46120.0,73.0445297,33.59838832,Transportation & Logistics,Fuel & Charging,Gas station,Open 24 hours,+92 51 5580182,find.shell.com,4.0,390.0,39.57,People typically spend up to 2 hours here,03-2025
30d6cdf02e5c59c3ddb4761fbf8f2142,Total Parco Petrol Pump,Sindh,Karachi,"PHASE 1 DEFENCE HOUSING,SOCIETY 17-A KORANGI ROAD,KARACHI, 17-A Main Korangi Rd, D.H.A. Phase 1 Phase 1 Defence Housing Authority, Karachi, 75500, Pakistan",75500.0,67.05807968,24.84120391,Transportation & Logistics,Fuel & Charging,Gas station,Open,+92 345 3857162,totalparco.com.pk,3.8,166.0,40.57,People typically spend up to 1 hour here,03-2025
5a76d593d489d857f3c0646e39cc0072,S.M. Anwar Filling Station- Total Petrol Station,Punjab,Khushāb,"Total Parco Petrol Pump, Mouza Shawala, Sargodha Road, Tehsil & Distt Khushab., Khushāb, 41000, Pakistan",41000.0,72.35831726,32.30652491,Transportation & Logistics,Fuel & Charging,Gas station,Open 24 hours,+92 300 9607260,totalparco.com.pk,4.1,54.0,50.29,People typically spend up to 2 hours here,03-2025
8296ac97e6b150453faf8cbc3d2cf236,Ideal-II Total Fuel Station,Safdarabad,Khanqah Dogran,"Mouza Khanqan Dogra, Tehsil Safrdarabad, Sargodha Road, Khanqah Dogran, 39540, Pakistan",39540,73.6331333,31.81938527,Transportation & Logistics,Fuel & Charging,Gas station,Open 24 hours,+92 300 8804648,totalparco.com.pk,4.0,23.0,28.71,People typically spend up to 2 hours here,03-2025
1ec699f72305128a075610abc600b626,Total PARCO Petrol Pump,Zone A,Karachi,"175 PP, KHAYABAN-E-SHUJAAT,,PHASE VIII, D.H.A.,KARACHI, D.H.A. Phase 8 Zone A Phase 8 Defence Housing Authority, Karachi, 75500, Pakistan",75500,67.06589945,24.78758164,Transportation & Logistics,Fuel & Charging,Gas station,Open 24 hours,+92 21 35248314,totalparco.com.pk,4.0,473.0,53.57,People typically spend up to 20 min here,03-2025
4a4092e11bbb537169eeb6872ca32817,Shell,Punjab,Raiwind,"Manga - Raiwind Road, Raiwind, 55150, Pakistan",55150,74.20608684,31.24616816,Transportation & Logistics,Fuel & Charging,Gas station,Open 24 hours,+92 42 35394240,find.shell.com,4.0,191.0,41.86,People typically spend up to 45 min here,03-2025
3de385621c8357f9b26b057adfbca3ad,Total Petrol Station PARCO,Pakistan,Jhelum,"MILE 103, MAIN G.T.ROAD, Jhelum, 49600, Pakistan",49600.0,73.57458615,33.03176968,Transportation & Logistics,Fuel & Charging,Gas station,Open 24 hours,+92 333 9511888,totalparco.com.pk,3.6,31.0,35.57,People typically spend up to 25 min here,03-2025
d545413802fe210f5740e82bb19b77ec,NAWAB PETROLEUM SERVICE- Total Petrol Station,Pakistan,Khairpur,"Khairpur bypass road, Shah Hussain chock ,Khairpur Mirs,KHAIRPUR, Khairpur, 66020, Pakistan",66020.0,68.7158442,27.5347085,Transportation & Logistics,Fuel & Charging,Gas station,Open 24 hours,+92 300 8946185,totalparco.com.pk,4.1,30.0,36.14,People typically spend up to 1 hour here,03-2025
785fd080ca574576e0f3b089025674b3,Urfan Filling Station - Total PARCO Petrol Pump,Khyber Pakhtunkhwa,Abbottabad,"Tehsil & Distt, Abbottabad, 22010, Pakistan",22010.0,73.20934289,34.13952112,Transportation & Logistics,Fuel & Charging,Gas station,Open 24 hours,+92 300 8110148,totalparco.com.pk,4.0,310.0,44.14,People typically spend up to 25 min here,03-2025
11f3cc8708533200875fd2f70ef7a715,ABDUL REHMAN FILLING STATION- Total Petrol Station,Gulpur Hithar,Hasil Pur,"Khairpur Tamay Waali,KHAIRPUR TAMEWALI, Hasil Pur, 63000, Pakistan",63000.0,72.26312661,29.60640637,Transportation & Logistics,Fuel & Charging,Gas station,Open 24 hours,+92 300 8680843,totalparco.com.pk,4.0,61.0,33.71,People typically spend up to 45 min here,03-2025
43cbb44b71fa8fa6710ac3f33a0b14b3,Shell,Waris Khan,Rawalpindi,"Murree Rd, Shamsabad, Rawalpindi, 46120, Pakistan",46120.0,73.06305847,33.60452588,Transportation & Logistics,Fuel & Charging,Gas station,Open 24 hours,+92 51 5772928,find.shell.com,3.9,685.0,43.57,People typically spend up to 25 min here,03-2025
603be8b2c68369106e435d6844ee6ed7,"TOTAL PARCO, Shergarh ٹوٹل پارکو شیرگڑھ",Malakand,Mardan,"Malakand Rd, Sher Garh Mardan, 23200, Pakistan",23200.0,71.89757944,34.4004505,Transportation & Logistics,Fuel & Charging,Gas station,Open 24 hours,+92 937 830632,totalparco.com.pk,3.9,112.0,39.0,People typically spend up to 45 min here,03-2025
344da20d494afc179ad6f120dfabf191,Rex Service Station (Total Parco Petrol Pump),UC-8 Saddar,Karachi,"NEAR YMCA GROUND, Strachan Rd, Civil Lines, Karachi, 74400, Pakistan",74400.0,67.01995933,24.85301783,Transportation & Logistics,Fuel & Charging,Gas station,Open 24 hours,+92 300 8244132,totalparco.com.pk,4.2,454.0,41.86,People typically spend up to 20 min here,03-2025
237dcc852d0634b0d7e78e076672e4fc,AL-ABBAS PETROLEUM SERVICE- Total Petrol Station,Pakistan,Jacobabad,"7CHQ+X5W, 201 Old College Road, Court Chowk, Jacobabad, 79000, Pakistan",79000.0,68.43542361,28.27996472,Transportation & Logistics,Fuel & Charging,Gas station,Open 24 hours,+92 300 3401333,totalparco.com.pk,4.1,19.0,28.71,People typically spend up to 1 hour here,03-2025
4601961165bbcf3b18fb2397f9e4be37,Shell,Pakistan,Faisalabad,"Jhang Road, 1 Kotwali Rd, Lakard Mandi, Faisalabad, 38001, Pakistan",38001.0,73.06040263,31.41191678,Transportation & Logistics,Fuel & Charging,Gas station,Open 24 hours,+92 41 2616500,find.shell.com,3.9,158.0,53.14,People typically spend up to 45 min here,03-2025
e02dd9bbd4d3b32872fcb12e9587f4a8,Shell,Taraf Mubarik Doim,Multan,"Bosan Rd, Peer Khurshid Colony Chah Usman Wala, Multan, 60000, Pakistan",60000.0,71.47000682,30.21518834,Transportation & Logistics,Fuel & Charging,Gas station,Open,+92 61 6510010,find.shell.com,3.9,148.0,51.0,People typically spend up to 25 min here,03-2025
c0a5f3d9763db3fd42ba8f5184abcf12,Mashallah Filling Station- Total Petrol Station,Therhi,Khairpur,"Deh Wissro Vahan, National Highway,Therry Bypass, Tehsil & District Kahirpur, Khairpur, 66020, Pakistan",66020.0,68.7783033,27.59666868,Transportation & Logistics,Fuel & Charging,Gas station,Open 24 hours,+92 300 8451468,totalparco.com.pk,3.7,79.0,20.43,People typically spend up to 30 min here,03-2025
010f8ace5dfd48c49405ffe6d8fb99e0,MALIK MIRZA KHAN SONS- Total Petrol Station,Talagang,Talagang,"MOHALLAH GHARAB, MAINWALI ROAD, Talagang, 48090, Pakistan",48090.0,72.40096378,32.9242538,Transportation & Logistics,Fuel & Charging,Gas station,Open 24 hours,+92 543 411436,totalparco.com.pk,3.6,68.0,32.71,People typically spend up to 2 hours here,03-2025
da846dad7f3d32732347a754b3f510c4,STAR PETROLEUM SERVICE - HRI- Total Petrol Station,Pakistan,Harīpur,"NEAR BOYS DEGREE COLLEGE, GT ROAD, HARIPUR, N-35, Darvesh, Harīpur, 22620, Pakistan",22620.0,72.90184113,33.9869384,Transportation & Logistics,Fuel & Charging,Gas station,Open 24 hours,+92 42 36114307,totalparco.com.pk,4.3,33.0,35.14,People typically spend up to 1 hour here,03-2025
716cb314335a5c9da825c30d90707595,Ch. Mohammad Ayub Petroleum - Total Petrol Station,Islamabad Capital Territory,Islamabad,"1-KM FROM TURNOL, G T Road (Islamabad bound), F 15 Jammu Kashmir Housing Scheme, Islamabad, 44000, Pakistan",44000,72.91647535,33.64625633,Transportation & Logistics,Fuel & Charging,Gas station,Open 24 hours,+92 333 5185757,totalparco.com.pk,4.3,394.0,25.71,People typically spend up to 25 min here,03-2025
2296839b0b889308069b9ca33c791ecb,SADIQ DOST FILLING STATION- Total Petrol Station,Punjab,Mehmoodabad,"Kilometer 779, Mouza Mehmoodabad, National Highway, Ahmedpur Sharkia,AHMEDPUR EA, Mehmoodabad, 75460, Pakistan",75460,71.09392738,29.0931181,Transportation & Logistics,Fuel & Charging,Gas station,Open 24 hours,+92 300 8681399,totalparco.com.pk,3.6,38.0,32.57,People typically spend up to 45 min here,03-2025
8310d1b3e0a6e24eb0e1a314df13b2dc,Total Petrol Station,Punjab,Lahore,"29 / B Queen's Road, Jinnah Town, Lahore, 54000, Pakistan",54000,74.31572318,31.55028644,Transportation & Logistics,Fuel & Charging,Gas station,Open 24 hours,+92 300 0691077,totalparco.com.pk,4.1,318.0,45.86,People typically spend up to 30 min here,03-2025
1f1508521b7bbf5b6805ad2de20480b9,LUCKY PETROLEUM SERVICE - MITHI- Total Petrol Station,Sindh,Mithi,"Naukot - Mithi Road, TEHSIL, Mithi, 69230, Pakistan",69230,69.77177047,24.76981192,Transportation & Logistics,Fuel & Charging,Gas station,Open 24 hours,+92 320 2044002,totalparco.com.pk,4.2,88.0,37.71,People typically spend up to 1.5 hours here,03-2025
99aabb25643bce77b16716848b2c01d3,Shell,Wazirabad,Gujranwala,"52250 GT Rd, Gujranwala, 52250, Pakistan",52250,74.14070783,32.31700719,Transportation & Logistics,Fuel & Charging,Gas station,Open 24 hours,+92 55 3886263,find.shell.com,3.9,32.0,50.71,People typically spend up to 45 min here,03-2025
3f1a0ca81a324365300401b49bc5a40f,Shell,Punjab,Multan,"Sher Shah Road, Khanewal Rd, Defence Officer Colony, Multan, 60000, Pakistan",60000.0,71.40437254,30.1620607,Transportation & Logistics,Fuel & Charging,Gas station,Open 24 hours,+92 321 6312009,find.shell.com,4.0,23.0,45.43,People typically spend up to 30 min here,03-2025
9fedc8516127bed7f7d8d860d9f1d6e2,ST & R ENTERPRISES- Total Petrol Station,Super Town,Lahore,"KORAY STOP, MAIN WALTON ROAD,, Shah Taj Colony, Lahore, 54792, Pakistan",54792.0,74.36946053,31.49188676,Transportation & Logistics,Fuel & Charging,Gas station,Open 24 hours,+92 42 36625610,totalparco.com.pk,4.1,209.0,40.29,People typically spend up to 30 min here,03-2025
bd081d404a3179837afa1d887db48636,Total Petrol Pump,Pakistan,Lahore,"Sutlej Avenue, BLOCK D2, WAPDA TOWN, Block D 1 Nespak Housing Scheme, Lahore, 54782, Pakistan",54782.0,74.27813256,31.4382918,Transportation & Logistics,Fuel & Charging,Gas station,Open 24 hours,+92 42 35186270,totalparco.com.pk,4.2,895.0,54.29,People typically spend up to 20 min here,03-2025
65dffb85d4f80cbb45512268822ccc64,Ravi Filling Station- Total Petrol Station,Pakistan,Lahore,"67/68-A, Gulshen-e-Ravi, Lahore., Block A Gulshan-e-Ravi, Lahore, 54000, Pakistan",54000,74.28813587,31.54800238,Transportation & Logistics,Fuel & Charging,Gas station,Open 24 hours,+92 333 4227122,totalparco.com.pk,4.0,301.0,47.14,People typically spend up to 30 min here,03-2025
238fc4887d3eead68ebdeec7970ee030,AL Karim Petroleum,Pakistan,Faisalabad,"10-11km Jaranwala Road, Opposite Central Jail, Faisalabad, 38000, Pakistan",38000,73.18166214,31.39260954,Transportation & Logistics,Fuel & Charging,Gas station,Open 24 hours,+92 41 8403599,hascol.com,4.5,23.0,32.71,People typically spend up to 45 min here,03-2025
97c6ef2c6541864918a90d555d6e0535,Shell,Sadiqabad Tehsil,5,"National Hwy 5, Sadiqabad Bypass, 5, 64200, Pakistan",64200,70.08578648,28.29692671,Transportation & Logistics,Fuel & Charging,Gas station,Open 24 hours,+92 68 5701388,find.shell.com,4.4,28.0,38.57,People typically spend up to 25 min here,03-2025
3dde5f8e3accc08a1254af2a32c2cc1f,Shell,Punjab,Lahore,"Tajpura Road, Shadbagh Rd, Main Bazar Tajpura, Chah Miran, Lahore, 53908, Pakistan",53908,74.33518375,31.5935343,Transportation & Logistics,Fuel & Charging,Gas station,Open 24 hours,+92 42 37281224,find.shell.com,3.9,177.0,45.71,People typically spend up to 30 min here,03-2025
a60d9e60655d5e11696648e357634568,Ijaz Fuels- Total Petrol Station,Pakistan,Jhelum,"Mouza Teen Pura G.T Road (N-5), Near Police Station, Tehsil Dina, Dist. Jhelum, Jhelum, 49400, Pakistan",49400,73.57501593,33.03263095,Transportation & Logistics,Fuel & Charging,Gas station,Open 24 hours,+92 300 5248402,totalparco.com.pk,3.9,136.0,31.0,People typically spend up to 15 min here,03-2025
93b7ed77f8106a8ea6d07d3d39ac2a7e,Express Way Filling Station,Pakistan,Faisalabad,"Lahore - Sheikhupura - Faisalabad Rd, Gatwala, Faisalabad, 38000, Pakistan",38000,73.19889063,31.46964372,Transportation & Logistics,Fuel & Charging,Gas station,Open 24 hours,+92 300 8660086,totalparco.com.pk,4.0,112.0,44.0,People typically spend up to 30 min here,03-2025
17bc31706bb55b2a881843a133278395,SYED AZEEM GUL AZEEM F/S- Total Petrol Station,Gilgit,Gilgit,"QUAID-E-MILLAT ROAD, Gilgit, 15100",15100,74.31701151,35.91862041,Transportation & Logistics,Fuel & Charging,Gas station,Open 24 hours,+92 300 5555076,totalparco.com.pk,4.1,42.0,40.0,People typically spend up to 2 hours here,03-2025
4c9bba5be1584c0582a714c9e23a77b5,Shell,UC-2 Sir Syed,Karachi,"Service Road, Sc-18 Shahrah E Liaquat, Sector 11 E North Karachi Twp, Karachi, 75720, Pakistan",75720,67.06467046,24.96989673,Transportation & Logistics,Fuel & Charging,Gas station,Open 24 hours,+92 21 36999047,find.shell.com,3.8,310.0,33.71,People typically spend up to 20 min here,03-2025
4d9ff8eabc42340f1b89b179d968160f,Multazim Filling Station_Total Petrol Station,Pakistan,Kohat,"Rawalpindi Rd, College Town Kohat, 26000, Pakistan",26000.0,71.46583937,33.5729394,Transportation & Logistics,Fuel & Charging,Gas station,Open 24 hours,+92 922 518649,totalparco.com.pk,3.7,182.0,44.71,People typically spend up to 30 min here,03-2025
f007f6a0588f65ff1a88a1e2442d369a,Total Service Centre (TSC),Islamabad Capital Territory,Islamabad,"F-6 Markaz F 6 Markaz SUPERWAY MARKET، Islamabad, 44210, Pakistan",44210.0,73.07235194,33.72829447,Transportation & Logistics,Fuel & Charging,Gas station,Open 24 hours,+92 51 2821916,totalparco.com.pk,4.3,880.0,39.14,People typically spend up to 45 min here,03-2025
f7fb8b2a4e53ec51ab080f376fe8bf47,BISMILLAH PETROLEUM SERVICE- Total Petrol Station,Taj Colony,Nawabshah,"Taj Colony , Buchari road ,NAWABSHAH, Golimar, Nawabshah, 67470, Pakistan",67470.0,68.39533534,26.26306751,Transportation & Logistics,Fuel & Charging,Gas station,Open 24 hours,+92 300 3211669,totalparco.com.pk,3.9,31.0,39.43,People typically spend up to 3 hours here,03-2025
a91db7aa4fb655d9851f23c5389781bc,Shell,Pakistan,Kabirwala,"Lmq Road, Kabirwala - Multan Rd, Khanewal-Kabirwala Rd, Kabirwala, 58250, Pakistan",58250.0,71.87011915,30.40910466,Transportation & Logistics,Fuel & Charging,Gas station,Open 24 hours,+92 300 6899431,find.shell.com,4.1,19.0,46.0,People typically spend up to 25 min here,03-2025
c84782c742d3dd12cb5255fb40ee9990,TARIQ SHINWARI PETROLEUM- Total Petrol Station,Pakistan,Arbab Landi,"ARBAB LANDY, RING ROAD,,NEAR KOHAT ROAD BRIDGE,PESHAWAR، Arbab Landi, 25220, Pakistan",25220.0,71.54182593,33.97305176,Transportation & Logistics,Fuel & Charging,Gas station,Open 24 hours,+92 300 8250833,totalparco.com.pk,4.0,31.0,31.0,People typically spend up to 20 min here,03-2025
45863545cc45393519ec52104ad4604a,Shell,South Asia,New Mirpur City,"Chechiyan Rd, Main Road, New Mirpur City, 10251",10251.0,73.75120521,33.08146126,Transportation & Logistics,Fuel & Charging,Gas station,Open 24 hours,+92 332 0588098,find.shell.com,3.9,16.0,32.43,People typically spend up to 1 hour here,03-2025
e899b56ac0cd7f2743f5d6130cd63ddd,Royal Fuel Station- Total Petrol Station,Pakistan,Lahore,"Zahoor Elahi Road, Block C Gulberg 2, Lahore, 54810, Pakistan",54810.0,74.33829053,31.52278915,Transportation & Logistics,Fuel & Charging,Gas station,Open 24 hours,+92 345 4375319,totalparco.com.pk,4.0,757.0,49.86,People typically spend up to 25 min here,03-2025
8985166b975dea28b9043a3001614d8e,TOTAL PARCO,Township,Lahore,"1-CIVIC CENTRE HAMDARD CHOWK, TOWN SHIP, Township Twp Commercial Area Lahore, 54770, Pakistan",54770.0,74.31534027,31.44744265,Transportation & Logistics,Fuel & Charging,Gas station,Open 24 hours,+92 42 35122690,totalparco.com.pk,4.0,118.0,38.86,People typically spend up to 45 min here,03-2025
c01c290a16606d30e3e1938b150703a1,Shell,Punjab,Lahore,"Durand Rd, Muhammad Nagar Garhi Shahu, Lahore, 54137, Pakistan",54137.0,74.34113875,31.56325186,Transportation & Logistics,Fuel & Charging,Gas station,Open,+92 42 36303642,find.shell.com,4.1,265.0,55.14,People typically spend up to 45 min here,03-2025
c34848cdac42af27c3ee5b02b509b440,Shell,Pakistan,Hyderabad,"AH2, 70011, Pakistan",70011.0,68.3287006,25.37813242,Transportation & Logistics,Fuel & Charging,Gas station,Open 24 hours,+92 22 3820241,find.shell.com,3.6,162.0,39.57,People typically spend up to 25 min here,03-2025
2d0b17b8f19f932a6c21470f944101b6,RANA PETROLEUM- Total Petrol Station,Pakistan,Jaranwala,"3 KM FROM JARRANWALA,LAHORE - JARANWALA ROAD,JARANWALA, Jaranwala, 37250, Pakistan",37250.0,73.44451364,31.32257374,Transportation & Logistics,Fuel & Charging,Gas station,Open 24 hours,+92 300 6532233,totalparco.com.pk,4.3,43.0,45.71,People typically spend up to 45 min here,03-2025
ef85aa2ebbd7c918dfcc2ec594c57ff4,Al-Sultan Filling Station- Total Petrol Station,Rahim Yar Khan Tehsil,Rahim Yar Khan,"Belgium Chowk , Rahim Yar Khan ., Rahim Yar Khan, 64200, Pakistan",64200.0,70.29781732,28.42013729,Transportation & Logistics,Fuel & Charging,Gas station,Open 24 hours,+92 300 8674242,totalparco.com.pk,3.8,171.0,41.0,People typically spend up to 45 min here,03-2025
f8ec14893a68999512e326f6c4c15f81,"Double Speed Petroleum, Phool Nagar",Punjab,Phool Nagar,"52-km Multan Rd, Phool Nagar, 55110, Pakistan",55110.0,73.95990031,31.20289589,Transportation & Logistics,Fuel & Charging,Gas station,Open 24 hours,+92 331 6102586,doublespeedpetroleum.com,4.4,3720.0,42.29,People typically spend up to 25 min here,03-2025
7f3e21409074034df4ddff373bbf2c8f,Total Petrol Station,Pakistan,Lahore,"BARKI-HUDIERA ROAD HUDIERA, Hudiara, Lahore, 54000, Pakistan",54000.0,74.55655767,31.44170476,Transportation & Logistics,Fuel & Charging,Gas station,Open 24 hours,+92 321 8464952,totalparco.com.pk,3.8,30.0,37.86,People typically spend up to 30 min here,03-2025
e2e93390565c83e70fb2624e2acad1fc,Shell,Punjab,Gujrat,"Shadiwal Rd, Green Town, Gujrat, 50700, Pakistan",50700.0,74.07137392,32.55467251,Transportation & Logistics,Fuel & Charging,Gas station,Open 24 hours,+92 300 6294207,find.shell.com,4.5,8.0,49.71,People typically spend up to 45 min here,03-2025
643b1ab9c02dc5c719e1e17091684c88,Saqib Service Station - Total Parco - ثاقب سروس سٹیشن - ٹوٹل پارکو,Punjab,Fateh Jhang,"RAWALPINDI-KOHAT RD VILL SADKAL, Fateh Jhang, 43350, Pakistan",43350.0,72.6599334,33.58557137,Transportation & Logistics,Fuel & Charging,Gas station,Open 24 hours,+92 312 9101011,saqibfillingstation.com,4.2,104.0,31.29,People typically spend up to 30 min here,03-2025
49a84b4051f1bf10a40ca50b662032f3,Shell,Karachi City,Karachi,"Hub Chowki Road, 39 Rcd Highway Road, Mohajir Camp Gulshan e Habib, Karachi, 75760, Pakistan",75760.0,66.95451138,24.91042239,Transportation & Logistics,Fuel & Charging,Gas station,Open,+92 21 32811414,find.shell.com,3.6,189.0,54.86,People typically spend up to 45 min here,03-2025
fd60f70c5846754b9a7183f5a7e023cd,Zohaib Petroleum- Total Petrol Station,Pakistan,Bhakkar,"Zohaib Petroleum Service, Total Petrol Pump, Bhakkar Jhang Road, Near Gulshan Ma, Bhakkar, 30000, Pakistan",30000.0,71.09874128,31.60163319,Transportation & Logistics,Fuel & Charging,Gas station,Open 24 hours,+92 345 5134466,totalparco.com.pk,3.7,40.0,29.86,People typically spend up to 1.5 hours here,03-2025
23fd8b8c28c579d38007ed77475e9a0e,Total PARCO Petrol Pump,Rawalpindi,Rawalpindi,"Karnal Sher Khan Shaheed Rd, opp. Railway Carriage Factory Road, Dhoke Hassu, Rawalpindi, 44000, Pakistan",44000.0,73.01665959,33.62747854,Transportation & Logistics,Fuel & Charging,Gas station,Open 24 hours,+92 51 5203535,totalparco.com.pk,4.0,312.0,48.86,People typically spend up to 45 min here,03-2025
2dfd0ed0969b3c5fe4bfb452e9b9c007,Lahore Gasoline- Total Petrol Station,Pakistan,Lahore,"Plot No. 413, 414 & 415 situated at Link Wahdat Road, Pak Block, Allama Iqbal To, Pak Block Allama Iqbal Town, Lahore, 54570, Pakistan",54570.0,74.29502246,31.52053996,Transportation & Logistics,Fuel & Charging,Gas station,Open 24 hours,+92 300 8401009,totalparco.com.pk,3.8,275.0,41.14,People typically spend up to 45 min here,03-2025
7313024fcef1f44797f5a7b02767121d,ARSHMAN FILLING STATION- Total Petrol Station,Pakistan,Faisalabad,"Sargodha Rd, Nalka Kohala, Zeenat Town, Punjab, Sargodha Rd, Faisalabad, 38000, Pakistan",38000.0,73.06764281,31.50291148,Transportation & Logistics,Fuel & Charging,Gas station,Open 24 hours,+92 322 6014505,totalparco.com.pk,3.8,105.0,29.14,People typically spend up to 45 min here,03-2025
f45e529cd1e8908fc54cb86175d0c441,Kareem Filling Station(Target),Punjab,Multan,"Old Shuja Abad Rd, Multan, 60000, Pakistan",60000.0,71.41094973,30.09837878,Transportation & Logistics,Fuel & Charging,Gas station,Open 24 hours,+92 301 7422392,targetlubricants.com,3.8,48.0,43.86,People typically spend up to 2.5 hours here,03-2025
25eb95e47a9981b5e05f78e51f697b06,HAFIZ BROTHERS- Total Petrol Station,Pakistan,Lahore,"DAK KHANA ROAD CHAH MIRAN, Chah Miran, Lahore, 54900, Pakistan",54900.0,74.3416175,31.58578074,Transportation & Logistics,Fuel & Charging,Gas station,Open 24 hours,+92 333 4308033,totalparco.com.pk,3.9,140.0,43.43,People typically spend up to 30 min here,03-2025
ee0f02b2c09ac483043b5b65d5f1df88,Shell,Pakistan,Kohat,"Hangu Bypass, Hangu Road, Kohat, 26080, Pakistan",26080,71.42901955,33.60830497,Transportation & Logistics,Fuel & Charging,Gas station,Open 24 hours,+92 922 583515,find.shell.com,4.5,2.0,30.57,People typically spend up to 30 min here,03-2025
24147a2aed533854fab17c7add0cce26,Riaz Petroleum Service. Total Petrol Station.,Shad Bagh,Lahore,"Plot number 677 & 678 main Shadbagh road, Shadbagh, Lahore, Shad Bagh, Lahore, 54000, Pakistan",54000,74.33719411,31.59555279,Transportation & Logistics,Fuel & Charging,Gas station,Open 24 hours,+92 322 4768500,totalparco.com.pk,3.9,146.0,36.57,People typically spend up to 20 min here,03-2025
417dcbff3f6224671ff1563bb547c9f2,BAGH KASHMIR PETROLEUM- Total Petrol Station,Eurasia,Bagh,"MAIN BAGH ROAD , NEAR LARRI ADDA, Giyari choke, Bagh, 12500",12500,73.77060397,33.98062886,Transportation & Logistics,Fuel & Charging,Gas station,Open 24 hours,+92 341 1483388,totalparco.com.pk,4.3,306.0,41.43,People typically spend up to 1 hour here,03-2025
387a267bbba126a73563393af5403ee6,Shell,Punjab,Lahore,"18 Service Road, Sitara Colony, Lahore, 54770, Pakistan",54770,74.35269542,31.44453829,Transportation & Logistics,Fuel & Charging,Gas station,Open,+92 42 35801710,find.shell.com,4.2,606.0,65.43,People typically spend up to 30 min here,03-2025
835a88a376703bf43fb864b9e3792527,Total Parco,Khyber Pakhtunkhwa,Dir,"RAHIMKOT DISTT. UPPER DIR ,DIR, Dir, 18000, Pakistan",18000,71.87153325,35.20062168,Transportation & Logistics,Fuel & Charging,Gas station,Open 24 hours,+92 944 880488,totalparco.com.pk,4.3,145.0,42.86,People typically spend up to 30 min here,03-2025
6b82096779dac843f9a085df21bc24da,Total PARCO Petrol Pump,Islamabad Capital Territory,Islamabad,"South Bound carriageway of N-5, Near Fecto Cement Factory, Islamabad, 44000, Pakistan",44000,72.84783625,33.67900574,Transportation & Logistics,Fuel & Charging,Gas station,Open 24 hours,+92 300 5522848,totalparco.com.pk,4.0,45.0,35.43,People typically spend up to 1 hour here,03-2025
8a7c3a4e1a26b2d3a6c368e2ca0ea3e9,Shell,Islamabad Capital Territory,Islamabad,"School Rd, F-6 Markaz F 6 Markaz F-6, Islamabad, 44000, Pakistan",44000,73.07607793,33.7313451,Transportation & Logistics,Fuel & Charging,Gas station,Open 24 hours,+92 51 2277719,find.shell.com,4.3,329.0,49.29,People typically spend up to 30 min here,03-2025
730d079f8358d8ce307cde4a751d267c,Bismillah Associates- Total Petrol Station,UC-11 Abbasi Shaheed,Karachi,"PR Property Paposh Nagar, Near L-Xing # 14, Bade Main Road, Nazimabad # 2, Karac, Jamhuria Colony, Karachi, 74600, Pakistan",74600,67.01906678,24.9160104,Transportation & Logistics,Fuel & Charging,Gas station,Open 24 hours,+92 333 2277988,totalparco.com.pk,3.9,132.0,20.43,People typically spend up to 30 min here,03-2025
9cc2a56456d36b9e903d4c4c1811a865,Shell,Pakistan,Faisalabad,"Sargodha Rd, Block A Muslim Town, Faisalabad, 38001, Pakistan",38001,73.07911938,31.46130461,Transportation & Logistics,Fuel & Charging,Gas station,Open 24 hours,+92 41 8786565,find.shell.com,3.9,235.0,31.57,People typically spend up to 45 min here,03-2025
887e2266af29d60f4e56b5d30fc315c0,Chinar SF/S - Total Petrol Station,Islamabad Capital Territory,Islamabad,"Kahuta Rd, Humak Model Town Humak, Islamabad, 44000, Pakistan",44000,73.17014837,33.54296382,Transportation & Logistics,Fuel & Charging,Gas station,Open 24 hours,+92 348 7973188,totalparco.com.pk,3.9,127.0,40.57,People typically spend up to 30 min here,03-2025
72cb546d42c72ff8335d55302b6076cd,Total Parco,Punjab,Lahore,"90 KM LMQ ROAD ,, Lahore, 54000, Pakistan",54000,73.75716348,30.96471866,Transportation & Logistics,Fuel & Charging,Gas station,Open 24 hours,+92 321 8403939,totalparco.com.pk,4.2,520.0,35.43,People typically spend up to 30 min here,03-2025
e3c11bf1d134854066c659044ba7a5d4,Shell,Sargodha,Sargodha,"85 Club Road, Sargodha, 40210, Pakistan",40210,72.66936272,32.07515073,Transportation & Logistics,Fuel & Charging,Gas station,Open,+92 308 1240000,find.shell.com,4.1,209.0,50.14,People typically spend up to 1 hour here,03-2025
23e6d6db54c7f1ebf9e14b16f3e54c3c,Vista Filling Station- Total Petrol Station,Taranda Muhammad Panah,Rahimyar Khan,"Taranda Muhammad Panah Near Bypass Dist Rahim Yar Khan Dadan Oat, Tehsil Liaqatp, Rahimyar Khan, 64030, Pakistan",64030,70.8946836,29.0899421,Transportation & Logistics,Fuel & Charging,Gas station,Open 24 hours,+92 321 4450149,totalparco.com.pk,3.7,78.0,48.0,People typically spend up to 1 hour here,03-2025
b36a6587a85c5372f85913819969b6e6,Total Petrol Station,Pakistan,Kharian,"MAIN G. T. ROAD KHARIAN, Kharian, 50090, Pakistan",50090,73.86756287,32.80506324,Transportation & Logistics,Fuel & Charging,Gas station,Open 24 hours,+92 53 7531796,totalparco.com.pk,3.9,102.0,39.14,People typically spend up to 45 min here,03-2025
b46678e916b30fe69be9ecadbf9b1c5a,Shell,Punjab,Rajanpur Road,"Jampur Rd, Rajanpur Road, 33501, Pakistan",33501,70.5894191,29.64620421,Transportation & Logistics,Fuel & Charging,Gas station,Open 24 hours,+92 300 6789900,find.shell.com,4.1,71.0,37.0,People typically spend up to 45 min here,03-2025
e4bdded3e4e5a9abb22abd50fdd18d04,Modern Fuels: Total Petrol Station,Punjab,Multan,"Pir Khursheed Colony Rd, Chungi No. 08، Multan, 60700, Pakistan",60700,71.46348398,30.20983511,Transportation & Logistics,Fuel & Charging,Gas station,Open 24 hours,+92 300 8734575,totalparco.com.pk,4.1,132.0,40.14,People typically spend up to 30 min here,03-2025
01a953f1228a20dc8f640cf911467a57,Total Parco,Pakistan,Layyah,"Tuku Ada, Ajmal Chowk Tehsil, Chowbara District, Layyah., Layyah, 31200, Pakistan",31200,71.40147345,30.92160763,Transportation & Logistics,Fuel & Charging,Gas station,Open 24 hours,+92 333 3433333,totalparco.com.pk,4.3,39.0,43.71,People typically spend up to 45 min here,03-2025
b084cd3b16a3a55742eef52588bd0ffc,Total Parco - Aftab Service Station,UC-9 Gulshan-e-iqbal 2,Karachi,"PLOT # 633 MAIN UNIVERSITY ROAD، near NIPA ROUND About, Block 6 Gulshan-e-Iqbal, Karachi, 75300, Pakistan",75300,67.09714538,24.92028985,Transportation & Logistics,Fuel & Charging,Gas station,Open 24 hours,+92 21 35684233,totalparco.com.pk,3.9,540.0,40.43,People typically spend up to 25 min here,03-2025
104c3f107b9baf5e2070ca95875ee53e,Shell,Wah Cantt.,Wah,"QQC3+R39, 3/31 Quaid Ave, Wah, 47040, Pakistan",47040,72.75045187,33.77190898,Transportation & Logistics,Fuel & Charging,Gas station,Open 24 hours,+92 21 111 888 222,shell.com.pk,3.9,403.0,27.14,People typically spend up to 45 min here,03-2025
a9d3817a123794cfeef98c39f5b4f665,IBRAR PETROLEUM SERVICE- Total Petrol Station,Pakistan,Faqir Wali,"KM 67, FAQIRWALI -FORT ABBAS ROAD, FAQIRWALI, Faqir Wali, 62050, Pakistan",62050,73.02884737,29.46001336,Transportation & Logistics,Fuel & Charging,Gas station,Open 24 hours,+92 301 8688423,totalparco.com.pk,4.1,69.0,55.29,People typically spend up to 1 hour here,03-2025
6833d6086b152cb917dfeefc425f1252,Al - Ayaan Filling Station- Total Petrol Station,Zulfiqar & Al Murtaza Commercial Area,Karachi,"Zulfiqar Ave, D.H.A. Phase 8 Zulfiqar & Al Murtaza Commercial Area Phase 8 Defence Housing Authority, Karachi, 75500, Pakistan",75500,67.0788692,24.78881552,Transportation & Logistics,Fuel & Charging,Gas station,Open 24 hours,+92 321 8261133,totalparco.com.pk,4.1,337.0,52.57,People typically spend up to 45 min here,03-2025
3daa99f2c866dd7ad807637e69f42c22,Al-Maalik Filling Station- Total Petrol Station,Punjab,Sheikhupura,"Mouza Mandhyal Tehsil Ferozwala District, Sheikhupura, 39350, Pakistan",39350,74.14843688,31.65625924,Transportation & Logistics,Fuel & Charging,Gas station,Open 24 hours,+92 300 8435388,totalparco.com.pk,4.2,67.0,44.86,People typically spend up to 20 min here,03-2025
09bcfe15279265f558b78e5d6bf5e636,Shell,Khyber Pakhtunkhwa,Mardan,"Swabi - Mardan Rd, Mardanswabi Road, Mardan, 23121, Pakistan",23121,72.15741951,34.22520437,Transportation & Logistics,Fuel & Charging,Gas station,Open 24 hours,+92 937 580048,find.shell.com,3.8,35.0,51.43,People typically spend up to 30 min here,03-2025
ef8d53f1587aca8ff9d5bba2a22fe7d9,Total Parco Petrol Station,Punjab,Attock,"3 MILE MOORE, NEAR Police POST # 1 , Attock City, Attock, 43600, Pakistan",43600,72.35824225,33.8123102,Transportation & Logistics,Fuel & Charging,Gas station,Open 24 hours,+92 333 5244061,totalparco.com.pk,4.0,230.0,42.86,People typically spend up to 25 min here,03-2025
f1c0593981f042243c259647e3809bc5,Total Petrol Station,UC-11 Garden East,Karachi,"649, JEHANGIR ROAD ,KARACHI, Martin Quarters West, Karachi, 74000, Pakistan",74000,67.03966963,24.88937327,Transportation & Logistics,Fuel & Charging,Gas station,Open 24 hours,+92 321 3747293,totalparco.com.pk,3.8,381.0,34.71,People typically spend up to 30 min here,03-2025
80813605ca82d1f46bb9f0d6095787df,BARKAT FILLING STATION- Total Petrol Station,Vehari,Vehari,"Near Barkat Ice Factory، Club Road, Vehari, 61100, Pakistan",61100,72.35571124,30.0466203,Transportation & Logistics,Fuel & Charging,Gas station,Open 24 hours,+92 67 3366523,totalparco.com.pk,3.9,130.0,42.29,People typically spend up to 15 min here,03-2025
3cdfe471520c699c515c269fb79fdbd2,Shell Shafiq Filling Station,Shorkot,Shorkot,"Tehsil Chowk City،Jhang Rd، near Ghazipeer, Ghazipir, Shorkot, 35051, Pakistan",35051,72.07296742,30.8278342,Transportation & Logistics,Fuel & Charging,Gas station,Open 24 hours,+92 332 8500850,shell.com.pk,4.0,189.0,41.14,People typically spend up to 45 min here,03-2025
f3d24ee1a34cc2b6fb72bdad09553afa,Shell,UC-9 Mujahid Colony,Karachi,"Nawab Siddique Ali Khan Rd, 125 Enquiry Office Road, Block 2 Nazimabad, Karachi, 74600, Pakistan",74600.0,67.02878767,24.90625974,Transportation & Logistics,Fuel & Charging,Gas station,Open 24 hours,+92 332 8218099,find.shell.com,3.9,569.0,47.86,People typically spend up to 45 min here,03-2025
197971a018b64078073dd6f0bc5cbeea,National Petroleum Khanewal Total Parco,Khanewal,Khanewal,"Chak No. 80/10-R, near Khanewal Toll Plaza, G.T.Rd. Khanewal,KHANEWAL, Khanewal, 58150, Pakistan",58150.0,71.99436788,30.32888572,Transportation & Logistics,Fuel & Charging,Gas station,Open 24 hours,+92 300 6266666,totalparco.com.pk,3.9,68.0,24.0,People typically spend up to 30 min here,03-2025
a4d9e5e24771be710a783a5505713512,Total Parco,Punjab,Sheikhupura,"Chack # 31/UCC G.T. Road Kala Shah Kaku Dist., Sheikhupura., Sheikhupura, 39350, Pakistan",39350.0,74.26400547,31.72671151,Transportation & Logistics,Fuel & Charging,Gas station,Open 24 hours,+92 301 5743787,totalparco.com.pk,3.9,449.0,43.71,People typically spend up to 45 min here,03-2025
b1e26879a9e05bc771b7aac8e8a024f0,KHAZAN ASSOCIATES PARCO Petrol Pump,UC-12 Gulzar-e-hiijri,Karachi,"Sohrab Goth South Bound side, Super Highway, Scheme 33 road corner, in front of Dawood Regency Flats, Sadaf CHS Gulzar E Hijri Scheme 33, Karachi, 74200, Pakistan",74200.0,67.09847432,24.95623552,Transportation & Logistics,Fuel & Charging,Gas station,Open 24 hours,+92 300 3097745,totalparco.com.pk,3.9,1011.0,39.86,People typically spend up to 15 min here,03-2025
121b7f46f4eb7df1ec4a2062732386e0,Shell,Rajanpur,Rajanpur District,"Muncipal Road, Indus Hwy, Rajanpur District, 33501, Pakistan",33501.0,70.3236192,29.10410421,Transportation & Logistics,Fuel & Charging,Gas station,Open 24 hours,+92 65 6689126,find.shell.com,4.1,8.0,41.29,People typically spend up to 3 hours here,03-2025
2299bd79ee931c1859c994b4aab2da90,NADAR TRUCKING STATION- Total Petrol Station,Pakistan,Moro,"near Moro Toll Plaza, KLP ROAD N-5 MORO ,MORO, Moro, 67130, Pakistan",67130.0,68.01903846,26.68731732,Transportation & Logistics,Fuel & Charging,Gas station,Open 24 hours,+92 334 2165188,totalparco.com.pk,3.7,73.0,36.29,People typically spend up to 45 min here,03-2025
3b3cadbaa12132e1dea6bfa0761c1a9a,Layllpur Filling Station- Total Petrol Station,Pakistan,Faisalabad,"P, 8, Jail Race Course Rd, Civil Lines, Faisalabad, 38000, Pakistan",38000,73.07709851,31.43576526,Transportation & Logistics,Fuel & Charging,Gas station,Open 24 hours,+92 300 8669697,totalparco.com.pk,4.1,126.0,35.71,People typically spend up to 30 min here,03-2025
3315e0fa391f496cf45b70c38ad146ad,Shell,Pakistan,Lahore,"134 ‏Main Blvd Gulshan-e-Ravi, A Block Block A Gulshan-e-Ravi, Lahore, 54500, Pakistan",54500,74.28576164,31.54881979,Transportation & Logistics,Fuel & Charging,Gas station,Open 24 hours,+92 42 37400034,find.shell.com,4.2,66.0,49.29,People typically spend up to 30 min here,03-2025
a9df518c175b2851b9ea8df867931f0d,Shell,UC-11 Garden East,Karachi,"511/25 Business Recorder Rd, Patel Para, Karachi, 74550, Pakistan",74550,67.03448874,24.88292097,Transportation & Logistics,Fuel & Charging,Gas station,Open 24 hours,+92 21 34915636,find.shell.com,3.8,127.0,42.14,People typically spend up to 20 min here,03-2025
ad40491dd05c50f68cf7eccd7fffe353,Al-Madina Filling Station-Total Pump,Punjab,Khori,"G T ROAD VILLAGE KHORI, Khori, 39000, Pakistan",39000,74.24118542,31.86470594,Transportation & Logistics,Fuel & Charging,Gas station,Open 24 hours,+92 322 8410983,totalparco.com.pk,4.2,111.0,30.71,People typically spend up to 1 hour here,03-2025
ef942097907a4a97cbad98e4cb611b90,Hunny Filling Station- TOTAL Petrol Station,Punjab,Depalpur,"Near Kutchey Chowk, Pak Patan Road, Dipalpur, Pipli chowk, Depalpur, 56180, Pakistan",56180,73.6438004,30.6705276,Transportation & Logistics,Fuel & Charging,Gas station,Open 24 hours,+92 321 4529095,totalparco.com.pk,4.0,42.0,35.14,People typically spend up to 45 min here,03-2025
325aa8000886a69b2bed222e06e3db8e,Total Petrol Station,Zone A - Block 7,Karachi,"DC 9 7th St, near UNDERPASS, Zone A - Block 7 Zone A Block 7 Clifton, Karachi, 75600, Pakistan",75600,67.03140921,24.83027517,Transportation & Logistics,Fuel & Charging,Gas station,Open 24 hours,+92 21 35379249,totalparco.com.pk,4.0,408.0,43.86,People typically spend up to 15 min here,03-2025
44332a45966465aa7847cfe5d9506f00,Khudadad Filling Station- Total Petrol Station,Muzaffarabad,Muzaffarabad,"Mouza Ambor, Kohala Road, Tehsil & Distt Muzaffarabad, Muzaffarabad, 13100",13100,73.47162754,34.32506697,Transportation & Logistics,Fuel & Charging,Gas station,Open 24 hours,+92 300 5197516,totalparco.com.pk,4.0,153.0,35.71,People typically spend up to 20 min here,03-2025
aa26591153ae58717cb260ed441fdbed,PBG F/S- Total Petrol Station,Sadiqabad,Macho Goth,"N-5 KM 628-629 MACHI GOTH,SADIQABAD, Macho Goth, 64450, Pakistan",64450,70.04422644,28.28284125,Transportation & Logistics,Fuel & Charging,Gas station,Open 24 hours,+92 300 9670413,totalparco.com.pk,3.6,53.0,37.57,People typically spend up to 2 hours here,03-2025
c6f5cd2ed8826f0b9faede0645b3e5a6,Al Mukhtar Petroleum,Rahim Yar Khan Tehsil,Rahim Yar Khan,"By Pass Road, Thali Chowk By Pass Rd, near Pull Baba Ghareeb Shah, Rahim Yar Khan, 64200, Pakistan",64200,70.31123265,28.4379428,Transportation & Logistics,Fuel & Charging,Gas station,Open 24 hours,+92 68 5904719,mukhtar.pk,4.5,37.0,29.29,People typically spend up to 1.5 hours here,03-2025
77be433a1c3bb68bf60ca93c5fc7d9d3,Attock Petrol Pump Range Road Rawalpindi,Shalley Valley,Rawalpindi,"Range Rd, New Awan Town, Rawalpindi, 46000, Pakistan",46000.0,73.0076327,33.60044777,Transportation & Logistics,Fuel & Charging,Gas station,Open 24 hours,+92 324 0960754,apl.com.pk,3.8,466.0,50.0,People typically spend up to 45 min here,03-2025
129fb9ba2a135c05712e58553d7e9a11,FAUJI PETROLEUM SERVICE - TMK- Total Parco pakistan Ltd,Tando Muhammad Khan,Tando Mohammad Khan,"TANDO MOHAMMAD KHAN - SUJJAWAL ROAD,NEAR FAUJI SHUGAR MILLS,TANDO MOHD KHAN, Tando Mohammad Khan, 70220, Pakistan",70220.0,68.52270595,25.11324854,Transportation & Logistics,Fuel & Charging,Gas station,Open 24 hours,+92 345 3740356,totalparco.com.pk,3.9,54.0,39.86,People typically spend up to 45 min here,03-2025
4a8a9d4392059017cde36e623d9a05eb,Attock Petroleum,Punjab,Lahore,"Hassan Town, Opposite Benz Factory, Kharak, Multan Road, Awan Town, Lahore, 74000, Pakistan",74000.0,74.26617737,31.50503257,Transportation & Logistics,Fuel & Charging,Gas station,Open 24 hours,+92 42 37490074,digimart.com.pk,4.0,465.0,52.14,People typically spend up to 30 min here,03-2025
27584fc06906276bb1fcbc5020c79bde,Shell,Westridge 1,Rawalpindi,"Main Peshawar Rd, Westridge 1, Rawalpindi, 46120, Pakistan",46120.0,73.01830712,33.60513435,Transportation & Logistics,Fuel & Charging,Gas station,Open 24 hours,+92 51 5480483,find.shell.com,4.0,106.0,49.71,People typically spend up to 15 min here,03-2025
3328af3f6d0239a3cb87f65057ee7d33,Shell,Gadap Town,Karachi,"Karachi - Hyderabad Motorway, Gadap Town, Karachi, 75900, Pakistan",75900.0,67.21288257,24.98534842,Transportation & Logistics,Fuel & Charging,Gas station,Open 24 hours,+92 300 2140048,find.shell.com,4.2,104.0,37.86,People typically spend up to 25 min here,03-2025
af44de1579c21bb9ed9fea20b85d544d,SubhanAllah Associates- Total Petrol Station,Sindh,Karachi,"Dr Daud Pota Rd, Karachi Cantonment Karachi, 75530, Pakistan",75530.0,67.03609545,24.84474528,Transportation & Logistics,Fuel & Charging,Gas station,Open 24 hours,+92 301 8228247,totalparco.com.pk,4.0,178.0,41.43,People typically spend up to 1 hour here,03-2025
070dc5a38037c5d4799f55d77c34dac8,Al-Hamd Filling Station- Total Petrol Station,Rahim Yar Khan Tehsil,Rahim Yar Khan,"Chak No. 72/N.P,, , , Tehsil and Dist. Rahim Yar Khan, Rahim Yar Khan, 64200, Pakistan",64200.0,70.26027812,28.42927929,Transportation & Logistics,Fuel & Charging,Gas station,Open 24 hours,+92 346 3491909,totalparco.com.pk,3.6,63.0,49.71,People typically spend up to 45 min here,03-2025
6c70ac6ce0a43a19d2aa60a5fedc6ff0,Railway Reservation Office,Township,Lahore,"Farooq-e-Azam Street, Township Block 10 Sector B 1 Lahore, 54770, Pakistan",54770.0,74.30467448,31.46713943,Transportation & Logistics,Public Transit & Hubs,Railway services,Open,+92 42 99203552,pakrail.gov.pk,3.9,504.0,56.0,People typically spend up to 30 min here,03-2025
928bcc6c17041f59a7e447097240e7d4,IMPERIAL GASOLINE (TOTAL),Pakistan,Lahore,"253-E, MAULANA SHAUKAT ALI ROAD, NEAR SHOUQ CHOWK JOHAR TOWN, Block E Phase 1 Johar Town, Lahore, 54782, Pakistan",54782.0,74.29983656,31.47214577,Transportation & Logistics,Fuel & Charging,Gas station,Open 24 hours,+92 42 35170509,totalparco.com.pk,3.9,77.0,45.71,People typically spend up to 45 min here,03-2025
3a2c8348983a0c430d3ddba4327df0f5,Sangam 3 Petrol Station,Pakistan,Faisalabad,"Chak No. 76, RB, 0.5KM Jaranwala Road, Khurrianwala, Faisalabad, Faisalabad, 37630, Pakistan",37630.0,73.27490424,31.49407519,Transportation & Logistics,Fuel & Charging,Gas station,Open 24 hours,+92 300 6969696,totalparco.com.pk,4.0,99.0,39.86,People typically spend up to 30 min here,03-2025
0bfbbe140e638b88d47b856c6e757364,Malik Enterprises- Total Petrol Station,Pakistan,Lahore,"Total Petrol Pump, Adjacent to Rangers HQ, Zarar Shaheed Road, Guldasht Town, Lahore, 54810, Pakistan",54810.0,74.41366131,31.54589028,Transportation & Logistics,Fuel & Charging,Gas station,Open 24 hours,+92 333 4272561,totalparco.com.pk,3.9,275.0,38.29,People typically spend up to 20 min here,03-2025
c7645c243f110d1c1e785e4b3364353d,Millat Service Station (Total Parco),Sindh,Karachi,"PLOT NO 9 BLOCK NO 9 KACHI SOCIETY,Baloch Colony,KARACHI, Block 9 KAECHS, Karachi, 74000, Pakistan",74000,67.0843019,24.8620523,Transportation & Logistics,Fuel & Charging,Gas station,Open 24 hours,+92 301 8228247,totalparco.com.pk,3.9,357.0,46.43,People typically spend up to 15 min here,03-2025
fc85153138601c8d884a87dccc78a141,Magsi Filling Station- Total Parco,Pakistan,Bhakkar,"Total Parco Petrol pump, HAIDRABAD THALL TEHSIL MANKAIRA, DISTRICT BHAKAR, Bhakkar, 30000, Pakistan",30000,71.70643511,31.34205712,Transportation & Logistics,Fuel & Charging,Gas station,Open 24 hours,+92 333 5139646,totalparco.com.pk,4.2,80.0,43.86,People typically spend up to 30 min here,03-2025
23314942042926725c3a4dbd43b589fa,AWAN PETROLEUM SERVICE- Total Petrol Station,Sargodha,Sargodha,"165-166 KM. LAHORE ROAD ,OPPOSITE TO TOYOTA MOTORS,SARGODHA, Dhudi Colony, Sargodha, 40100, Pakistan",40100,72.71689113,32.0535108,Transportation & Logistics,Fuel & Charging,Gas station,Open 24 hours,+92 48 3216695,totalparco.com.pk,3.6,29.0,31.43,People typically spend up to 30 min here,03-2025
e371046787198f3496249fcf35e1e130,SARDAR SHAUKAT SERVICE CENTRE- Total Petrol Station,Punjab,Allahabad,"THEENG MOOR NEAR ALLAHABAD, Allahabad, 64020, Pakistan",64020.0,74.11076027,30.8996173,Transportation & Logistics,Fuel & Charging,Gas station,Open 24 hours,+92 300 4760167,totalparco.com.pk,4.1,34.0,48.29,People typically spend up to 30 min here,03-2025
e2f05236a29c06243387d8058ab78e75,Hascol Petrol Pump,Rawalpindi Tehsil,Rawalpindi,"Rawal Road, Chaklala Cantt., Rawalpindi, 46000, Pakistan",46000.0,73.08008128,33.6080657,Transportation & Logistics,Fuel & Charging,Gas station,Open 24 hours,+92 51 5506355,hascol.com,4.0,169.0,30.43,People typically spend up to 30 min here,03-2025
ab2ff855a6b3cda80b5020598158e1a7,S.H.Zee Gas Pvt Ltd (One Stop FS)- Total Petrol Station,Punjab,Sheikhupura,"12-13 (from Lahore, city) Lahore-Sheikhupura road,, Sheikhupura, 39350, Pakistan",39350.0,74.22197548,31.62829068,Transportation & Logistics,Fuel & Charging,Gas station,Open 24 hours,+92 324 4179935,totalparco.com.pk,4.2,31.0,37.71,People typically spend up to 15 min here,03-2025
b7e817772307c0cb2e139abfa8193743,M ZAMAN AND SONS Total Petrol Station,Attock,Hassan Abdal,"GT ROAD near to Haripur More, Hassan Abdal, 43730, Pakistan",43730.0,72.68531734,33.8158829,Transportation & Logistics,Fuel & Charging,Gas station,Open 24 hours,+92 300 9860665,totalparco.com.pk,4.0,75.0,28.86,People typically spend up to 2.5 hours here,03-2025
66b1d1956a074a6f18eb8011327318da,Nazir Filling Station- Total Petrol Station,Siraj Pura,Lahore,"Muslimabad, Shalimar Town, Band Rd, Siraj Pura Daroghe Wala, Lahore, 54000, Pakistan",54000.0,74.39883229,31.59797148,Transportation & Logistics,Fuel & Charging,Gas station,Open 24 hours,+92 321 4959665,totalparco.com.pk,4.1,270.0,45.14,People typically spend up to 30 min here,03-2025
e9fc7b279651d804e2a26d0209ed8b7d,AL-SIDDIQUE SVC STN- Total Petrol Station,Sindh,Karachi,"ST-5 DADABHOY TOWN,SHAHEED MILLAT ROAD,KARACHI, Dadabhoy Town, Karachi, 75300, Pakistan",75300.0,67.08611193,24.86099792,Transportation & Logistics,Fuel & Charging,Gas station,Open 24 hours,+92 300 9253685,totalparco.com.pk,3.8,206.0,33.43,People typically spend up to 15 min here,03-2025
4d1393f49e5c364db15370ab0f66286b,SHOJJAT HUSSAIN JAMALI PET. SERVICE- Total Petrol Station,Sinjhoro,Sinjhoro,"opposite Taluka hospital , Taluka sijhoro , dist Sanghar,SINJHORO, Sinjhoro, 68220, Pakistan",68220.0,68.8130235,26.03152116,Transportation & Logistics,Fuel & Charging,Gas station,Open 24 hours,+92 333 2768244,totalparco.com.pk,3.6,34.0,47.86,People typically spend up to 2 hours here,03-2025
c8754eb5932010d095d6ad9697a6f5c8,MOHAMMADI PETROLEUM SERVICE- Total Petrol Station,Sindh,Dādu,"Dadu-Larkana Rd, Badarabad, Dādu, 76200, Pakistan",76200.0,67.77874286,26.73907227,Transportation & Logistics,Fuel & Charging,Gas station,Open 24 hours,+92 300 2467281,totalparco.com.pk,3.9,55.0,37.0,People typically spend up to 45 min here,03-2025
35cc906f17427266e0e983e3488b4afb,WARIS F/S- Total Petrol Station,Sialkot Metropolitan Area,Sialkot,"MOUZA WAHGA KINGRA- SIALKOT ROAD,WAHGA, Sialkot, 51310, Pakistan",51310.0,74.77075946,32.45741416,Transportation & Logistics,Fuel & Charging,Gas station,Open 24 hours,+92 300 8607112,totalparco.com.pk,4.5,8.0,32.14,People typically spend up to 1.5 hours here,03-2025
f1d08a1c486e23fc1bd539a21d797b30,Shell,Punjab,Gojra,"Gojra - Faisalabad Rd Pansra, Gojra - Faisalabad Rd, Gojra, 50500, Pakistan",50500.0,72.68454749,31.15848153,Transportation & Logistics,Fuel & Charging,Gas station,Open 24 hours,+92 46 3516502,find.shell.com,3.8,102.0,50.57,People typically spend up to 45 min here,03-2025
237db110d56a244d352ba67fe6593eb4,Fasih Filling Station- Total Petrol Station,Sindh,Nawabshah,"Deh 43 Dad, Tapo Saindino, Taluka and District Nawab Shah- Benazir Abad, Sindh, Sakrand Road, Nawabshah, 67450, Pakistan",67450.0,68.3547729,26.22542951,Transportation & Logistics,Fuel & Charging,Gas station,Open 24 hours,+92 300 2004447,totalparco.com.pk,3.7,10.0,32.57,People typically spend up to 1.5 hours here,03-2025
214fec33b070e9cbdf540aca27ee2c06,Total,UC-10 Jamshed Qurts,Karachi,"Plot 674/1, Nawab Bahadur Yar Jang Rd, Fatima Jinnah Colony, Jamshed Quarter, Shikarpur Colony, Karachi, 75950, Pakistan",75950.0,67.04639891,24.88442722,Transportation & Logistics,Fuel & Charging,Gas station,Open 24 hours,+92 21 34127458,totalparco.com.pk,3.8,543.0,41.14,People typically spend up to 45 min here,03-2025
beabbf97f4a1910296593c4520a2c78d,Bismillah Filling Station- Total Petrol Station,Pakistan,Faisalabad,"plot # 93 / R, Gulistan colony # 2, Taj Colony, Faisalabad, 38000, Pakistan",38000.0,73.09179411,31.44635312,Transportation & Logistics,Fuel & Charging,Gas station,Open 24 hours,+92 300 8262908,totalparco.com.pk,3.6,93.0,37.14,People typically spend up to 25 min here,03-2025
c5e83ba02021ae49fc87c6e8ecc1b871,UMER FILLING STATION - SHAHDADPUR- Total Petrol Station,Sanghar,Shāhdādpur,"SURVEY NO: 569/4 DEH SAMIR, NAWABSHAH ROAD,SHAHDADPUR, Shāhdādpur, 68030, Pakistan",68030.0,68.59211361,26.02323669,Transportation & Logistics,Fuel & Charging,Gas station,Open 24 hours,+92 300 3352707,totalparco.com.pk,3.9,14.0,23.0,People typically spend up to 30 min here,03-2025
212da5e79e9a8f7402af835b0178e036,SOHARAB KHAN- Total Petrol Station,Swat Tehsil,Mingora,"MARI CHOWK ,MINGORA, Rahimabad, Mingora, 19130, Pakistan",19130.0,72.33597519,34.76930163,Transportation & Logistics,Fuel & Charging,Gas station,Open 24 hours,+92 301 8753313,totalparco.com.pk,4.0,85.0,43.29,People typically spend up to 45 min here,03-2025
247d475f80e46d6cd08c90c33341cb76,Total Petrol Pump Prime Petroleum,Rawalpindi Tehsil,Rawalpindi,"Tulsa Rd, Lalazar, Rawalpindi, 46000, Pakistan",46000.0,73.04958213,33.56807732,Transportation & Logistics,Fuel & Charging,Gas station,Open 24 hours,+92 333 5499707,totalparco.com.pk,3.7,167.0,38.57,People typically spend up to 45 min here,03-2025
f16e2a4c04c9772f8e1af139c336f0a5,Shell,Sodhiwal,Lahore,"Band Rd, Sodiwal Sodhiwal, Lahore, 54000, Pakistan",54000.0,74.28351918,31.5326046,Transportation & Logistics,Fuel & Charging,Gas station,Open 24 hours,+92 42 37484623,find.shell.com,3.9,198.0,41.71,People typically spend up to 1 hour here,03-2025
c6552a53bb3263ba6d8bd2c77f0a8e43,Shell,Pakistan,Lahore,"GT Rd, Feroz Wala, Lahore, 54950, Pakistan",54950,74.27857996,31.66109461,Transportation & Logistics,Fuel & Charging,Gas station,Open 24 hours,+92 300 4234641,find.shell.com,4.2,77.0,41.86,People typically spend up to 1.5 hours here,03-2025
d074f834f079ae48f8c9456dcab49749,GO Petrol Pump (Company Operated),Rawalpindi Tehsil,Rawalpindi,"Tipu Road Pipeline Street Number 2، opposite Gate, PAF Residential Area, Rawalpindi, 46000, Pakistan",46000,73.08025411,33.60629373,Transportation & Logistics,Fuel & Charging,Gas station,Open 24 hours,+92 51 5500008,fluxpert.com,4.2,406.0,38.29,People typically spend up to 45 min here,03-2025
01e6181e7ee69f40fe20b12e631730c7,AL-HASEEB FILLING STATION- Total Petrol Station,Rahim Yar Khan,Rahim Yar Khan,"B.W. KM 184/185 Khan Pur Adda, Near Rpyal Toyota Motors, Rahimyar Khan,Rahim Yar, Rahim Yar Khan, 64200, Pakistan",64200,70.34440859,28.4369042,Transportation & Logistics,Fuel & Charging,Gas station,Open 24 hours,+92 300 9676365,totalparco.com.pk,3.9,28.0,42.29,People typically spend up to 30 min here,03-2025
9819ca625340e806e03a0dc2a6c7f0b1,RIAZ PETROLEUM- Total Petrol Station,Pakistan,Lahore,"27-KM LAHORE BEDIAN ROAD, HAER VILLAGE, Lahore, 53200, Pakistan",53200.0,74.48197786,31.41747246,Transportation & Logistics,Fuel & Charging,Gas station,Open 24 hours,+92 301 8027644,totalparco.com.pk,4.0,44.0,41.29,People typically spend up to 30 min here,03-2025
171f30a82084bf88df48e7d398c2dcac,UMAR HASSAN PETROLEUM- Total Petrol Station,Pakistan,Khushāb,"OFFICER COLONY MUZAFARGHAR ROAD ,JUHARABAD, Khushāb, 41000, Pakistan",41000.0,72.2654369,32.27749639,Transportation & Logistics,Fuel & Charging,Gas station,Open 24 hours,+92 321 6006095,totalparco.com.pk,4.1,110.0,41.29,People typically spend up to 2.5 hours here,03-2025
cc43ef69b3c0b257177ecbbdcdf32d4f,Shell,Thatta,Gujjo,"5 Main N-5, Gujjo, 73200, Pakistan",73200.0,67.7683197,24.74220483,Transportation & Logistics,Fuel & Charging,Gas station,Open 24 hours,+92 298 770441,find.shell.com,4.2,23.0,49.57,People typically spend up to 45 min here,03-2025
cabf555150e98bfae65bb66e74185d4d,Total Gasoline Station ( مہر پٹرولیم ),Pakistan,Okara,"BENAZEER AVENUE , Main City, Meher Colony, Okara, 56300, Pakistan",56300.0,73.43316432,30.80184274,Transportation & Logistics,Fuel & Charging,Gas station,Open 24 hours,+92 321 7096006,totalparco.com.pk,3.7,141.0,35.57,People typically spend up to 30 min here,03-2025
bd13ebb89d7c11fa22f863fd491ad620,Shell Marina,Punjab,Rawalpindi,"Khayaban e Sir Syed, Rawalpindi, 44000, Pakistan",44000.0,73.04696483,33.64397065,Transportation & Logistics,Fuel & Charging,Gas station,Open 24 hours,+92 51 2613998,find.shell.com,3.9,77.0,47.86,People typically spend up to 30 min here,03-2025
c95dd044f3bec314488cbf7c1367a998,FAROOQ SONS PETROLEUM- Total Petrol Station,Pakistan,Lahore,"PLOT NO.168, 170 Allama Iqbal Rd, Mustafabad, Lahore, 54570, Pakistan",54570.0,74.35996677,31.55160756,Transportation & Logistics,Fuel & Charging,Gas station,Open 24 hours,+92 344 4499998,totalparco.com.pk,4.0,122.0,31.71,People typically spend up to 45 min here,03-2025
271385a648fbbd008df7ab80d2408256,KARAKORUM PETROLEUM SVC- Total Petrol Station,South Asia,Gilgit,"SHAHRA-E-QUIAID-E-AZAM, ZERO POINT, Gilgit, 15100",15100.0,74.36783225,35.88891755,Transportation & Logistics,Fuel & Charging,Gas station,Open 24 hours,+92 345 8559523,totalparco.com.pk,4.6,48.0,29.71,People typically spend up to 1.5 hours here,03-2025
3a08285ff66bade506f999c8da6d92ad,LUCKY KOHINOOR FILLING STATION- Total Petrol Station,Sindh,Khipro,"PLOT 96 T0 99 SAMANABAD, KHIPRO CHOWK,KHIPRO, Khipro, 68330, Pakistan",68330.0,69.36584463,25.80725833,Transportation & Logistics,Fuel & Charging,Gas station,Open 24 hours,+92 307 3523900,totalparco.com.pk,4.0,31.0,40.14,People typically spend up to 25 min here,03-2025
48bd664df870e46c434c7c2d3d63b522,DEFENCE SERVICE CENTRE- Total Petrol Station,Sector R,Lahore,"PLOT NO 302, R Block Sector R DHA Phase 2, Lahore, 54792, Pakistan",54792.0,74.39830314,31.47588388,Transportation & Logistics,Fuel & Charging,Gas station,Open 24 hours,+92 42 35893010,totalparco.com.pk,4.0,555.0,50.86,People typically spend up to 20 min here,03-2025
68fe648b63530476f9265b75ff027c30,Shell,Pakistan,Mianwali,"Mianwali - Talagang Rd, Mustal, Mianwali, 42200, Pakistan",42200.0,71.83390025,32.72346267,Transportation & Logistics,Fuel & Charging,Gas station,Open 24 hours,+92 459 389055,find.shell.com,4.2,53.0,46.0,People typically spend up to 4 hours here,03-2025
2e8eb8bc8b6a54683e59d72be6948510,LEGHARIE BROTHERS P/S- Total Petrol Station,Punjab,Bahawalnagar,"KM # 18, FORTABBAS - YAZMAN ROAD, CHAK 286/HR, Adda 86 More Bahawalnagar, 62020, Pakistan",62020.0,72.70629329,29.22423164,Transportation & Logistics,Fuel & Charging,Gas station,Open 24 hours,+92 344 7022306,totalparco.com.pk,4.2,30.0,41.29,People typically spend up to 1 hour here,03-2025
acb9187ff6a606e6c0a222a5328ba2d7,Attock Petroleum,Pakistan,Lahore,"90 Noor Jehan Rd, Block C2 Block C 2 Gulberg III, Lahore, 54000, Pakistan",54000.0,74.34376749,31.50867325,Transportation & Logistics,Fuel & Charging,Gas station,Open 24 hours,+92 42 35761104,apl.com.pk,3.9,292.0,40.43,People typically spend up to 45 min here,03-2025
5e36964d2e3d2341c05c507ca8be6e5f,Total PARCO Petrol Pump,Islamabad Capital Territory,Rawalpindi,"PESHAWAR ROAD، NEAR GOLRA MORE, H-13, Rawalpindi, 46000, Pakistan",46000.0,72.97049919,33.6232834,Transportation & Logistics,Fuel & Charging,Gas station,Open 24 hours,+92 300 5197944,totalparco.com.pk,3.9,236.0,39.14,People typically spend up to 15 min here,03-2025
f85eb2012cde1fa5b3be4d181d80f5d4,Alraza Taj75,Renala Khurd,Renala Khurd,"Alraza Taj75, N5 Lahore - Multan Rd, Renala Khurd, 56130, Pakistan",56130.0,73.57012275,30.86718853,Transportation & Logistics,Fuel & Charging,Gas station,Open 24 hours,+92 300 6588942,tajgasoline.com,3.9,44.0,36.0,People typically spend up to 25 min here,03-2025
dfd3598c28f4f2416d57b2d178d1e799,Northern Gasoline Total Parco Petrol Pump,UC-5 Abu Zar Gaffari,Karachi,"PLOT NO. ST-2, SECTOR 11-J,,NORTH KARACHI, KARACHI.,KARACHI, Sector 11 J North Karachi Twp, Karachi, 74000, Pakistan",74000.0,67.06906176,24.97357174,Transportation & Logistics,Fuel & Charging,Gas station,Open 24 hours,+92 21 36994180,totalparco.com.pk,3.9,293.0,29.0,People typically spend up to 30 min here,03-2025
d0f464046a261697a26a18a5c0a80892,Shell,Sindh,Karachi,"Malir Cantt. Road S 59/1 A, Aziz Bhati Road, Malir Cantonment, Karachi, 75070, Pakistan",75070.0,67.20270433,24.93194583,Transportation & Logistics,Fuel & Charging,Gas station,Open 24 hours,+92 21 34491811,find.shell.com,3.4,50.0,39.14,People typically spend up to 30 min here,03-2025
c9fd597f2a2eec1ee10bb57f4f020f0d,Tulip Service Station,Pakistan,Lahore,"133- Allama Iqbal Road, Mian Mir(Dharampura), Lahore Cantt:, Mustafabad, Lahore, 54810, Pakistan",54810.0,74.35858292,31.55225316,Transportation & Logistics,Fuel & Charging,Gas station,Open 24 hours,+92 300 8511844,totalparco.com.pk,3.8,160.0,46.57,People typically spend up to 45 min here,03-2025
bc0d3fb438897eed5fd3ac425a24b41d,Khawaja Filling Station- Total Petrol Station,Punjab,Faisalabad,"Chak No. 7/ Jang Branch, Sargodha Road, Faisalabad, Yousuf Town, Faisalabad, 38000, Pakistan",38000.0,73.06545519,31.51037556,Transportation & Logistics,Fuel & Charging,Gas station,Open 24 hours,+92 321 8618888,totalparco.com.pk,4.1,66.0,34.14,People typically spend up to 20 min here,03-2025
4c6a2e7ea1e92a1ce4975c756c8c1c45,AL-SERAJ PETROLEUM- Total Petrol Station,South Asia,Kotli,"Mirpur City, Mirpur Azad Jammu & Kashmir, Kotli, 11100",11100.0,73.78188189,33.13534015,Transportation & Logistics,Fuel & Charging,Gas station,Open 24 hours,+92 321 3055505,totalparco.com.pk,4.0,124.0,48.43,People typically spend up to 45 min here,03-2025
96f8e7c7c2b6d6b7bf5a9fcc058d89b0,Shell,Usmania Colony,Karachi,"PIB Colony Main Road, Jail Rd, Usmania Colony, Karachi, 75600, Pakistan",75600.0,67.0494606,24.89013643,Transportation & Logistics,Fuel & Charging,Gas station,Open 24 hours,+92 301 8234480,find.shell.com,3.5,13.0,29.0,People typically spend up to 30 min here,03-2025
db30b88088c7b79415905e3ab1653fae,M/S ALI BROTHERS- Total Petrol Station,Pakistan,Daggar,"DAGGAR ,BUNAIR, Daggar, 17290, Pakistan",17290.0,72.46224275,34.49463259,Transportation & Logistics,Fuel & Charging,Gas station,Open 24 hours,+92 939 512337,totalparco.com.pk,3.7,15.0,18.86,People typically spend up to 1.5 hours here,03-2025
47dcad7fed91fbc0051c4d9b18e839ae,BADSHA PETROLEUM- Total Petrol Station,Pakistan,Mianwali,"KHAWAJABAD SHARIF MOUZA MOUCHH,KALABAGH ROAD,MIANWALI, Mianwali, 42200, Pakistan",42200.0,71.54180629,32.73136278,Transportation & Logistics,Fuel & Charging,Gas station,Open 24 hours,+92 302 3951875,totalparco.com.pk,3.8,38.0,37.29,People typically spend up to 15 min here,03-2025
bc5821cabcc9ac2c905e8fcdea78ae6c,Total Petrol Station,Punjab,Lahore,"95 - Allama Iqbal Road, Garhi Shahu, Mian Mir Sahib, Tehsil Cantt, Lahore, Garhi Shahu, Lahore, 54810, Pakistan",54810.0,74.34842318,31.55954045,Transportation & Logistics,Fuel & Charging,Gas station,Open 24 hours,+92 345 8882880,totalparco.com.pk,3.7,183.0,53.29,People typically spend up to 25 min here,03-2025
312c9d92d8f91a50463f07f8dc13d453,Silver Star Pet- Total Petrol Station,Punjab,Gujranwala,"Khasra No 208, Khatooni No 1122, Khasra No 214, Near Silver Star Chowk Gujranwala-Sialkot Rd Mafi Wala, Al Hafiz Town, Gujranwala, 52250, Pakistan",52250.0,74.21436426,32.20117013,Transportation & Logistics,Fuel & Charging,Gas station,Open 24 hours,+92 300 8641820,totalparco.com.pk,3.8,101.0,47.29,People typically spend up to 25 min here,03-2025
a86c328c30846d72bc7ae9db14a0cca0,World Filling Station- Total Petrol Station,Pakistan,Hyderabad,"Plot No. B/10-A, Situated at Fateh Chowk, Hyderabad, Hyderabad, 71000, Pakistan",71000.0,68.3857242,25.36901588,Transportation & Logistics,Fuel & Charging,Gas station,Open 24 hours,+92 321 3003111,totalparco.com.pk,3.8,164.0,42.43,People typically spend up to 15 min here,03-2025
6c36922d8755c455f95ea5ca3ff32e29,5 Star CNG,Punjab,Jamber,"Service Rd, Jamber, 55300, Pakistan",55300.0,73.9163633,31.13184221,Transportation & Logistics,Fuel & Charging,Gas station,Open 24 hours,+92 346 4049000,apl.com.pk,3.8,170.0,45.43,People typically spend up to 45 min here,03-2025
0726c6e5fc9445138920cf02a603e063,BILAL BROTHERS- Total Petrol Station,Pakistan,Choa Saidan Shah,"CHOA SAIDEN SHAH Kalar Kahar Road, Choa Saidan Shah, 48320, Pakistan",48320.0,72.99500229,32.73752497,Transportation & Logistics,Fuel & Charging,Gas station,Open 24 hours,+92 346 5783831,totalparco.com.pk,3.8,30.0,42.43,People typically spend up to 1 hour here,03-2025
b74670f8eabf6424beb98b27c1c55ddb,Shell Petrol Pump,Pakistan,Lahore,"Main Blvd Allama Iqbal Town, Jahanzeb Block Allama Iqbal Town, Lahore, 54000, Pakistan",54000.0,74.28363832,31.52535134,Transportation & Logistics,Fuel & Charging,Gas station,Open 24 hours,+92 21 111 888 222,shell.com.pk,4.0,389.0,36.0,People typically spend up to 25 min here,03-2025
96d52eae1db9f02f492ddf87a3f5eb24,SHAHEEN FREIGHT SERVICES 2- Total Petrol Station karamabad,Pakistan,Khairpur,"MAIN NATIONAL HIGHWAY SURVEY NO. 11Karmabad, KHAIRPUR,Khairpur Mirs, Khairpur, 66020, Pakistan",66020,68.79805759,27.62168623,Transportation & Logistics,Fuel & Charging,Gas station,Open 24 hours,+92 321 8201958,totalparco.com.pk,4.1,145.0,44.43,People typically spend up to 1 hour here,03-2025
d1fdf465ee4eb9fa3c94b9e58ea9d3c5,Al Razzaq Filling Station- Total Petrol Station,Punjab,Multan,"Near Hoor Oil Banaspati Mill Vehari Road, Multan, 60000, Pakistan",60000,71.53357573,30.15743576,Transportation & Logistics,Fuel & Charging,Gas station,Open 24 hours,+92 301 7444333,totalparco.com.pk,4.0,161.0,42.29,People typically spend up to 25 min here,03-2025
423c4f5173ad0706d8facbe388e9e2dd,Ashraf Filling Station- Total Petrol Station,Punjab,Gujrat,"GT Rd, Bakhshupura, Gujrat, 50730, Pakistan",50730.0,74.07110989,32.56849539,Transportation & Logistics,Fuel & Charging,Gas station,Open 24 hours,+92 53 3533283,totalparco.com.pk,3.9,78.0,44.57,People typically spend up to 30 min here,03-2025
a95ddc865d8b247282467ff7109b51cd,Total Parco Filling Station,Rajanpur,Rajanpur District,"N55, Moza Raqba Nabi Shah, Rajanpur District, 33500, Pakistan",33500.0,70.32783325,29.04647677,Transportation & Logistics,Fuel & Charging,Gas station,Open 24 hours,+92 42 111 709 709,totalparco.com.pk,4.2,20.0,45.14,People typically spend up to 1 hour here,03-2025
9227ff42d18d8d6f0304704ab8d45549,HAMZA FILLING STATION - DIKN- Total Petrol Station,Pakistan,Bannu,"NASEERABAD, D.I.KHAN ROAD ,BANNU, Mandan, Bannu, 28100, Pakistan",28100.0,70.61995793,32.97517121,Transportation & Logistics,Fuel & Charging,Gas station,Open 24 hours,+92 336 0088009,totalparco.com.pk,4.1,35.0,53.57,People typically spend up to 1.5 hours here,03-2025
c03c71219bb137ccb2678a8d00b519e7,CHAUDHRY GAS STATION- Total Petrol Station,Punjab,Gojra,"GOJRA MANDI, OUTSIDE GENERAL BUS STAND,OPPOSITE TO CHURCH,GOJRA, Samundri Rd, Gojra, 50500, Pakistan",50500.0,72.69072349,31.14685243,Transportation & Logistics,Fuel & Charging,Gas station,Open 24 hours,+92 300 7995945,totalparco.com.pk,3.9,108.0,46.86,People typically spend up to 30 min here,03-2025
cf572543fae094fb28e613731f308c63,Total PARCO Petrol Pump,UC-2 Sir Syed,Karachi,"SA-2، ST-8, Sector 11 C 1 North Karachi Twp, Karachi, 74000, Pakistan",74000.0,67.06363128,24.96914316,Transportation & Logistics,Fuel & Charging,Gas station,Open 24 hours,+92 333 2109130,totalparco.com.pk,3.8,332.0,44.0,People typically spend up to 15 min here,03-2025
313e36eccd8d3564a408ac712604b892,Shell,UC-11 Kehkeshan,Karachi,"Pp-1, Dr Ziauddin Hospital Rd, Shahra E Ghalib, 4/B Block 2 Clifton, Karachi, 75600, Pakistan",75600.0,67.01613345,24.81561625,Transportation & Logistics,Fuel & Charging,Gas station,Open 24 hours,+92 21 35830509,find.shell.com,3.9,14.0,39.14,People typically spend up to 15 min here,03-2025
56d6ba243c40a6669850044fd50d2c1c,Shell,Punjab,Lahore,"Abbott Road, Montgomery Park Garhi Shahu, Lahore, 54000, Pakistan",54000.0,74.32561929,31.5653049,Transportation & Logistics,Fuel & Charging,Gas station,Open 24 hours,+92 300 8818765,find.shell.com,3.9,227.0,42.0,People typically spend up to 1 hour here,03-2025
f91745ea46de5c029fa15de0931ce35a,Shell,UC-10 Clifton,Karachi,"Khayaban-e-Iqbal Road, Main Clifton Road, Dc-5 Block 8 Clifton, Karachi, 75600, Pakistan",75600.0,67.03213262,24.83033795,Transportation & Logistics,Fuel & Charging,Gas station,Open 24 hours,+92 21 35862004,find.shell.com,4.1,1190.0,42.0,People typically spend up to 25 min here,03-2025
1156ee735cfcd4341451fb808239016c,Al Shahbaz Filling Station- PSO,Punjab,Bhalwal,"Bhalwal, 40410, Pakistan",40410.0,72.98691755,32.2947756,Transportation & Logistics,Fuel & Charging,Gas station,Open 24 hours,+92 300 8602265,alshahbazpetroleum.com,4.0,57.0,32.0,People typically spend up to 10 min here,03-2025
0b01205d6e693c9c3c1b7e5eff2ce658,ALI PETROLEUM- Total Petrol Station,Punjab,Gujranwala,"Sialkot Rd, BHEAKO PUR Gulzar Colony, Gujranwala, 52250, Pakistan",52250.0,74.20248738,32.18138992,Transportation & Logistics,Fuel & Charging,Gas station,Open 24 hours,+92 321 8717979,totalparco.com.pk,3.6,71.0,40.29,People typically spend up to 20 min here,03-2025
4e3f585e58101dedf24088601508e53f,Shell,Pakistan,Jaranwala,"Faisalabad Road, Jaranwala, 37250, Pakistan",37250.0,73.3931124,31.32029823,Transportation & Logistics,Fuel & Charging,Gas station,Open 24 hours,+92 41 4310896,find.shell.com,3.9,55.0,50.57,People typically spend up to 45 min here,03-2025
1b0390c9dcd18f5f2028b8498169525c,HASSAN PETROLEUM - GOJR- Total Petrol Station,Punjab,Gojra,"MAIN GOJRA PENSRA ROAD ,GOJRA, Gojra, 50500, Pakistan",50500.0,72.68592792,31.1603706,Transportation & Logistics,Fuel & Charging,Gas station,Open 24 hours,+92 321 7003131,totalparco.com.pk,3.9,95.0,47.14,People typically spend up to 1 hour here,03-2025
34008ed4b6638dd5fbb95a91b4aa6d15,Shell,Pakistan,Mansehra,"N-35 Karakoram Hwy, Madina Colony Dub 2, Mansehra, 21300, Pakistan",21300.0,73.19446245,34.32250541,Transportation & Logistics,Fuel & Charging,Gas station,Open 24 hours,+92 997 305086,find.shell.com,4.0,194.0,47.0,People typically spend up to 45 min here,03-2025
3c67b7a562c0aee7d411e01ddd5ed266,Total Filling Station,Punjab,Distt,"Rawalpindi Bypass, N-5، Distt, 52250, Pakistan",52250.0,74.17135661,32.20959261,Transportation & Logistics,Fuel & Charging,Gas station,Open 24 hours,+92 300 7847631,totalparco.com.pk,4.0,926.0,48.0,People typically spend up to 30 min here,03-2025
87124d6ed33d093513c59a103717b6c2,Akbar Filling Station- Total Petrol Station,Sialkot,Sialkot,"pasroor road, near Bismillah chowk,Sialkot, Pasrur Road, Sialkot, 51310, Pakistan",51310.0,74.55439752,32.46730696,Transportation & Logistics,Fuel & Charging,Gas station,Open 24 hours,+92 310 7770019,totalparco.com.pk,3.7,67.0,44.86,People typically spend up to 30 min here,03-2025
6fd1209223bbb3bebf3cc01fa9c61cc0,SUNDUS PETROLEUM SERVICE- Total Petrol Station,Pakistan,Chishtian,"KM # 127, STATE HIGHWAY, CHAK # 14/G, CHISHTIAN - HASILPUR Road,, Chishtian, 62350, Pakistan",62350.0,72.8432909,29.79082934,Transportation & Logistics,Fuel & Charging,Gas station,Open 24 hours,+92 306 6985918,totalparco.com.pk,3.9,85.0,58.57,People typically spend up to 45 min here,03-2025
95a371dc9c4fab755f8f45c4013bb13a,Total PARCO Petrol Pump,UC-2 Firdous Colony,Karachi,"Syed Altaf Ali Barelovi Road, Firdous Colony, Nazimabad, Karachi., Firdous Colony, Karachi, 74600, Pakistan",74600.0,67.03098096,24.90109874,Transportation & Logistics,Fuel & Charging,Gas station,Open 24 hours,+92 307 3877306,totalparco.com.pk,4.0,150.0,47.57,People typically spend up to 30 min here,03-2025
38b5c08e1e46ac424ff6c7c85b51280e,Shell,Sindh,Karachi,"39 Sunset Blvd Rd, Phase 2 Ext Defence Housing Authority, Karachi, 75600, Pakistan",75600.0,67.04983685,24.82955063,Transportation & Logistics,Fuel & Charging,Gas station,Open 24 hours,+92 21 35885273,find.shell.com,4.0,327.0,46.86,People typically spend up to 20 min here,03-2025
9a1d7a39d3d528deb30aced825d5b319,PAK PETROLEUM- Total Petrol Pump,Pakistan,Kasur,"FEROZEPUR ROAD، Near Steel Bagh Chowk, Kasur, 55050, Pakistan",55050.0,74.45671347,31.13415398,Transportation & Logistics,Fuel & Charging,Gas station,Open 24 hours,+92 321 6580209,totalparco.com.pk,4.0,54.0,38.0,People typically spend up to 45 min here,03-2025
7a517e4f79881cec0991dc27cfbe32bf,Allied Rental Services Limited,UC-2 Nasir Colony,Karachi,"Sector No.22 21/3 Korangi Industrial Estate Rd, Sector 22 Korangi, Karachi, 74900, Pakistan",74900.0,67.09338638,24.83302966,Transportation & Logistics,Vehicle Rentals & Services,Equipment rental agency,Open,+92 21 35066901,arsl.com.pk,4.5,30.0,52.2,People typically spend up to 4 hours here,03-2025
c07f593de364f7e5830d70f2992d369e,SUBH-E-SADIQ PETROLEUM- Total Petrol Station,Pakistan,Ahmed Pur,"Near Madina Masjid, KLP Road, Ahmed Pur East,AHMEDPUR EAST, Ahmed Pur, 63350, Pakistan",63350.0,71.24737671,29.13712022,Transportation & Logistics,Fuel & Charging,Gas station,Open 24 hours,+92 62 2272665,totalparco.com.pk,4.1,55.0,48.86,People typically spend up to 1 hour here,03-2025
ffada4d1ed4370768241c7cafe8b58a4,Khan I Filling Station- Total Petrol Station,Punjab,Karor Lal Esan,"Khan- I F/S (Total Parco station) Ward # 05 MM road Fateh Pur Tehsil Karor Lal E, Karor Lal Esan, 31100, Pakistan",31100.0,71.20741417,31.18603752,Transportation & Logistics,Fuel & Charging,Gas station,Open 24 hours,+92 322 9999786,totalparco.com.pk,4.2,159.0,42.14,People typically spend up to 20 min here,03-2025
a5e823177f3727eaf075b0c5a46f3eb4,Shell,Sialkot,Daska,"Daska Rd, Daska, 51010, Pakistan",51010,74.39256297,32.35363844,Transportation & Logistics,Fuel & Charging,Gas station,Open 24 hours,+92 301 8740466,find.shell.com,3.9,97.0,43.43,People typically spend up to 25 min here,03-2025
372a4022bfa23150dbf9301bbc350961,Shell,Sindh,Karachi,"8-A Shahra-e-Faisal, CAA Colony Faisal Cantonment, Karachi, 75260, Pakistan",75260,67.16063475,24.88729575,Transportation & Logistics,Fuel & Charging,Gas station,Open 24 hours,+92 21 34604468,find.shell.com,3.8,139.0,44.0,People typically spend up to 20 min here,03-2025
8148fbdf0c5ae0f7a12c8169a28b7610,Shell,Punjab,Gujranwala,"5 Gujranwala, National Highway 5, By Pass Road, Gujranwala, 52250, Pakistan",52250,74.16025091,32.19597641,Transportation & Logistics,Fuel & Charging,Gas station,Open 24 hours,+92 55 3859827,find.shell.com,3.8,95.0,28.29,People typically spend up to 25 min here,03-2025
3ffe802ee31d09094b506995b39637d0,Total PARCO Petrol Pump,UC-13 Safooran,Karachi,"Plot، SB-12 Main University Rd, Scheme 36 Block 7 Gulistan-e-Johar, Karachi, 74200, Pakistan",74200,67.14834879,24.93786964,Transportation & Logistics,Fuel & Charging,Gas station,Open 24 hours,+92 300 2376880,totalparco.com.pk,3.6,255.0,45.86,People typically spend up to 1 hour here,03-2025
fd392a188ad7cc1b6a46a7070a35dab4,C.G.S Filling Station- Total Petrol Station,Sahiwal Tehsil,Sahiwal,"Chak No. 86/6-R, Between KM 3-4, Lakar Mandi, Noor Shah Road, Sahiwal, Noor Shah Rd, Sahiwal, 57000, Pakistan",57000,73.10351029,30.69331962,Transportation & Logistics,Fuel & Charging,Gas station,Open 24 hours,+92 300 9661792,totalparco.com.pk,4.0,36.0,52.0,People typically spend up to 45 min here,03-2025
962985a0fe66fa9566ffd575b3453e88,Shell,Attock,Rawalpindi,"Jhang, Bhatar Road Gate #2, Rawalpindi, 44000, Pakistan",44000,72.70820282,33.74964175,Transportation & Logistics,Fuel & Charging,Gas station,Open 24 hours,+92 346 5721411,find.shell.com,4.5,27.0,37.14,People typically spend up to 30 min here,03-2025
4832b6ab6b71d7d5823b6142059d16c3,BAWALI FILLING STATION- Total Petrol Station,Rawalpindi,Kahuta,"KAHUTA ROAD, Kahuta, 47330, Pakistan",47330,73.33375335,33.59784656,Transportation & Logistics,Fuel & Charging,Gas station,Open 24 hours,+92 301 5112595,totalparco.com.pk,3.4,33.0,32.57,People typically spend up to 1 hour here,03-2025
ead64b1c8900d5f3aeb6d1b4cad07b43,Shell,Sindh,Matli,"Hyderabad - Badin Rd, Matli, 72010, Pakistan",72010.0,68.63517278,25.05891965,Transportation & Logistics,Fuel & Charging,Gas station,Open 24 hours,+92 345 3697564,find.shell.com,4.0,95.0,49.0,People typically spend up to 20 min here,03-2025
7c163abd203c9729a170ae363c7e61fa,HAJVAIRY PETROLEUM- Total Petrol Station,Pakistan,Lahore,"18.4 KM OFF RAIWIND ROAD, NEAR BHOBATIAN CHOWK, Central District Bahria Orchard, Lahore, 55150, Pakistan",55150.0,74.22263993,31.31658391,Transportation & Logistics,Fuel & Charging,Gas station,Open 24 hours,+92 321 4362636,totalparco.com.pk,3.7,146.0,36.0,People typically spend up to 45 min here,03-2025
41c32c77171377063c554cc2f62d37b8,Byco Petrol Pumps,UC-3 Khandu Goth,Karachi,"B, Karachi City, Sindh, 254, Block A North Nazimabad Town, Karachi, 74600, Pakistan",74600.0,67.02639512,24.9273205,Transportation & Logistics,Fuel & Charging,Gas station,Open 24 hours,+92 343 2949012,byco.com.pk,4.2,69.0,39.14,People typically spend up to 20 min here,03-2025
e26911b1bcc0e4f5507cf76612b78b53,Mushtarqa Mehmund - II Filling Station- Total Petrol Station,Punjab,Kāmoke,"Kamoke City Exit Towards Lahore, G.T. Road (N - 5), Kāmoke, 52470, Pakistan",52470.0,74.22611456,31.94444617,Transportation & Logistics,Fuel & Charging,Gas station,Open 24 hours,+92 300 8479297,totalparco.com.pk,4.0,403.0,49.0,People typically spend up to 20 min here,03-2025
407729a3afeaf257b4d2a2f6ebdfe8f0,SAS Valley Filling Station - Total Petrol Station,Gilgit,Gilgit,"MAIN UNIVERSITY ROAD, Gilgit, 15100",15100.0,74.35730475,35.92540362,Transportation & Logistics,Fuel & Charging,Gas station,Open 24 hours,+92 346 5442500,totalparco.com.pk,4.4,38.0,33.57,People typically spend up to 1 hour here,03-2025
950f22fe0a0ef8e7a4489ba6eec422c2,TOTAL PARCO,Pakistan,Lahore,"Lahore, 54000, Pakistan",54000,74.03483845,31.26741524,Transportation & Logistics,Fuel & Charging,Gas station,Open 24 hours,+92 300 8588447,totalparco.com.pk,5.0,5.0,28.86,People typically spend up to 4 hours here,03-2025
ef9bee5d63f2432c42c2b13b23b7387a,Shell,Punjab,Mailsi,"Multan Rd, Lal Jahanian Mailsi, 61200, Pakistan",61200,72.17341923,29.8000046,Transportation & Logistics,Fuel & Charging,Gas station,Open 24 hours,+92 67 3411303,find.shell.com,4.2,10.0,44.43,People typically spend up to 30 min here,03-2025
cfc3877971887abd91a76bd8c0d031c3,Shell,Rawalpindi,Rawalpindi,"Kahuta Rd, Rawalpindi, 46120, Pakistan",46120,73.37931919,33.59980413,Transportation & Logistics,Fuel & Charging,Gas station,Open 24 hours,+92 51 4980279,find.shell.com,4.0,88.0,46.0,People typically spend up to 45 min here,03-2025
8a31743e22cf35a44bcfcc88f73c5e5c,Sarosh Petroleum- Total Petrol Station,Sialkot,Sialkot,"Total Parco Pakistan Ltd . Kotli Loharan Sialkot, Sialkot, 51210, Pakistan",51210,74.49611484,32.58446719,Transportation & Logistics,Fuel & Charging,Gas station,Open 24 hours,+92 300 6102317,totalparco.com.pk,4.0,55.0,30.71,People typically spend up to 25 min here,03-2025
2cd724f70944aabb9dfeca16ae423a34,Really CNG Filling Station PUMA,UC-3 Aisha Manzil,Karachi,"D-171 Block 4 F.B Area, Block 4 Pakistan Bazaar, Karachi, 75950, Pakistan",75950,67.04997719,24.91983232,Transportation & Logistics,Fuel & Charging,Gas station,Open 24 hours,+92 21 36360848,facebook.com,3.9,98.0,37.57,People typically spend up to 3.5 hours here,03-2025
111c8a14082ca7a3eabbbff5e7b813e9,Total Petrol Pump,Pakistan,Lahore,"10 A, New Muslim Town Tariq Block Garden Town, Lahore, 54700, Pakistan",54700.0,74.31083026,31.49566634,Transportation & Logistics,Fuel & Charging,Gas station,Open 24 hours,+92 42 111 709 709,totalparco.com.pk,4.2,679.0,52.71,People typically spend up to 30 min here,03-2025
7a6d4aeb16e66c763727a5eb31f8327d,Total Parco Filling Station Pinjra Pol,Afandi Town,Hyderabad,"Faqir Ka Pir Rd, Afandi Town Hyderabad, 17000, Pakistan",17000.0,68.37590051,25.39174231,Transportation & Logistics,Fuel & Charging,Gas station,Open 24 hours,+92 317 3013460,totalparco.com.pk,3.7,181.0,43.71,People typically spend up to 25 min here,03-2025
451fcc0a1ad0186ced56e97dc30e7386,KARMANWALLA PETROL SERVICE- Total Petrol Station,Pakistan,Bahawal Nagar,"Manchinabad Rd, Bahawal Nagar, 62300, Pakistan",62300.0,73.26848016,30.00970984,Transportation & Logistics,Fuel & Charging,Gas station,Open 24 hours,+92 300 7921842,totalparco.com.pk,4.2,121.0,39.57,People typically spend up to 30 min here,03-2025
c180ac716858e039b988808130b6dc7e,Shell,Tipu Sultan Colony,Multan,"Sher Shah Road, Tipu Sultan Colony, Multan, 60000, Pakistan",60000.0,71.44692341,30.18824475,Transportation & Logistics,Fuel & Charging,Gas station,Open 24 hours,+92 307 7378000,find.shell.com,3.9,71.0,34.57,People typically spend up to 45 min here,03-2025
f90cdc04ca859f09eddf33639310abbe,HUSSAIN PETROLEUM- Total Petrol Station,Samundri Tehsil,Samundri,"GOJRA ROAD SAMUNDARI,SAMUNDRI, New Samundri, Samundri, 37300, Pakistan",37300,72.94309655,31.06531133,Transportation & Logistics,Fuel & Charging,Gas station,Open 24 hours,+92 301 8651224,totalparco.com.pk,4.3,94.0,49.29,People typically spend up to 30 min here,03-2025
3333799139f841584455ffb041cd50f4,KARAMABAD PETROLEUM- Total Petrol Station,Punjab,Khushāb,"NEAR SABZI MANDI SARGODHA ROAD,KHUSHAB, Sargodha Rd, Khushāb, 41000, Pakistan",41000,72.36648547,32.31063266,Transportation & Logistics,Fuel & Charging,Gas station,Open 24 hours,+92 300 5000524,totalparco.com.pk,4.0,378.0,44.14,People typically spend up to 45 min here,03-2025
bf505469e21a03661f1aaf295ddf4f88,Gul Habib Filling Station- Total Petrol Station,Balochistan,KILLA SAIFULLAH,"Hammad Zai, Saddar, 2 Km Quetta Road, Qila Saifullah, Baluchistan, KILLA SAIFULLAH, 85400, Pakistan",85400,68.33168088,30.6959731,Transportation & Logistics,Fuel & Charging,Gas station,Open 24 hours,+92 333 8320887,totalparco.com.pk,3.8,36.0,42.0,People typically spend up to 30 min here,03-2025
7b67e56e9787132f7620accf4e2024eb,Shell,Sheikhupura,Sheikhupura,"Lahore Rd, Sheikhupura, 39150, Pakistan",39150,73.96981915,31.71310426,Transportation & Logistics,Fuel & Charging,Gas station,Open,+92 56 3613832,find.shell.com,3.5,55.0,39.29,People typically spend up to 1.5 hours here,03-2025
870b6c24564732940c62bb1ce3061794,Express Link Filling Station- Total Petrol Station,Sheikhupura,Sheikhupura,"1KM from Sheikhupura Bypass on Sheikhupura-Faisalabad Road, Tehsil and District, Sheikhupura, 39350, Pakistan",39350,73.95803839,31.67915895,Transportation & Logistics,Fuel & Charging,Gas station,Open 24 hours,+92 56 3790980,totalparco.com.pk,4.2,48.0,43.86,People typically spend up to 30 min here,03-2025
038450689378638d5a516876e90eb192,Al-Mehboob Filling Station,Pakistan,Fort Abbas,"KM # 57 FROM FORTABBAS, FORTABBAS - HAROONABAD ROAD, Fort Abbas, 62020, Pakistan",62020.0,73.12619356,29.60963592,Transportation & Logistics,Fuel & Charging,Gas station,Open 24 hours,+92 312 6011727,totalparco.com.pk,4.1,76.0,51.0,People typically spend up to 45 min here,03-2025
485e924f13d352e005d98fa1835e1773,Shell,Sukkur,Sukkur,"Hussani Rd, Sukha Talab, Sukkur, 62500, Pakistan",62500.0,68.85622278,27.69886174,Transportation & Logistics,Fuel & Charging,Gas station,Open 24 hours,+92 71 5613315,find.shell.com,3.7,206.0,48.71,People typically spend up to 45 min here,03-2025
efeb8dd99826d9916857920dec4310bd,Shell,Pakistan,Mardan,"Malakand Mardan Rd, Cantt Road Mardan, 23121, Pakistan",23121,72.02656495,34.20289672,Transportation & Logistics,Fuel & Charging,Gas station,Open,+92 937 9230231,find.shell.com,3.9,48.0,46.14,People typically spend up to 25 min here,03-2025
8ac7115b9d735dff349111cad3d2a0ca,Al Habib Filling Station- Total Petrol Station,Dera Ghazi Khan,Dera Ghazi Khan,"Pull Datt Quetta Road Near Habib Floor Mills D. G Khan, Shakoorabad Colony, Dera Ghazi Khan, 32200, Pakistan",32200,70.63586985,30.03132738,Transportation & Logistics,Fuel & Charging,Gas station,Open 24 hours,+92 300 6789108,totalparco.com.pk,4.0,57.0,37.43,People typically spend up to 1 hour here,03-2025
a3b1f9b0cf2f54336c696f8c80ac5224,Shell,Islamabad Capital Territory,Islamabad,"M38F+Q2G, Tipu Sultan Rd, Markaz Road, I-8 Markaz I 8 Markaz I-8, Islamabad, 44000, Pakistan",44000,73.07003557,33.66671361,Transportation & Logistics,Fuel & Charging,Gas station,Open 24 hours,+92 332 8526657,find.shell.com,1.9,97.0,47.29,People typically spend up to 30 min here,03-2025
583f544d7f4979520f5e13a37290e208,Shell,Pakistan,Lahore,"20 Lahore – Kasur Rd, Jinnah Town, Lahore, 54605, Pakistan",54605,74.31518526,31.5431759,Transportation & Logistics,Fuel & Charging,Gas station,Open 24 hours,+92 300 8404016,find.shell.com,4.3,6.0,41.0,People typically spend up to 20 min here,03-2025
0e0b542c8393dd3635acc41c1c43980f,Rangers Filling Station (PSO) AK,Pakistan,Lahore,"Zarrar Shaheed Rd, Ghazi Road Cantt, Lahore, 54851, Pakistan",54851.0,74.40852774,31.5479521,Transportation & Logistics,Fuel & Charging,Gas station,Open 24 hours,+92 42 35403486,ak.holdings,3.9,45.0,52.14,People typically spend up to 20 min here,03-2025
24100182674878959e3bc654e4faa615,Galaxy Filling Station- Total Petrol Station,Punjab,Lahore,"Near Galaxy Cinema, Lahore – Kasur Rd, Fazlia Colony, Lahore, 54600, Pakistan",54600.0,74.32063063,31.52731534,Transportation & Logistics,Fuel & Charging,Gas station,Open 24 hours,+92 321 4670441,totalparco.com.pk,4.1,683.0,40.0,People typically spend up to 30 min here,03-2025
7f0d134da66b4231e8c277b982d57238,Al-Jannat Petroleum,Punjab,Mandi Bahauddin,"Phalia Rd, Mandi Bahauddin, 50400, Pakistan",50400.0,73.47500871,32.57247182,Transportation & Logistics,Fuel & Charging,Gas station,Open 24 hours,+92 321 7550765,apl.com.pk,4.0,174.0,45.14,People typically spend up to 30 min here,03-2025
6c0c3c6e22907d90c3d4c85b2a2a4513,Shell,Punjab,Sargodha,"Lahore - Sargodha Rd, Sargodha, 40100, Pakistan",40100.0,73.10105273,31.96741961,Transportation & Logistics,Fuel & Charging,Gas station,Open 24 hours,+92 300 6528165,find.shell.com,5.0,2.0,16.71,People typically spend up to 25 min here,03-2025
048396804d9d412f45b4c55d24154fd5,COCO LAHORE 8 - GO (Company Operated),Shadman,Lahore,"Plot 307 Syed Aashiq Hussain Rd, opp. Gate # 2, G.O.R. – III Shadman 1 Shadman, Lahore, 54000, Pakistan",54000.0,74.32507057,31.53809772,Transportation & Logistics,Fuel & Charging,Gas station,Open 24 hours,+92 309 4445727,gno.com.pk,4.1,150.0,40.86,People typically spend up to 3 hours here,03-2025
9d9560772abafab1b62cca57e3c0d940,GO PETROL PUMP (KHUSHI MOHAMMAD & SONS),Tandlianwala Tehsil,Fatehpur Okara,"THATHA CHANNU BUS STOP،, Fatehpur Okara, 56501, Pakistan",56501.0,73.26749151,30.95150945,Transportation & Logistics,Fuel & Charging,Gas station,Open 24 hours,+92 42 111 464 646,gno.com.pk,4.3,6.0,37.86,People typically spend up to 1.5 hours here,03-2025
c848de865b6adae50b3f4542e74b7bfb,Hascol Petroleum Limited DHA-1,Sector U,Lahore,"Khayaban-e-Jinnah, Sector U DHA Phase 3, Lahore, 54000, Pakistan",54000.0,74.40180077,31.47493282,Transportation & Logistics,Fuel & Charging,Gas station,Open 24 hours,+92 21 111 757 757,hascol.com,3.5,124.0,53.57,People typically spend up to 20 min here,03-2025
24bb10bb806bf20d8fe98bbb3c336752,Shell,Pakistan,Lahore,"Askari 11 Underpass, Askari 11 Sector B, Lahore, 54821, Pakistan",54821.0,74.4304479,31.45408454,Transportation & Logistics,Fuel & Charging,Gas station,Open 24 hours,+92 330 2376011,find.shell.com,2.2,32.0,48.57,People typically spend up to 30 min here,03-2025
62c779e278899474d44398e91608b02b,Shell,Rawalpindi Tehsil,Rawalpindi,"GT Rd, Rawalpindi, 46000, Pakistan",46000,73.21725793,33.45396662,Transportation & Logistics,Fuel & Charging,Gas station,Open 24 hours,+92 300 8550933,find.shell.com,5.0,8.0,36.86,People typically spend up to 20 min here,03-2025
a2090dc882057fade7b64a62400a58f1,AYAN FILLING STATION- Total Petrol Station,Umarabad,Umarabad,"NATIONAL HIGHWAY (N-5),, LMQ ROAD, HABIBABAD, Grand Trunk Rd, Umarabad, 86220, Pakistan",86220,73.7262653,30.94384862,Transportation & Logistics,Fuel & Charging,Gas station,Open 24 hours,+92 300 4009777,totalparco.com.pk,4.0,98.0,42.29,People typically spend up to 45 min here,03-2025
33fc056e1dc0354c27eb33ea8fda2e09,NIAZ FILLING STATION- Total Petrol Station,Pakistan,Kabir Wala,"Adda 12 Meel, Near Jodhpur, Jhang Road, Kabirwala,KABIRWALA, Kabir Wala, 58250, Pakistan",58250,71.93280793,30.50227539,Transportation & Logistics,Fuel & Charging,Gas station,Open 24 hours,+92 345 7370092,totalparco.com.pk,4.0,20.0,40.43,People typically spend up to 3 hours here,03-2025
f6e224fb631430c1dfd3072915d5dc29,Bismillah CNG&Petroleum Service-Seven86F- Total Petrol Station,Pakistan,Lodhrān,"Chum More Near New Tool Palaza Satluj Pull, Bahawalpur Road District Lodharan., Lodhrān, 59320, Pakistan",59320.0,71.64001335,29.45680879,Transportation & Logistics,Fuel & Charging,Gas station,Open 24 hours,+92 300 8688263,totalparco.com.pk,3.8,485.0,30.86,People typically spend up to 2.5 hours here,03-2025
f80bdc7687735cb20fd40381f7e0a4c7,Hascol Filling Station,Sadiqabad Tehsil,Sadiqabad,"Sadiqabad Bypass, Habib Colony, Sadiqabad, 64350, Pakistan",64350.0,70.0979018,28.32563123,Transportation & Logistics,Fuel & Charging,Gas station,Open 24 hours,+92 800 030 00,hascol.com,3.8,49.0,38.43,People typically spend up to 2 hours here,03-2025
6bbae71377d7d7ade4790becbe833e64,KISAN CITY SERVICE STATION- Total Petrol Station,Pakistan,Gambat,"UC-2 KHORA ROAD,,GAMBAT, Gambat, 66070, Pakistan",66070.0,68.51645594,27.36488266,Transportation & Logistics,Fuel & Charging,Gas station,Open 24 hours,+92 301 8315555,totalparco.com.pk,4.3,14.0,24.43,People typically spend up to 1.5 hours here,03-2025
c1f43dc04db4729d45aeda447129b11e,Margalla L Petroleum Total PARCO Petrol Pump,Taxila Tehsil,Taxila,"GT ROAD MARGALLA (Peshawer Bound), Multi Gardens B-17, Taxila, 47080, Pakistan",47080.0,72.81754394,33.70652149,Transportation & Logistics,Fuel & Charging,Gas station,Open 24 hours,+92 300 5547247,totalparco.com.pk,4.0,68.0,39.29,People typically spend up to 45 min here,03-2025
241a4e4b66a3a5ff49c2e9427c79350d,Caltex Petrol Pump,Sindh,Nawabshah,"Mehran City, Nawabshah, 67450, Pakistan",67450.0,68.3908967,26.23833234,Transportation & Logistics,Fuel & Charging,Gas station,Open 24 hours,+92 300 8903590,totalparco.com.pk,4.0,40.0,41.14,People typically spend up to 1 hour here,03-2025
12fcbc2e893887ea05931796a7e5c84a,HASHMAT PETROLEUM SERVICE- Total Petrol Station,Sehja,Rahimyar Khan,"CC KM 155-156 SHAHI ROAD, Mouza Sajja Tehsil KHANPUR, Rahimyar Khan, 64100, Pakistan",64100,70.57207881,28.59619118,Transportation & Logistics,Fuel & Charging,Gas station,Open 24 hours,+92 302 8673300,totalparco.com.pk,3.9,17.0,38.29,People typically spend up to 1 hour here,03-2025
9ebd4533caf6af7c13f8deda7299b9e8,Attock Petroleum Company Operated Pump,Sindh,Karachi,"Stargate, Main Shahra-e-Faisal, CAA Colony Faisal Cantonment, Karachi, 75230, Pakistan",75230,67.15773667,24.88724894,Transportation & Logistics,Fuel & Charging,Gas station,Open 24 hours,+92 21 34684224,apl.com.pk,4.2,489.0,52.57,People typically spend up to 15 min here,03-2025
bfe525a148de0aa7bb77aec6cfe9c692,Shell,Rawalpindi Tehsil,Rawalpindi,"Imambara Mohalla, Rawalpindi, 46000, Pakistan",46000,73.0496823,33.62418389,Transportation & Logistics,Fuel & Charging,Gas station,Open 24 hours,+92 800 743 55,shell.com.pk,4.1,189.0,45.0,People typically spend up to 25 min here,03-2025
3f7d4355247d5fe2fc60863f70f7fa73,Khan 4 Filling Station- Total Petrol Station,Punjab,Karor Lal Eason,"Fatah Pur,Near Railway Phattak Bypass Road, Karor Lal Eason, 31100, Pakistan",31100,70.96300541,31.22243586,Transportation & Logistics,Fuel & Charging,Gas station,Open 24 hours,+92 322 9999786,totalparco.com.pk,4.1,75.0,48.86,People typically spend up to 30 min here,03-2025
c3cbd041db5ed9fd1cc9e830d2bf51c1,Total Petrol Pump,Pakistan,Hafizabad,"Madhrianwala Chowk, Hafizabad, Hafizabad, 52110, Pakistan",52110.0,73.66768824,32.05949082,Transportation & Logistics,Fuel & Charging,Gas station,Open 24 hours,+92 300 6529150,totalparco.com.pk,3.8,81.0,33.43,People typically spend up to 45 min here,03-2025
215be835b0a17cdf81630702105ae58b,Attock Petrol Pump,Rawalpindi Tehsil,Rawalpindi,"Jalabi chock, Khanna Rd, Khurram Colony Muslim Town, Rawalpindi, 46000, Pakistan",46000.0,73.09346824,33.62738351,Transportation & Logistics,Fuel & Charging,Gas station,Open 24 hours,+92 51 4471497,apl.com.pk,4.1,603.0,38.57,People typically spend up to 20 min here,03-2025
727da83288121bb8a8d9219f77862f26,Pakeeza filling station,Punjab,Warburton,"73°49'27""E, 31°32'56""N, Warburton, 39180, Pakistan",39180.0,73.82169053,31.54898731,Transportation & Logistics,Fuel & Charging,Gas station,Open 24 hours,+92 300 8403252,m.facebook.com,4.3,4.0,38.86,People typically spend up to 45 min here,03-2025
6d9dbfb710a803976f3d77c156edb43d,Shell,Sindh,Karachi,"39 Khayaban-e-Bahria, DHA Phase 5 Defence V Defence Housing Authority, Karachi, 75500, Pakistan",75500.0,67.06290774,24.81767939,Transportation & Logistics,Fuel & Charging,Gas station,Open 24 hours,+92 308 2224433,find.shell.com,3.6,732.0,49.43,People typically spend up to 15 min here,03-2025
b83a22159068c3b4d178b695444a92e7,Waziristan Filling Station- Total Petrol Station,Pakistan,Bahawalpur,"Adda Musafar khana, Stop Mosawala Tehsil & Distt., Bhawalpur., Bahawalpur, 63100, Pakistan",63100.0,71.47395922,29.26153946,Transportation & Logistics,Fuel & Charging,Gas station,Open 24 hours,+92 300 8674917,totalparco.com.pk,3.9,276.0,41.86,People typically spend up to 45 min here,03-2025
68458100a18620c2fead4f5b54d11b29,Jazi Filling Station- Total Petrol Station,Punjab,Lahore,"S-134-R-144, Mcleod Road, Lahore., Anarkali Bazaar Lahore, 54000, Pakistan",54000.0,74.3191399,31.56704936,Transportation & Logistics,Fuel & Charging,Gas station,Open 24 hours,+92 300 8182710,totalparco.com.pk,3.9,126.0,39.86,People typically spend up to 45 min here,03-2025
1fc6dc047ef5c7551b4e76a45fe5ff3a,Sangam Filling Station- Total Petrol Station,Pakistan,Faisalabad,"Total Parco Petrol pump, Near Sudhar Bypass, Jhang Road,Faisalabad, Faisalabad, 38000, Pakistan",38000.0,72.91769212,31.36492627,Transportation & Logistics,Fuel & Charging,Gas station,Open 24 hours,+92 300 8669921,totalparco.com.pk,4.3,256.0,50.86,People typically spend up to 45 min here,03-2025
304048f324b529c6466a04f82b223d5a,Byco (M. Sharif Filling Station),Rewaz Garden,Lahore,"Lower Mall, Rewaz Garden Rewaz Gardens, Lahore, 54000, Pakistan",54000.0,74.30231926,31.55934824,Transportation & Logistics,Fuel & Charging,Gas station,Open 24 hours,+92 321 4462970,byco.com.pk,3.9,158.0,33.57,People typically spend up to 1 hour here,03-2025
ca7a60d4af4962fef5032b0f567aec32,Total Petrol Pump,Pakistan,Jalalpur Bhattian,"MAIN Gujranwala Rd, Jalalpur Bhattian, 52110, Pakistan",52110.0,73.38689211,32.06299358,Transportation & Logistics,Fuel & Charging,Gas station,Open 24 hours,+92 301 8441792,totalparco.com.pk,4.2,56.0,50.86,People typically spend up to 45 min here,03-2025
693d977ec74cbd5881984450467bbb35,Shell,Punjab,Lahore,"161 Maulana Shaukat Ali Rd, Habib Homes Kot Lakhpat, Lahore, 54600, Pakistan",54600.0,74.31842155,31.46249718,Transportation & Logistics,Fuel & Charging,Gas station,Open 24 hours,+92 42 35978984,find.shell.com,4.1,190.0,49.43,People typically spend up to 45 min here,03-2025
c434c631c636b8e266dabbbf0cbcb3da,Shell,Talwandi Rah,Gujranwala,"52250 Sheikhupura Rd, Sulaiman Town Suleman Town, Gujranwala, 52250, Pakistan",52250.0,74.1690744,32.11254034,Transportation & Logistics,Fuel & Charging,Gas station,Open 24 hours,+92 55 4283537,find.shell.com,3.8,59.0,43.14,People typically spend up to 25 min here,03-2025
c04c7f8be5d3b4cd8d5b71abae181cb7,TAJ PETROLEUM - DSK- Total Petrol Station,Sialkot,Sialkot,"KM NO. 17 & 18, GUJRANWALA-DASKA ROAD, MORE GALOTIAN, Sialkot, 54782, Pakistan",54782.0,74.5060803,32.46089886,Transportation & Logistics,Fuel & Charging,Gas station,Open 24 hours,+92 347 4479823,totalparco.com.pk,4.3,50.0,43.29,People typically spend up to 20 min here,03-2025
d8bb95df9b8b1e6a1c15877cdda4932b,Yasir Anwar petroleum service,Rahim Yar Khan,Rahim Yar Khan,"Kalma Chowk Rahimyar Khan Link Rd, Rahim Yar Khan, 64200, Pakistan",64200.0,70.2702323,28.46069246,Transportation & Logistics,Fuel & Charging,Gas station,Open 24 hours,+92 301 2320274,facebook.com,3.4,12.0,27.57,People typically spend up to 25 min here,03-2025
de5bf227a6fee7adf1d6c2f304440ded,Shell,UC-7 Sher Shah,Karachi,"Maripur Road, Gulbai S-17, Karachi, 75720, Pakistan",75720.0,66.96438715,24.87660929,Transportation & Logistics,Fuel & Charging,Gas station,Open 24 hours,+92 300 2415617,find.shell.com,3.9,311.0,39.14,People typically spend up to 30 min here,03-2025
eeb3ea9e55755b9e6998ee506d7c8ade,STAR PETROLEUM - GHK,Wazirabad,Rahwali,"G.T. ROAD GHAKKAR MANDI, Rahwali, 52280, Pakistan",52280.0,74.14868574,32.29055044,Transportation & Logistics,Fuel & Charging,Gas station,Open 24 hours,+92 300 8646273,totalparco.com.pk,4.0,157.0,41.29,People typically spend up to 20 min here,03-2025
c4462cbbf097e65baaf1b559d7323110,Shell,Punjab,Lahore,"National Highway 5, Multan Rd, 5 Lahore, 53780, Pakistan",53780.0,74.2212518,31.46170682,Transportation & Logistics,Fuel & Charging,Gas station,Open 24 hours,+92 42 37515367,find.shell.com,4.0,528.0,52.29,People typically spend up to 25 min here,03-2025
b9010acedce0b25dcc481ff154bd590f,Shell,Pakistan,Peshawar,"Dora Road Kohat Road, Main Indus Hwy, Peshawar, 24680, Pakistan",24680.0,71.56309492,33.8435524,Transportation & Logistics,Fuel & Charging,Gas station,Open 24 hours,+92 300 3771666,find.shell.com,3.8,89.0,28.0,People typically spend up to 10 min here,03-2025
dc90d61007562c5a17c686d16aac3246,Shell Petrol Pump,Punjab,Nokhar,"Gujranwala - Hafizabad Rd, Nokhar, 52250, Pakistan",52250.0,73.91124187,32.11009644,Transportation & Logistics,Fuel & Charging,Gas station,Open 24 hours,+92 800 743 55,shell.com.pk,4.4,16.0,40.14,People typically spend up to 1 hour here,03-2025
791a772800c7fbb23b9da73d22dfbd94,Shams Filling Station- Total Petrol Station,Pakistan,Hyderabad,"Hyderabad, 71000, Pakistan",71000.0,68.36531152,25.40770424,Transportation & Logistics,Fuel & Charging,Gas station,Open 24 hours,+92 300 8664040,totalparco.com.pk,3.9,99.0,33.71,People typically spend up to 45 min here,03-2025
1524b752a124f19671900002e5cee938,Shell,Pakistan,Pindi,"GT Rd, Kala Gujran, Pindi, 49606, Pakistan",49606.0,73.69705617,32.9613876,Transportation & Logistics,Fuel & Charging,Gas station,Open 24 hours,+92 300 9511593,find.shell.com,3.8,114.0,30.71,People typically spend up to 20 min here,03-2025
9bc3e95d5ad98abcf6a98a48eae3e05b,ALBADR PETROLEUM- Total Petrol Station,Wahndo,Wahndo,"WANDO, AMINABAD-WANDO ROAD, Wahndo Rd, Wahndo, 52464, Pakistan",52464.0,74.38778258,32.02772721,Transportation & Logistics,Fuel & Charging,Gas station,Open 24 hours,+92 345 8482850,totalparco.com.pk,4.2,43.0,36.29,People typically spend up to 45 min here,03-2025
30111cf8728c72b5974d7afe1a51afa6,Shell,UC-1 Azizabad,Karachi,"Shahrah-e-Jahangir 5, Road, Gulshan e Shamim, Karachi, 75950, Pakistan",75950.0,67.07096413,24.91792133,Transportation & Logistics,Fuel & Charging,Gas station,Open 24 hours,+92 21 36375726,find.shell.com,2.8,32.0,36.0,People typically spend up to 30 min here,03-2025
8c68e8d71c77ad9f898e214c65928c2e,FAISAL PETROLEUM- Total Petrol Station,Pakistan,Faisalabad,"JAIL ROAD, ADJACENT KIA MOTORS ,FAISALABAD, Islam Nagar, Faisalabad, 38000, Pakistan",38000.0,73.07919144,31.44225024,Transportation & Logistics,Fuel & Charging,Gas station,Open 24 hours,+92 321 8662086,totalparco.com.pk,3.9,289.0,45.14,People typically spend up to 30 min here,03-2025
2e9a6e9c05add395b1472112bd282ac8,Total Petrol Station,Shahdara Town,Lahore,"7-8 KM LAHORE SHEIKHUPURA RD OPPOSITE SOHRAB FACTORY, Shahdara Town, Lahore, 54000, Pakistan",54000.0,74.27278729,31.61638883,Transportation & Logistics,Fuel & Charging,Gas station,Open 24 hours,+92 300 9469703,totalparco.com.pk,4.1,180.0,44.29,People typically spend up to 30 min here,03-2025
00d714a7c071dbe66fa9cb23b3298925,Luhur Filling Station- Total Petrol Station,Pakistan,Larkana,"Survey # 5, Situated at Deh Waleed, Tapo Dodai Larkana, Larkana, 77150, Pakistan",77150.0,68.22637388,27.57392286,Transportation & Logistics,Fuel & Charging,Gas station,Open 24 hours,+92 311 2838219,totalparco.com.pk,4.0,119.0,51.57,People typically spend up to 1 hour here,03-2025
72652bf0ea685b6515e99371e3a02cc0,Shell,Karachi City,Karachi,"Shahrah-e-Pakistan, Federal B Area Pl#st5/a Block 16 Shahra, Karachi, 75950, Pakistan",75950.0,67.07963369,24.94138548,Transportation & Logistics,Fuel & Charging,Gas station,Open 24 hours,+92 335 2604555,find.shell.com,3.8,774.0,46.29,People typically spend up to 45 min here,03-2025
07a0f52ec7ff06a1bd66d85ecd0d5867,Total PARCO Petrol Pump,UC-13 Pakistan Qurts,Karachi,"188/1, NISHTAR ROAD GARDEN WEST,KARACHI, Garden West Area, Karachi, 74000, Pakistan",74000.0,67.01986237,24.87861037,Transportation & Logistics,Fuel & Charging,Gas station,Open 24 hours,+92 21 32252834,totalparco.com.pk,4.1,153.0,36.71,People typically spend up to 20 min here,03-2025
533273060effc90e22c7ebf7cfbb69e5,Sindh Service Station - Total Petrol Station,Pakistan,Hyderabad,"On National Highway near Kotri, Hyderabad, 76000, Pakistan",76000.0,68.25866583,25.34669277,Transportation & Logistics,Fuel & Charging,Gas station,Open 24 hours,+92 321 2652320,totalparco.com.pk,3.4,17.0,46.29,People typically spend up to 45 min here,03-2025
ffbe8ab3df9e4efc4990466729e53fb8,Shell,Pakistan,Lahore,"Band Rd, Lahore, 54000, Pakistan",54000.0,74.27034889,31.55434654,Transportation & Logistics,Fuel & Charging,Gas station,Open,+92 42 37466785,find.shell.com,3.9,464.0,64.14,People typically spend up to 45 min here,03-2025
a0fe208187bc9c806b1830251bbac084,SANAM FILLING STATION- Total Petrol Station,Pakistan,Lakki Marwat,"MIANWALI ROAD, Lakki Marwat, 28420, Pakistan",28420.0,70.89304776,32.61299953,Transportation & Logistics,Fuel & Charging,Gas station,Open 24 hours,+92 300 5769777,totalparco.com.pk,4.1,39.0,32.71,People typically spend up to 45 min here,03-2025
23f06c0f8e82032da54223d35d5b3627,Total PARCO Petrol Pump,Gadap Town,Karachi,"Plot pp-1, Block Z, Gulshan-e-Maymar, Sector Z Gulshan-e-Maymar, Karachi, 75600, Pakistan",75600.0,67.12080549,25.01811832,Transportation & Logistics,Fuel & Charging,Gas station,Open 24 hours,+92 21 36351875,totalparco.com.pk,3.7,386.0,41.43,People typically spend up to 45 min here,03-2025
060026a4b598f43139bba7216f9e74b7,Khairpur Filling Station- Total Petrol Station,Pakistan,Khairpur,"Deh Gajoo, Tapo Lagman, Opp. Faizabad Colony, Khairpur, 66020, Pakistan",66020.0,68.75593194,27.54886871,Transportation & Logistics,Fuel & Charging,Gas station,Open 24 hours,+92 300 6011905,totalparco.com.pk,3.7,83.0,47.14,People typically spend up to 30 min here,03-2025
9d02860f81530eb856f3b75b1beab16e,KHYBER TRUCKING STATION- Total Petrol Station,Pakistan,Hyderabad,"Hyderabad Bypass ,SURVEY # 42,DEH MIANI TAPPO HUTRI,HYDERABAD, Hyderabad, 71000, Pakistan",71000.0,68.38643986,25.45826944,Transportation & Logistics,Fuel & Charging,Gas station,Open 24 hours,+92 300 3007745,totalparco.com.pk,3.3,26.0,32.14,People typically spend up to 1 hour here,03-2025
1180b1259dfa2cc85a136f7331be6f32,MIRZA TARIQ PERVEZ & CO- Total Petrol Station,Punjab,Gujrat,"72 KM G.T.ROAD, NEAR BUS STAND, Bakhshupura, Gujrat, 50700, Pakistan",50700.0,74.07174094,32.56800365,Transportation & Logistics,Fuel & Charging,Gas station,Open 24 hours,+92 345 6227777,totalparco.com.pk,3.8,40.0,36.29,People typically spend up to 1 hour here,03-2025
13634af63f775188c7e41f544a32b638,Shell,Pakistan,Chārsadda,"Peshawar Rd, Chārsadda, 24430, Pakistan",24430.0,71.72745166,34.15630437,Transportation & Logistics,Fuel & Charging,Gas station,Open 24 hours,+92 91 6512345,find.shell.com,4.6,38.0,36.71,People typically spend up to 30 min here,03-2025
af3a3b6d88a649c76bab685ba49cc126,Total Petrol Pump,Toba Tek Singh District,Pir Mahal,"Total Parco Petrol pump, PEER MEHAL ROAD RUJANA, TEHSIL & DISTT TOBA, Pir Mahal, 36300, Pakistan",36300.0,72.54424239,30.85340449,Transportation & Logistics,Fuel & Charging,Gas station,Open 24 hours,+92 306 7287264,totalparco.com.pk,3.7,65.0,38.14,People typically spend up to 45 min here,03-2025
c2051db2b00a72fbd20325b95a72d7bf,PANNOAKIL PETROLEUM SERVICE- Total Petrol Station,Sukkur,Panoakil,"Main National highway, Pano Akil Bypass,,PANNOAKIL, Panoakil, 65120, Pakistan",65120.0,69.0976367,27.85245079,Transportation & Logistics,Fuel & Charging,Gas station,Open 24 hours,+92 300 9314523,totalparco.com.pk,3.9,110.0,34.71,People typically spend up to 45 min here,03-2025
f9611201894cd362eb3a7dfcfbf1228d,Shell,Pakistan,Mianwali,"Jand - Mianwali Road, Sargodha - Mianwali Road, Mianwali, 42200, Pakistan",42200.0,71.57005417,32.85206534,Transportation & Logistics,Fuel & Charging,Gas station,Open 24 hours,+92 459 232415,find.shell.com,3.9,38.0,36.57,People typically spend up to 45 min here,03-2025
d1787ff75808cd215174e9c52cc9d39b,Mughal Filling Station- Total Petrol Station,Pakistan,Peshawar,"Afrido ghari, Hazar Khawani Ring Road,near GT Road Fly Over Peshawer, City Amusement Park, Peshawar, 25000, Pakistan",25000.0,71.61413162,34.00674356,Transportation & Logistics,Fuel & Charging,Gas station,Open 24 hours,+92 91 5502440,totalparco.com.pk,4.0,124.0,31.57,People typically spend up to 30 min here,03-2025
2de2bfdc4e9a973be73b5e523638d23e,Total PARCO Petrol Pump,UC-4 Gujjro,Karachi,"Sector 3B, Scheme 33, 16 to 17 km on Super Highway, Karachi, Sector 3 B Gulzar E Hijri Scheme 33, Karachi, 74200, Pakistan",74200.0,67.10494578,24.96360335,Transportation & Logistics,Fuel & Charging,Gas station,Open 24 hours,+92 301 8249881,totalparco.com.pk,3.8,291.0,36.0,People typically spend up to 25 min here,03-2025
78699c9872f7d2ee21581c2f19092feb,Drarbar Filling station,Rawalpindi Tehsil,Rawalpindi,"Eidgah shareef, Asghar Mall Rd, Imambara Mohalla, Rawalpindi, 46300, Pakistan",46300.0,73.05382962,33.62671728,Transportation & Logistics,Fuel & Charging,Gas station,Open 24 hours,+92 51 5775117,drarbarfillingstation.com,4.2,91.0,42.57,People typically spend up to 25 min here,03-2025
1b794563095017325cdbceaa8cfd291f,Shell,Rawalpindi Tehsil,Rawalpindi,"Bostan Khan Rd, Dhok Chaudhrian, Rawalpindi, 44000, Pakistan",44000.0,73.09211484,33.58502141,Transportation & Logistics,Fuel & Charging,Gas station,Open,+92 51 5509743,find.shell.com,4.1,699.0,57.57,People typically spend up to 30 min here,03-2025
6a6a7829273dae9e645be73060a1be5b,Total Petrol Station,Islamabad Capital Territory,Islamabad,"Near Jinnah Garden adjacent to Fortress Marriage Hall, Madina Town, Islamabad, 44000, Pakistan",44000.0,73.14869511,33.58180333,Transportation & Logistics,Fuel & Charging,Gas station,Open 24 hours,+92 334 5184040,totalparco.com.pk,4.1,327.0,32.14,People typically spend up to 15 min here,03-2025
1bf8e2a6516a9c20084939edad272643,Shell,Tando Adam,Tando Ādam,"Tando Adam Bypass, 662 16-17, Tando Ādam, 68080, Pakistan",68080.0,68.65170546,25.76017949,Transportation & Logistics,Fuel & Charging,Gas station,Open 24 hours,+92 336 2533596,find.shell.com,4.1,26.0,36.86,People typically spend up to 45 min here,03-2025
3d03375b5ac9337b8ebc173a0cd421a4,Shell,Tando Allah Yar,Tando Allahyar,"Main Hyderabad - Mirpurkhas Rd, 13-17, Tando Allahyar, 70010, Pakistan",70010.0,68.70351913,25.4600048,Transportation & Logistics,Fuel & Charging,Gas station,Open 24 hours,+92 300 3727977,find.shell.com,3.8,62.0,38.71,People typically spend up to 3.5 hours here,03-2025
e5246b4b5ec969aca47a4a402a19ec24,Shell,Pakistan,Faisalabad,"Satayana Rd, Burhan Mohalla, Faisalabad, 38001, Pakistan",38001.0,73.11326273,31.39417472,Transportation & Logistics,Fuel & Charging,Gas station,Open 24 hours,+92 300 5179486,find.shell.com,3.8,96.0,44.71,People typically spend up to 20 min here,03-2025
72ba006760869008f3ca6481513acafb,Shell,Islamabad Capital Territory,Islamabad,"Murree Rd, Orchard Scheme, Islamabad, 44000, Pakistan",44000.0,73.10820445,33.68788633,Transportation & Logistics,Fuel & Charging,Gas station,Open 24 hours,+92 300 5523300,find.shell.com,3.9,679.0,42.86,People typically spend up to 25 min here,03-2025
c3b8b3430c5905d8b96581d0f23c3dc5,CITY PETROLEUM SERVICE - DHRK- Total Petrol Station,Sindh,Dharki,"SHAHANSHAH COTTON FACTORY,DHARKI, Dharki, 65010, Pakistan",65010.0,69.70488739,28.05966853,Transportation & Logistics,Fuel & Charging,Gas station,Open 24 hours,+92 333 7245860,totalparco.com.pk,4.3,19.0,26.86,People typically spend up to 1 hour here,03-2025
016b7f468a48a65261cd8cce434ed23d,DANISH PETROLEUM SERVICE- Total Petrol Station,Pakistan,Mirwah,"DEH 145 TALUKA DIGRI DIGRI ROAD,MIRWAH, Mirwah, 66150, Pakistan",66150.0,69.05005752,25.30265397,Transportation & Logistics,Fuel & Charging,Gas station,Open 24 hours,+92 333 2955615,totalparco.com.pk,3.3,11.0,25.43,People typically spend up to 2 hours here,03-2025
a6bea45e533474a2fc3d40f99cf71c8f,Al-Rehman 2 Filling Station- Total Petrol Station,Pakistan,Phulleli,"House # G-4356 Tando Thoro, Mirza Mohalla P.O Phulleli Hyderabad, Phulleli, 71000, Pakistan",71000.0,68.40126773,25.39554619,Transportation & Logistics,Fuel & Charging,Gas station,Open 24 hours,+92 22 3884213,totalparco.com.pk,4.0,150.0,40.57,People typically spend up to 15 min here,03-2025
9e868f27710664199be50c7a726393b1,Faisal Movers,Rangeel Pur,Multan,"Shop 21, CSD Plaza, Multan, 60000, Pakistan",60000.0,71.41526824,30.18152152,Transportation & Logistics,Public Transit & Hubs,Bus stop,Open,+92 61 4517080,faisalmover.com,3.2,133.0,46.86,People typically spend up to 1 hour here,03-2025
6814acb924d1d45b9b26ca8352cec301,Total Petrol Pump,Pakistan,Kalar Kahar,"Kalar Kahar Chao Syedan Shah Road , Opposite weigh bridge , Tehsil Kalar Kahar &, Kalar Kahar, 48530, Pakistan",48530.0,72.71765614,32.77126917,Transportation & Logistics,Fuel & Charging,Gas station,Open 24 hours,+92 310 5552500,totalparco.com.pk,3.8,237.0,35.57,People typically spend up to 30 min here,03-2025
bc150a3f11758e886e616e7d732f719c,Shell,Waris Khan,Rawalpindi,"Holy Family Rd, Pirvidhai Road, Rawalpindi, 46120, Pakistan",46120.0,73.0567191,33.62800459,Transportation & Logistics,Fuel & Charging,Gas station,Open 24 hours,+92 51 4412022,find.shell.com,3.9,260.0,36.71,People typically spend up to 1 hour here,03-2025
3e327b1802d32bf7daad71b9380be4f9,Jabeer Filling Station- Total Petrol Station,South Asia,Mirpur,"Jabeer Filling Station, Mirpur Mangla Road Near PSO station, Tehsil & Distt Mir, Mirpur, 10250",10250.0,73.69122592,33.13797754,Transportation & Logistics,Fuel & Charging,Gas station,Open 24 hours,+92 300 5435492,totalparco.com.pk,3.9,117.0,27.57,People typically spend up to 3 hours here,03-2025
320792025333056d4d7be365dc6541e0,Total Parco ٹوٹل پارکو,UC-5 Gulshan-e-iqbal 1,Karachi,"5 BLOCK, PLOT NO. PP, NO 1 Allama Shabbir Ahmed Usmani Rd, Block 13 D 1 Gulshan-e-Iqbal, Karachi, 74600, Pakistan",74600.0,67.0808605,24.91852359,Transportation & Logistics,Fuel & Charging,Gas station,Open 24 hours,+92 333 2244557,totalparco.com.pk,3.9,332.0,45.57,People typically spend up to 20 min here,03-2025
0748f057c46ee5a3c2ddb9acdf423a51,MEHAR BROTHERS - SERVICE CENTRE,Pakistan,Okara,"BENAZEER AVENUE , Main City,, Meher Colony, Okara, 56300, Pakistan",56300.0,73.4331487,30.80185512,Transportation & Logistics,Fuel & Charging,Gas station,Open 24 hours,+92 321 7096006,totalparco.com.pk,3.5,20.0,37.29,People typically spend up to 2 hours here,03-2025
e6fa2df8994cd7a52c27d457cc59306f,Shell,Khyber Pakhtunkhwa,Lahore,"Jahangira-Swabi Rd, Lahore, 23460, Pakistan",23460.0,72.35634794,34.02756549,Transportation & Logistics,Fuel & Charging,Gas station,Open 24 hours,+92 315 5677922,shell.com.pk,4.0,53.0,38.43,People typically spend up to 1 hour here,03-2025
7b6a71065f4ba57a677b1662665d41bd,Manthar Petroleum Service,Pakistan,Faisalabad,"Faisalabad, 38000, Pakistan",38000.0,72.90373698,31.3618232,Transportation & Logistics,Fuel & Charging,Gas station,Open 24 hours,+92 300 7669921,shell.com.pk,4.2,355.0,50.86,People typically spend up to 30 min here,03-2025
69ef9ba5ee78107388f4c24ddfcf39d7,Shell,UC-1 Bilal Colony,Karachi,"Plot#23, Main Industrial Road, Sector 17 Korangi, Karachi, 74800, Pakistan",74800.0,67.13850283,24.84334076,Transportation & Logistics,Fuel & Charging,Gas station,Open 24 hours,+92 21 35050672,find.shell.com,3.9,173.0,39.86,People typically spend up to 25 min here,03-2025
f4f1f146f558684bce4405e4a5fa3bc2,SHAHEER PETROLEUM- Total Petrol Station,Pakistan,Lahore,"16-C-1, College Road, TOWNSHIP, Ahmed Avenue, Lahore, 54770, Pakistan",54770.0,74.29458373,31.44918345,Transportation & Logistics,Fuel & Charging,Gas station,Open 24 hours,+92 333 4229914,totalparco.com.pk,4.1,135.0,24.29,People typically spend up to 30 min here,03-2025
eb7af527dfbe3248cb5a274a5f56510f,Total PARCO Petrol Pump YAHYA SS,UC-8 Saddar,Karachi,"OPP.CHRISTIAN CEMETRY,ABYSSINIA LINES,KARACHI, Karachi Cantonment, Karachi, 75350, Pakistan",75350.0,67.04630169,24.85823729,Transportation & Logistics,Fuel & Charging,Gas station,Open 24 hours,+92 42 111 709 709,totalparco.com.pk,3.9,231.0,41.43,People typically spend up to 30 min here,03-2025
bd52690bcaf5dc5fedab9451595c272d,Total Petrol Pump,Punjab,Lahore,"Total Pump, 50 Ravi Road, Qila Lachman Singh, Opp Metro Main Ravi Road. Lahore, Ravi Park, Lahore, 54000, Pakistan",54000.0,74.30051823,31.59415279,Transportation & Logistics,Fuel & Charging,Gas station,Open 24 hours,+92 300 8475097,totalparco.com.pk,4.0,734.0,57.57,People typically spend up to 20 min here,03-2025
f65466af83362b1f96e17a8b3c9dbc15,Shell,Satellite Town,Rawalpindi,"D-656-660, 5th Road, Commercial Market Rd, Block D Satellite Town, Rawalpindi, 44000, Pakistan",44000.0,73.06605087,33.63898739,Transportation & Logistics,Fuel & Charging,Gas station,Open 24 hours,+92 51 4850123,shell.com.pk,4.2,699.0,60.14,People typically spend up to 20 min here,03-2025
f764ea756ec29e11854f5ebda0d51d69,Shell Quality Fuels,Rahim Yar Khan,Khanpur,"Quaid-e-Millat Rd, Khanpur, 64100, Pakistan",64100.0,70.65395256,28.65539891,Transportation & Logistics,Fuel & Charging,Gas station,Open 24 hours,+92 800 743 55,shell.com.pk,3.9,423.0,55.86,People typically spend up to 45 min here,03-2025
75722cca08c8bfd9bfe869c13e558379,WAHID PETROLEUM SERVICE- Total Petrol Station,Pakistan,Pākpattan,"MULTAN-QASOOR ROAD, PAKPATTAN -RAKH PULL SECTION, Pākpattan, 57400, Pakistan",57400.0,73.39962498,30.36840836,Transportation & Logistics,Fuel & Charging,Gas station,Open 24 hours,+92 321 6901196,totalparco.com.pk,4.0,155.0,47.57,People typically spend up to 15 min here,03-2025
0c8157c895ac035ac555bedfe319de3e,BISMILLAH PETROLEUM- Total Petrol Station,Pakistan,Jaranwala,"13-14 KM, FAISALABAD JARANWALA ROAD,JARANWALA, Jaranwala, 37250, Pakistan",37250.0,73.32565032,31.34373774,Transportation & Logistics,Fuel & Charging,Gas station,Open 24 hours,+92 41 4797431,totalparco.com.pk,4.1,32.0,39.14,People typically spend up to 45 min here,03-2025
3143fd5949e3063226456f4910cda190,MARWAT CNG & FILLING STATION- Total Petrol Station,Pakistan,Nowshera,"MAIN G.T. ROAD NOWSHERA ,NOWSHERA, Khat Kalay, Nowshera, 24100, Pakistan",24100.0,71.96259997,34.00791286,Transportation & Logistics,Fuel & Charging,Gas station,Open 24 hours,+92 333 6117500,totalparco.com.pk,3.9,50.0,37.86,People typically spend up to 25 min here,03-2025
8727b7916aceefe817cf412dc21a1f19,Total Parco,Punjab,Kassowal,"OLD G T ROAD, , Kasowal, Kassowal, 57300, Pakistan",57300.0,72.52407351,30.48635395,Transportation & Logistics,Fuel & Charging,Gas station,Open 24 hours,+92 323 6467657,totalparco.com.pk,3.9,41.0,45.29,People typically spend up to 25 min here,03-2025
3f20f2dcf37ade23909e1a7107a808be,TOTAL PARCO NEW-TOWN,UC-2 Civic Center,Karachi,"BEHIND NEW TOWN POLICE,STATION STADIUM ROAD,KARACHI, New Town, Karachi, 74000, Pakistan",74000.0,67.05816218,24.88875245,Transportation & Logistics,Fuel & Charging,Gas station,Open 24 hours,+92 21 99320478,totalparco.com.pk,4.0,250.0,41.29,People typically spend up to 25 min here,03-2025
6de9c3888e69080d65786cf3bb027f62,PARCO Petrol Pump,UC-5 Naseerabad,Karachi,"St 16/1, Block 7, Allama Shabbir Ahmed Usmani Road, Mukka Chowk, F.B. Area, Kara, Dastagir Block 9 Gulberg Town, Karachi, 74200, Pakistan",74200.0,67.06489697,24.92372219,Transportation & Logistics,Fuel & Charging,Gas station,Open 24 hours,+92 333 2308432,totalparco.com.pk,3.9,427.0,41.71,People typically spend up to 1 hour here,03-2025
0cdda5762af22650613f5147f9e0e429,SH KHALID MAHMOOD SONS- Total Petrol Station,Pakistan,Kabirwala,"Near Civil Hospital, Multan Road, Kabirwala,KABIRWALA, Kabirwala, 58250, Pakistan",58250.0,71.85676035,30.40298129,Transportation & Logistics,Fuel & Charging,Gas station,Open,+92 300 8634823,totalparco.com.pk,4.5,31.0,39.0,People typically spend up to 2 hours here,03-2025
1eb167fa298bfbfd15ef2731dcdbf7b9,SONY PETROLEUM SERVICE- Total Petrol Station,Pakistan,Ghotki,"CITY SURVEY NO.445, Main Road,GHOTKI, G.T Rd, Ghotki, 65110, Pakistan",65110.0,69.31948424,28.00201636,Transportation & Logistics,Fuel & Charging,Gas station,Open 24 hours,+92 300 8316267,totalparco.com.pk,3.5,51.0,39.86,People typically spend up to 1 hour here,03-2025
0024ade0a345efedb77a1076bf7d48d3,Total Safeways filling station,Pakistan,Faisalabad,"Chak No. 207 RB, Sheikhupura Road, Tehsil Faisalabad City, Ashrafabad, Faisalabad, 38000, Pakistan",38000.0,73.11472438,31.45328149,Transportation & Logistics,Fuel & Charging,Gas station,Open 24 hours,+92 300 6666331,totalparco.com.pk,4.0,220.0,44.86,People typically spend up to 25 min here,03-2025
11a7702f2085e13b91d48a5e1d5ffd8d,Surgan Filling Station- Total Petrol Station,Muzaffarabad,Muzaffarabad,"Neelam Valeey Road, Mouza Chehla Bandi, Tehsil & Distt Muzaffarabad, AJK, Muzaffarabad, 13100",13100.0,73.46567258,34.38935427,Transportation & Logistics,Fuel & Charging,Gas station,Open 24 hours,+92 300 4039509,totalparco.com.pk,4.0,64.0,47.43,People typically spend up to 30 min here,03-2025
299201e620147f6e691de7ddd5372d20,ٹوٹل بابو پیٹرولیم,Pakistan,Faisalabad,"204 RB، main, Canal Rd, Jahan E Andalus, Faisalabad, 38000, Pakistan",38000.0,73.15054955,31.45177058,Transportation & Logistics,Fuel & Charging,Gas station,Open 24 hours,+92 41 8520706,totalparco.com.pk,4.3,1966.0,33.57,People typically spend up to 45 min here,03-2025
f177a000e34a0d5338da6d138673ede9,Shell,Rawalpindi Tehsil,Rawalpindi,"Katchery Chowk, GT Rd, Lalazar, Rawalpindi, 46000, Pakistan",46000.0,73.06529053,33.58266143,Transportation & Logistics,Fuel & Charging,Gas station,Open 24 hours,+92 800 743 55,shell.com.pk,3.6,1060.0,39.0,People typically spend up to 30 min here,03-2025
0b36e454ccd4a28d04905d2a4f491fcb,CITY SERVICE CENTRE- Total Petrol Station,Pakistan,Bahawalnagar,"BAHAWALI ROAD CITY ROAD, Opposite Government Commerce College, Bahawali Road, Ba, Bahawalnagar, 62300, Pakistan",62300.0,73.25411612,29.99391626,Transportation & Logistics,Fuel & Charging,Gas station,Open 24 hours,+92 301 5160846,totalparco.com.pk,3.9,205.0,49.71,People typically spend up to 25 min here,03-2025
efc06cc7c613b69bdca6dbdfc9efa887,Kamal Chishti Filling Station- Total Petrol Station,Pakistan,Kasur,"Kamal Chisti Filling Station, 1KM Kasur Daipalpur Rd, Tehsil and District Kasur., Kasur, 55050, Pakistan",55050.0,74.4635655,31.10400624,Transportation & Logistics,Fuel & Charging,Gas station,Open 24 hours,+92 301 4124345,totalparco.com.pk,3.9,104.0,44.86,People typically spend up to 45 min here,03-2025
fb38a796e5e52e92ed0081348747a683,Shell,Pakistan,Larkana,"542 Larkana Bypass, Larkana, 77150, Pakistan",77150.0,68.16081527,27.57401046,Transportation & Logistics,Fuel & Charging,Gas station,Open,+92 332 3021368,find.shell.com,5.0,1.0,48.71,People typically spend up to 15 min here,03-2025
90af2942bdbad7986e87c2611ff87755,Sahibzada Filling Station صاحبزادہ فلنگ اسٹیشن کاٹلنگ روڈ رحیم آباد,Khyber Pakhtunkhwa,Mardan,"Rahim Abad Shankar, Katlang Rd, Mardan, 23200, Pakistan",23200.0,72.04845476,34.25895545,Transportation & Logistics,Fuel & Charging,Gas station,Open 24 hours,+92 937 542345,sahibzadapso.weebly.com,4.2,39.0,41.86,People typically spend up to 1 hour here,03-2025
6bbd00cf3c2de3d1a70b400575313559,Askari Filling Station- Total Petrol Station,Shakargarh,Shakar Garh,"Mouza Auto Wali Tehsil Shakargarh District, Shakar Garh, 51800, Pakistan",51800.0,75.14277234,32.23879079,Transportation & Logistics,Fuel & Charging,Gas station,Open 24 hours,+92 300 8471159,totalparco.com.pk,4.1,82.0,36.29,People typically spend up to 25 min here,03-2025
fdad341b3d1d3bdf4c704525b5133a2d,Shell,Pakistan,Peshawar,"Khasra No 240, Ring Rd, Phandu, Landi Arbab, Khushal Town, Peshawar, 25220, Pakistan",25220.0,71.56891559,33.98425272,Transportation & Logistics,Fuel & Charging,Gas station,Open 24 hours,+92 800 743 55,shell.com.pk,3.5,139.0,31.0,People typically spend up to 30 min here,03-2025
27c76add59bd048a86e1f3dd2015cfc2,Malik Mohsin Filling Station- Total Petrol Station,Pakistan,Khushāb,"TOTAL PARCO PETROL PUMP, MIANWALI ROAD, JOHARABAD, DISTRICT KHUSHAB, Khushāb, 41000, Pakistan",41000.0,72.24770782,32.29440151,Transportation & Logistics,Fuel & Charging,Gas station,Open 24 hours,+92 454 7394444,totalparco.com.pk,3.9,91.0,43.0,People typically spend up to 20 min here,03-2025
774f36d9296cff27c7c1a183c34d7e99,Shell,Punjab,Sargodha,"1 Km Gujrat - Sargodha Rd, Sargodha, 40450, Pakistan",40450.0,72.88181896,32.27328137,Transportation & Logistics,Fuel & Charging,Gas station,Open 24 hours,+92 48 6645073,find.shell.com,4.1,59.0,60.0,People typically spend up to 45 min here,03-2025
2526ab611647cf98a4cf1344e729df96,Bahu Petroleum Service (CALTEX),Toba Tek Singh,Toba Tek Singh,"Akal Wala Road, Toba Tek Singh, 36050, Pakistan",36050.0,72.46524633,30.98271839,Transportation & Logistics,Fuel & Charging,Gas station,Open 24 hours,+92 347 7882392,caltex.com,3.9,20.0,49.29,People typically spend up to 30 min here,03-2025
dc448c1cd5810ff5b2e4606271540b1e,CHAN PETROLEUM- Total Petrol Station,Punjab,Miana Gondal,"Chowk, Miana Gondal, 50400, Pakistan",50400.0,73.14281997,32.39355273,Transportation & Logistics,Fuel & Charging,Gas station,Open 24 hours,+92 300 8401662,totalparco.com.pk,3.7,33.0,41.14,People typically spend up to 45 min here,03-2025
02acbeac5c9dbb2752307097cad48bd8,AL -HASSAN PETROLEUM SERVICE- Total Petrol Station,Punjab,Balkasar,"BALKASAR INTERCHANGE-BALKASAR, Balkasar, 48630, Pakistan",48630.0,72.63677747,32.94462929,Transportation & Logistics,Fuel & Charging,Gas station,Open 24 hours,+92 333 5197678,totalparco.com.pk,3.8,77.0,46.14,People typically spend up to 30 min here,03-2025
97700ffda38143ee87a868423c247aee,HAJI MOHD IBRAHIM & CO.- Total Petrol Station,Pakistan,Pehlwanan Di Khui,"16/17 FSBD-JHANG ROAD,SIDHAR BYPASS,FAISALABAD, Pehlwanan Di Khui, 38000, Pakistan",38000.0,72.92414022,31.36626443,Transportation & Logistics,Fuel & Charging,Gas station,Open 24 hours,+92 41 2652003,totalparco.com.pk,4.0,38.0,35.0,People typically spend up to 2 hours here,03-2025
692411e96bee640d7bfc0fb91e7f1093,KHAN PETROLEUM SERVICE- Total Petrol Station,Dera Ghazi Khan,Dera Ghazi Khān,"Chowk Chor Hatta, Taunsa Rd. D.G.Khan,D. G. KHAN, Dera Ghazi Khān, 32200, Pakistan",32200.0,70.64534225,30.06980533,Transportation & Logistics,Fuel & Charging,Gas station,Open 24 hours,+92 333 6865670,totalparco.com.pk,4.2,27.0,36.29,People typically spend up to 1.5 hours here,03-2025
9d8ec4e8cfd95ca44bc170e5207e9555,Shell,Tāndliānwāla,Tāndliānwāla,"General Bus Stand, Faisalabad Road, Quaid-e-Azam Road, Tāndliānwāla, 37150, Pakistan",37150.0,73.12351961,31.03540414,Transportation & Logistics,Fuel & Charging,Gas station,Open 24 hours,+92 301 8441302,find.shell.com,3.3,11.0,44.0,People typically spend up to 1.5 hours here,03-2025
58cb50bd77452034107153fb5c3f01aa,Shell,Punjab,Gujrat Qasba,"Ghazi Ghat - Qasba Gujrat Road, Road, 34200, Pakistan",34200.0,70.95169622,30.16004166,Transportation & Logistics,Fuel & Charging,Gas station,Open 24 hours,+92 66 2290671,find.shell.com,3.6,5.0,48.71,People typically spend up to 1 hour here,03-2025
dd7d556c0fd882491dfd2e5cd1c66ad8,Karmanwala-1 Petroleum Service Jaranwala,Pakistan,Jaranwala,"Karmanwala-1 Petroleum Service, Jaranwala, 37250, Pakistan",37250.0,73.40819272,31.34142912,Transportation & Logistics,Fuel & Charging,Gas station,Open 24 hours,+92 305 8284877,skincia.store,3.0,9.0,41.43,People typically spend up to 20 min here,03-2025
cf711cb95b80109ed1f37c193c4dc506,Byco Petrol Station,Quetta,Quetta,"Airport Rd, near Custom House, Chaman Housing Scheme, Quetta, 87300, Pakistan",87300.0,66.99840071,30.22478539,Transportation & Logistics,Fuel & Charging,Gas station,Open 24 hours,+92 81 2864175,byco.com.pk,4.0,52.0,28.71,People typically spend up to 30 min here,03-2025
dc71db875f956f8d95434cc1309c7892,Total Petrol Station,Punjab,Faisalabad,"2 KM, JHANG ROAD ,FAISALABAD, Sardarpura, Faisalabad, 38000, Pakistan",38000.0,73.05831893,31.41059812,Transportation & Logistics,Fuel & Charging,Gas station,Open 24 hours,+92 41 2653286,totalparco.com.pk,4.4,82.0,44.29,People typically spend up to 25 min here,03-2025
6d81f6ac5b0d5d10acba1ce719086164,MOTORWAY F/S- Total Petrol Station,Khyber Pakhtunkhwa,Risalpur,"MARDAN - NOWSHERA ROAD SOKAI CHOWK ,RESALPUR, Risalpur, 24080, Pakistan",24080.0,72.01021272,34.09695321,Transportation & Logistics,Fuel & Charging,Gas station,Open 24 hours,+92 301 8767703,totalparco.com.pk,4.0,46.0,43.43,People typically spend up to 1 hour here,03-2025
66e38ae5ed37be99bee419fe7722d8d4,Total Petrol Pump,Punjab,Kot Momin,"M-2 MOTORWAY INTERCHANGE,BHABHRA ROAD,KOTMOMIN, Kot Momin, 40450, Pakistan",40450.0,73.04026435,32.18816986,Transportation & Logistics,Fuel & Charging,Gas station,Open 24 hours,+92 300 6006284,totalparco.com.pk,4.4,45.0,16.29,People typically spend up to 2.5 hours here,03-2025
83ea9c6a2b4a457af98693e1eddf8bc2,LARAIB PETROLEUM- Total Petrol Station,Pakistan,Faisalabad,"Narwala Rd, Madan Pura Madanpura, Faisalabad, 38000, Pakistan",38000.0,73.04975137,31.43107631,Transportation & Logistics,Fuel & Charging,Gas station,Open 24 hours,+92 301 8665776,totalparco.com.pk,3.9,136.0,47.29,People typically spend up to 45 min here,03-2025
d1638b90c7a47cfd25143b6fa56cbf7d,Total Petrol Station,Punjab,Kasur,"1-Km from Chunnia on Jambhar-Chaanga Manga-Chunnia, District Kasur, Kasur, 55220, Pakistan",55220.0,73.97067949,30.97067316,Transportation & Logistics,Fuel & Charging,Gas station,Open 24 hours,+92 300 8891885,totalparco.com.pk,4.0,176.0,43.43,People typically spend up to 30 min here,03-2025
7c0f44129304a0a445f77cb917add6e7,Shell,Pakistan,Lahore,"Near interchange Band Rd, Kot Kamboh Lahore, 54000, Pakistan",54000.0,74.26548294,31.53769287,Transportation & Logistics,Fuel & Charging,Gas station,Open 24 hours,+92 300 9459890,shell.com.pk,4.0,910.0,45.43,People typically spend up to 25 min here,03-2025
18b68e1feb664803b8366b8c1ba60007,Blessing Filling Station- Total Petrol Station,Punjab,Multan,"Khanewal Road, near Edhi Center Mouza Jhargir Abad, Pak Arab Fertilizer Housing Colony Multan, 60000, Pakistan",60000.0,71.56248946,30.2350149,Transportation & Logistics,Fuel & Charging,Gas station,Open 24 hours,+92 321 8839009,totalparco.com.pk,3.8,190.0,45.14,People typically spend up to 25 min here,03-2025
5807a1d95fa3bf0a4882d7dff9cb0ba2,Shell Rajoke Filling Station,Sialkot,Rajoke,"Sialkot-Gujranwala Road Near M-11 Motorway Daska, Interchange, Rajoke, 51010, Pakistan",51010.0,74.40334185,32.36409596,Transportation & Logistics,Fuel & Charging,Gas station,Open 24 hours,+92 321 8742294,find.shell.com,5.0,38.0,37.29,People typically spend up to 15 min here,03-2025
cd88080ddf8f5e24e0fb3ffa37dab1d3,Shell,Toba Tek Singh,Toba Tek Singh,"Toba Tek Singh, 36050, Pakistan",36050.0,72.4887847,30.97799027,Transportation & Logistics,Fuel & Charging,Gas station,Open 24 hours,+92 46 2516460,shell.com.pk,3.8,141.0,46.86,People typically spend up to 1 hour here,03-2025
fbbb9505b505425f589ad7936dc8a652,Yasir CNG and Filling Station- Total Petrol Station,Pakistan,Matiari,"Hala By Pass, National Highway ( North Bound ), Distt Matiari., Matiari, 70150, Pakistan",70150.0,68.42092997,25.83463169,Transportation & Logistics,Fuel & Charging,Gas station,Open 24 hours,+92 333 2681638,totalparco.com.pk,3.9,83.0,43.86,People typically spend up to 30 min here,03-2025
1d05f0be35113be3545b19dc063b5bbe,Shell,UC-4 Gujjro,Karachi,"Main, Dr Mushtaq Hussain Rd, Karachi - Hyderabad Motorway, Karachi, 75950, Pakistan",75950.0,67.10491872,24.96360648,Transportation & Logistics,Fuel & Charging,Gas station,Open 24 hours,+92 21 36400081,find.shell.com,5.0,1.0,33.71,People typically spend up to 2 hours here,03-2025
4d209b7a60fb3b6f31362fb36b18f68e,New Ameer Petroleum service Byco Pakistan,Sadiqabad Tehsil,Chowk Sawetra,"Ahmadpur Lumma to Chowk Sawatera Road, Chowk Sawetra, 64380, Pakistan",64380.0,70.01546393,28.36044338,Transportation & Logistics,Fuel & Charging,Gas station,Open 24 hours,+92 300 8686308,byco.com.pk,3.4,16.0,34.29,People typically spend up to 2 hours here,03-2025
e104ba9f2b4e69fb80f53ceece5a7c64,PSO Petrol Pump,Islamabad Capital Territory,Islamabad,"Near Motorwway Chowk, N5, Dhok Paracha, G-14, G-15, Islamabad, 44000, Pakistan",44000.0,72.93138784,33.63412952,Transportation & Logistics,Fuel & Charging,Gas station,Open 24 hours,+92 51 5402592,,4.0,1103.0,46.29,People typically spend up to 25 min here,03-2025
c551462bd0d5b3c5d8263df028f015b8,TCS,Pakistan,Haroonabad,"Bangla Rd, Haroonabad, 62100, Pakistan",62100.0,73.13786152,29.61414322,Transportation & Logistics,Freight & Shipping,Courier service,Open,+92 63 2250730,tcs.com,4.1,142.0,67.83,,03-2025
582e689bc008ff8697680b2a5e7514d4,Sitara Petroleum Service (PVT) Ltd ستارہ پیٹرولیم سروس,Sahiwal Tehsil,Sahiwal,"Tufail Shaheed Rd, near pso depot, Sahiwal, 57000, Pakistan",57000.0,73.09383689,30.65127315,Transportation & Logistics,Fuel & Charging,Gas station,Open 24 hours,+92 300 8690766,,4.5,51.0,38.17,People typically spend up to 1.5 hours here,03-2025
ad6d91f49a431e439a68da7b3565e25f,Shell,Punjab,Sheikhupura,"GT Rd, Sheikhupura, Pakistan",,74.26328993,31.73157467,Transportation & Logistics,Fuel & Charging,Gas station,Open 24 hours,+92 42 37980479,find.shell.com,3.9,165.0,48.57,People typically spend up to 25 min here,03-2025
db18cb2f07e82223bf5ff3758cdd21ec,Shell Petroleum,Punjab,Chowk Azam,"Chobara Road, Chowk Azam, 31450, Pakistan",31450.0,71.19007841,30.96546936,Transportation & Logistics,Fuel & Charging,Gas station,Open 24 hours,+92 606 381340,,4.1,79.0,51.43,People typically spend up to 45 min here,03-2025
038687f369bde544df4755928e94a277,Khurshid Petroleum,Vehari,Vehari,"Vehari, 61100, Pakistan",61100.0,72.38961654,30.06020795,Transportation & Logistics,Fuel & Charging,Gas station,Open 24 hours,+92 300 7722009,,4.0,37.0,36.0,People typically spend up to 1.5 hours here,03-2025
3bb2eb85d04c92ff74915570037f5892,Shell,Satellite Town,Rawalpindi,"Satellite College, 6th Road St, Road, Rawalpindi, 46120, Pakistan",46120.0,73.0679195,33.64160419,Transportation & Logistics,Fuel & Charging,Gas station,Open 24 hours,+92 51 4843288,find.shell.com,4.0,1.0,24.29,,03-2025
0b8607e0675c2aa900703b583cc931fb,Shell,UC-4 City Railway Colony,Karachi,"City Railway Colony Rd, Main Super Highway, City Railway Colony, Karachi, 75900, Pakistan",75900.0,67.00891919,24.8471041,Transportation & Logistics,Fuel & Charging,Gas station,Open 24 hours,+92 21 34484161,find.shell.com,3.2,6.0,33.29,,03-2025
e253e85a66d408c684ac383fd8436a98,Attock Petroleum,Rawalpindi,Gujar Khan,"Khasra No 1918, GT Rd, G.T. Rd, Gujar Khan, 47850, Pakistan",47850.0,73.31984038,33.23809224,Transportation & Logistics,Fuel & Charging,Gas station,Open 24 hours,+92 321 9522255,,4.1,220.0,44.29,People typically spend up to 20 min here,03-2025
cf3a30edf8b7871b46506c236b708901,Jasmine Service Station - Total PARCO,Pakistan,Lahore,"Plt # 22, B1-C MM Alam Road Gulberg III, Lahore., Block C 3 Gulberg III, Lahore, 54660, Pakistan",54660.0,74.3465203,31.50564697,Transportation & Logistics,Fuel & Charging,Gas station,Open 24 hours,+92 334 4082766,,4.3,556.0,49.57,People typically spend up to 20 min here,03-2025
d977645779c7260f73cfb7555e6ce028,MARWAT PETROLEUM S/C- Total Petrol Station,Taunsa,Taunsa Sharif,"Hamdani, Indus Highway, D.G.Khan,TAUNSA, Taunsa Sharif, 32100, Pakistan",32100.0,70.71771882,30.49329956,Transportation & Logistics,Fuel & Charging,Gas station,Open 24 hours,+92 300 5936471,totalparco.com.pk,4.3,18.0,30.0,,03-2025
3238556438beaf1353b5ff55ec17af39,Bhatti Petroleum- Total Petrol Station,Pakistan,Mor Khunda,"Mor Khunda, Pakistan",,73.79815961,31.32428892,Transportation & Logistics,Fuel & Charging,Gas station,Open 24 hours,+92 300 8444944,totalparco.com.pk,3.6,46.0,48.14,People typically spend up to 45 min here,03-2025
6a01c3f290e8a45b63c761b21d49c65c,Taj Petrol Pump (HASCOL),Rahim Yar Khan Tehsil,Rahim Yar Khan,"National Solidarity Road, Rahim Yar Khan, 64200, Pakistan",64200.0,70.29706268,28.42513242,Transportation & Logistics,Fuel & Charging,Gas station,Open 24 hours,+92 300 9672533,,3.8,60.0,36.29,People typically spend up to 30 min here,03-2025
ae56f36e8a87007ebdaa19d2bcc8755c,FAROOQ FILLING STATION- Total Petrol Station,Pakistan,Lahore,"Naveed, AL-SAEED CHOWK,TEHSIL FEROZWALA, Naain Sukh, Lahore, 54950, Pakistan",54950.0,74.24681717,31.61017253,Transportation & Logistics,Fuel & Charging,Gas station,Open 24 hours,+92 300 8418506,totalparco.com.pk,3.9,114.0,40.57,,03-2025
5fbdd967899053ccdc3218d2a5cddfa1,HASCOL Petrol Station,Punjab,Lahore,"25 Empress Rd, Muhammad Nagar Garhi Shahu, Lahore, Pakistan",,74.33317759,31.56650348,Transportation & Logistics,Fuel & Charging,Gas station,Open 24 hours,+92 42 36311013,hascol.com,4.2,299.0,44.86,People typically spend up to 30 min here,03-2025
06e346851742e820118609f866fcfaa2,Total PARCO Petrol Pump,Rawalpindi Tehsil,Islamabad,"NEAR SOAN BRIDGE, ADJ. NLC, GT ROAD, Islamabad, 46000, Pakistan",46000.0,73.10482443,33.54289259,Transportation & Logistics,Fuel & Charging,Gas station,Open 24 hours,,totalparco.com.pk,4.1,236.0,37.43,People typically spend up to 20 min here,03-2025
b3ac9442ba880545dd5799ff65521f09,Total PARCO Petrol Pump,UC-8 Saddar,Karachi,"217 E I LINES INVERIARITY ROAD,KARACHI, Karachi Cantonment, Karachi, 74400, Pakistan",74400.0,67.0289385,24.85650811,Transportation & Logistics,Fuel & Charging,Gas station,Open 24 hours,+92 321 8261133,totalparco.com.pk,3.8,138.0,25.43,,03-2025
992ffe08f8151ce4b285641f1b6386d0,Al-Hamd CNG Filling Station,Pakistan,Hala,"Plot 67, Survey No 345-346, Hala Bypass, Hala, 70120, Pakistan",70120.0,68.43229447,25.81342574,Transportation & Logistics,Fuel & Charging,Gas station,Open 24 hours,+92 313 3327403,,3.9,18.0,37.86,People typically spend up to 15 min here,03-2025
9956b1a8960f65af490b0dc082ad202e,Total PARCO Fuel Station - (Star Petroleum),Shah Faisal Town,Karachi,"SHAH FAISAL TOWN JINNAH AVENUE,MALIR HALT,KARACHI, Shah Faisal Town, Karachi, 75050, Pakistan",75050.0,67.17561119,24.89393617,Transportation & Logistics,Fuel & Charging,Gas station,Open 24 hours,+92 301 8283463,,3.5,280.0,40.86,People typically spend up to 30 min here,03-2025
c869bd9f851cf16807d19f03bbee5e5e,ASFANDYAR FILLING STN- Total Petrol Station,Pakistan,Peshawar,"JAMRUD ROAD, KHYBER AGENCY ,KHYBER AGENCY, Hayatabad, Peshawar, 25000, Pakistan",25000,71.4164436,33.9968976,Transportation & Logistics,Fuel & Charging,Gas station,Open 24 hours,+92 300 8595100,totalparco.com.pk,4.0,4.0,28.14,,03-2025
9854e1c8c8b53b2b09cf33e84c317f9a,AL-FAIZ FILLING STATION- Total Petrol Station,Tando Bago,Pangrio,"SURVEY NO.470, DEH PHANYARI,PANGRIO, Pangrio, 72130, Pakistan",72130,69.1842201,24.76224125,Transportation & Logistics,Fuel & Charging,Gas station,Open 24 hours,+92 306 2619311,totalparco.com.pk,4.5,6.0,32.43,,03-2025
958336867f9e2ddee43fd8540f63a8ed,Shell,Taraf Mubarik Doim,Multan,"Khanewal Rd, Mohalla Qaisarabad, Multan, 60000, Pakistan",60000,71.5077198,30.21020443,Transportation & Logistics,Fuel & Charging,Gas station,Open 24 hours,+92 300 6356733,find.shell.com,5.0,1.0,22.43,,03-2025
94d1f466b6759a8d966fff3a30b724a7,CallCourier Head Office,Punjab,Lahore,"131/4, Quaid-e-Azam Industrial Estate Kot Lakhpat, Lahore, 54000, Pakistan",54000,74.31407087,31.43307524,Transportation & Logistics,Freight & Shipping,Courier service,Open,+92 42 111 786 227,callcourier.com.pk,3.4,308.0,70.33,,03-2025
e5df5a1114966be3d945bbd135f6cea0,Attock Petrol Pump,Islamabad Capital Territory,Islamabad,"Brigadier Mustafa Barki, 13-A, F-11 Markaz F 11 Markaz F-11, Islamabad, Pakistan",,72.98811757,33.68288424,Transportation & Logistics,Fuel & Charging,Gas station,Open 24 hours,+92 51 5127250,apl.com.pk,4.3,1183.0,53.0,People typically spend up to 30 min here,03-2025
a97a156b6241a8a44ed8b21578c0046f,"Zoom Petrol Pump, Khalid petroleum service",Pakistan,Haroonabad,"Dahranwala - Haroonabad Rd, mor Haroonabad, 62100, Pakistan",62100,73.1235181,29.60310847,Transportation & Logistics,Fuel & Charging,Gas station,Open 24 hours,+92 304 5258662,zoom.org.pk,4.2,31.0,39.71,,03-2025
3f5c644814aa65812caea1eaff5112ba,Hakla Service Area North,Taxila Tehsil,Islamabad,"Hakla Rest Area, North M 1, Islamabad, 04433, Pakistan",04433,72.83963195,33.63145651,Transportation & Logistics,Parking & Rest Areas,Rest stop,Open 24 hours,+92 332 5722936,,4.0,3738.0,29.0,People typically spend up to 25 min here,03-2025
4472d6b5d849a2eecb8f252d73b01098,Shell,Sindh,Tando Jam,"Main Hyderabad Mirpurkhas, 357 2-33, Tando Jam, 70050, Pakistan",70050,68.52381927,25.43040496,Transportation & Logistics,Fuel & Charging,Gas station,Open 24 hours,+92 22 2765105,find.shell.com,3.0,4.0,36.14,,03-2025
c735272630b1c1185c18dfa5223a10c4,Shell,Khyber Pakhtunkhwa,Chārsadda,"Shabqadar Rd, Chārsadda, Pakistan",,71.56804714,34.20220632,Transportation & Logistics,Fuel & Charging,Gas station,Open 24 hours,+92 91 6281539,find.shell.com,3.4,30.0,46.57,People typically spend up to 45 min here,03-2025
cd23b99e3ec5f98da94c0c6e73fec1d8,Sami Filling Station,Khyber Pakhtunkhwa,Bara Banda,"Grand Trunk Rd, opposite Industrial Estate, Bara Banda, 23200, Pakistan",23200,72.00638439,34.08824322,Transportation & Logistics,Fuel & Charging,Gas station,Open 24 hours,+92 345 9320377,,4.2,75.0,36.43,People typically spend up to 25 min here,03-2025
dfc14f39a79c0196fd44c89a955dd64d,Sangam II Filling Station- Total Petrol Station,Pakistan,Faisalabad,"Chak No 243 Rb, Faisalabad, Pakistan",,73.04653953,31.3275476,Transportation & Logistics,Fuel & Charging,Gas station,Open 24 hours,+92 41 2679955,totalparco.com.pk,4.1,422.0,51.43,People typically spend up to 30 min here,03-2025
fe35a76b1b3c9fb77b059f03c9d0dc4e,Afridi Filling Station,Pakistan,Mardan,"Mardan, 23200, Pakistan",23200,72.04427396,34.1649674,Transportation & Logistics,Fuel & Charging,Gas station,Open 24 hours,+92 300 9177471,,4.5,6.0,36.43,People typically spend up to 1.5 hours here,03-2025
bc596283bb0853af8f46b0e5879193a4,DHL Express Service Point (Multan Office),Lodhi Colony,Multan,"Office 33/A2, Peer Khursheed Road, Peer Khurshid Colony Gulgasht Colony, Multan, 60000, Pakistan",60000,71.46616344,30.21375991,Transportation & Logistics,Freight & Shipping,Courier service,Open,+92 61 51540455,mydhl.express.dhl,4.3,121.0,53.33,,03-2025
17b800f81e622062453c819d07075ad3,Bolanfor7persons rent a car,Rawalpindi Tehsil,Rawalpindi,"Horizon computerized school, pull, KRL Rd, Khanna Al Noor Colony, Rawalpindi, 44000, Pakistan",44000,73.10506797,33.62377416,Transportation & Logistics,Vehicle Rentals & Services,Van rental agency,Open 24 hours,+92 300 4523804,facebook.com,4.9,37.0,22.57,,03-2025
62499abdd02c9b5f8de139f6fb256727,Taj Filling Station Total Parco Petrol Station,Sindh,Hyderabad,"Qasimabad, Hyderabad, 71100, Pakistan",71100,68.33560783,25.39117418,Transportation & Logistics,Fuel & Charging,Gas station,Open 24 hours,+92 300 8377330,,4.0,105.0,35.86,People typically spend up to 20 min here,03-2025
528aa3c93799396fc1d141fde58e3737,"Logisense Holdings Pvt Ltd, Mian Branch FFC",Sadiqabad,Chowk FFC,"Chowk FFC, 64350, Pakistan",64350.0,70.06684951,28.29138741,Transportation & Logistics,Freight & Shipping,Logistics service,Open 24 hours,+92 301 8371391,logisense.net,5.0,2.0,26.29,,03-2025
2dbf3c59906831394a75a223dd3a5ceb,Al-Majeed Service Center,Punjab,Burewala,"0.5-Km Chichawatni Rd, Gulshan Ghani Colony Burewala, 61010, Pakistan",61010.0,72.68446218,30.16548962,Transportation & Logistics,Fuel & Charging,Gas station,Open 24 hours,+92 334 6999611,,4.1,198.0,49.29,People typically spend up to 30 min here,03-2025
0027d2b73f922e3750f20226fd25e3eb,Shell,Punjab,Chakwal,"Rawalpindi Rd, Behkhari Chakwal, 48800, Pakistan",48800.0,72.88561994,33.01270439,Transportation & Logistics,Fuel & Charging,Gas station,Open 24 hours,+92 300 5007171,find.shell.com,3.6,19.0,24.71,,03-2025
67cb241bd2da9e12ea47fe9ddb39209e,Shell,Pakistan,Dera Ismail Khan,"Bannu Rd, Dera Ismail Khan, 29050, Pakistan",29050.0,70.88191994,31.88710441,Transportation & Logistics,Fuel & Charging,Gas station,Open 24 hours,+92 966 715264,find.shell.com,3.8,4.0,34.29,,03-2025
844fc8cd93f29f80e02157a7dd0959ac,Al-Rehmat Petroleum,Pakistan,,"1 Gujrat- Phalia Road Haiger wala, 50400, Pakistan",50400.0,73.79078756,32.46769536,Transportation & Logistics,Fuel & Charging,Gas station,Open 24 hours,+92 546 592777,hascol.com,3.7,42.0,42.14,People typically spend up to 1.5 hours here,03-2025
fb908492d97d280c77395f60835a769f,Five Star CNG Station,Pakistan,Bahawalpur,"N5, Chowk Zubair Mian, Goth Ghanni, Mohalla Niazabad, Bahawalpur, 63100, Pakistan",63100.0,71.63071541,29.3923764,Transportation & Logistics,Fuel & Charging,Gas station,Open 24 hours,+92 345 8144242,,4.0,93.0,51.57,People typically spend up to 45 min here,03-2025
e5fd2e3de73c8a9a7c222ef4e12bd252,Shell Jahangirabad filling station,Pakistan,Dingi,"Tubewell, Dingi, Pakistan",,72.79107944,33.91499716,Transportation & Logistics,Fuel & Charging,Gas station,Open 24 hours,+92 317 5512211,wa.me,4.2,50.0,45.29,People typically spend up to 2 hours here,03-2025
29255fa0041e55ef402f334a3d49787a,Active Freight Service Pvt Ltd,UC-6 P.e.c.h.s 1,Karachi,"Plot 251 E, Block 6 P.E.C.H.S., Karachi, 75400, Pakistan",75400.0,67.06110062,24.85585886,Transportation & Logistics,Freight & Shipping,Freight forwarding service,Open,+92 21 34150621,activefreightpak.com,4.6,34.0,43.0,,03-2025
da35ab12f63dfce634bd270dfd6768ad,Admore Filling Station,Khyber Pakhtunkhwa,Khar,"Khar, 18650, Pakistan",18650.0,71.52643746,34.73643822,Transportation & Logistics,Fuel & Charging,Gas station,Open 24 hours,+92 308 8540434,,4.1,44.0,50.14,People typically spend up to 1.5 hours here,03-2025
71845d4b84802be662ff197c30163a3f,PRIME FILLING STATION- Total Petrol Station,Punjab,Talagang,"55 KM TALANGANG, MAINWALI ROAD, Talagang, 48100, Pakistan",48100.0,71.90921328,32.75216394,Transportation & Logistics,Fuel & Charging,Gas station,Open 24 hours,+92 344 2660000,totalparco.com.pk,4.1,18.0,31.86,,03-2025
1f0d2a2e7d21947de0b50cd63a1ec188,M&P Courier Scheme 3,Rawalpindi Tehsil,Rawalpindi,"Shop # 3, Basement Khawaja Tower, Main Imran Khan Ave, Chaklala Housing Scheme 3, Rawalpindi, 46000, Pakistan",46000.0,73.08555645,33.58649863,Transportation & Logistics,Freight & Shipping,Courier service,Open,+92 51 8460300,mulphilog.com,3.5,39.0,39.86,,03-2025
55448fd24b4af6f05def6353c10eb9d0,Shell,Pakistan,Nowshera,"Peshawar Rd, GT Rd, Nowshera, 24100, Pakistan",24100.0,71.87241969,34.00940413,Transportation & Logistics,Fuel & Charging,Gas station,Open,+92 300 5922310,find.shell.com,3.3,4.0,25.14,,03-2025
a6c45b4b54d7d5ee421acd4993ff492d,Kohistan Express,Rawalpindi,Rawalpindi,"I J P Rd, Koh e Noor Colony, Rawalpindi, 46000, Pakistan",46000.0,72.98680414,33.61520126,Transportation & Logistics,Public Transit & Hubs,Bus company,Open,+92 51 111 776 444,kohistanexpress.com,4.1,5012.0,49.29,,03-2025
b4862055fd95b1b9f510920a6faeda0d,Shell,Sindh,Karachi,"Main Korangi Rd, 1-B Phase 1 Defence Housing Authority, Karachi, 75500, Pakistan",75500.0,67.05635393,24.84181186,Transportation & Logistics,Fuel & Charging,Gas station,Open,+92 21 35881600,,3.9,262.0,55.0,People typically spend up to 15 min here,03-2025
c0aed400f84234dd0077503a1b37221a,PSO & Al-Meezan Fuelling Station,Punjab,Chani Goth,"Chukker N-5, Chani Goth, 63450, Pakistan",63450.0,71.00958718,29.08982844,Transportation & Logistics,Fuel & Charging,Gas station,Open 24 hours,+92 300 6369813,,3.7,191.0,40.71,People typically spend up to 25 min here,03-2025
26769fc49d5a2029fa507a96621d1a7e,OkaraDaewoo fastex,Punjab,Okara,"86 Benazir Rd, Ghala Mandi Samadpura Okara, 56300, Pakistan",56300.0,73.44017984,30.80585274,Transportation & Logistics,Freight & Shipping,Courier service,Open,+92 333 6969352,daewoofastex.pk,4.3,13.0,32.33,,03-2025
efa0c11e252b5884d78f1db3166d2bde,PSO Petrol Pump,Pakistan,Lahore,"Plot 177 Ittehad Rd, Township Block 5 Twp Sector C 2 Nespak Housing Scheme, Lahore, 54770, Pakistan",54770.0,74.28344145,31.4344109,Transportation & Logistics,Fuel & Charging,Gas station,Open 24 hours,+92 800 030 00,,4.1,535.0,43.86,People typically spend up to 30 min here,03-2025
48e831d93d88d7f1dc3d08430bc5cea6,MAERSK Integrated Logistics Park,UC-3 Cattle Colony,Karachi,"S.P. - B Port Qasim, North Western Industrial Zone Port Qasim Authority, Karachi, 75020, Pakistan",75020.0,67.31035752,24.83819253,Transportation & Logistics,Freight & Shipping,Logistics service,Open,+92 321 8220941,maersk.com,4.8,41.0,59.17,,03-2025
a2c575e8ef6869b86079c9fd299e8dff,Shell,Pakistan,Kohat,"Bannu Rd, Kohat, Pakistan",,71.4513745,33.55723739,Transportation & Logistics,Fuel & Charging,Gas station,Open 24 hours,+92 922 517199,find.shell.com,3.9,124.0,35.29,People typically spend up to 20 min here,03-2025
e7f6afb5d53eb78d051e99186a6af93a,GO Petroleum - AL-MADINA P/S - RD# 904,Pakistan,Mīrpur Khās,"main mirwah, mirpurkhas road, Mīrpur Khās, 69000, Pakistan",69000.0,69.00916991,25.48905353,Transportation & Logistics,Fuel & Charging,Gas station,Open 24 hours,+92 333 2979383,gno.com.pk,4.0,7.0,33.43,,03-2025
1f769d0e04e4ffdca0ef9c397ee69f95,River View Filling Station- Total Petrol Station,Gilgit,Gilgit,"Total Parco Pakistan Ltd. Ghizer Road, Gilgit, Gilgit, 15100",15100.0,74.29524746,35.92489411,Transportation & Logistics,Fuel & Charging,Gas station,Open 24 hours,+92 346 8684902,totalparco.com.pk,4.0,33.0,40.29,,03-2025
0392bd64fd5897dcd7018d8cb074028f,WINDS LOGISITCS,UC-6 P.e.c.h.s 1,Karachi,"Suite # 15, 3rd Floor, Shalimar Center, Main Tariq Rd, Block 2 P.E.C.H.S., Karachi, 75400, Pakistan",75400.0,67.05910132,24.87393918,Transportation & Logistics,Freight & Shipping,Freight forwarding service,Open 24 hours,+92 21 34303644,windslogistics.com,5.0,1.0,31.8,,03-2025
94bfa4960d49de0874e716417284a0ac,Shell,Punjab,Gujranwala,"Sialkot Bypass, near Gift University, Lohian Wala, Gujranwala, 52250, Pakistan",52250.0,74.18391522,32.2032997,Transportation & Logistics,Fuel & Charging,Gas station,Open,+92 55 3824987,find.shell.com,3.7,23.0,30.43,,03-2025
8d8a68ba8a145d90ee4647cf8b17e92a,CHAUDHARY SULTAN MAHMOOD & CO.- Total Petrol Gas Station,Sahiwal Tehsil,Sahiwal,"GT Road, NEAR GENERAL BUS STAND, 57000, Pakistan",57000.0,73.09361348,30.64760636,Transportation & Logistics,Fuel & Charging,Gas station,Open 24 hours,+92 40 4502838,totalparco.com.pk,4.0,107.0,30.29,,03-2025
2546c625d2707b17d922a4d5d6b3c298,City Fuelers Attock Petrol Pump,Tipu Sultan Colony,Multan,"LMQ Rd, Chowk Dera Ada, Tipu Sultan Colony, Multan, 60000, Pakistan",60000.0,71.44948093,30.19030436,Transportation & Logistics,Fuel & Charging,Gas station,Open 24 hours,+92 345 7272374,,4.4,47.0,29.86,People typically spend up to 2 hours here,03-2025
8421e92187132845de77a10389654de3,shell petrol pump pangrio,Tando Bago,Ghazi Town Pangrio,"Tando Bago - Pangrio Rd, Ghazi Town Pangrio, Pakistan",,69.18323616,24.7618002,Transportation & Logistics,Fuel & Charging,Gas station,Open 24 hours,+92 800 743 55,shell.com.pk,3.6,31.0,31.57,People typically spend up to 1 hour here,03-2025
8ebfc125e5396316b4a757e13bd326f6,Shell,Pakistan,Abbottabad,"Naran Road, Khnda Mitikot Rd, Abbottabad, Pakistan",,73.34604673,34.54528811,Transportation & Logistics,Fuel & Charging,Gas station,Open 24 hours,+92 997 413296,find.shell.com,3.9,135.0,31.43,People typically spend up to 45 min here,03-2025
67d0b9c77e209078d03d34f01c937f0c,Shell,Toba Tek Singh,Pir Mahal,"Pirmahal-Rajana Rd, Pirmahal, Punjab, Rajana Rd, Pir Mahal, 36300, Pakistan",36300.0,72.43457882,30.77603332,Transportation & Logistics,Fuel & Charging,Gas station,Open 24 hours,+92 800 030 00,,3.9,73.0,42.71,People typically spend up to 45 min here,03-2025
a90dcf7cb751454bbc76dcb658a8a0b4,Shell,Vehari,Burewala,"Burewala-Vehari Rd, Burewala, Pakistan",,72.63992024,30.14564436,Transportation & Logistics,Fuel & Charging,Gas station,Open 24 hours,+92 67 3352897,find.shell.com,4.2,25.0,36.0,People typically spend up to 1 hour here,03-2025
0ced7d98faf3abb807dad125d91af4c5,Mehfooz Filling Station,Pakistan,Jhelum,"4A Civil Lines, Jhelum 49600 Civil Lines, Gulshan Town, Jhelum, 49600, Pakistan",49600.0,73.74245192,32.94854448,Transportation & Logistics,Fuel & Charging,Gas station,Open 24 hours,+92 323 9743828,,4.1,77.0,50.0,People typically spend up to 20 min here,03-2025
436a2d51344b9f7b5aef446d75f7bff4,Shell,Punjab,Sheikhupura,"Lahore - Sargodha Rd, Kot Abdul Malik, Sheikhupura, 39040, Pakistan",39040.0,74.24438643,31.62041374,Transportation & Logistics,Fuel & Charging,Gas station,Open 24 hours,+92 42 37923769,,3.9,65.0,43.57,People typically spend up to 20 min here,03-2025
f807ab9273cb10be1529040296b629f7,Shell,UC-4 Matroville,Karachi,"1 Metroville Rd, Metroville Sector 4 Sindh Industrial Trading Estate, Karachi, Pakistan",,66.99964462,24.91978946,Transportation & Logistics,Fuel & Charging,Gas station,Open,+92 300 2352321,find.shell.com,3.9,160.0,28.14,People typically spend up to 3 hours here,03-2025
a68999829baf869b2b9e41c25b5d9da2,PSO,Sargodha,Shahpur,"Shahpur-Jhawarian Rd Kot Pahalwan, Shahpur, 40600, Pakistan",40600.0,72.56677344,32.33304686,Transportation & Logistics,Fuel & Charging,Gas station,Open 24 hours,+92 800 030 00,,4.3,15.0,54.0,People typically spend up to 1 hour here,03-2025
ab82dcc32a66a199e787487a3b564ea3,Multan Petroleum Service,Taraf Mubarik Doim,Multan,"Khanewal Rd, inside Shell Petrol Pump, Mehmoodabad, Multan, Pakistan",,71.50308913,30.20992568,Transportation & Logistics,Fuel & Charging,Gas station,Open 24 hours,+92 61 6305537,shell.com.pk,4.1,615.0,49.0,People typically spend up to 25 min here,03-2025
768d7239e21b0574bd23dc4baadc9667,Hajian's Filling Station- Total Petrol Station,Pakistan,Peshawar,"Mr. Said Nawab Office # 1,2,3-1,2,5 2nd Floor, Block-B, Al-haaj plaza, karkhano, Jamrud, Peshawar, 25000, Pakistan",25000.0,71.39458456,34.00104784,Transportation & Logistics,Fuel & Charging,Gas station,Open 24 hours,+92 333 6736663,totalparco.com.pk,4.1,20.0,35.71,,03-2025
c973439e9ba93a8587fe8a55af33eef9,DHL Express Service Point (F11 Markaz),Islamabad Capital Territory,Islamabad,"Plot 17, Lords Trade Centre, Shop #6, Lower Ground Flr, Markaz, opp. Shaheen Chemist Sector, F-11 Markaz F-11, Islamabad, 44000, Pakistan",44000.0,72.98617635,33.68327455,Transportation & Logistics,Freight & Shipping,Courier service,Open,+92 51 2100700,mydhl.express.dhl,4.5,165.0,48.0,,03-2025
886b30d924bdf9b465f32f63131c28a5,Lehtrar filling Station - Total Parco Petrol Station,Lehtrar,Lehtrar,"Patriata - Lehtrar Rd Link, Lehtrar, 47270, Pakistan",47270.0,73.43855265,33.70925174,Transportation & Logistics,Fuel & Charging,Gas station,Open 24 hours,+92 312 5379008,,3.8,36.0,31.71,People typically spend up to 30 min here,03-2025
5e8ed565d54bc0bc9bc9a00463898268,PSO Petrol Pump,Islamabad Capital Territory,Islamabad,"G-9 Markaz G 9 Markaz G-9, Islamabad, 46000, Pakistan",46000.0,73.03126094,33.68940613,Transportation & Logistics,Fuel & Charging,Gas station,Open 24 hours,+92 51 111 111 776,,4.1,549.0,45.29,People typically spend up to 45 min here,03-2025
10e192396d79964c76de2d4a638a7f7c,QURESHI BROTHERS- Total Petrol Station,Muzaffarabad,Muzaffarabad,"MAIN SECTT. ROAD, MUZAFFARABAD Azad Jammu Kashmir, Muzaffarabad, 13100",13100.0,73.47049059,34.36001463,Transportation & Logistics,Fuel & Charging,Gas station,Open 24 hours,+92 333 5136367,totalparco.com.pk,3.4,52.0,34.29,,03-2025
0d05e76a32da4671861b7e4ebf2d6239,Meezan Filling Station- Total Petrol Station,Ram Kali,Multan,"Bhawalpur Bypass Road (Ram Kali) Near Vehari Road, Multan., Ram Kali, Multan, 60000, Pakistan",60000.0,71.49955411,30.15458551,Transportation & Logistics,Fuel & Charging,Gas station,Open 24 hours,,totalparco.com.pk,4.0,143.0,44.86,People typically spend up to 30 min here,03-2025
12d92afc9da53705c9eb16e5d8c6a743,Go Petrol Pump,Pakistan,Lodhi Town,"Kot Addu-Chowk Karimdad Qureshi Rd, Power Plant Chowk, Kot Addu, Punjab, Lodhi Town, Pakistan",,70.96498464,30.44246092,Transportation & Logistics,Fuel & Charging,Gas station,Open 24 hours,+92 800 743 55,shell.com.pk,4.1,60.0,39.29,People typically spend up to 30 min here,03-2025
afd6fafa00e7201501765037d2394e79,Village Petroleum,Wazirabad,Alipur Chatha,"Adda Hazrat kalianwala Shareef, Alipur Chatha, 52081, Pakistan",52081.0,73.7544824,32.27304441,Transportation & Logistics,Fuel & Charging,Gas station,Open 24 hours,+92 345 7040505,facebook.com,4.8,6.0,14.43,,03-2025
af1470f15d04b4216288468b7b1ddfbc,Shell,Pakistan,Bhakkar,"Jhang Bhakkar Rd, Faislabad Road, Bhakkar, 30000, Pakistan",30000.0,71.70384013,31.34269312,Transportation & Logistics,Fuel & Charging,Gas station,Open 24 hours,+92 453 520051,find.shell.com,4.2,6.0,41.0,,03-2025
feae469298102632ae67bbf1619a7026,Shell,Pakistan,Lahore,"Usmani Road, Road, Faisal Town, Lahore, 54615, Pakistan",54615.0,74.31251945,31.49820415,Transportation & Logistics,Fuel & Charging,Gas station,Open 24 hours,+92 42 35941461,find.shell.com,3.9,380.0,28.0,,03-2025
220ad672b9ff0c97e3b833f38c33db26,GO Petroleum Minhas Filling Station,Tehsil Kallar Syedan,Choha Khalsa,"Go Petrol Minhas Filling Station, Plot 582/131, Kallar Syedan-Choha Khasla Rd Main Bazar Kallar Syedan, road Main Bazar St, Choha Khalsa, 47520, Pakistan",47520.0,73.38091393,33.41296755,Transportation & Logistics,Fuel & Charging,Gas station,Open 24 hours,+92 306 5596078,gno.com.pk,3.6,31.0,34.29,,03-2025
354f0184f57fec61991bf8c471fc903a,Saqlain Sons Transport (ثقلین سنز ),Punjab,Jalalpur Jattan,"Thanda chowk, Jalalpur Jattan, 50780, Pakistan",50780.0,74.20522274,32.64298866,Transportation & Logistics,Public Transit & Hubs,Bus company,Open,+92 300 4165111,facebook.com,4.3,10.0,32.29,,03-2025
53a98eb9e14d96795e19af45ab38537a,Tahir Majeed Filling Station- Total Petrol Station,Pakistan,Peshawar,"N55 Zangali,Dora Road Kohat Road,Near Khyber Agency, Peshawar, 26000, Pakistan",26000.0,71.5603339,33.87073777,Transportation & Logistics,Fuel & Charging,Gas station,Open 24 hours,+92 333 6529073,totalparco.com.pk,4.1,23.0,47.86,,03-2025
7ae057f015c746c62ab9bf954b179f8f,Shell,Rawalpindi Tehsil,Rawalpindi,"C, Murree Road, 65 Sadiqabad Rd, Rawalpindi, 46120, Pakistan",46120.0,73.06911988,33.62940445,Transportation & Logistics,Fuel & Charging,Gas station,Open 24 hours,+92 51 4844882,find.shell.com,4.1,151.0,45.71,,03-2025
b86cfb3852baa4e44a77e383d88a314d,Shell,Pakistan,Jani Chak,"Mandi Bahuddin Road, Road, Jani Chak, 50280, Pakistan",50280.0,73.72371929,32.65080422,Transportation & Logistics,Fuel & Charging,Gas station,Open 24 hours,+92 53 7400762,find.shell.com,4.9,9.0,37.71,,03-2025
7c9724897d3f18b0393b6c68d774a796,NLC PSO petrol pump,Wazirabad,Gujranwala,"Chenab Rd, Gulabpura, Rahwali, Rahwali Cantonment, Gujranwala, 52070, Pakistan",52070.0,74.12439081,32.25865169,Transportation & Logistics,Fuel & Charging,Gas station,Open 24 hours,+92 800 030 00,,4.2,62.0,35.43,People typically spend up to 45 min here,03-2025
a69f66f547c75319eb66cbd193e51a72,Shell,Tughlaq Town,Multan,"Metro Bus Track, RAJPUT Travels Tughlaq Town, Multan, 60000, Pakistan",60000.0,71.50802949,30.17946778,Transportation & Logistics,Fuel & Charging,Gas station,Open,+92 61 4560187,find.shell.com,3.7,71.0,35.71,,03-2025
a75288ee8fb9538076982e21b3018bca,TCS Regional Office,Rawalpindi Tehsil,Rawalpindi,"Service Rd W, Rawalpindi, 46330, Pakistan",46330.0,73.11289434,33.62352764,Transportation & Logistics,Freight & Shipping,Courier service,Open,+92 51 111 123 456,tcs.com.pk,4.0,1196.0,62.5,,03-2025
94007f089b4806654e8c4ae909cd2b1b,Total Petrol Station,Pakistan,Larkana,"Anaj Mandi road,LARKANA, Larkana, 77150, Pakistan",77150.0,68.21878695,27.55918731,Transportation & Logistics,Fuel & Charging,Gas station,Open 24 hours,+92 333 7576234,totalparco.com.pk,3.6,8.0,23.57,,03-2025
78fd31ff699105d3e967276528f64d0d,Lali Sons,Chiniot District,Lalian,"Kot Ismail, Sargodha Road, Lalian, 35470, Pakistan",35470.0,72.8372147,31.80821982,Transportation & Logistics,Fuel & Charging,Gas station,Open 24 hours,+92 345 8609230,,4.1,55.0,44.43,People typically spend up to 45 min here,03-2025
7a38520ff1bfac331c137468dcacff97,TCS Express Centre Bank Square,Pakistan,Lahore,"Shahrah-e-Quaid-e-Azam, Anarkali Bazaar Lahore, 54000, Pakistan",54000.0,74.31104676,31.56833747,Transportation & Logistics,Freight & Shipping,Courier service,Open,+92 316 9992473,tcs.com.pk,3.9,48.0,46.17,,03-2025
7b27d64e1a6d4a549929b6295c490c6f,Shell,Khanewal,Khanewal,"E5, Islampura, Khanewal, 58180, Pakistan",58180.0,71.90893475,30.28313885,Transportation & Logistics,Fuel & Charging,Gas station,Open 24 hours,+92 307 7551941,shell.com.pk,3.9,34.0,37.71,,03-2025
83d2bdf4d31349c581ae06850c9d5446,Go petroleum,Punjab,Lahore,"22-A, Kashmir Block Allama Iqbal Town, Lahore, 54570, Pakistan",54570.0,74.28824153,31.51825614,Transportation & Logistics,Fuel & Charging,Gas station,Open 24 hours,,gno.com.pk,4.3,429.0,50.57,People typically spend up to 30 min here,03-2025
14fccb1c9d75b80c71cd4b7c32192dda,Wahyd Islamabad,Islamabad Capital Territory,Islamabad,"Flat # 1, 1st Floor, Shahwez Center, F-8 Markaz Islamabad, 44000, Pakistan",44000.0,73.03516153,33.71148998,Transportation & Logistics,Freight & Shipping,Logistics service,Open,+92 344 7778111,wahydlogistics.com,4.4,62.0,35.43,,03-2025
f984a1e72926a302c05520d2beb816c7,Shell,Punjab,Chichawatni,"N-5, Chichawatni, 56301, Pakistan",56301.0,72.70404083,30.52470775,Transportation & Logistics,Fuel & Charging,Gas station,Open,+92 44 2007944,find.shell.com,5.0,1.0,27.29,,03-2025
e609425de2413c3f8ccc3d0f8d150c71,Shell,Pakistan,Mīrpur Khās,"Kunri Road 297, Mīrpur Khās, Pakistan",,69.00913763,25.52082595,Transportation & Logistics,Fuel & Charging,Gas station,Open,+92 238 551055,find.shell.com,3.9,13.0,55.14,People typically spend up to 2 hours here,03-2025
52f093999d39e068a29b4af120cf8bb5,Shell petrolpump,Rasool Pura,Mailsi,"Multan Rd, Rasool Pura Mailsi, Pakistan",,72.16889187,29.80546864,Transportation & Logistics,Fuel & Charging,Gas station,Open,+92 800 743 55,shell.com.pk,3.6,56.0,53.57,People typically spend up to 30 min here,03-2025
71444240fff5f475e2681ef7d4647c5f,TCS Courier KHEWRA,Sauwal,Khewra,"ملنگ ہوٹل سٹاپ, near HBL, Khewra, 49060, Pakistan",49060.0,73.01077627,32.63043251,Transportation & Logistics,Freight & Shipping,Courier service,Open,+92 346 2009037,tcsexpress.com,3.4,31.0,49.67,,03-2025
8378ee10d6cf196fe51078d76fc78e5e,Mahar Filling Station- Total Petrol Station,Rohri Tehsil,Sukkur,"Deh Kot Mir Yakoob, Ali Shah Tapa Rohri DBT Sukkar, Sukkur, 65200, Pakistan",65200.0,68.93757098,27.68491957,Transportation & Logistics,Fuel & Charging,Gas station,Open 24 hours,+92 312 3291938,totalparco.com.pk,3.7,31.0,28.0,,03-2025
2c635e86dbf7aeca3a6622cb2c45b86e,Attock CNG & Gas Station,Punjab,Rawalpindi,"Railway Carriage Factory Rd, Dhoke Hassu, Rawalpindi, 46000, Pakistan",46000.0,73.02169093,33.62985681,Transportation & Logistics,Fuel & Charging,Gas station,Open 24 hours,,apl.com.pk,4.0,213.0,51.14,People typically spend up to 45 min here,03-2025
548c3ab46497704d5ce6a2463372e8b7,PSO Fuel Station,Pakistan,Mardan,"Nowshera Mardan Rd, Mardan, 23200, Pakistan",23200.0,72.02659735,34.15748169,Transportation & Logistics,Fuel & Charging,Gas station,Open 24 hours,+92 937 863561,,4.2,119.0,38.14,People typically spend up to 20 min here,03-2025
8b24e348a383e40c460b2b6928399858,PSO ROYAL STAR FILLING STATION,Pakistan,Abbottabad,"Nawanshehr Abbottabad opposite B, I.S.E Abbottabad, 22010, Pakistan",22010.0,73.25060759,34.15797819,Transportation & Logistics,Fuel & Charging,Gas station,Open 24 hours,+92 314 5032222,,3.9,155.0,37.86,People typically spend up to 30 min here,03-2025
4cad7e8c1a6e30e57b037583a03955fb,Nisar Filling Station,Rahim Yar Khan,Iqbalabad,"Asian Highway 2, National Highway, KLP Road,Near Toll Plaza (N-5), Iqbal Abad, Distt, 64200, Pakistan",64200.0,70.26167669,28.53684967,Transportation & Logistics,Fuel & Charging,Gas station,Open 24 hours,+92 68 5678511,,4.2,72.0,42.86,People typically spend up to 30 min here,03-2025
0139687633b37e90cd582e755f74c9ba,Shell,Sialkot,Daska,"Pul Neher Daska, Bank Rd, Ranjhai, Daska, 51010, Pakistan",51010.0,74.31535566,32.30572089,Transportation & Logistics,Fuel & Charging,Gas station,Open 24 hours,+92 52 6612794,find.shell.com,3.4,20.0,22.29,,03-2025
4baf7d018cfa15dd728feddbd0acadbb,Marwat Filling Station- Total Petrol Station,Pakistan,Muzaffargarh,"Kot Adu Road Qasba Gujrat District Muzafar Garh, Muzaffargarh, 34110, Pakistan",34110.0,70.9540843,30.19904893,Transportation & Logistics,Fuel & Charging,Gas station,Open 24 hours,+92 300 5256096,totalparco.com.pk,4.0,16.0,33.71,,03-2025
1708710153e15cf63704583e4d150985,PSO Petrol Pump Dera Jamu,Wazirabad,Dehla Chatha,"Petrol Pump Gujranwala Rd, Dehla Chatha, 52071, Pakistan",52071.0,73.98893453,32.24605966,Transportation & Logistics,Fuel & Charging,Gas station,Open 24 hours,+92 342 6229475,,3.5,28.0,35.0,People typically spend up to 45 min here,03-2025
568f257efe5b206a9ac3d9235f7bb00c,The Only Halal Quality & Quantity PSO in BWP,Pakistan,Bahawalpur,"Multan Rd, Bahawalpur, Punjab, 63100, Pakistan",63100.0,71.66559564,29.41873319,Transportation & Logistics,Fuel & Charging,Gas station,Open 24 hours,+92 800 030 00,,4.0,87.0,41.0,People typically spend up to 1.5 hours here,03-2025
53004785fc6bac0466658c11e5ca9ecc,Shell,Pakistan,Kohat,"Hangu Road, Peshawar Rd, Kohat, Pakistan",,71.42848463,33.58985019,Transportation & Logistics,Fuel & Charging,Gas station,Open 24 hours,+92 321 5770599,find.shell.com,4.1,112.0,33.29,People typically spend up to 25 min here,03-2025
0661179103c52c075ce685c9c0e58971,Attock Petroleum Limited,Islamabad Capital Territory,Islamabad,"Islamabad, Pakistan",,73.16658889,33.68814026,Transportation & Logistics,Fuel & Charging,Gas station,Open 24 hours,+92 51 5127250,apl.com.pk,4.2,397.0,36.86,People typically spend up to 10 min here,03-2025
88ae6db79fd0acf0b8b566cfdab9cb6f,PSO (Qureshi Petrol Pump),Pakistan,Abbottabad,"Abbottabad, 22020, Pakistan",22020.0,73.22280719,34.17073179,Transportation & Logistics,Fuel & Charging,Gas station,Open 24 hours,+92 992 332534,,4.1,1035.0,41.71,People typically spend up to 20 min here,03-2025
ed6bae2722c94bab6daaead2f89de51c,TCS Office,Sindh,Gambat,"Bypas road, Gambat, 66070, Pakistan",66070.0,68.52690392,27.34938533,Transportation & Logistics,Freight & Shipping,Courier service,Open,+92 316 9992422,tcs.com,4.0,25.0,53.17,,03-2025
7d3dac0a43db4ec3237dfcd87f68609b,Kohsar Gas Station Murree,Islamabad Metropolitan Area,Murree,"Sunny Bank Murree، Murree rd, Murree, 47140, Pakistan",47140.0,73.38914797,33.91388712,Transportation & Logistics,Fuel & Charging,Gas station,Open 24 hours,+92 321 5633837,,3.7,32.0,28.86,People typically spend up to 1 hour here,03-2025
fa466de27ccf226a297b1c853fffabe7,Shell,Sialkot,Sialkot,"Kashmir Road, Pakka Garha Ghumman, Sialkot, 51011, Pakistan",51011.0,74.51171989,32.50798569,Transportation & Logistics,Fuel & Charging,Gas station,Open,+92 52 4295925,find.shell.com,3.5,55.0,43.0,,03-2025
c99052cb74ec72d35ee457addb1afc14,MIAN PETROLEUM - FSBD- Total Petrol Station,Pakistan,Faisalabad,"Faisalabad - Samundri Rd, Batala Colony, Faisalabad, 38000, Pakistan",38000.0,73.07842826,31.39965127,Transportation & Logistics,Fuel & Charging,Gas station,Open 24 hours,+92 41 8728794,,4.2,298.0,37.57,People typically spend up to 25 min here,03-2025
6c98073b55fb82149358f65ccb62a0a5,Total PARCO Petrol Pump,UC-5 Landhi,Karachi,"Zulfiqarabad Near PSO Terminal Bin Qasim National Highway, Karachi., Karachi, 74200, Pakistan",74200.0,67.30325484,24.86720643,Transportation & Logistics,Fuel & Charging,Gas station,Open 24 hours,+92 345 7857544,,3.9,271.0,37.14,People typically spend up to 10 min here,03-2025
b53bacb077004a0424aecebc60357352,Prime Cargo International,Sialkot,Sialkot,"Opposite Gulshan-e-Ahsan,Near Sublime Chowk, Wazirabad Rd, Sialkot, 51310, Pakistan",51310.0,74.49308673,32.49896831,Transportation & Logistics,Freight & Shipping,Freight forwarding service,Open,+92 321 8611105,primecargo.com.pk,4.5,86.0,57.0,,03-2025
ebca25a40c11da5ccdca7abf823cad39,Shell,UC-7 Ghaghar,Karachi,"N-5, Bin Qasim Town, Karachi, 75010, Pakistan",75010.0,67.35010174,24.86127048,Transportation & Logistics,Fuel & Charging,Gas station,Open 24 hours,+92 21 34719039,,3.8,102.0,34.86,People typically spend up to 25 min here,03-2025
f6e15082fb5c0703638d0de72a70c497,Shell,Tando Allah Yar,Chambar,"518-A Tando Allahyar - Chambar Rd, Chambar, 77080, Pakistan",77080.0,68.80796846,25.29728884,Transportation & Logistics,Fuel & Charging,Gas station,Open 24 hours,+92 22 3897031,find.shell.com,5.0,4.0,27.57,,03-2025
299f2504b4e439077a36db297d5b7af7,Shell,Pakistan,Hyderabad,"National Hwy 5 5 N-55 Main K.k, Sattar Shah Rd, Hyderabad, 76260, Pakistan",76260.0,68.37502047,25.41325252,Transportation & Logistics,Fuel & Charging,Gas station,Open 24 hours,+92 345 8270713,find.shell.com,3.7,11.0,37.29,,03-2025
d7d1dd1a745222c85f2cb86a56366034,Express Courier Link Manga Mandi,Punjab,Manga Mandi,"Al Fath Plaza, Bypass, near ABL Bank, Manga Mandi, 55270, Pakistan",55270.0,74.06479969,31.29450261,Transportation & Logistics,Freight & Shipping,Courier service,Open,+92 300 4794643,xpresscourierlink.com,4.3,4.0,35.8,,03-2025
7de13b72f7a89f77190242ff290ff480,Total Parco (Super Service Station),Sialkot,Sialkot,"RAILWAY ROAD UNDER FLYOVER NEAR JINNAH STADIUM, Sialkot, 51310, Pakistan",51310.0,74.54738655,32.50074075,Transportation & Logistics,Fuel & Charging,Gas station,Open 24 hours,+92 301 8612008,totalparco.com.pk,3.8,33.0,29.14,,03-2025
affc65834b1d418c337eb33e769ac449,DELTA LOGISTICS NETWORK,Sialkot,Sialkot,"Defence Road, Roras Road, Chowk, Mianapura, Sialkot, 51310, Pakistan",51310.0,74.50221289,32.49128863,Transportation & Logistics,Freight & Shipping,Logistics service,Open 24 hours,+92 300 8616737,deltaln.com,5.0,2.0,23.0,,03-2025
76b073c25bc740579e48a7f06ea02b62,Shell,Pakistan,Mianwali,"Kalabagh Rd, Bannu Road, Mianwali, 42200, Pakistan",42200.0,71.49751977,32.94300488,Transportation & Logistics,Fuel & Charging,Gas station,Open 24 hours,+92 459 395786,,4.0,10.0,43.71,People typically spend up to 30 min here,03-2025
b53f7443881fb0c334cdfcdec88f0005,Shell,Islamabad Capital Territory,Islamabad,"Rawalpindi - Kohat Rd, GT Rd, Islamabad, 46120, Pakistan",46120.0,72.93716531,33.63166011,Transportation & Logistics,Fuel & Charging,Gas station,Open 24 hours,+92 51 5460308,find.shell.com,4.1,300.0,42.29,,03-2025
7c3d3e22195f7c3a85373464b04b92f9,Tiger Enterprises CNG Station,Punjab,Phool Nagar,"Khasra No 11643/4386, Khewat No 1127, Khatooni No 2354-2360, Bhai Pheru Bypass, Phool Nagar, 55260, Pakistan",55260.0,73.95742011,31.2006628,Transportation & Logistics,Fuel & Charging,Gas station,Open 24 hours,+92 300 7139844,,3.9,34.0,29.14,People typically spend up to 1 hour here,03-2025
4fd90dae6787038457ef7135555b0ba3,Shell,UC-7 Water Pump,Digri,"128/1 MIRPURKHAS ROAD, Digri, 69330, Pakistan",69330.0,67.0839193,24.94170423,Transportation & Logistics,Fuel & Charging,Gas station,Open 24 hours,+92 233 869715,find.shell.com,3.5,2.0,29.57,,03-2025
3a337f3455ca6df56f6b7b1b7435f89c,"Total Parco, Bhatti Town",Sharqpur,Sharaqpur,"main Jaranwala Rd, Taiba Colony Sharaqpur, Pakistan",,74.10478988,31.46891523,Transportation & Logistics,Fuel & Charging,Gas station,Open 24 hours,+92 300 8411196,totalparco.com.pk,3.6,87.0,53.43,People typically spend up to 45 min here,03-2025
7b73a1d14fefc979b820f255c663008a,Zoom Petrol Pump,Pakistan,Lahore,"M.M Alam Rd MM Alam Rd, Block C2 Block C 2 Gulberg III, Lahore, Pakistan",,74.34769081,31.51013966,Transportation & Logistics,Fuel & Charging,Gas station,Open 24 hours,+92 322 4212040,zoom.org.pk,4.0,266.0,33.0,People typically spend up to 3.5 hours here,03-2025
47ebc5988fed6cd2378bcb02fcd68065,New Sahi Petroleum Service Tillu Road,Sadiqabad Tehsil,Sadiqabad,"Approx. 5 KM's West Tillu Road, Tillu Rd, Sadiqabad, 64350, Pakistan",64350.0,70.11690311,28.27404069,Transportation & Logistics,Fuel & Charging,Gas station,Open 24 hours,+92 301 2636099,,3.6,16.0,35.71,People typically spend up to 1 hour here,03-2025
d0c3fad43c3d56cd2d7fefaa027de7ac,Abbasi TCS Katchery Road Nawabshah,Sindh,Nawabshah,"Kachehri Chowk, Mohni Bazar Nawabshah, 67450, Pakistan",67450.0,68.40540938,26.24723753,Transportation & Logistics,Freight & Shipping,Courier service,Open,+92 244 363123,tcsexpress.com,4.3,21.0,27.17,,03-2025
840b7e40f9a0fac8898aae9fedd9ec3c,Shell,Pakistan,Lahore,"Jehangir Road, Canal Rd, Lahore, Pakistan",,74.38080658,31.56337624,Transportation & Logistics,Fuel & Charging,Gas station,Open 24 hours,+92 42 37121212,find.shell.com,4.0,1279.0,45.0,People typically spend up to 45 min here,03-2025
91a2ff4be5249148480f80308b2372b9,Shell Petrol Pump,Wah Cantt,Wah,"New City Wah Cantt, Wah, Pakistan",,72.75577626,33.75457931,Transportation & Logistics,Fuel & Charging,Gas station,Open 24 hours,+92 800 743 55,shell.com.pk,3.6,195.0,21.57,People typically spend up to 25 min here,03-2025
93953d345da05072f58f441b3a1c1dba,Khan Petroleum Shell,Shikarpur Tehsil,Sultan Kot,"Shikarpur-Jacobabad Rd, Sultankot, Sindh, Sultan Kot, Pakistan",,68.59244629,28.07433161,Transportation & Logistics,Fuel & Charging,Gas station,Open 24 hours,+92 800 743 55,shell.com.pk,4.2,43.0,48.14,People typically spend up to 1 hour here,03-2025
d463b7dfbc35c0423c913648092be054,Dart Express,Sialkot,Sialkot,"Opp: GPO, Paris Rd, Puran Nagar, Sialkot, 51310, Pakistan",51310.0,74.53570419,32.50004552,Transportation & Logistics,Freight & Shipping,Courier service,Open,+92 324 7695666,dartww.com,4.3,6.0,38.17,,03-2025
3108e15dd64d8b3e3cc3bf1c666dddab,Asad CNG,Sarai Saleh,Sarai Saleh,"N-35, Sarai Saleh, 22590, Pakistan",22590.0,72.97898252,33.98606659,Transportation & Logistics,Fuel & Charging,Gas station,Open 24 hours,+92 995 319866,,4.0,62.0,47.14,People typically spend up to 45 min here,03-2025
3319806498156d6ea76551211a576610,M&P Courier Sheikhupura Office,Sheikhupura,Sheikhupura,"Service Rd, near Punjab Super Shop, Rehmanpura, Sheikhupura, 39350, Pakistan",39350.0,74.00367177,31.70749545,Transportation & Logistics,Freight & Shipping,Courier service,Open,+92 316 0020279,mulphilog.com,3.7,136.0,58.17,,03-2025
349b77251ed66ffa14ff609007a6b9c6,DHL FEDEX UPS via Dubai Cargo and Courier services,Punjab,Faisalabad,"Aziz Fatima Hospital road Gulistan colony 1 Millat chowk, 215 B, near old Nadra office, Faisalabad, 38000, Pakistan",38000.0,73.09562284,31.4473042,Transportation & Logistics,Freight & Shipping,Courier service,Open,+92 324 7678203,dhl.com,4.8,5.0,31.71,,03-2025
2a0a9835a6b0b176eeb597562589905d,Total Petrol Station,Pakistan,Kasur,"Between 3 & 4 Km, Kasoor to Lahore, Tehsil & District Kasoor., Kasur, 55050, Pakistan",55050.0,74.45337118,31.14293674,Transportation & Logistics,Fuel & Charging,Gas station,Open 24 hours,+92 308 6872003,,4.1,81.0,38.71,People typically spend up to 30 min here,03-2025
06638cff9b1d66f7c307cfb51bf5eb6f,KSL LOGISTIC PESHAWAR ADA,Pakistan,Peshawar,"Trans peshawar, Gulbahar, Peshawar, 25120, Pakistan",25120.0,71.60582189,34.01562453,Transportation & Logistics,Freight & Shipping,Logistics service,Open,+92 330 5752224,ksllogistic.com,4.5,31.0,30.29,,03-2025
58e6deb00617a24aaa565289e9ac30c2,Total PARCO Petrol Pump,Attock,Hassan Abdal,"Peshawar G. T road Near Burhan Interchange Hassanabdal district Attock, GT Rd, Hassan Abdal, 43730, Pakistan",43730.0,72.61558464,33.82111218,Transportation & Logistics,Fuel & Charging,Gas station,Open 24 hours,+92 333 9260882,totalparco.com.pk,4.1,41.0,25.57,,03-2025
5d9f7270cfc950100dd642ae155c8649,Modern Filling Station,Punjab,Gujranwala,"Asad Colony Khiali Main, Sheikhupura Rd, Gujranwala, 52250, Pakistan",52250.0,74.17803713,32.12897117,Transportation & Logistics,Fuel & Charging,Gas station,Open 24 hours,+92 800 030 00,,4.1,143.0,41.86,People typically spend up to 30 min here,03-2025
6521135d7a26aa72c957e5a9bf87adac,MUBARAK ALI PETROLEUM SERVICE- Total Petrol Station,Sindh,Tando Jan Muhammad,"SURVEY 189/3, DEH 195, NAUKOT ROAD,TANDO JAN MUHAMMAD, Tando Jan Muhammad, 69320, Pakistan",69320.0,69.11892056,24.63922183,Transportation & Logistics,Fuel & Charging,Gas station,Open 24 hours,+92 334 2804465,totalparco.com.pk,4.4,11.0,39.86,,03-2025
4bf4714e96f2a620f3e02decaeaef93e,GUJAR KHAN FILLING STATION,Rawalpindi,Gujar Khan,"Main GT Rd, Gujar Khan, 47850, Pakistan",47850.0,73.31903886,33.24055747,Transportation & Logistics,Fuel & Charging,Gas station,Open 24 hours,,find.shell.com,3.9,146.0,45.14,People typically spend up to 25 min here,03-2025
2225c5e28580236403cb016d1cf53087,Leopards Courier Services (LCS),Punjab,Muzaffargarh,"stor, Nana, kryana, Muzaffargarh, 34200, Pakistan",34200.0,71.20473223,30.06906775,Transportation & Logistics,Freight & Shipping,Courier service,Open,+92 42 111 300 786,leopardscourier.com,3.9,129.0,67.5,,03-2025
56664c23411e23b678089a48a5887c14,Shell,Sahiwal Tehsil,Sahiwal,"High St, Canal Colony Jinnah Road, Sahiwal, 57301, Pakistan",57301.0,73.09999931,30.67570266,Transportation & Logistics,Fuel & Charging,Gas station,Open 24 hours,+92 40 4227700,,4.0,41.0,50.57,People typically spend up to 30 min here,03-2025
7f94e0662da60a5c448e8397b492864f,MS Petroleum & CNG Filling Station- Total Petrol Station,Punjab,Gujrat,"Main Rehman Shaheed Rd, opposite New Shahman colony, Adowal Khurd, Gujrat, 50700, Pakistan",50700.0,74.06287962,32.58599674,Transportation & Logistics,Fuel & Charging,Gas station,Open 24 hours,+92 300 8622973,totalparco.com.pk,3.3,12.0,28.71,,03-2025
36027d66c01fab7add597e15d89dc173,Uk oil change,Rawalpindi Tehsil,Rawalpindi,"High Ct Rd, East Ridge, Rawalpindi, Pakistan",,73.0996936,33.55706744,Transportation & Logistics,Fuel & Charging,Gas station,Open 24 hours,+92 311 5177441,facebook.com,3.9,11.0,32.0,People typically spend up to 1 hour here,03-2025
723d8f216f8ea551e26ccb8f0f27af26,Shell,Rawalpindi Tehsil,Rawalpindi,"Dhoke Syedian Rd, Rawalpindi, 46000, Pakistan",46000.0,73.02313918,33.57819063,Transportation & Logistics,Fuel & Charging,Gas station,Open 24 hours,,shell.com.pk,3.7,288.0,33.57,People typically spend up to 30 min here,03-2025
5b6f72c47fdea9702b09eb6871979d56,"DHL,ups,fedex,first flight",Pakistan,Lahore,"Office no 1، Divine Mega 2, Lg Airport Rd, opp. Honda Point, Gulshan e Ali Colony, Lahore, 54700, Pakistan",54700.0,74.41459466,31.49327913,Transportation & Logistics,Freight & Shipping,Courier service,Open 24 hours,+92 331 4299937,firstflightcourier.com.pk,4.8,6.0,32.43,,03-2025
ef961e773090e031b231e57e62c0b3c4,Shell,Sumandar,Jhang,"Jhang-Chiniot Rd, Jhang, 34000, Pakistan",34000.0,72.74147811,31.61145415,Transportation & Logistics,Fuel & Charging,Gas station,Open 24 hours,+92 47 6322133,find.shell.com,3.9,21.0,31.71,,03-2025
ed1bccf5ea44e7df4de2b9dfa7423550,M&P Rawalpindi,Saddar,Rawalpindi,"GPO Chowk 53/7 Kashmir Rd, near Shan Leather, Saddar, Rawalpindi, 46000, Pakistan",46000.0,73.04845623,33.59575785,Transportation & Logistics,Freight & Shipping,Courier service,Open,+92 316 0020512,mulphilog.com,3.0,220.0,46.86,,03-2025
f38630c0977037215c5addd6196b6656,SkyNet Worldwide Express,Sindh,Karachi,"SkyNet Building، Jinnah International Airport، Cargo Complex, Faisal Cantonment, Karachi, 75200, Pakistan",75200.0,67.15564198,24.89805254,Transportation & Logistics,Freight & Shipping,Courier service,Open,+92 21 111 759 111,skynet.net,4.2,309.0,58.5,,03-2025
ca55b6fcaec3494fb9c4d1601c852d9b,Hamza Taj-57 Filling Station,Pakistan,Hyderabad,"N-5, Amil Colony Heerabad, Hyderabad, 71500, Pakistan",71500.0,68.3691719,25.40842984,Transportation & Logistics,Fuel & Charging,Gas station,Open,+92 333 5154582,,4.1,52.0,58.86,People typically spend up to 1 hour here,03-2025
92015ef265e90a4c93bcf41f39c6df1a,Total Parco (Inam Abdullah Petroleum),Sialkot,Daska,"Madharian Wala Kalar 7 KM Adha, Daska Road, Daska, 51010, Pakistan",51010.0,74.48584566,32.44287375,Transportation & Logistics,Fuel & Charging,Gas station,Open 24 hours,+92 300 8718600,totalparco.com.pk,3.7,23.0,38.14,,03-2025
6b89fe86eca3f1a0bfb36a48a05f5988,JOIYA PETROLEUM- Total Petrol Station,Taunsa,Taunsa,"Near Gypsum Factory, Indus Highway, 9-km, D.I.Khan Rd. Taunsa Sharif,TAUNSA, Taunsa, 32100, Pakistan",32100.0,70.66565896,30.77799791,Transportation & Logistics,Fuel & Charging,Gas station,Open 24 hours,+92 345 5804546,totalparco.com.pk,4.4,20.0,19.43,,03-2025
96c868dd3e851b0af92f48214ef57c68,TCS - Rail Town,Rail Town,Lahore,"Canal City, Near DHA-EME Gate No. 6, Rail Town Lahore, 53710, Pakistan",53710.0,74.20580091,31.43752228,Transportation & Logistics,Freight & Shipping,Courier service,Open,+92 321 5335814,tcs.com.pk,3.6,143.0,50.0,,03-2025
f2aa004c4a6e39243d3345619fc81c2c,Shell گلبرگ فلنگ اسٹیشن,Pakistan,Faisalabad,"Jinnah Colony, Faisalabad, Pakistan",,73.06437214,31.42379985,Transportation & Logistics,Fuel & Charging,Gas station,Open 24 hours,+92 800 743 55,shell.com.pk,3.7,159.0,36.14,People typically spend up to 45 min here,03-2025
07bcb2afd6d82598360d94fd42c777d1,NEW SHAWAL PETROLEUM SERVICE- Total Petrol Station,Khanewal,Khanewal,"Near Chowk Asghar Ali Shah Bukhari, Pirowal, Khanewal,KHANEWAL, Khanewal, 58150, Pakistan",58150.0,72.02079981,30.33606925,Transportation & Logistics,Fuel & Charging,Gas station,Open 24 hours,+92 65 8151376,totalparco.com.pk,3.3,34.0,40.57,,03-2025
f380b1557e7b1119cc1fb0cd93cbb2b4,Samander Khan Hascol Petrol Filling Station,Topi,Faqeer Abad,"Faqeer Abad, Pakistan",,72.57371847,34.08652119,Transportation & Logistics,Fuel & Charging,Gas station,Open 24 hours,+92 302 9194139,hascol.com,4.4,14.0,32.86,People typically spend up to 1 hour here,03-2025
a9be619c87e8e17e0e921d656aac848c,SK Petroleum,Punjab,Mianwali,"Near shahbaz khel turn, Kalabagh road, Mianwali, 42200, Pakistan",42200.0,71.54304294,32.60941455,Transportation & Logistics,Fuel & Charging,Gas station,Open 24 hours,+92 300 6090322,,4.2,72.0,48.0,People typically spend up to 45 min here,03-2025
27a21ce2641c6ff7db05b2fd40fbebf5,Islamabad Shawaiz Awan Goods Transport & Logistics Service,Islamabad Capital Territory,Islamabad,"Shop 336, New Sabzi Mandi, I-11/4 I 11/4 I-11, Islamabad, 44810, Pakistan",44810,73.0292875,33.6385591,Transportation & Logistics,Freight & Shipping,Logistics service,Open 24 hours,+92 300 1569898,shawaizawangoods.com,5.0,77.0,23.57,,03-2025
63cb6fc8eb865b1bfc150ae1463f3335,Attock Petroleum,Islamabad Capital Territory,Islamabad,"H-8/2 H 8/2 H-8, Islamabad, Pakistan",,73.05799545,33.68075198,Transportation & Logistics,Fuel & Charging,Gas station,Open 24 hours,+92 51 4922143,apl.com.pk,4.5,875.0,33.86,People typically spend up to 20 min here,03-2025
0c8f5ec005b2936a28377a98a5e5467d,DHL Express Service Point (S.I.T.E),UC-4 Matroville,Karachi,"Shopping Centre، Shop#3 Manghopir Rd, Metroville Sindh Industrial Trading Estate, Karachi, 75700, Pakistan",75700,67.01128397,24.91216859,Transportation & Logistics,Freight & Shipping,Courier service,Open,+92 21 34605888,mydhl.express.dhl,4.9,95.0,37.0,,03-2025
cc56bf426c8db2866c43fd7b607d0d29,AXIS FREIGHT NETWORK,UC-7 Ghaghar,Karachi,"Plot # 156 N, Port Qasim Rd, Eastern Zone Bin Qasim Town, Karachi, 75000, Pakistan",75000,67.40165698,24.8077628,Transportation & Logistics,Freight & Shipping,Logistics service,Open 24 hours,+92 300 9619179,pk.axisfreightpk.com,2.7,68.0,28.2,,03-2025
dd3d7736f387767378bc5b3fffaa8786,Bilal CNG,Pakistan,Mardan,"Bypass Rd, Mardan, 23200, Pakistan",23200,72.02291935,34.19057072,Transportation & Logistics,Fuel & Charging,Gas station,Open 24 hours,+92 314 5333266,,4.0,24.0,34.14,People typically spend up to 30 min here,03-2025
521c2cf16158ee7cc72bea667788f5ff,Broshall Goods Forwarding Agency,Rawalpindi Tehsil,Rawalpindi,"Ganj Mandi Police Station., opposite Ganj Mandi Road, Chungi Number 4, Rawalpindi, 46020, Pakistan",46020,73.04803666,33.61665213,Transportation & Logistics,Freight & Shipping,Logistics service,Open 24 hours,+92 346 5666771,wordpress.com,4.8,23.0,27.33,,03-2025
b2fe7edc17546957ef696d4577ae6906,Ghamkol Gases,Islamabad Capital Territory,Islamabad,"Street Number 4-3, I-10/3 I 10/3 I-10, Islamabad, Pakistan",,73.03916161,33.65339056,Transportation & Logistics,Fuel & Charging,Gas station,Open 24 hours,+92 311 5003331,facebook.com,4.3,54.0,31.86,People typically spend up to 1.5 hours here,03-2025
44290b9df673058331a3db9fa61fba94,Shell,Islamabad Capital Territory,Islamabad,"National Highway 9, Jhangi Syedian, Islamabad, 44000, Pakistan",44000,72.94527625,33.62548312,Transportation & Logistics,Fuel & Charging,Gas station,Open 24 hours,+92 345 5674567,,4.5,39.0,53.0,People typically spend up to 20 min here,03-2025
57a97092bfba24e139c57273114b110c,Al Riaz filling station Hascol Petrol Pump,Islamabad Capital Territory,Islamabad,"Main Peshawar Rd, Jhangi Syedian, Islamabad, 46000, Pakistan",46000,72.94811674,33.62369782,Transportation & Logistics,Fuel & Charging,Gas station,Open 24 hours,+92 313 5750098,,4.1,212.0,42.14,People typically spend up to 30 min here,03-2025
4050ad336a554078ec21f14a711668af,"Malik, GO Petroleum",Sindh,Karachi,"F 1 Dadabhoy Town, Karachi, Pakistan",,67.08637246,24.86056761,Transportation & Logistics,Fuel & Charging,Gas station,Open 24 hours,+92 308 2904629,gno.com.pk,4.5,48.0,35.0,People typically spend up to 20 min here,03-2025
2cfe751cf77ed5f7ce159df4777f9f8f,INSAF Petroleum service (PSO),Punjab,Khanewal,"N5, Pull Ranghow, Khoiwala, Khanewal, 58256, Pakistan",58256,71.73051768,30.32617972,Transportation & Logistics,Fuel & Charging,Gas station,Open 24 hours,+92 800 030 00,,3.9,60.0,42.86,People typically spend up to 25 min here,03-2025
a20ec683345de12d4d5d56191bbec62d,Mumtaz Petroluem Service & CNG,Tariqabad,Multan,"Tariqabad Multan, 60000, Pakistan",60000,71.45005364,30.20772325,Transportation & Logistics,Fuel & Charging,Gas station,Open 24 hours,+92 61 4512641,,3.8,76.0,34.14,People typically spend up to 1 hour here,03-2025
fc9acfb129ed3fe6b1e02f9b857322a9,PSO SWAT LPG PETROL DIESEL AUTO REFUELING STATION,Swat Tehsil,Bara Bandai,"Airport Rd, Bara Bandai, 19201, Pakistan",19201,72.40420684,34.82737152,Transportation & Logistics,Fuel & Charging,Gas station,Open 24 hours,+92 345 9452040,,4.7,40.0,37.71,People typically spend up to 15 min here,03-2025
0a979c18e70c1c947eedb9160846a4af,Dynamic World Wide Logistics Group,UC-10 Clifton,Karachi,"Suite # 1201-1202, 12th Floor, Emerald Tower, Plot # G-19 Block-5, Main Clifton Road, Opposite 2 Talwar, Block 5 Clifton, Karachi, 74000, Pakistan",74000,67.03133115,24.82178442,Transportation & Logistics,Freight & Shipping,Freight forwarding service,Open,+92 21 111 372 111,dwwlg.com,4.3,25.0,67.4,,03-2025
ed05cdbd18bd779c09e4dbceba4bd42b,FAST HAWK WORLD WIDE COURIER,Small Industrial Estate,Sialkot,"Afzal Plaza 2 Near Mazzeo Pizza, Shahab Pura Rd, Small Industrial Estate, Sialkot, 51310, Pakistan",51310.0,74.51497498,32.48912454,Transportation & Logistics,Freight & Shipping,Courier service,Open,+92 300 7125100,fasthawkwwe.com,3.6,10.0,32.0,,03-2025
a04da7dd26eecf45b5ca2082ad19feed,Shell Petrol Station,Pakistan,Lahore,"Main Boulevard Garden Town, Commercial Area Garden Town, Lahore, 54000, Pakistan",54000,74.31945562,31.5011835,Transportation & Logistics,Fuel & Charging,Gas station,Open 24 hours,+92 800 743 55,shell.com.pk,4.0,125.0,34.57,,03-2025
1464a78242c083e8a67465857dde900c,Faisal Movers Abdullah Terminal Lahore,Pakistan,Lahore,"Band Rd, Kot Kamboh Lahore, 54000, Pakistan",54000,74.26933568,31.53694711,Transportation & Logistics,Public Transit & Hubs,Bus company,Open,+92 311 1224488,faisalmovers.com,4.0,2760.0,52.71,,03-2025
f8281c7e68d5b41d38168872420c355c,AL-WALI FILLING STATION,Sahiwal Tehsil,Sahiwal,"Chak no 101, 9-L Arifwala Road, Sahiwal, 57000, Pakistan",57000,73.09203929,30.60561649,Transportation & Logistics,Fuel & Charging,Gas station,Open 24 hours,+92 310 4313816,,5.0,10.0,39.43,People typically spend up to 3 hours here,03-2025
0617ecd7f2e127de045bd740f9acb0f2,POSTEX Courier Service,Balochistan,Gwadar,"Airport Rd, Gwadar Old City, Gwadar, 91200, Pakistan",91200,62.32573172,25.1487925,Transportation & Logistics,Freight & Shipping,Courier service,Open,+92 333 2759522,postex.pk,4.6,16.0,48.0,,03-2025
7f1ce480b778383bf2c066aacd098f41,DHL Express Service Point (Mini Market),Pakistan,Lahore,"Mini Market, 165-A, Block P Gulberg 2, Lahore, 54660, Pakistan",54660,74.34935893,31.52140142,Transportation & Logistics,Freight & Shipping,Courier service,Open,+92 42 35988603,mydhl.express.dhl,5.0,229.0,40.17,,03-2025
43aaa2356ce7ddc9c5a9604a183c5158,SmartLink international courier Peshawar,Pakistan,Peshawar,"Aman Plaza, GPO Lane, Kalibari Peshawar Cantonment, Peshawar, 25000, Pakistan",25000,71.53893047,33.99896031,Transportation & Logistics,Freight & Shipping,Courier service,Open,+92 300 5880740,smartlinkexpress.net,4.0,4.0,26.0,,03-2025
24b9b3fb2b2eedaa235635f71126ee18,TM Cargo Services - Karachi Airport Office,Sindh,Karachi,"International, Domestic Cargo Block Jinnah, Airport, Karachi, 75200, Pakistan",75200.0,67.15559164,24.89769723,Transportation & Logistics,Freight & Shipping,Logistics service,Open 24 hours,+92 21 34596488,tmcargo.net,3.4,10.0,35.33,,03-2025
a6cb6b45db3ed0b8096745d76f9e6cf4,24/7 logistics (Pvt) Ltd.,UC-11 Kehkeshan,Karachi,"Marine Corner, Office :No.1, Ground Floor, Plat No 1, 2, Block 2 Clifton, Karachi, 75600, Pakistan",75600.0,67.01701868,24.81495192,Transportation & Logistics,Freight & Shipping,Logistics service,Open 24 hours,+92 21 35839999,247logistics.com.pk,5.0,1.0,29.57,,03-2025
221f0fdc4c78bd4e3b4f2ad7f91b4623,PSO Filling Station,Sialkot,Ugoki,"PSO (S.M Petroleum, Wazirabad Rd, Ugoki, 51310, Pakistan",51310.0,74.46147669,32.48498741,Transportation & Logistics,Fuel & Charging,Gas station,Open 24 hours,+92 306 0676919,,4.1,62.0,36.86,People typically spend up to 15 min here,03-2025
5aa1a9410773ecc57b36a0ff48d35d6a,UMRAH CABS,Punjab,Lahore,"Moon Plaza shop, Moon Market, Street Number 4, Satluj Block Allama Iqbal Town, Lahore, 54600, Pakistan",54600.0,74.28864582,31.52008624,Transportation & Logistics,Vehicle Rentals & Services,Taxi service,Open,+92 302 4800071,umrahcabs.com,4.6,19.0,27.57,,03-2025
03b224f047421dd65aa4b11866f3ec46,Mac Airport Transfers (SMC - Private) Limited,Block I,Islamabad,"Office No. 110, First Floor, Royal Centre, Block I G 7/2 Blue Area, Islamabad, 44000, Pakistan",44000.0,73.05542663,33.70994624,Transportation & Logistics,Vehicle Rentals & Services,Taxi service,Open,+92 334 5900777,bizviz.pk,4.9,34.0,35.14,,03-2025
1620d361efb84e3d9cf29a8d35c81ba6,Lahore Airport Transfers by Mac & Roads,Pakistan,Lahore,"e, 72/2 Khayaban, Amin Block P Khayaban E Ameen, Lahore, 54000, Pakistan",54000.0,74.28132695,31.36198851,Transportation & Logistics,Vehicle Rentals & Services,Taxi service,Open,+92 336 6500777,bizviz.pk,5.0,6.0,34.71,,03-2025
46d4a6c483282c12353a1da98e399722,fivecargoservice,Punjab,Lahore,"dara, Street No. 28, data nagar pull badami bagh, Lahore, 54900, Pakistan",54900.0,74.33887764,31.58725626,Transportation & Logistics,Vehicle Rentals & Services,Carriage ride service,Open 24 hours,+92 321 4962696,fivecargoservice.com,5.0,2.0,38.43,,03-2025
88cf006a9ca3926b8d67bc2ce3c41773,I-9 Metro Station,Islamabad Capital Territory,Islamabad,"Police Station, near i-9, I-9/4 I 9/4 I-9, Islamabad, 04483, Pakistan",4483.0,73.0618965,33.66064372,Transportation & Logistics,Public Transit & Hubs,Metropolitan train company,Open,+92 340 3228326,10xchampions.blogspot.com,4.3,256.0,61.14,,03-2025
e61d11f4de03a43047be0179242ac766,"Daewoo Bus Adda, Rashakai Interchange M1",Khyber Pakhtunkhwa,Rashakai,"Bus Terminal, Daewoo Express Coach, Rashakai, 25000, Pakistan",25000.0,72.0175053,34.11260714,Transportation & Logistics,Public Transit & Hubs,Bus company,Open,+92 334 1110063,facebook.com,3.5,44.0,35.43,,03-2025
2fbdbd4a68465ab0154299be595282ef,New Cargo Service,Rawalpindi Tehsil,Rawalpindi,"140 Hamilton Rd, Ganj Mandi Raja Bazar, Rawalpindi, 46000, Pakistan",46000.0,73.04913134,33.61647283,Transportation & Logistics,Freight & Shipping,Courier service,Open 24 hours,+92 333 5924989,facebook.com,4.3,23.0,26.67,,03-2025
d42f34bc1406faa83bcdee4433d729bb,TCS Shakargarh,Shakargarh,Shakar Garh,"7535+Q8Cmuslam town norkot road shakargarh Noor Kot Road, Muslim, Shakar Garh, 51800, Pakistan",51800.0,75.15487965,32.25322462,Transportation & Logistics,Freight & Shipping,Courier service,Open,+92 304 3674624,tcsexpress.com,4.1,67.0,68.14,,03-2025
ab5bd2d00b52ffee2a4546df6cfadfc9,Shipit,UC-3 Kharadar,Karachi,"Suite 15, 10th floor Arkay Square Extension, Shahrah-e-Liaquat, Seari Quarters, Karachi, 74100, Pakistan",74100.0,67.00276744,24.85241663,Transportation & Logistics,Freight & Shipping,Freight forwarding service,Open 24 hours,+92 336 2384715,facebook.com,5.0,1.0,25.14,,03-2025
3b145742f76c5f7899f984e061f30d92,Apex Traders,UC-6 P.e.c.h.s 1,Karachi,"Plot 1/1-P, P.E.C.H.S Block 2 PECHS Extension Block 6 PECHS, Karachi, 75400, Pakistan",75400.0,67.05819241,24.85801367,Transportation & Logistics,Freight & Shipping,Courier service,Open 24 hours,+92 300 3059715,apextraders.pk,5.0,35.0,29.0,,03-2025
fa1f920b1b08e2633fe39c05350a70f6,City Online home delivery service Peshawar,Pakistan,Peshawar,"Star Bakery Rd, near 2, Gulbahar Peshawar, 25000, Pakistan",25000.0,71.5959334,34.00947114,Transportation & Logistics,Freight & Shipping,Delivery service,Open,+92 333 4606898,facebook.com,4.4,11.0,27.57,,03-2025
d0863c649591000d7505312dad11604f,"Skynet Worldwide Express BufferZone North Nazimabad (Skynet,Dhl,Fedex,Dpex)",UC-10 Buffar Zone-1,Karachi,"Shop # A22 Erum Shopping Mall Phase 2 Buffer Zone, North Karachi Twp, Karachi, 75500, Pakistan",75500.0,67.06129176,24.96065137,Transportation & Logistics,Freight & Shipping,Courier service,Open,+92 345 2462707,fedex.com,4.9,151.0,56.5,,03-2025
2fb307c1dd6902de7b8d47905265a2d1,ADX COURIER,UC-6 P.e.c.h.s 1,Karachi,"PLOT 1, 4 D, Shahra-e-Faisal, near TRAUMA HOSPITAL, Block-6 PECHS Extension Block 6 PECHS, Karachi, 74000, Pakistan",74000.0,67.05871884,24.85740426,Transportation & Logistics,Freight & Shipping,Courier service,Open 24 hours,+92 332 3909064,adxlog.com,2.5,2.0,35.71,,03-2025
e9aacbf16c28b3080e9a188a6130160c,Faisalabad Dry Port Trust,Pakistan,Faisalabad,"TRUST COMPLEX Distt Faisalabad, Faisalabad-Jhumra Rd, Chak No 201 RB, Punjab, Pakistan",,73.13838842,31.49027147,Transportation & Logistics,Ports & Piers,Port authority,Open 24 hours,+92 41 92302045,faisalabaddryport.com,4.1,14.0,36.0,People typically spend up to 3.5 hours here,03-2025
af30b69238d2743a93f75e4a584a04da,Shell,Tibbe Wala Khooh,Sheikhupura,"Gujranwala Rd, Sheikhupura, Pakistan",,74.00889374,31.75584358,Transportation & Logistics,Fuel & Charging,Gas station,Open 24 hours,+92 308 3333514,find.shell.com,5.0,2.0,38.57,People typically spend up to 20 min here,03-2025
9db584af3998ae5b8f2ffde77599a0f2,Shell,Punjab,Muridke,"GT Rd, Daoke Muridke, Pakistan",,74.24904888,31.81658316,Transportation & Logistics,Fuel & Charging,Gas station,Open 24 hours,+92 300 8888299,find.shell.com,5.0,1.0,50.86,People typically spend up to 25 min here,03-2025
6fc49da60b65784b39fa58f77fb96dd4,Total - Parco,Punjab,Lahore,"Pine Ave, T & T Aabpara Housing Society, Lahore, 54000, Pakistan",54000.0,74.24738475,31.41318516,Transportation & Logistics,Fuel & Charging,Gas station,Open 24 hours,,totalparco.com.pk,4.2,307.0,49.43,People typically spend up to 25 min here,03-2025
5d676fc99ba9419acd9a90f6e7f8a396,PSO Petrol Pump - Suleman Petroleum Lower Mall,Punjab,Lahore,"Lower Mall, Islampura, Lahore, 54000, Pakistan",54000.0,74.30197939,31.5643933,Transportation & Logistics,Fuel & Charging,Gas station,Open 24 hours,+92 307 1506406,,4.0,163.0,36.43,People typically spend up to 30 min here,03-2025
540d5b5a2a11518ed8795d53b813c4e2,Sartaj Petroleum Service Babarloi,Pakistan,Babarloi,"Main National Hwy, Babarloi, Pakistan",,68.82792441,27.64254598,Transportation & Logistics,Fuel & Charging,Gas station,Open 24 hours,+92 302 8318444,facebook.com,4.7,11.0,30.71,People typically spend up to 30 min here,03-2025
2c0d7c87d39735b6894adab726266962,GAs Station Go,Pakistan,Hyderabad,"Latifabad Unit 6 Latifabad, Hyderabad, 71000, Pakistan",71000.0,68.35021275,25.36507432,Transportation & Logistics,Fuel & Charging,Gas station,Open 24 hours,,gno.com.pk,4.4,43.0,43.71,People typically spend up to 30 min here,03-2025
ef65e3995feb7374a33487e03500608a,Faizan Filling Station,Punjab,Chunian,"Hujra ShahMuqeem Road, Chunian, 55220, Pakistan",55220.0,73.95571161,30.94410476,Transportation & Logistics,Fuel & Charging,Gas station,Open 24 hours,+92 302 1000345,alliedpetroleum.com.pk,5.0,1.0,29.71,,03-2025
7f9508a0f5c560ab3e7ad2d3ac3e04d2,حاجی عبداللہ پٹرولیم سروسز,Punjab,Narain Singh Wala,"Narain Singh Wala, Pakistan",,74.07720392,30.89038336,Transportation & Logistics,Fuel & Charging,Gas station,Open 24 hours,+92 301 4515318,facebook.com,5.0,6.0,22.14,People typically spend up to 1 hour here,03-2025
b215448fcb921eaa3a22cf80f8b4b087,PSO Petrol Pump Toru Filling Station,Pakistan,Mardan,"N-45, Mardan, 23200, Pakistan",23200.0,72.02324376,34.13242611,Transportation & Logistics,Fuel & Charging,Gas station,Open 24 hours,+92 317 5994816,,5.0,1.0,27.57,People typically spend up to 1.5 hours here,03-2025
b3b2ba6b42472d4bd7cf7ffc360a5556,Swat Filling Station (GO ),Swat Metropolitan Area,Swat,"Madyan road, jarey, Swat, 19030, Pakistan",19030.0,72.50324241,35.10000315,Transportation & Logistics,Fuel & Charging,Gas station,Open 24 hours,+92 341 9864375,,5.0,4.0,40.57,People typically spend up to 3 hours here,03-2025
5bf1006735b44559134c70e431c93975,ASLAM ENERGY COCO 2,Shalimar Town,Gujranwala,"Alipur chowk, near Punjab university gujranwala campus, Shalimar Town, Gujranwala, 00923, Pakistan",923.0,74.15222871,32.19062944,Transportation & Logistics,Fuel & Charging,Gas station,Open 24 hours,+92 300 3301846,,5.0,4.0,36.43,People typically spend up to 45 min here,03-2025
02c165a42966e66f26314032b178cecb,Tahir Filling Station,Wanianwala,Khajoor Wali,"Khajoor Wali, 50250, Pakistan",50250.0,74.19173541,32.27523292,Transportation & Logistics,Fuel & Charging,Gas station,Open 24 hours,+92 320 7663911,,4.6,5.0,40.86,People typically spend up to 2.5 hours here,03-2025
6ed9f13b4a35be0bad7778951b4ed15d,Shell,UC-5 Morio Khan Goth,Karachi,"Shahra-e-Faisal, Moria Khan Goth Shah Faisal Colony, Karachi, Pakistan",,67.15362446,24.8865828,Transportation & Logistics,Fuel & Charging,Gas station,Open 24 hours,+92 301 8249881,find.shell.com,4.6,10.0,37.29,People typically spend up to 25 min here,03-2025
5fa28f89d9cc084c330ec8744699a4d9,Sitara 3 Petroleum,Pakistan,Faisalabad,"Faisalabad, 38000, Pakistan",38000.0,73.05009129,31.33384778,Transportation & Logistics,Fuel & Charging,Gas station,Open 24 hours,+92 41 2401515,,4.0,151.0,36.71,People typically spend up to 45 min here,03-2025
8f3b6bf81055367e7dcd26ba9d0d4254,PSO Petrol Pump Gul Filling Station,Rawalpindi Tehsil,Rawalpindi,"Girja Rd, Shah Jeevan Colony, Rawalpindi, 46600, Pakistan",46600.0,73.01232492,33.57468654,Transportation & Logistics,Fuel & Charging,Gas station,Open 24 hours,+92 311 5229893,,4.0,301.0,52.71,People typically spend up to 30 min here,03-2025
454db7a5615f1ced5dbd3380d4965761,Attock Petrol Pump,Tench Bhata,Rawalpindi,"Abid Majeed Rd, Tench Bhata Rawalpindi, 46000, Pakistan",46000.0,73.0296721,33.58530414,Transportation & Logistics,Fuel & Charging,Gas station,Open 24 hours,,apl.com.pk,4.2,71.0,25.57,People typically spend up to 25 min here,03-2025
349ca5f324f622908dcf439630181f72,Iznillah Filling Station,Sahiwal Tehsil,SAHIWAL,"Adda Qadra Abad Rd, SAHIWAL, 57460, Pakistan",57460.0,73.26377116,30.71668581,Transportation & Logistics,Fuel & Charging,Gas station,Open 24 hours,+92 312 1444997,,4.8,44.0,35.14,People typically spend up to 25 min here,03-2025
25f4a52459b2570900048313efd79514,Al Jehad PSO Petrol Pump,Sahiwal (Sahiwal),Okara,"Grand Trunk Rd, Okara, 56410, Pakistan",56410.0,73.34243529,30.75558719,Transportation & Logistics,Fuel & Charging,Gas station,Open 24 hours,+92 306 0221964,,4.1,207.0,41.57,People typically spend up to 20 min here,03-2025
b222a65839ba87e0733c10b528e93dbb,PSO Al Murtaza Warraich Filling Station,Punjab,Kot Bary Khan,"Ali Pur, علی پور چھٹہ روڈ کوٹ بارے خان, Chattha Road, Kot Bary Khan, 55555, Pakistan",55555.0,74.07452076,32.22591565,Transportation & Logistics,Fuel & Charging,Gas station,Open 24 hours,+92 300 6310008,,4.9,36.0,34.29,People typically spend up to 20 min here,03-2025
80dc7bffaac79a759667065a5135a30c,North Courier Service,Rawalpindi Tehsil,Rawalpindi,"Ada, Office # 24, Main, Pirwadhai, Rawalpindi, 45600, Pakistan",45600.0,73.04028364,33.62964828,Transportation & Logistics,Freight & Shipping,Courier service,Open,+92 300 5802820,ncscargoservice.pk,4.7,12.0,28.29,,03-2025
bd444a10bc0f2a9c1cb0e0d1cffb41ca,DHL Express Service Point (Bahawalpur),Punjab,Bahawalpur,"Fareed Gate, B-III-2784, opposite Bostral Jail, Bahawalpur, 63100, Pakistan",63100,71.68093482,29.39732024,Transportation & Logistics,Freight & Shipping,Courier service,Open,+92 300 8909391,mydhl.express.dhl,4.7,47.0,43.33,,03-2025
57c418c064e12e0501d5796dec6eebb5,Urgent Home Delivery Service,Pakistan,Hyderabad,"Latifabad Unit 5 Latifabad, Hyderabad, 71000, Pakistan",71000,68.3404783,25.35993834,Transportation & Logistics,Freight & Shipping,Delivery service,Open,+92 311 0397746,urgenthomedeliveryservice.com,4.6,14.0,24.57,,03-2025
42457b8150219046d7e3cd1796e2c9c4,M&P Express Logistics Area Office Hyderabad,Pakistan,Hyderabad,"Plot# B/33-A, Near Fateh Chowk, SITE, Hyderabad, 71000, Pakistan",71000,68.38400629,25.36678369,Transportation & Logistics,Freight & Shipping,Courier service,Open 24 hours,+92 316 0020412,mulphilog.com,3.9,18.0,26.71,,03-2025
031c6f9cdc760b52f2bc4196d84a3b7b,Leopards Courier,Punjab,Lahore,"Shop 230-C, PIA Main Boulevard, Block C Pia Housing Scheme, Lahore, 54001, Pakistan",54001,74.28081847,31.44927014,Transportation & Logistics,Freight & Shipping,Courier service,Open,+92 321 4838341,leopardscourier.com,4.4,39.0,50.17,,03-2025
60a1535ad389550e22b65cf25330db8a,M&P Haripur,Pakistan,Harīpur,"Pandak, Harīpur, 22620, Pakistan",22620,72.93267058,33.99394673,Transportation & Logistics,Freight & Shipping,Courier service,Open,+92 316 0020312,mulphilog.com,2.7,18.0,42.83,,03-2025
434bd8271cd55c38859853130187f995,DSV,UC-3 Cattle Colony,Karachi,"Plot # W2/11 & 12, NWIZ Port, North Western Industrial Zone Port Qasim Bin Qasim Town, Karachi, 75020, Pakistan",75020,67.28512592,24.83267278,Transportation & Logistics,Freight & Shipping,Logistics service,Open,+92 346 3904142,dsv.com,3.5,10.0,42.6,,03-2025
6baeea0d332851f11fd2c9cc5393fbbb,Shell,Punjab,Raniwal Syedan,"Kharian - Jalalpur Jattan Rd, Raniwal Syedan, Pakistan",,74.18226485,32.65811916,Transportation & Logistics,Fuel & Charging,Gas station,Open 24 hours,+92 331 9629990,find.shell.com,5.0,2.0,34.29,People typically spend up to 30 min here,03-2025
c920794520e3ee530db3a86aefb578cb,Shell,Shaheed Fazal Rahu,Golarchi,"Main Badin - Sujawal Rd, Golarchi, Pakistan",,68.50519697,24.65243247,Transportation & Logistics,Fuel & Charging,Gas station,Open 24 hours,+92 345 8297564,find.shell.com,3.4,5.0,38.29,People typically spend up to 30 min here,03-2025
f88fc30c7424e49761831547784ca6bf,Rapid Movers & packers,Islamabad Capital Territory,Rawalpindi,"Wallayat Complex, flat f3-10 plaza 5 main, bahria town, Rawalpindi, 46220, Pakistan",46220.0,73.10808445,33.53634142,Transportation & Logistics,Freight & Shipping,Delivery service,Open 24 hours,+92 51 2729564,rapidmovers.pk,5.0,12.0,27.14,,03-2025
0a425528356aac631f379544e12b0153,Zaid Bashir Petroleum Station,Pakistan,Meer Hazar Khan,"Bait Meer Hazar Khan, Jatoi road, Chan Chowk, Tehsil Jatoi, Meer Hazar Khan, 34440, Pakistan",34440.0,70.86976859,29.67046625,Transportation & Logistics,Fuel & Charging,Gas station,Open 24 hours,+92 302 0328282,,4.7,6.0,32.57,People typically spend up to 1.5 hours here,03-2025
0b7e3b70d0d49f3bf0311a7622ee5725,Bukhari Petroleum,Sadiqabad Tehsil,Sadiqabad,"Taj Chowk Rd, Sadiqabad, Pakistan",,70.10411376,28.30274977,Transportation & Logistics,Fuel & Charging,Gas station,Open 24 hours,+92 321 6728988,totalparco.com.pk,4.3,18.0,31.43,People typically spend up to 1 hour here,03-2025
7fda5928413017b695d405dc028c6c2a,Al-Ahmed petroleum Service,Sadiqabad,Ahmadpur Lumma,"Bhong, Road, Ahmadpur Lumma, 64350, Pakistan",64350.0,70.05732484,28.31645269,Transportation & Logistics,Fuel & Charging,Gas station,Open 24 hours,+92 304 4490365,,4.3,31.0,48.0,People typically spend up to 30 min here,03-2025
ce6a1ef0b2b38eef068a4848d20da4d6,Leopards Courier,Samundri Tehsil,Samundri,"Gojra Rd, Samundri, Punjab, Gojra - Samundri Rd, Samundri, 37300, Pakistan",37300.0,72.95840935,31.06030121,Transportation & Logistics,Freight & Shipping,Courier service,Open 24 hours,+92 41 3423790,leopardscourier.com,3.8,115.0,34.57,,03-2025
ccab4cf1497e508721d2b40b1796b3c3,KPT Head Office,West Wharf,Karachi,"La Maison, Eduljee Dinshaw Road, Karachi Port Trust Building, Eduljee Dinshaw Road, West Wharf, Karachi, Pakistan",,66.99060957,24.84736624,Transportation & Logistics,Ports & Piers,Port authority,Open,+92 21 99214346,kpt.gov.pk,4.5,100.0,75.8,People typically spend up to 4 hours here,03-2025
f6ab85ab0319aa5e1f48cb42c7cc7da7,Sophophilic Logistic Services,Zamzama Commercial Area,Karachi,"Office No. 2-C, 2nd Floor, Plot No. 1-C, 2 3rd Zamzama Commercial Lane, DHA Phase 5 Zamzama Commercial Area Defence V Defence Housing Authority, Karachi, 75500, Pakistan",75500.0,67.04000722,24.81737861,Transportation & Logistics,Freight & Shipping,Freight forwarding service,Open 24 hours,+92 330 2732588,sophophiliclogistic.com,5.0,1.0,31.71,,03-2025
d33f62a3c43bd32040466af7840856fb,Chairman Service Station- Total Petrol Station,UC-6 Gulzar Colony,Karachi,"Plot No.ST-54, Sector No. 32-B, Korangi Township, Karachi., Gulzar Colony Sector 32 B Korangi, Karachi, 74900, Pakistan",74900.0,67.13127448,24.82244217,Transportation & Logistics,Fuel & Charging,Gas station,Open 24 hours,+92 21 35051771,,3.8,389.0,38.0,People typically spend up to 25 min here,03-2025
8cb01ce3f8e5f694954e4082618f4da8,HASCOL Petrol Pump- Sadiq,UC-10 Jamshed Qurts,Karachi,"Jehangir Road Quarters Jahangir Road Quarters, Karachi, Pakistan",,67.03848284,24.88469228,Transportation & Logistics,Fuel & Charging,Gas station,Open 24 hours,+92 21 111 757 757,hascol.com,3.9,140.0,39.71,People typically spend up to 1.5 hours here,03-2025
b2c76d21b1eb7098a7cabc0c2cfe2b54,Skyward Logistics Services,Sialkot Metropolitan Area,Sialkot,"Skyward Building Behinde Soni Square, Aalam Chowk, Rehmat Pura Mubarakpura, Sialkot, 51310, Pakistan",51310.0,74.52708395,32.4925589,Transportation & Logistics,Freight & Shipping,Freight forwarding service,Open,+92 52 4600845,skywardlog.com,4.4,24.0,40.33,,03-2025
6aff875b23f481dc5f3a8ccf687104c3,Khawar Goods Transport Company,Township,Lahore,"12, Civic Center twon ship, Lahore, 54000, Pakistan",54000.0,74.31213282,31.44823385,Transportation & Logistics,Vehicle Rentals & Services,Truck rental agency,Open 24 hours,+92 325 9426655,khawartransport.com.pk,5.0,10.0,26.86,,03-2025
96d37e2050ea2fae125b17591b98c9e8,M&P Courier,Sindh,Karachi,"DHA Phase 5 Badar Commercial Area Defence V Defence Housing Authority, Karachi, 75500, Pakistan",75500.0,67.04289083,24.79811961,Transportation & Logistics,Freight & Shipping,Courier service,Open,+92 318 1141747,mulphilog.com,4.5,6.0,32.33,,03-2025
a76c6acf244e69eb3a1bd31844524778,DHL Express Service Point (Gujranwala),Punjab,Gujranwala,"Corner Lohainwala Canal, Main GT Rd, near Forest Nursery, Gujranwala, 52250, Pakistan",52250.0,74.16975157,32.21502392,Transportation & Logistics,Freight & Shipping,Courier service,Open,+92 52 4606351,mydhl.express.dhl,4.8,111.0,50.5,,03-2025
43afd67bd1fae62d846d30e8d03a8dbf,Sitara Go Filling Station,Punjab,Lahore,"Service Road, Lahore – Kasur Rd, Shadab Garden, Lahore, Pakistan",,74.35411364,31.42792948,Transportation & Logistics,Fuel & Charging,Gas station,Open 24 hours,+92 300 4696766,gno.com.pk,4.2,188.0,46.14,People typically spend up to 30 min here,03-2025
58515dbf00a1e5706b41039186ce08f5,GO Petrol Pump,Pakistan,Lahore,"Lahore – Kasur Rd, Gajju Matah, Lahore, 54600, Pakistan",54600.0,74.35943781,31.39827592,Transportation & Logistics,Fuel & Charging,Gas station,Open 24 hours,+92 320 3232554,gno.com.pk,3.6,13.0,27.57,,03-2025
2ea28ae8bad527bf9b68c8cf7619cf9b,OTO Petrol Station - Al-Haq Petroleum,Pakistan,Lundianwala,"Lundianwala, 37281, Pakistan",37281.0,73.5756073,31.30631728,Transportation & Logistics,Fuel & Charging,Gas station,Open 24 hours,+92 42 111 686 686,otopakistan.com,3.0,2.0,24.43,,03-2025
4f8fd0b408152133b72146db01a79f6f,Shell,Pakistan,Matiari,"565/4 590/ MAIN, N-5, Matiari, 70150, Pakistan",70150.0,68.46341962,25.60580456,Transportation & Logistics,Fuel & Charging,Gas station,Open 24 hours,+92 300 8378398,find.shell.com,2.0,1.0,29.14,,03-2025
7faac4f239e19fa2e49c03d4c9c067ad,Nccs cargo service,Rawalpindi Tehsil,Rawalpindi,"Chungi Number 4, Rawalpindi, 46000, Pakistan",46000.0,73.05031463,33.61879574,Transportation & Logistics,Freight & Shipping,Courier service,Open,+92 313 4410107,nccsroadexpress.com,5.0,4.0,39.67,,03-2025
321c2f049b7fb1bbc64af312f305ab12,MIRZA F/S - GO PETROL STATION.,Shehzada Shaheed Colony,Gujranwala,"21 Ferozwala Rd, Shehzada Shaheed Colony, Gujranwala, Pakistan",,74.19740787,32.15147495,Transportation & Logistics,Fuel & Charging,Gas station,Open 24 hours,+92 321 8087087,gno.com.pk,4.5,11.0,44.43,People typically spend up to 1 hour here,03-2025
aedb57a6d80f2aff11d12b929d02a2ee,Be Energy Petrol Pump,UC-7 Korangi 33,Karachi,"Karachi City, 2 1/2 Sector 33 D Korangi, Karachi, 74900, Pakistan",74900.0,67.14153032,24.83198926,Transportation & Logistics,Fuel & Charging,Gas station,Open 24 hours,+92 345 2737296,,3.8,277.0,49.0,People typically spend up to 30 min here,03-2025
6d37ce97d2965edc6726fddc5c5b0a39,Al sardar petroleum,Eurasia,Barhing,"Barnala Road, Barhing, 10040",10040.0,74.06318383,32.92420923,Transportation & Logistics,Fuel & Charging,Gas station,Open 24 hours,+92 305 2484063,,4.5,22.0,33.14,People typically spend up to 1.5 hours here,03-2025
733cef4b2507292f0764aa371af12f95,Taj Sarwar Sarkar Filling Station,Pakistan,Chishtian Sharif,"Sugar Mill Rd, Chishtian Sharif, 62350, Pakistan",62350.0,72.84764297,29.8097509,Transportation & Logistics,Fuel & Charging,Gas station,Open 24 hours,+92 333 4461131,,4.1,17.0,40.86,People typically spend up to 25 min here,03-2025
6713a168676b22335cb9c65670737c16,Islamabad Airport Taxi,Rawalpindi Tehsil,Islamabad,"Airport Ave, Islamabad Gandhara International Airport, Islamabad, 44000, Pakistan",44000.0,72.83258126,33.5569499,Transportation & Logistics,Public Transit & Hubs,Airport shuttle service,Open,+92 333 5139427,bizviz.pk,5.0,21.0,23.43,,03-2025
fab72f00537d8f747e721e6613a1f455,Shell,Sanghar,Shāhdādpur,"Hala - Shahdadpur Rd, Shāhdādpur, 68031, Pakistan",68031.0,68.5756346,25.89145941,Transportation & Logistics,Fuel & Charging,Gas station,Open 24 hours,+92 334 5171223,find.shell.com,5.0,1.0,33.14,,03-2025
0dbc1e3096a9567f1447688a8145b8ba,PSO Petrol Pump پی ایس او پٹرول پمپ,Sindh,Karachi,"Q Star, Main Korangi Rd, opposite CSD, D.H.A. Phase 1 Karachi Cantonment, Karachi, 75500, Pakistan",75500.0,67.05014595,24.8529985,Transportation & Logistics,Fuel & Charging,Gas station,Open 24 hours,+92 320 9288001,,4.1,387.0,42.57,People typically spend up to 30 min here,03-2025
dd897bc3566b3a3a154796557e578b66,SHAH PETROLEUM SERVICE- Total Petrol Station,Ubauro,Sukkur,"Main Road ,UBAURO, Sukkur, 65030, Pakistan",65030,69.72576974,28.16235983,Transportation & Logistics,Fuel & Charging,Gas station,Open 24 hours,+92 302 3267171,totalparco.com.pk,3.8,30.0,45.0,,03-2025
be04552b8a481e05285dba9138ac1ccf,Al Shahbaz Petroleum,Punjab,Bhalwal,"opp. Noon Sugar Mill, Bhalwal, 40410, Pakistan",40410,72.91080269,32.27946384,Transportation & Logistics,Fuel & Charging,Gas station,Open 24 hours,+92 300 8602265,,3.7,50.0,34.71,People typically spend up to 30 min here,03-2025
3a04a776d0c0742defc3481aafc4e849,DHL Express Pakistan,Rang Mahal,Lahore,"Azam cloth market, 77 A Punjab Block Rehra Bazar chowk, Multan Mohalla Kucha Jamadaran Walled City of Lahore, Lahore, 55270, Pakistan",55270,74.31847436,31.58431484,Transportation & Logistics,Freight & Shipping,Courier service,Open,+92 321 8311850,dhl.com,5.0,22.0,38.83,,03-2025
e88a97cfeb21dffd85179baa75caaa40,Shell,Pakistan,Ghotki,"N5, Ghotki, 65110, Pakistan",65110,69.24573151,27.95744263,Transportation & Logistics,Fuel & Charging,Gas station,Open 24 hours,+92 800 743 55,shell.com.pk,3.6,17.0,36.0,,03-2025
0c134874fd4dc465f666b1592c9803cc,Pakhtoonkhwa Filling Station Landi Kotal,Khyber District,Landi Kotal,"AH2, Highway, Landi Kotal, 24740, Pakistan",24740,71.15462021,34.09298123,Transportation & Logistics,Fuel & Charging,Gas station,Open 24 hours,+92 307 5708822,,4.6,7.0,41.43,People typically spend up to 45 min here,03-2025
d39da746aefecd2eeeb6efaae1eded35,Go Petrol Pump,UC-9 Jacob Lines,Karachi,"Karachi, 75500, Pakistan",75500,67.03160733,24.86444214,Transportation & Logistics,Fuel & Charging,Gas station,Open 24 hours,+92 335 2098090,,4.1,47.0,33.86,People typically spend up to 15 min here,03-2025
7ce0497e562121685b270d2cb7bb9e1b,Islam Filling Station- Total Petrol Station,Pakistan,Bannu,"Kohat Rd, Kot Bali Bannu, Pakistan",,70.6210936,32.99682659,Transportation & Logistics,Fuel & Charging,Gas station,Open 24 hours,+92 311 7333333,totalparco.com.pk,4.1,64.0,32.14,People typically spend up to 1 hour here,03-2025
c0239eb35d0ab218f7b00acdc90273aa,Sham Sunder (Baba Filling Station)- Total Petrol Station,Pakistan,Badin,"Near Bus Stand Main Badin - Hyderabad Road, Allah Wala Chowk, Badin, Badin, 71000, Pakistan",71000,68.83194426,24.6657608,Transportation & Logistics,Fuel & Charging,Gas station,Open 24 hours,+92 300 8203315,totalparco.com.pk,3.5,35.0,42.57,,03-2025
3fd5378cb9782604500776fa190ab142,Shell,Karachi City,Karachi,"PMTF Road, Khalid Bin Waleed Road, Off National Highway, Bhains Colony (Cattle Colony) Bin Qasim Town, Karachi, 75030, Pakistan",75030,67.25579922,24.84105028,Transportation & Logistics,Fuel & Charging,Gas station,Open 24 hours,+92 21 35081098,,4.2,27.0,39.57,People typically spend up to 30 min here,03-2025
00a44134f3bb3edf179b0fdd5b54d623,Shell,Pakistan,Lahore,"28KM, MAIN Lahore – Kasur Rd, Lahore, Pakistan",,74.38109947,31.33096274,Transportation & Logistics,Fuel & Charging,Gas station,Open 24 hours,+92 333 4299983,find.shell.com,4.5,18.0,34.29,People typically spend up to 30 min here,03-2025
4c96504c6cd3ea961bba389246da9ec7,MG Fuels Total Parco,Punjab,Multan,"Alfahad Waziristan filling station 1, Multan, 78699, Pakistan",78699,71.47946971,30.14553661,Transportation & Logistics,Fuel & Charging,Gas station,Open 24 hours,+92 300 8733996,,3.8,11.0,44.14,People typically spend up to 1 hour here,03-2025
d99367c8b461b48afa6c85ccc76afb31,qwqer pakistan,Punjab,Lahore,"Al Hafeez Heights, Block D1 Gulberg III, Lahore, 54660, Pakistan",54660,74.34190753,31.51458376,Transportation & Logistics,Freight & Shipping,Delivery service,Open,+92 326 0266155,qwqer.pk,2.4,17.0,26.0,,03-2025
2ca7a415836a6ba8272f28c9001a494e,Go Filling Station,Pakistan,Lahore,"Defence Rd, Jubilee Town Housing Scheme, Lahore, Pakistan",,74.19079536,31.39971293,Transportation & Logistics,Fuel & Charging,Gas station,Open 24 hours,+92 331 4824087,facebook.com,4.1,8.0,43.14,People typically spend up to 30 min here,03-2025
3d88726bb49c1c214bd761e022e42c69,مہران فلنگ سٹیشن - ٹوٹل پارکو Mehran Filling Station - Total Parco,Punjab,Danda Shah Bilawal,"Mianwali - Talagang Rd, Danda Shah Bilawal, 48230, Pakistan",48230,71.91873964,32.75618468,Transportation & Logistics,Fuel & Charging,Gas station,Open 24 hours,+92 312 9101011,totalparco.com.pk,3.9,42.0,28.29,,03-2025
2dd5f68b1c3841100a4cebf5e50717d4,Al-Halal Travels,Pakistan,Faisalabad,"113 Main Sargodha Rd, opposite crescent textile mills, Mustaffabad Faisalabad, 38000, Pakistan",38000,73.08428855,31.4477002,Transportation & Logistics,Public Transit & Hubs,Bus company,Open,+92 41 111 700 777,facebook.com,4.1,7210.0,41.71,,03-2025
58396744690d2990d8d709ef81bf2a87,Canal view filling station,Sialkot Metropolitan Area,Daska,"Bank Rd, Daska, 51010, Pakistan",51010,74.3385066,32.32459541,Transportation & Logistics,Fuel & Charging,Gas station,Open 24 hours,+92 312 7366629,shell.com.pk,3.6,5.0,25.43,,03-2025
0a8f74bd27c4e3026c43a833b23371f0,The Pakistan Daily,Pakistan,Lahore,"Patiala Ground، 4th Floor, Salam Chambers, Link McLeod Rd, Lahore, 54000, Pakistan",54000,74.31519936,31.56716463,Transportation & Logistics,Freight & Shipping,Newspaper distribution service,Open 24 hours,+92 300 4935222,thepakistandaily.com,4.2,5.0,36.33,,03-2025
9f44b48e642bfc626bf95322bef9fd91,Total Pump,Pakistan,Ahmedpur East,"Ahmedpur East, Pakistan",,71.25748591,29.13299765,Transportation & Logistics,Fuel & Charging,Gas station,Open 24 hours,+92 303 8170815,totalparco.com.pk,4.1,30.0,37.57,People typically spend up to 3 hours here,03-2025
651348a92483b8fb3ca834ad53e7a6be,Shell Fuel Pump,Safdarabad,Safdarabad,"Khanqah Dogran Rd, Safdarabad, Punjab, Safdarabad, Pakistan",,73.57722294,31.73697361,Transportation & Logistics,Fuel & Charging,Gas station,Open 24 hours,+92 340 1400041,shell.com.pk,3.9,31.0,41.14,People typically spend up to 2.5 hours here,03-2025
14558938524e36c189540ddebad7a64d,PSO Petrol Pump,Punjab,Lahore,"Maulana Shaukat Ali Rd, Quaid-e-Azam Industrial Estate Quaid e Azam Industrial Estate, Lahore, 54000, Pakistan",54000.0,74.33330858,31.45673666,Transportation & Logistics,Fuel & Charging,Gas station,Open 24 hours,+92 800 030 00,,3.9,316.0,43.0,People typically spend up to 25 min here,03-2025
30041f05fa336ec03f51242736b30ad7,Total Parco,Sindh,Memon Jee Wasi,"Memon Jee Wasi, Pakistan",,68.43617957,25.56779894,Transportation & Logistics,Fuel & Charging,Gas station,Open 24 hours,+92 300 8375707,totalparco.com.pk,3.9,54.0,36.0,People typically spend up to 45 min here,03-2025
7e49702d304f5c5f679bcc1df5258c0d,JAM TAMACHI SERVICE STATION- Total Petrol Station,Shaheed Benazirabad,Nawab Shah,"DO-PLOT NO.20-23 GHULAM HAIDER, QAZI AHMED ROAD,NAWABSHAH, Nawab Shah, 67450, Pakistan",67450.0,68.39459068,26.25447136,Transportation & Logistics,Fuel & Charging,Gas station,Open 24 hours,+92 300 3214313,totalparco.com.pk,3.4,49.0,32.14,,03-2025
7fc769aac0039f2fe73c67bd89a1d36e,Caltex Petrol Pump,Quetta,Quetta,"Circular Rd, Quetta, 87300, Pakistan",87300.0,67.00994521,30.20039378,Transportation & Logistics,Fuel & Charging,Gas station,Open,+92 333 8006619,,3.8,314.0,40.57,People typically spend up to 45 min here,03-2025
3e809c4ca4e61d72b51aba5a71c4169c,Call Courier Booking Centre Aabpara Market Islamabad,Islamabad Capital Territory,Islamabad,"Shop # 57-A, KK Building, Khayaban-e-Suhrwardy Rd, Islamabad, 44000, Pakistan",44000.0,73.08136459,33.70494892,Transportation & Logistics,Freight & Shipping,Logistics service,Open,+92 51 2624738,callcourier.com.pk,1.8,63.0,27.17,,03-2025
71f169e3a17f7b9629bc85ddb0d599c9,PAK SARHAD GASOLINE- Total Petrol Station,Punjab,Bahawalpur,"Saraiki Chowk, Model Town, Bahawalpur, 63100, Pakistan",63100.0,71.66203852,29.39429013,Transportation & Logistics,Fuel & Charging,Gas station,Open 24 hours,+92 300 8583347,totalparco.com.pk,4.0,171.0,21.43,,03-2025
62d3995217cbf21ce6cc936615c35e64,AL-NOOR PETROLEUM- Total Petrol Station,Pakistan,Piplan,"BLOCK 4 MANDI TOWN LIAQATABAD, Piplan, 42000, Pakistan",42000.0,71.37478313,32.28620542,Transportation & Logistics,Fuel & Charging,Gas station,Open 24 hours,+92 301 6352665,totalparco.com.pk,4.3,59.0,32.0,,03-2025
0712dbc11626b635c5b51e611d18274d,Shell Petrol Pump,Malakand,Shergarh,"Khasra No 2036, N45, Malakand Mardan Rd, Shergarh, Pakistan",,71.89574125,34.38635292,Transportation & Logistics,Fuel & Charging,Gas station,Open 24 hours,+92 937 820725,shell.com.pk,4.0,82.0,36.14,People typically spend up to 30 min here,03-2025
fbd46b6b73578f5a75a17eadc46e49be,Marshall International air/sea cargo shipping company In Islamabad Rawalpindi Pakistan,Islamabad Capital Territory,Islamabad,"First Floor, Adnan Plaza, G-10 Markaz G 10 Markaz G-10, Islamabad, 44000, Pakistan",44000.0,73.01415332,33.67822987,Transportation & Logistics,Freight & Shipping,Freight forwarding service,Open 24 hours,+92 302 8555372,marshallpackers.com,4.6,16.0,23.86,,03-2025
bf12ef660f989ac29ef976f5022b6511,PSO,Punjab,Phool Nagar,"N5, Kot Pir Fazal Shah, Malik Colony, Phool Nagar, 55260, Pakistan",55260.0,73.94713829,31.21133055,Transportation & Logistics,Fuel & Charging,Gas station,Open 24 hours,+92 800 030 00,,4.1,51.0,30.29,People typically spend up to 1 hour here,03-2025
ee618c5240c143c3970599021d7fb569,ASKARI SERVICE CENTRE- Total Petrol Station,Pakistan,Hasil Pur,"KM # 3, HASILPUR - CHUNAWALA ROAD, CHAK 63/F, Hasil Pur, 63000, Pakistan",63000.0,72.5680973,29.6845512,Transportation & Logistics,Fuel & Charging,Gas station,Open 24 hours,+92 62 2443362,totalparco.com.pk,4.6,14.0,37.0,,03-2025
a6ae13af943b25ecd9ed3e49a06f382c,Sheharyar Filling Station- Total Petrol Station,UC-4 Matroville,Karachi,"No. 26-27, Industrial Park, F-53, Hub River Road, S.I.T.E. Karachi, Sindh Industrial Trading Estate, Karachi, 74200, Pakistan",74200.0,66.97174466,24.89536863,Transportation & Logistics,Fuel & Charging,Gas station,Open 24 hours,+92 333 2308432,totalparco.com.pk,3.8,37.0,26.71,,03-2025
7417924126a902837078cd652e08f5e1,Zia Filling Station,Salarzai Tehsil,Bajaur,"Village Hajilawang Main Munda Road Khar, District, Bajaur, 18650, Pakistan",18650.0,71.56316772,34.76327224,Transportation & Logistics,Fuel & Charging,Gas station,Open 24 hours,+92 300 5666028,,3.8,15.0,46.86,People typically spend up to 1 hour here,03-2025
e0b2a6d3c9f050b983edb8cb91227843,Almakkah Petroleum (PSO),Rahim Yar Khan,Khanpur,"Front of Almakkah petroleum, main road Rahim Yar Khan Rd, Khanpur, 64100, Pakistan",64100.0,70.63744469,28.64169325,Transportation & Logistics,Fuel & Charging,Gas station,Open 24 hours,,growthexperts.great-site.net,3.9,107.0,43.29,People typically spend up to 1 hour here,03-2025
354d9d4262d2f72837d8155fdd55edb0,PIONEER FREIGHT MANAGEMENT,UC-6 P.e.c.h.s 1,Karachi,"Suite 803, 8th Floor, Progressive Square, Shahra-e-Faisal, P.E.C.H.S Block 2 Block 6 PECHS, Karachi, 75400, Pakistan",75400.0,67.06120641,24.86016815,Transportation & Logistics,Freight & Shipping,Freight forwarding service,Open,+92 21 34550645,pioneerfm.com.pk,4.0,2.0,30.8,,03-2025
ec3355148c9e3314be08899815e1e9dd,CallCourier Collection Center,Pakistan,Lahore,"Shop# 5- GF, Raja Center, Main Market, Block A Gulberg III, Lahore, 54400, Pakistan",54400.0,74.34447879,31.5227141,Transportation & Logistics,Freight & Shipping,Logistics service,Open,+92 42 111 786 227,callcourier.com.pk,2.5,65.0,33.71,,03-2025
dcb154e1b201204771d91940eaccd0ac,Noor Muhammad PS,Punjab,Dunga Bunga,"Highway Road, Galla Mandi Gali, Dunga Bunga, 62110, Pakistan",62110.0,73.24448628,29.75488333,Transportation & Logistics,Fuel & Charging,Gas station,Open 24 hours,+92 300 0871988,facebook.com,4.9,14.0,41.86,,03-2025
5383203c08441b0ce1feee7db88fd176,TM CARGO AND LOGISTICS,Saddar,Rawalpindi,"Shop Number 10 Ground Floor, Faisal Shopping Mall, Saddar, Rawalpindi, 46000, Pakistan",46000.0,73.04777633,33.59500481,Transportation & Logistics,Freight & Shipping,Logistics service,Open,+92 310 2755157,tmcargo.net,3.5,8.0,31.0,,03-2025
22558ba94a3e428e7bb82b5b7b5a6343,Kashmir Hazara Logistics and Goods Transporat Company Islamabad,Islamabad Capital Territory,Islamabad,"plot#349, I-11/4 I 11/4 New Sabzi Mandi, Islamabad, 46000, Pakistan",46000.0,73.02881342,33.6390752,Transportation & Logistics,Freight & Shipping,Logistics service,Open,+92 344 4390725,youtube.com,4.8,16.0,28.57,,03-2025
4ee418bcddc5901b5175bcdc8870bf8f,Sirius Logistics Pakistan,West Wharf,Karachi,"T-11, Hakimsn Building, W Wharf Rd, West Wharf Karachi, 74000, Pakistan",74000.0,66.9857496,24.84925813,Transportation & Logistics,Freight & Shipping,Shipping service,Open 24 hours,+92 21 32203485,siriuslogistic.com,4.7,9.0,29.0,,03-2025
757d0cc5366f196291cea3697d80ca42,Shell Gas Station,Toba Tek Singh District,Rajana,"Chichawatni - Rajana Rd, Rajana, Pakistan",,72.5407324,30.86214549,Transportation & Logistics,Fuel & Charging,Gas station,Open 24 hours,+92 800 743 55,shell.com.pk,4.0,113.0,41.43,People typically spend up to 45 min here,03-2025
a6d9bd287f9b01cd0833d8adc23f6bcb,PSO Petrol Pump and Service Station,Punjab,Lahore,"Shalimar Link Road, near Majjanwala Adda, Shalimar Larechs Colony, Lahore, 54840, Pakistan",54840.0,74.37793113,31.56646985,Transportation & Logistics,Fuel & Charging,Gas station,Open 24 hours,+92 800 030 00,,4.1,387.0,54.29,People typically spend up to 15 min here,03-2025
8b808ee29e1a053db7d00feb1ecea95e,M/S REHMAN FILLING STATION- Total Petrol Station,Swat Tehsil,Mingora,"Mingora Fizagat Bypass, حیات آباد Mingora, Pakistan",,72.36845813,34.79027489,Transportation & Logistics,Fuel & Charging,Gas station,Open 24 hours,+92 946 817202,totalparco.com.pk,3.9,126.0,34.14,People typically spend up to 1.5 hours here,03-2025
3883d23abfffd68d7e526c874514da81,Al Abbas Filling Station- Total Petrol Station,Pakistan,Bakhshi Pull,"Near Bakhshu Pul Charsada Road, Peshawar, Pajagi, Bakhshi Pull, 25000, Pakistan",25000.0,71.58502171,34.05986543,Transportation & Logistics,Fuel & Charging,Gas station,Open 24 hours,+92 300 9607260,totalparco.com.pk,3.5,16.0,31.29,,03-2025
833ef287988dacfd814458a10b546135,SK ZIC HTL STATION A B PETROLEUM,Punjab,Liāqatpur,"Liāqatpur, Pakistan",,70.77861621,28.99982578,Transportation & Logistics,Fuel & Charging,Gas station,Open 24 hours,+92 304 0054000,hitechlubricants.com,3.9,23.0,46.0,People typically spend up to 1 hour here,03-2025
45c57aa2995a439469520cdf1043e3bc,Shell,Khyber Pakhtunkhwa,Umarzai,"Tangi Rd, Umarzai, Pakistan",,71.73660371,34.22552839,Transportation & Logistics,Fuel & Charging,Gas station,Open 24 hours,+92 91 6611424,find.shell.com,3.8,64.0,54.29,People typically spend up to 4 hours here,03-2025
fac994541f8e355200cba4192a95a57d,Usman khan petroleum Hascol Pump,Rawalpindi,Kahuta,"Rawalpindi Rd, Nathot, Kahuta, 47330, Pakistan",47330.0,73.35990171,33.59371669,Transportation & Logistics,Fuel & Charging,Gas station,Open 24 hours,+92 300 5013502,,5.0,4.0,24.71,People typically spend up to 1 hour here,03-2025
986b9129ba1ee7d1e23384b379cab97f,GO PETROLEUM (CRG PETRO 1),Sheikhupura,Sheikhupura,"Gujranwala Rd, Sheikhupura, Pakistan",,74.0117585,31.76226327,Transportation & Logistics,Fuel & Charging,Gas station,Open 24 hours,+92 312 5253838,gno.com.pk,4.1,38.0,45.14,People typically spend up to 30 min here,03-2025
5135d5747d15ac233b020ccf79f2a66d,Tcs Area Express Centers Hyderabad,Pakistan,Hyderabad,"TCS, Hyderabad, 71000, Pakistan",71000,68.37532247,25.36683183,Transportation & Logistics,Freight & Shipping,Courier service,Open,+92 316 9992357,tcs.com.pk,3.6,14.0,36.86,,03-2025
881bd001c66a9f9ec305c6be8c34711d,Shell,Taluka Matli,Tando Ghulām Ali,"177 N 34/3, Tando Ghulām Ali, 72050, Pakistan",72050,68.88911925,25.13170478,Transportation & Logistics,Fuel & Charging,Gas station,Open 24 hours,+92 297 851200,find.shell.com,4.0,1.0,25.86,,03-2025
cf3537ba5094627b099dcfe9c858652d,DHL Express Service Point (Latifabad),Pakistan,Hyderabad,"Shop #11, Haseen Residencia, Unit #7, Main Chowk, Latifabad Unit 7 Latifabad, Hyderabad, 71000, Pakistan",71000,68.35571085,25.36972294,Transportation & Logistics,Freight & Shipping,Courier service,Open,+92 22 3817880,mydhl.express.dhl,4.3,41.0,45.83,,03-2025
f2c30d615de02479e10977876a02f018,Motorway Petroleum Bakhshali Toll Plaza,Pakistan,Bakhshali,"Toll Plaza, Bakhshali, 23200, Pakistan",23200,72.12487532,34.26092165,Transportation & Logistics,Fuel & Charging,Gas station,Open 24 hours,+92 316 9566280,,4.6,36.0,41.71,People typically spend up to 1 hour here,03-2025
b6d06a3e3d7b17113be2ea1d77e367d1,A.B Petroleum- Total Petrol Station,Pakistan,Lahore,"Mauza Shera Kot, Bund Road, Lahore, Babu Sabu Lahore, 54000, Pakistan",54000,74.26453234,31.54396028,Transportation & Logistics,Fuel & Charging,Gas station,Open 24 hours,+92 322 8444760,totalparco.com.pk,3.8,125.0,29.57,,03-2025
fcaa02875c444d975ef2fa38c9c1a96a,Leopards Courier Service. Chak Jhumra,Pakistan,Chak Jhumra,"Chak Jhumra, 37700, Pakistan",37700,73.18349889,31.56325651,Transportation & Logistics,Freight & Shipping,Courier service,Open,+92 41 8761164,leopardscourier.com,3.9,84.0,61.67,,03-2025
f38ccfc55ca75bd7293e412a2e6b30a5,Pakistan State Oil (PSO),Sindh,Deh Rindh Wahi,"Main Jacobabad ByPass, N-65, Deh Rindh Wahi, 79000, Pakistan",79000,68.41470091,28.26242916,Transportation & Logistics,Fuel & Charging,Gas station,Open 24 hours,+92 300 3179234,totalparco.com.pk,3.0,10.0,30.43,,03-2025
1bd611ed319eb1bbba3256db7e44a37a,Petrochem Filling Station- Total Petrol Station,Vehari,Multan,"63- Rana Street Bosan Road, Multan, Multan, 60000, Pakistan",60000,71.81244563,29.99993818,Transportation & Logistics,Fuel & Charging,Gas station,Open 24 hours,+92 300 9107996,totalparco.com.pk,4.3,8.0,31.14,,03-2025
a8078ab949c0b57fafbbe05681b7b01f,AL-NOOR FILLING STATION- Total Petrol Station,Punjab,Chakwal,"5 KM DCO ROAD, CHAKWAL ROAD, Chakwal, 48800, Pakistan",48800.0,72.84670462,32.93274228,Transportation & Logistics,Fuel & Charging,Gas station,Open 24 hours,+92 334 8704700,totalparco.com.pk,3.2,19.0,30.14,,03-2025
5ba77f971569cff59ec083f00e66d834,Pakistan Ways Cargo Transport Company,UC-4 Baba Bhitt,Karachi,"Plot A67 street 2 gate 5 new truck stand, Hawksbay Rd, Mauripur, Karachi, 75780, Pakistan",75780.0,66.95081239,24.86829972,Transportation & Logistics,Freight & Shipping,Logistics service,Open 24 hours,+92 319 7259297,pwctc.com,4.2,5.0,22.83,,03-2025
14957fe7cc04b8f4a8ed31b8ca9d8243,APNA CNG STATION,Punjab,Rawalpindi,"Khayaban Sir Syed Rd, Khayaban e Sir Syed, Rawalpindi, 44000, Pakistan",44000.0,73.04134885,33.6408312,Transportation & Logistics,Fuel & Charging,Compressed natural gas station,Open 24 hours,+92 51 4835000,,4.0,242.0,48.57,People typically spend up to 25 min here,03-2025
ac58ac330f829b9a7e5b331e47c8881d,Admore Petrol Pump,Pakistan,Jhelum,"Civil Lines, Dhoke Abdullah, Jhelum, 49600, Pakistan",49600,73.73476426,32.93754324,Transportation & Logistics,Fuel & Charging,Gas station,Open 24 hours,+92 309 5455666,,3.4,41.0,35.71,People typically spend up to 20 min here,03-2025
bbbb5baa66c41ee8054af39ea8eefe4a,Shell,Sanghar,Sanghar,"945/11 M.A. Jinnah Rd, Sanghar, 68100, Pakistan",68100,68.95191972,26.04890412,Transportation & Logistics,Fuel & Charging,Gas station,Open 24 hours,+92 315 8237917,find.shell.com,2.4,5.0,29.57,,03-2025
aa83db582eb9adc21032438363406390,PSO,Umarabad,Habibabad,"Multan Rd, Umarabad, Habibabad, 55300, Pakistan",55300,73.73400541,30.94852396,Transportation & Logistics,Fuel & Charging,Gas station,Open 24 hours,+92 800 030 00,,4.0,156.0,41.86,People typically spend up to 25 min here,03-2025
0e7c7d74040d01ee59c304dee355a956,ITEFAQ FILLING STATION- Total Petrol Station,Pakistan,Talib Sarai,"5 KM Manga Raiwind Road, ADDA TALAB SARAI, Talib Sarai, 55150, Pakistan",55150,74.10223587,31.2706661,Transportation & Logistics,Fuel & Charging,Gas station,Open 24 hours,+92 300 8189812,totalparco.com.pk,3.5,26.0,42.0,,03-2025
e0f42969b20268b4dc3ff42aecf5aec6,Shell,Sadiqabad,Sadiqabad,"Klp Rd, Sadiqabad, 64200, Pakistan",64200,70.1685199,28.38510465,Transportation & Logistics,Fuel & Charging,Gas station,Open 24 hours,+92 68 5003559,find.shell.com,5.0,2.0,30.29,,03-2025
320c2d89ec9a66da1ab5ac2f4409d978,The Flower Palace,Islamabad Capital Territory,Islamabad,"F/7 markaz Collige road, markaz, F-7, Islamabad, 44210, Pakistan",44210,73.05692521,33.7234469,Transportation & Logistics,Freight & Shipping,Delivery service,Open 24 hours,+92 345 5441746,theflowerpalace.store,4.7,681.0,38.71,,03-2025
b433bed3654fcdb514808ebe1054a570,TCS - Bahria Town,Sector C,Lahore,"TALWAAR CHOWK BEHIND GOURMET BAKERS, adj. NATIONAL BANK, Gulmahar Block Sector C Bahria Town, Lahore, 53720, Pakistan",53720,74.18244215,31.37700638,Transportation & Logistics,Freight & Shipping,Courier service,Open,+92 316 9992551,tcs.com.pk,4.1,547.0,58.0,,03-2025
6c6b4867328d4007fb017684c39829dc,Royal Cargo Services (INTERNATIONAL CARGO SERVICES),Rawalpindi Tehsil,Rawalpindi,"Old Airport Rd, near masjid fateh Akbar street1, Dhoke Raja Muhammad Khan, Rawalpindi, 46000, Pakistan",46000,73.10336414,33.60908651,Transportation & Logistics,Freight & Shipping,Freight forwarding service,Open,+92 333 5234347,royalcargoservices.net,4.7,74.0,40.17,,03-2025
25f7922ceb6e3595f26e079a2268b0fd,Shell,Sargodha,Sargodha,"Session Rd, 47 Sargodha Faisalabad Road, Sargodha, 40210, Pakistan",40210,72.66481989,32.07720444,Transportation & Logistics,Fuel & Charging,Gas station,Open 24 hours,+92 48 3211110,find.shell.com,3.7,35.0,40.71,,03-2025
644926950a972ddf4b737625b4d499f1,AL AWAN ENTERPRISES,Sabzazar Housing Scheme Phase 1 & 2,Lahore,"Plot No Motorway Bypass، 49 Truck Stand Rd, Block D Sabzazar Housing Scheme Phase 1 & 2 Lahore, 54000, Pakistan",54000,74.26380852,31.53632026,Transportation & Logistics,Freight & Shipping,Logistics service,Open 24 hours,+92 321 4073987,alawanenterprises.pk,5.0,1.0,31.83,,03-2025
e59321075f54b0894362730228c057b3,Shell,Punjab,Lahore,"Multan Rd, Amarkot, Lahore, Pakistan",,74.2338112,31.46948133,Transportation & Logistics,Fuel & Charging,Gas station,Open,+92 42 37511994,find.shell.com,3.7,56.0,41.86,People typically spend up to 2 hours here,03-2025
e8851dbc1d35c08ae7b5682bbea75948,EMPIRE FILLING STATION,Pakistan,Lahore,"392, 392 393, 393 Gurumangat Rd, Block A1 Block A 1 Gulberg III, Lahore, 54660, Pakistan",54660.0,74.35533124,31.51308486,Transportation & Logistics,Fuel & Charging,Gas station,Open 24 hours,+92 42 35711220,,3.9,190.0,43.57,People typically spend up to 45 min here,03-2025
0de4d3970196dddf4612c9a3b09feb29,Daewoo fastex courier Chandni Chowk Rwp,Satellite Town,Islamabad,"Office # 363-B, Main Rehmanabad, Chowk, Murree Road, Rawalpindi, Chandni Chowk, Islamabad, 44000, Pakistan",44000.0,73.07232559,33.6377418,Transportation & Logistics,Freight & Shipping,Courier service,Open,+92 314 0711605,fastex.pk,3.5,20.0,32.14,,03-2025
bdfdb9cd87f28c404cb4043e9b3de557,Azan Filling Station,Punjab,Gujranwala,"Sensra goraya, Kacha, Eminabad Rd, Gujranwala, 52111, Pakistan",52111.0,74.21261777,32.11005881,Transportation & Logistics,Fuel & Charging,Gas station,Open 24 hours,+92 336 9649325,azanfillingstation.com,2.0,1.0,30.86,,03-2025
f758c1e71e20ab4ed5292446f5193a1f,PSO Wali Filling Station,Pakistan,Ārifwāla,"Qabula Bypass, Ārifwāla, 57450, Pakistan",57450.0,73.06027952,30.25028172,Transportation & Logistics,Fuel & Charging,Gas station,Open 24 hours,+92 320 2281699,,4.2,24.0,39.86,People typically spend up to 30 min here,03-2025
9bffba760cf4def2db0338648ca22f02,Mansehra Service Area - South,Khyber Pakhtunkhwa,Qalandarabad,"Village Tannan Post Office, Qalandarabad, 22000, Pakistan",22000.0,73.21662649,34.27625968,Transportation & Logistics,Parking & Rest Areas,Rest stop,Open 24 hours,+92 300 8436867,,4.1,145.0,33.86,People typically spend up to 20 min here,03-2025
dfa39310e48826a6428af601e5e16776,Leopard Courier,Sialkot,Sialkot,"Paris Rd, Puran Nagar, Sialkot, 51310, Pakistan",51310.0,74.53568076,32.50330937,Transportation & Logistics,Freight & Shipping,Courier service,Open,+92 321 7979889,leopardscourier.com,3.5,165.0,66.67,,03-2025
ac668a3ad7c45e51b0370c7e1411f295,MoveIt,Islamabad Capital Territory,Islamabad,"Mujahid business Centre, 36 Service Rd N, I-9/2 H 9/1 H-9, Islamabad, 44000, Pakistan",44000.0,73.04355466,33.66160053,Transportation & Logistics,Freight & Shipping,Logistics service,Open,+92 335 8747800,moveit.com.pk,4.1,18.0,42.6,,03-2025
7713ea81f01bab5d15abd14cfff894b9,Hub Filling Station- Total Petrol Station,Pakistan,Karachi,"Survey no. 3/1 , Deh Moachko Tappo Gabopat , Kemari Town , Hub river road, Karac, N-25, Keamari, Karachi, 75620, Pakistan",75620.0,66.89122966,25.00925968,Transportation & Logistics,Fuel & Charging,Gas station,Open 24 hours,+92 300 0320523,totalparco.com.pk,3.7,114.0,34.14,,03-2025
727b2d7ce4f4ba780480427527b4e717,FAISAL-2 SERVICE STATION- Total Petrol Station,Pakistan,Khair Pur,"girls collage , STATION ROAD, ,KHAIRPUR, Khair Pur, 66020, Pakistan",66020.0,68.74186974,27.5243903,Transportation & Logistics,Fuel & Charging,Gas station,Open 24 hours,+92 300 3112450,totalparco.com.pk,4.0,23.0,33.57,,03-2025
bbc6d47aceaf7146b995c3660226a4f9,Shell,Samad Pura,Okara,"Okara - Faisalabad Rd, Bajwa Colony Samadpura Bajwa Colony, Okara, 56300, Pakistan",56300.0,73.44231958,30.80260495,Transportation & Logistics,Fuel & Charging,Gas station,Open 24 hours,+92 44 2527799,find.shell.com,4.8,6.0,34.57,,03-2025
134b95509d71e3d6a1b1c9193cf4890b,Shell,Pakistan,Harīpur,"KKH Main Karakurm Highway, Harīpur, 22620, Pakistan",22620.0,72.79791981,33.91920422,Transportation & Logistics,Fuel & Charging,Gas station,Open 24 hours,+92 300 5621550,find.shell.com,3.5,10.0,23.14,,03-2025
a4dd32734e2cc02cd69963c506c8284d,Shell,Khyber Pakhtunkhwa,Batkhela,"Malakand Rd, Batkhela, 23020, Pakistan",23020.0,72.95503396,34.6111716,Transportation & Logistics,Fuel & Charging,Gas station,Open 24 hours,+92 932 411094,find.shell.com,4.0,1.0,26.0,,03-2025
1c2a07eac6b429a76b1080327e39fb9c,LCS(Leopards Courier Service),Pakistan,Mian Channu,"Shaheed Rd, Nawab Colony, Mian Channu, 58000, Pakistan",58000.0,72.35252251,30.44804236,Transportation & Logistics,Freight & Shipping,Courier service,Open,+92 319 6499589,leopardscourier.com,3.8,167.0,59.0,,03-2025
b64a1dcf6aaf0ae85f1bba16892d13e4,Shell,Sector G,Lahore,"D.H.A. Main Blvd, Sector G Dha Phase 1, Lahore, Pakistan",,74.39032368,31.48375263,Transportation & Logistics,Fuel & Charging,Gas station,Open,+92 42 35747116,find.shell.com,3.9,878.0,54.71,People typically spend up to 25 min here,03-2025
6145b58a26f08845c2b285297d8f5c55,IMRAN PETROLEUM- Total Petrol Station,Punjab,Kot Momin,"CHACK NO.9/SB, KOT MOMIN,BHAWAL ROAD,KOT MOMIN, Kot Momin, 40450, Pakistan",40450.0,72.99463718,32.1952666,Transportation & Logistics,Fuel & Charging,Gas station,Open 24 hours,+92 346 8701188,totalparco.com.pk,3.9,16.0,34.0,,03-2025
55f6af5ce0aa897480d7a4a46978bbb3,PSO Filling Station,Pakistan,Jamshoro,"Super Hwy, Jamshoro, Sindh, Karachi - Hyderabad Motorway, Jamshoro, 76060, Pakistan",76060.0,68.22423961,25.37702462,Transportation & Logistics,Fuel & Charging,Gas station,Open 24 hours,+92 800 030 00,,3.9,28.0,48.43,People typically spend up to 25 min here,03-2025
f768462f43b94616c4d8dc72bf2bbcc2,DHL Express Service Point (Kot Lakhpat),Punjab,Lahore,"145-M Madar-e-Millat Road, near Gate #3, Quaid-e-Azam Industrial Estate Quaid e Azam Industrial Estate, Lahore, 54700, Pakistan",54700.0,74.31316328,31.43754824,Transportation & Logistics,Freight & Shipping,Courier service,Open,+92 42 35988600,mydhl.express.dhl,4.7,146.0,55.0,,03-2025
c1b436b580edaf4f3cd50f9043f8ec60,Total PARCO Petrol Pump,Rawalpindi Tehsil,Rawat,"Near Radio Colony, GT Rd, Rawat, Pakistan",,73.19495471,33.48770596,Transportation & Logistics,Fuel & Charging,Gas station,Open 24 hours,+92 314 5111110,totalparco.com.pk,4.0,492.0,36.0,People typically spend up to 15 min here,03-2025
9786cf252201739c441149f3458b8a86,Hassan petroleum service,Dera Ghazi Khan,Basti Bhanda,"Cha Qaim wala, Basti Bhanda, 32200, Pakistan",32200,70.54040853,29.88716697,Transportation & Logistics,Fuel & Charging,Gas station,Open 24 hours,+92 345 7141987,tiktok.com,4.8,4.0,26.43,,03-2025
9ade88b086334b67c118029428c6fff4,M&P Express Logistics (Private) Limited,Dera Ghazi Khan,Dera Ghazi Khan,"Right Drain Canal Rd, near Shell Pump, Khayaban-e-Sarwar Muslim Town, Dera Ghazi Khan, 32200, Pakistan",32200,70.64182118,30.04731568,Transportation & Logistics,Freight & Shipping,Courier service,Open,+92 323 9488543,mulphilog.com,3.1,43.0,41.0,,03-2025
0508ab9d7481080a21063191f92f849a,Leopards Courier Services Kachery Road Khairpur Mirs,Pakistan,Khairpur,"Kachery Road, Mir Sikandar Ali Talpur Goth, Khairpur, 66020, Pakistan",66020,68.75789076,27.53437532,Transportation & Logistics,Freight & Shipping,Courier service,Open,+92 308 2633686,leopardscourier.com,2.6,7.0,33.83,,03-2025
214535a44c028b691f0071def53ca939,MAKKA FILLING STATION- Total Petrol Station,Pakistan,Mardan,"ON BYPASS ROAD ,MARDAN, Mardan, 23200, Pakistan",23200,72.0228246,34.20029287,Transportation & Logistics,Fuel & Charging,Gas station,Open 24 hours,+92 300 9175635,totalparco.com.pk,3.9,33.0,29.43,,03-2025
6d99465035f14d18f01d74fea23ca91e,Nawabshah Railway Station,Railway Quarters,Nawabshah,"Mariam Road, near main gate, Essar Pura Railway Quarters, Nawabshah, 67450, Pakistan",67450.0,68.40902333,26.24581411,Transportation & Logistics,Public Transit & Hubs,Railway services,Open 24 hours,+92 244 9370125,,4.0,1314.0,40.0,People typically spend up to 2 hours here,03-2025
14200b7365a3b08a4130bafc4dfba555,A to Z cargo service Pakpattan,Pakistan,Pākpattan,"Jamal Chowk, opposite Agriculture Department, Pākpattan, 57400, Pakistan",57400.0,73.35908788,30.36647319,Transportation & Logistics,Freight & Shipping,Courier service,Open,+92 331 7404223,facebook.com,3.0,2.0,43.5,,03-2025
78c0aee1899f2220c62d508ccbf4a42c,TCS Binoria,UC-4 Matroville,Karachi,"Plot no c2/a29, police station, khi, near binoria restaurant, Metroville Sindh Industrial Trading Estate, Karachi, 75700, Pakistan",75700.0,66.9924859,24.90555987,Transportation & Logistics,Freight & Shipping,Courier service,Open,+92 342 2390817,tcs.com.pk,4.4,36.0,46.83,,03-2025
96edcd89a691ba659a51ffd7aaba75ed,Pakistan Post Office DFPO Franchise,Punjab,Narang Mandi,"Muhammad Haidri Chowk At Fast Service Center, Narang Mandi, 39050, Pakistan",39050.0,74.50861689,31.90455323,Transportation & Logistics,Freight & Shipping,Courier service,Open,+92 306 3399794,fccnrg.blogspot.com,5.0,1.0,35.43,,03-2025
f3c0526f0fe3f689222254e0f8f583af,Aamir Nondani,Pakistan,Chang,"Mirwah Gorchani Sanjar, Chang, 69000, Pakistan",69000.0,69.04677544,25.3021651,Transportation & Logistics,Freight & Shipping,Shipping service,Open,+92 305 2813430,aamiruddassi.blogspot.com,5.0,1.0,23.14,,03-2025
041b8b3150e9f6c7b7e828f5a040405e,NCCS CARGO,Punjab,Gujranwala,"SETHI PLAZA BAZAR NO 1, MAIN GT Rd, Arafat Colony, Gujranwala, 52250, Pakistan",52250,74.19103934,32.1471488,Transportation & Logistics,Freight & Shipping,Shipping service,Open,+92 312 5586044,nccsroadexpress.com,3.5,26.0,46.71,,03-2025
9109adc31a0b90fd27a007cc463af613,Royal rent a car and tours,Punjab,Islamabad,"Street 1, Block E, Soan Gardens Block E Islamabad, 44000, Pakistan",44000,73.15387259,33.56827776,Transportation & Logistics,Vehicle Rentals & Services,Rental car return location,Open 24 hours,+92 345 5728664,facebook.com,4.9,106.0,33.29,,03-2025
f0df81cd0ef4384f792f6af862469888,AL-JANNAT Petroleum. Euro Oil,Punjab,Ahmed Nagar Chiniot,"Ahmed Nagar Chiniot, Pakistan",,72.87996912,31.78724626,Transportation & Logistics,Fuel & Charging,Gas station,Open 24 hours,+92 301 1235555,facebook.com,4.0,39.0,37.29,People typically spend up to 25 min here,03-2025
5a5e83919a9ad18c1a3b631f1f2039ec,Total Parco ( Al-Ittehad Filling Station),Punjab,Gujranwala,"Sialkot Bypass, Ghosiabad Gujranwala, 52400, Pakistan",52400,74.19977069,32.20269163,Transportation & Logistics,Fuel & Charging,Gas station,Open 24 hours,+92 55 3412590,totalparco.com.pk,3.5,37.0,28.57,,03-2025
b85f26e0eb369ba96539fc136abd4d24,Echo Petroleum (Al Nabi Filling Station),Punjab,Pindigheb,"Pindi Gheb - Attock Rd, Pindigheb, Pakistan",,72.2729429,33.23796057,Transportation & Logistics,Fuel & Charging,Gas station,Open 24 hours,+92 57 2375132,shell.com.pk,3.6,84.0,54.43,People typically spend up to 1 hour here,03-2025
e61f55a9d44db51cbde4f02a8d2d069d,Kashmir Coach Office,Vehari,Vehari,"Shop# 24, General Bus Stand, Club Rd, Vehari, 61100, Pakistan",61100.0,72.35794133,30.04774087,Transportation & Logistics,Public Transit & Hubs,Bus company,Open,+92 346 4797979,facebook.com,3.7,6.0,30.57,,03-2025
8ae5bf9f46aefc956c6d6b4817126a83,Total Petrol Station,Pakistan,Lahore,"Mozang Road, Mozang Rd, Mozang Chungi, Lahore, 54000, Pakistan",54000.0,74.31364281,31.55805483,Transportation & Logistics,Fuel & Charging,Gas station,Open 24 hours,,totalparco.com.pk,3.8,275.0,46.0,People typically spend up to 45 min here,03-2025
18190f5d18ef8387f7e9910c5e0580c1,Shell,Punjab,Faisalabad,"Jaranwala Rd, Muhammadia Colony Block A People's Colony No 1, Faisalabad, Pakistan",,73.10610757,31.41626858,Transportation & Logistics,Fuel & Charging,Gas station,Open 24 hours,+92 41 8554171,find.shell.com,4.0,275.0,38.86,People typically spend up to 25 min here,03-2025
7aed3fe45546c61ab568428c837332a0,Attock Petrol Pump,Islamabad Capital Territory,Islamabad,"D-12 Markaz D 12 Markaz D-12, Islamabad, Pakistan",,72.9469123,33.70192235,Transportation & Logistics,Fuel & Charging,Gas station,Open 24 hours,+92 311 7562252,apl.com.pk,4.3,446.0,48.29,People typically spend up to 25 min here,03-2025
2cd2bcc8279ceb647c59b3f8115dd3a8,RAJPUT TRAVELS | راجپوت ٹریولز,Punjab,Gujranwala,"General Bus Stand Rd, near Mujadadi Musjid, Model Town, Gujranwala, 52250, Pakistan",52250,74.1810643,32.17134322,Transportation & Logistics,Public Transit & Hubs,Bus company,Open,+92 300 6403237,rajputtravel.weebly.com,3.6,276.0,28.43,,03-2025
55c6974ef271331d39bf4bd8500d5a58,AWAN TRUCKING STATION- Total Petrol Station,Sargodha,Lalian,"INBETWEEN KM NO 59-60,FAISALABAD-SARGODHA ROAD LALIAN,LALLIAN, Lalian, 35470, Pakistan",35470,72.77005576,31.88712593,Transportation & Logistics,Fuel & Charging,Gas station,Open 24 hours,+92 300 8600505,totalparco.com.pk,4.4,8.0,37.0,,03-2025
ecb716f15256a0f39af7df5a16aeefe2,Swift Shipping (Pvt) Ltd.,UC-4 City Railway Colony,Karachi,"3rd Floor, Bahria Complex 2, Moulvi Tamizuddin Khan Rd, Lalazar Naval Officers Colony, Karachi, 74500, Pakistan",74500,67.00013223,24.84395163,Transportation & Logistics,Freight & Shipping,Freight forwarding service,Open,+92 21 35640350,swiftshipping.net,4.0,22.0,21.4,,03-2025
0e1dea276fe0561a42a00763aec8caee,Leopards Courier,Khyber Pakhtunkhwa,Peshawar,"Canal Town Peshawar, 25000, Pakistan",25000,71.45985763,33.9970661,Transportation & Logistics,Freight & Shipping,Courier service,Open,+92 91 2320532,leopardscourier.com,3.9,94.0,39.5,,03-2025
2a1296805845cff6bb51697e71a755e6,Saewari Petroleum Service Total Petrol Station,Pakistan,Hala,"N-5, Hala, 70120, Pakistan",70120,68.4167272,25.83942095,Transportation & Logistics,Fuel & Charging,Gas station,Open 24 hours,+92 301 3628263,totalparco.com.pk,5.0,3.0,32.57,,03-2025
bf4188313809988754dc3b264af84995,Capital Power Solutions,UC-2 Nasir Colony,Karachi,"CPS Building Plot 177, Sector 24 Korangi Industrial Area, Karachi, 74900, Pakistan",74900,67.12236277,24.82216812,Transportation & Logistics,Vehicle Rentals & Services,Equipment rental agency,Open 24 hours,+92 300 8881140,capitalpower.com.pk,4.3,3.0,42.14,,03-2025
e723b04760005259fca91aba6e6e5f1b,Shalimar Express cargo delivery,UC-9 Jacob Lines,Karachi,"Zainabia Rd, Central Jacob Lines Karachi, 75500, Pakistan",75500,67.02881464,24.86751925,Transportation & Logistics,Freight & Shipping,Logistics service,Open,+92 21 32790863,tiktok.com,4.2,43.0,35.29,,03-2025
b9eb3ce16af60c4323781874cd670be9,SAM Petroleum PSO Petrol Pump,UC-10 Nazimabad No.1,Karachi,"Block 1 Nazimabad, Karachi, 74600, Pakistan",74600,67.02786966,24.9101986,Transportation & Logistics,Fuel & Charging,Gas station,Open 24 hours,+92 301 1012971,,4.2,318.0,51.71,People typically spend up to 30 min here,03-2025
11b7041a5c8bf281bb8e1898bd1dd537,Supreme PSO Station,Punjab,Multan,"Bahawalpur Road, Multan, 60000, Pakistan",60000,71.4925623,30.05703291,Transportation & Logistics,Fuel & Charging,Gas station,Open 24 hours,+92 800 030 00,,4.1,79.0,48.43,People typically spend up to 45 min here,03-2025
1167d660f925ccb9063a2db480391c6d,Shan Petroleum Rehman Garh,Khanewal,Chak 7,"Kacha Kho, Abdul Hakim Bypass Rd, 9-R, Chak 7, 58110, Pakistan",58110,72.12986988,30.42446484,Transportation & Logistics,Fuel & Charging,Gas station,Open 24 hours,+92 300 7890537,,3.9,40.0,30.43,People typically spend up to 45 min here,03-2025
5d4f176b5b801d8c9d61393639c6b770,Daewoo FastEx,Railway Colony,museum,"raouf plaza, Allama Iqbal Rd, near Allama Iqbal, Railway Colony Garhi Shahu, museum, 54000, Pakistan",54000,74.33770587,31.56876849,Transportation & Logistics,Freight & Shipping,Courier service,Open,+92 300 4841416,fastex.pk,4.5,13.0,35.67,,03-2025
dd16429c8df6f304276246316657c02e,Leopard Couriers,Sindh,Karachi,"Phase 2 Commercial Area Defence Housing Authority, Karachi, 75500, Pakistan",75500,67.06639714,24.83132463,Transportation & Logistics,Freight & Shipping,Courier service,Open,+92 345 5367273,leopardscourier.com,3.6,91.0,33.67,,03-2025
a79827ea7f06a8f167ec8b4d60857ad8,Shell,Rawalpindi Tehsil,Rawalpindi,"National Highway 5 5 Jhelum Road, 5 GT Rd, Rawalpindi, Pakistan",,73.09028547,33.55857848,Transportation & Logistics,Fuel & Charging,Gas station,Open 24 hours,+92 51 5487820,find.shell.com,4.1,845.0,42.0,People typically spend up to 20 min here,03-2025
4fa76df45284f56b2c81f95e1e419126,Shell,Tando Muhammad Khan,Tando Muhammad Khan,"Sajawal Rd, Tando Muhammad Khan, 70220, Pakistan",70220,68.52945779,25.1197426,Transportation & Logistics,Fuel & Charging,Gas station,Open 24 hours,+92 300 3792331,find.shell.com,4.1,11.0,28.14,,03-2025
68b2b061522c0b809e141e7459899f18,Shell,Sindh,Karachi,"30 31 KM MAIN, M-9, Karachi, 75900, Pakistan",75900,68.65513068,25.04384895,Transportation & Logistics,Fuel & Charging,Gas station,Open,+92 21 32234242,find.shell.com,4.0,5.0,32.0,,03-2025
0759b9f6de4a25fe54af9aa2fcf793ee,Rawalpindi Railway Station,Saddar,Rawalpindi,"Station Road, Saddar, Rawalpindi, 46000, Pakistan",46000,73.04569482,33.6036235,Transportation & Logistics,Public Transit & Hubs,Railway services,Open 24 hours,+92 51 9270834,,4.4,7412.0,53.71,People typically spend up to 3 hours here,03-2025
f3905b2d6f1b6570c11c2c6f8d95db68,ABBAS SERVICE STATION- Total Petrol Station,Khyber Pakhtunkhwa,Mardan,"PAR-HOTI MORE,SWABI MARDAN BYPASS ROAD,MARDAN, Hoti, Mardan, 23200, Pakistan",23200,72.06500067,34.20286557,Transportation & Logistics,Fuel & Charging,Gas station,Open 24 hours,+92 937 561140,totalparco.com.pk,3.8,25.0,39.43,,03-2025
1371f585b914a0138236cd0789598b1a,Shell,Sindh,Jhok Sharif,"Bulri Shah Karim - Bathoro Rd, 7/4-21 Jhok Sharif, 73010, Pakistan",73010,68.3144199,24.81700437,Transportation & Logistics,Fuel & Charging,Gas station,Open 24 hours,+92 298 770441,find.shell.com,5.0,4.0,29.14,,03-2025
8439022b4137a79d96005e95c928b1e3,NATIONAL PETROLEUM - GUJR- Total Petrol Station,Punjab,Kāmoke,"GT Road, Near Police Station, Ahmed Town, Kāmoke, Pakistan",,74.22342451,31.9582706,Transportation & Logistics,Fuel & Charging,Gas station,Open 24 hours,+92 300 9474394,totalparco.com.pk,3.8,13.0,29.0,People typically spend up to 1.5 hours here,03-2025
72229540973e9961179f69d2241f5f52,Shell,Rawalpindi,Rawalpindi,"GT Rd, Rawalpindi, Pakistan",,73.24079178,33.35334185,Transportation & Logistics,Fuel & Charging,Gas station,Open 24 hours,+92 51 3591575,find.shell.com,4.1,136.0,45.43,People typically spend up to 20 min here,03-2025
1a28a5b038f7a48c996007de224fbddd,Haji Nawab Filling Station - Attock Petroleum,Timergara,Chakdara,"Chitral / Kumrat Road, N-45, Chakdara, 18800, Pakistan",18800.0,72.02567626,34.65801391,Transportation & Logistics,Fuel & Charging,Gas station,Open 24 hours,+92 345 9512954,,3.8,223.0,35.71,People typically spend up to 30 min here,03-2025
76af5ede149b99261213ed72a1bd0b4e,Mazhar Filling Station (PSO Kharian),Pakistan,Kharian,"Mazhar Filling Station (PSO, GT Rd, opposite PIA Office, Kharian, 50090, Pakistan",50090.0,73.87060052,32.79992384,Transportation & Logistics,Fuel & Charging,Gas station,Open 24 hours,+92 53 7610570,,3.7,186.0,38.29,People typically spend up to 45 min here,03-2025
6a55be6ef440deca75265c84e7c1959e,DHL Express Service Point (Multan Cantt),Saddar,Multan,"Shop#20, Khawar Center, near SP chowk, Saddar Cantt, Multan, 60000, Pakistan",60000.0,71.43850572,30.19121839,Transportation & Logistics,Freight & Shipping,Courier service,Open,+92 61 4504416,mydhl.express.dhl,4.6,267.0,42.67,,03-2025
fa1a77e67dce83cf32bdcd4c57e4af73,Sialkot Taxi,Sialkot,Sialkot,"21/409 Majeed Pura, Raja Rd, Sialkot, 51310, Pakistan",51310.0,74.54377249,32.49654765,Transportation & Logistics,Vehicle Rentals & Services,Taxi service,Open,+92 300 4762624,sialkottaxi.com,3.7,7.0,27.14,,03-2025
338a684aba09f42903a11b3d1ed47030,Leopards Courier - Johar Town,Punjab,Lahore,"johar, 339 R block main boulevard johar town lhr R, block, town, Lahore, 54000, Pakistan",54000.0,74.27307413,31.45941528,Transportation & Logistics,Freight & Shipping,Courier service,Open,+92 332 6645930,leopardscourier.com,4.2,36.0,56.4,,03-2025
9e340cb35f32b27d739d952ae00c69b3,TCS Express Center,UC-3 Khandu Goth,Karachi,"SHOP No. A-4 SHAH FAISAL PALZA, BLOCK – B NORTH NAZIMABAD, Block B North Nazimabad Town, Karachi, 74600, Pakistan",74600.0,67.03112675,24.92592759,Transportation & Logistics,Freight & Shipping,Courier service,Open,+92 321 2488683,tcsexpress.com,4.1,200.0,66.5,,03-2025
0f92f9e16c01dab364b29f4b79e8b96b,ALvi All Newspaper's and magazinez delivers,Islamabad Capital Territory,Islamabad,"Street 6, I-8/1 I 8/1 I-8, Islamabad, 44000, Pakistan",44000.0,73.06449368,33.66108715,Transportation & Logistics,Freight & Shipping,Newspaper distribution service,Open 24 hours,+92 349 4401496,ahsanalvi53.wixsite.com,4.7,12.0,31.57,,03-2025
8f1c16cde7d76764f7bf646af6331ef1,Kainat Travels Terminal,Rawalpindi Tehsil,Rawalpindi,"Main Main Peshawar Rd, Rawalpindi, 46000, Pakistan",46000.0,72.99398483,33.61361096,Transportation & Logistics,Public Transit & Hubs,Bus company,Open,+92 311 1777333,kainattravels.com,4.1,10070.0,47.29,,03-2025
1d8ffad365162197b1dc3910453f7d9b,PSO Petrol Pump Faisalabad Baypas,Sheikhupura,Sheikhupura,"Faisalabad Rd, Sheikhupura, 39350, Pakistan",39350.0,73.96544897,31.68525181,Transportation & Logistics,Fuel & Charging,Gas station,Open 24 hours,+92 800 030 00,,4.0,632.0,50.0,People typically spend up to 20 min here,03-2025
22d08760b6f3aa04f6a5c0797fc98a13,Ahsan Petroleum Service,Punjab,Multan,"Kot Rab Nawaz, Multan, 66000, Pakistan",66000.0,71.53873939,30.15349975,Transportation & Logistics,Fuel & Charging,Gas station,Open 24 hours,+92 324 9177777,,3.9,31.0,46.14,People typically spend up to 30 min here,03-2025
b74f770f277d49eabbf40d8508f7809d,Shell AL ghaees filling Station,Block - X,Sargodha,"Block - X Blokc X New Satellite Town, Sargodha, Pakistan",,72.69947817,32.06784251,Transportation & Logistics,Fuel & Charging,Gas station,Open 24 hours,+92 323 7066660,shell.com.pk,3.9,93.0,45.57,People typically spend up to 30 min here,03-2025
f79a1c152d50748976e74172b9a24f24,Khawaja Petrol Pump,Sialkot,Daska,"Circular Rd, Qazi Town, Daska, 51010, Pakistan",51010.0,74.34201515,32.3296463,Transportation & Logistics,Fuel & Charging,Gas station,Open 24 hours,+92 52 6612843,,3.6,127.0,38.86,People typically spend up to 2 hours here,03-2025
c128300d9c42a75cc1a84bc2d17ff417,KARMANWALA TRUCKING STATION- Total Petrol Station,Pakistan,Renala Khurd,"B/W # 1145 - 1446, LMQ RD (N-5), RENALA KHURD - OKARA SECTION, Renala Khurd, 56130, Pakistan",56130.0,73.54169159,30.85337296,Transportation & Logistics,Fuel & Charging,Gas station,Open 24 hours,+92 345 7534904,totalparco.com.pk,4.0,40.0,22.86,,03-2025
14828be0cf41b519c28750042be522fb,Shell,Pakistan,Bhakkar,"Darya Khan Rd, Bhakkar, 30000, Pakistan",30000.0,71.0730192,31.64590494,Transportation & Logistics,Fuel & Charging,Gas station,Open 24 hours,+92 453 515566,find.shell.com,5.0,1.0,28.29,,03-2025
bfc9767db763d048d04b653644f259e6,TCS Office (Gamay Shah),Punjab,Lahore,"TCS Office, Hadia Haleema Centre, Bhatti Chowk, Bhatti Gate, opp. Govt Islamia High School, near haji haleem wala, Lahore, 64200, Pakistan",64200.0,74.30607911,31.57737912,Transportation & Logistics,Freight & Shipping,Courier service,Open,+92 316 0992480,tcsexpress.com,4.3,93.0,69.0,,03-2025
6a5f94a6c25101d2502ec6024c1e761f,FAISAL ADNAN TRUCKING STATION- Total Petrol Station,Rehman City,Ferozewala,"KM 13 G.T.ROAD RANA TOWN,, Phase 6 Rehman City, Ferozewala, 54950, Pakistan",54950.0,74.27532465,31.67933357,Transportation & Logistics,Fuel & Charging,Gas station,Open 24 hours,+92 300 9485004,totalparco.com.pk,4.2,12.0,31.29,,03-2025
441c2730c7b4c10e308c8ca116f6e55f,FDS,Swat Tehsil,Mingora,"First floor, Sultan Tower, Office 27 - 29, Makan Bagh Mingora, 19130, Pakistan",19130.0,72.35684223,34.7667692,Transportation & Logistics,Freight & Shipping,Delivery service,Open,+92 300 0111337,fdspak.pk,4.1,47.0,34.43,,03-2025
de17e2ba296bf530150712e5951889dd,Mahabat Khan Filling Station,Sialkot,Madharian Wala Kalar,"Mohabatkhan Industrial Town, Madharian Wala Kalar, 51040, Pakistan",51040.0,74.46970634,32.42850167,Transportation & Logistics,Fuel & Charging,Gas station,Open 24 hours,+92 333 8615857,,4.0,122.0,28.14,People typically spend up to 45 min here,03-2025
a61fc0ae94cc830158c9739d104a302b,Iqbal Abad,Rahim Yar Khan,Fatehpur Punjabian,"Fatehpur Punjabian, Pakistan",,70.24743035,28.52527921,Transportation & Logistics,Fuel & Charging,Gas station,Open 24 hours,+92 302 8678575,facebook.com,4.5,20.0,38.0,People typically spend up to 45 min here,03-2025
8bedf5ab76a436beebf413ec3d6d4ebe,PSO Petrol Pump AG Gas Filling Station,Punjab,Fateh Jang,"Fateh Jang-Kohat Rd, Town 2, Fateh Jang, 43350, Pakistan",43350.0,72.62326252,33.56066083,Transportation & Logistics,Fuel & Charging,Gas station,Open 24 hours,+92 317 0000782,,4.2,18.0,56.86,People typically spend up to 30 min here,03-2025
0323f06b7be991add2e1f96fdc1a1802,PSO,Punjab,Kāmoke,"N5 Ghania Mor, 52470, Pakistan",52470.0,74.22522116,31.95016238,Transportation & Logistics,Fuel & Charging,Gas station,Open 24 hours,+92 800 030 00,,4.1,246.0,39.71,People typically spend up to 20 min here,03-2025
eb7ffd6bbd527f9fcef7b97d3bb77eb8,Shell,Tando Bago,Tando Bago,"282 DIGRI BADIN ROAD, Tando Bago, 72120, Pakistan",72120.0,68.95841986,24.78210468,Transportation & Logistics,Fuel & Charging,Gas station,Open 24 hours,+92 297 854567,find.shell.com,5.0,3.0,30.0,,03-2025
98acb8c951f8db69c6c4c115e8bd2006,DHL Express Service Point (Wazirabad),Wazirabad,Wazirabad,"Shop # 3 Gujjar Business Centre، Main Gujranwala Rd, Wazirabad, 52000, Pakistan",52000.0,74.11182141,32.43433453,Transportation & Logistics,Freight & Shipping,Courier service,Open,+92 55 6605199,mydhl.express.dhl,4.2,44.0,55.33,,03-2025
73b6dfd0047a1d003e27f2df65709246,M&P Courier Centre Alipur,Pakistan,Alipur,"TMA Rd, Alipur, 34450, Pakistan",34450.0,70.91221778,29.38464856,Transportation & Logistics,Freight & Shipping,Courier service,Open,+92 300 9515986,facebook.com,4.0,41.0,43.17,,03-2025
58393057a3ac4689d59e567cd9f71591,A One Filling Station - Total Petrol Station,Punjab,Gujranwala,"GT Rd, near Zinco Cinema, Asghar Colony, Gujranwala, 52300, Pakistan",52300.0,74.19161579,32.13256648,Transportation & Logistics,Fuel & Charging,Gas station,Open 24 hours,+92 300 8736087,totalparco.com.pk,4.0,203.0,32.57,,03-2025
52f0a84439a67319aed81769e033d263,Shell,Pakistan,Hangu,"Kohat Road, Hangu, 26190, Pakistan",26190.0,71.06601227,33.5370126,Transportation & Logistics,Fuel & Charging,Gas station,Open 24 hours,+92 346 9249947,find.shell.com,3.7,25.0,30.29,,03-2025
c7694b7c50af783c55b815a524330e36,PSO Petrol Pump,UC-6 Bhutto Nagar,Karachi,"Plot C-5, Near Mehtab Cinema, Landhi Rd, Landhi 1, Landhi, Bhutto Nagar Landhi Town, Karachi, 75600, Pakistan",75600.0,67.2021098,24.84595192,Transportation & Logistics,Fuel & Charging,Gas station,Open,+92 800 030 00,,4.0,370.0,56.86,People typically spend up to 20 min here,03-2025
bce95394b26f17703258fabf214c6685,PSO Petrol Pump,National Town,Lahore,"National Town Lahore, 54000, Pakistan",54000.0,74.2935169,31.56154514,Transportation & Logistics,Fuel & Charging,Gas station,Open 24 hours,+92 800 030 00,,4.1,608.0,48.0,People typically spend up to 20 min here,03-2025
90fab5b9c6c26d1a9139cb4e5853334e,PSO Lasani Filling Station,Timergara,Gul Abad,"Gul Abad, 24461, Pakistan",24461.0,72.02843426,34.69995939,Transportation & Logistics,Fuel & Charging,Gas station,Open 24 hours,+92 945 762885,,4.4,52.0,35.71,People typically spend up to 30 min here,03-2025
f1fb3719551389e502d7a9301f3895fa,M&P Courier Service Fateh Jang,Punjab,Fateh Jang,"Main Rawalpindi Road opposite Bank Islami, near Zong Franchise, Fateh Jang, 43350, Pakistan",43350.0,72.64133644,33.56885493,Transportation & Logistics,Freight & Shipping,Courier service,Open,+92 316 0020319,mulphilog.com,2.0,38.0,38.17,,03-2025
abaaa0d90934fc435e5f240cb1658a8a,Shell,Sanghar,Jhol,"Shahdadpur Rd, Jhol, 68230, Pakistan",68230.0,68.86928043,25.94513042,Transportation & Logistics,Fuel & Charging,Gas station,Open 24 hours,+92 800 743 55,shell.com.pk,4.2,6.0,28.29,,03-2025
b8e01b195b7729db7774ff16b6522821,Shell,Pakistan,Bherowal,"Saida Bherowal Road, Road, Bhairowal, 50430, Pakistan",50430.0,73.47955881,32.33284587,Transportation & Logistics,Fuel & Charging,Gas station,Open 24 hours,,find.shell.com,4.5,22.0,32.71,People typically spend up to 45 min here,03-2025
e5262c5bb22db48fc96c596b0bc52eb0,Shell,Sindh,Gambat,"N-5, Gambat, Pakistan",,68.55258311,27.3843854,Transportation & Logistics,Fuel & Charging,Gas station,Open 24 hours,+92 332 2217566,find.shell.com,4.3,163.0,52.14,People typically spend up to 20 min here,03-2025
9912c4026caf1ab9d842ba2f3555e3f4,GO NAEEM filling station,Khyber Pakhtunkhwa,Torwarsak,"Swat Rd, Torwarsak, 19270, Pakistan",19270.0,72.34441012,34.50765971,Transportation & Logistics,Fuel & Charging,Gas station,Open 24 hours,+92 313 3560094,,4.9,8.0,37.71,People typically spend up to 1.5 hours here,03-2025
a5fb263a2974cfe3859061cb956b59ec,Total Petrol Pump,Pakistan,Jaranwala,"Faisalabad-Sheikhupura Rd, Khurianwala Bypass, Jaranwala, 37250, Pakistan",37250.0,73.26536481,31.49593354,Transportation & Logistics,Fuel & Charging,Gas station,Open 24 hours,+92 300 3983939,totalparco.com.pk,4.1,30.0,38.43,,03-2025
22022e342ffd99644a143e15f5f7102f,MATEELA PETROLEUM- Total Petrol Station,Punjab,Mateela,"MOUZA MATEELA CHOKI BHAGAT ROAD ,KOT MOMIN, Mateela, 40430, Pakistan",40430.0,72.95870278,32.10735733,Transportation & Logistics,Fuel & Charging,Gas station,Open 24 hours,+92 300 8508479,totalparco.com.pk,4.3,41.0,38.0,,03-2025
1f7af0438794a70e8eba93700951d023,TCS,Pakistan,Nowshera,"GT Rd, Hakimabad, Nowshera, 24100, Pakistan",24100.0,72.02948271,34.00906686,Transportation & Logistics,Freight & Shipping,Courier service,Open,+92 302 8614494,tcs.com.pk,3.5,169.0,58.5,,03-2025
f1a178baa4ea659813cfd6400e325fda,Shell,Pakistan,Mansehra,"SHAHRA E RESHAM ROAD, Mansehra, 21111, Pakistan",21111.0,73.24581947,34.49360491,Transportation & Logistics,Fuel & Charging,Gas station,Open 24 hours,+92 997 530711,find.shell.com,5.0,1.0,35.14,,03-2025
47a2554af5da8e7d0d4c76fccfbcfeb3,M&P Courier Express Logistics,Sialkot,Sialkot,"main Shahabpura Rd، opposite meezan bank, Shahabpura, Sialkot, 51310, Pakistan",51310.0,74.51226565,32.48924465,Transportation & Logistics,Freight & Shipping,Courier service,Open,+92 316 0020145,mulphilog.com,2.8,493.0,58.0,,03-2025
d0956d6c4a2aff6578c61bd0234ff9ca,PSO (Abdullah Hashim petroleum services عبداللہ ہاشم پیٹرولیم سروسز),Pakistan,Mian Channu,"Talamba Mian Channu Rd, Mian Channun, 58000, Pakistan",58000.0,72.35225549,30.45369485,Transportation & Logistics,Fuel & Charging,Gas station,Open 24 hours,+92 65 2661099,,4.4,82.0,35.14,People typically spend up to 25 min here,03-2025
3c1c4fa77dc45c7d94c5fbfb8afd3f81,NAVEED & BROTHERS PETROLEUM- Total Petrol Station,Pakistan,Dera Ismail Khan,"West Circular Road, Dera Ismail Khan, 29050, Pakistan",29050.0,70.89295168,31.83773721,Transportation & Logistics,Fuel & Charging,Gas station,Open 24 hours,+92 345 9018005,totalparco.com.pk,3.7,41.0,34.43,,03-2025
74419e746168b820e574f2af8d14a887,TCS,Sargodha,Sargodha,"Tcs express Center, University Road, opp. Daewoo terminal, Pir Muhammad Colony, Sargodha, 40100, Pakistan",40100.0,72.69364992,32.06180736,Transportation & Logistics,Freight & Shipping,Courier service,Open,+92 301 4607002,tcsexpress.com,4.0,22.0,37.17,,03-2025
a02a078d154c445af1adfe0f1c953257,PSO Petrol Pump,Waris Khan,Rawalpindi,"Dhok Hukamdad, Rawalpindi, Punjab, Chah Sultan, Rawalpindi, 46000, Pakistan",46000.0,73.07335246,33.62241196,Transportation & Logistics,Fuel & Charging,Gas station,Open 24 hours,+92 800 030 00,,3.9,382.0,33.71,People typically spend up to 45 min here,03-2025
e3bf560103f4558055607ea14a1b2d31,Zeeshan CNG and filling station,Sahiwal District,Harappa,"Harappa, Pakistan",,72.9051265,30.58808787,Transportation & Logistics,Fuel & Charging,Gas station,Open 24 hours,+92 345 6983754,facebook.com,4.3,34.0,30.86,People typically spend up to 25 min here,03-2025
a19863d760b45e560db920627b29ab03,DPD Pakistan (Pvt.) Ltd,Pakistan,Lahore,"Tele tower, Link Rd, Mateen Avenue Model Town, Lahore, 54600, Pakistan",54600.0,74.28910992,31.44191822,Transportation & Logistics,Freight & Shipping,Courier service,Open,+92 347 9800700,dpdexpress.com.pk,4.0,50.0,31.43,,03-2025
b44533a50a739335a5dd0a1dbb13280e,Ismail Awan Filling Station,Village Dheli,Village Dheli,"Muridke Road, Village Dheli, 16789, Pakistan",16789.0,74.66261231,32.1016797,Transportation & Logistics,Fuel & Charging,Gas station,Open 24 hours,+92 345 6736142,,3.4,13.0,57.57,People typically spend up to 45 min here,03-2025
42fe229cffe127286e3d82a749c09615,Leopards Courier Service Pvt Ltd,Shuabad,Shujaabād,"Street, Shujaabād, 59220, Pakistan",59220.0,71.2941368,29.88211915,Transportation & Logistics,Freight & Shipping,Courier service,Open,+92 61 4398007,leopardscourier.com,3.7,99.0,72.5,,03-2025
