latitude,longitude,avg_rent,median_rent,min_rent,max_rent,avg_rent_per_marla,median_rent_per_marla,property_count,avg_area_marla,city,province,location_name,dominant_property_type,avg_bedrooms,avg_baths,data_source
24.752502,67.074019,150000.0,150000.0,75000,225000,16815.37,16146.22,4,8.9,Karachi,Sindh,DHA Defence,Flat,2.5,2.5,rental
24.758601,67.073236,85000.0,85000.0,85000,85000,14166.67,14166.67,1,6.0,Karachi,Sindh,DHA Defence,Lower Portion,2.0,3.0,rental
24.766161,67.063451,125000.0,125000.0,120000,130000,28750.0,28750.0,2,4.4,Karachi,Sindh,DHA Defence,House,4.0,4.0,rental
24.768109,67.079501,150000.0,150000.0,150000,150000,7500.0,7500.0,1,20.0,Karachi,Sindh,DHA Defence,Upper Portion,3.0,3.0,rental
24.774178,67.09162,130000.0,130000.0,130000,130000,21666.67,21666.67,1,6.0,Karachi,Sindh,DHA Defence,House,4.0,5.0,rental
24.77463273,67.09106966,135000.0,135000.0,135000,135000,22500.0,22500.0,1,6.0,Karachi,Sindh,DHA Defence,House,4.0,5.0,rental
24.77632516,67.06742445,125000.0,125000.0,125000,125000,5208.33,5208.33,1,24.0,Karachi,Sindh,DHA Defence,Lower Portion,4.0,5.0,rental
24.777115,67.089857,211530.61,200000.0,160000,325000,14252.8,13380.28,49,15.13,Karachi,Sindh,DHA Defence,Flat,2.51,2.96,rental
24.777115,67.08986,255000.0,255000.0,210000,300000,15384.47,15384.47,2,16.55,Karachi,Sindh,DHA Defence,Flat,4.0,5.0,rental
24.7772274,67.08990479,180000.0,180000.0,180000,180000,16822.43,16822.43,1,10.7,Karachi,Sindh,DHA Defence,Flat,3.0,3.0,rental
24.77723864,67.06545392,150000.0,150000.0,150000,150000,7500.0,7500.0,1,20.0,Karachi,Sindh,DHA Defence,House,3.0,4.0,rental
24.77765034,67.07726374,120000.0,120000.0,120000,120000,6000.0,6000.0,1,20.0,Karachi,Sindh,DHA Defence,Upper Portion,3.0,3.0,rental
24.77880831,67.08108958,120000.0,120000.0,120000,120000,6000.0,6000.0,1,20.0,Karachi,Sindh,DHA Defence,Upper Portion,3.0,3.0,rental
24.77898091,67.07136154,165000.0,165000.0,165000,165000,12043.8,12043.8,1,13.7,Karachi,Sindh,DHA Defence,Flat,3.0,4.0,rental
24.77983296,67.0549807,30000.0,30000.0,30000,30000,15000.0,15000.0,1,2.0,Karachi,Sindh,DHA Defence,Flat,1.0,2.0,rental
24.77987678,67.07736198,120000.0,120000.0,120000,120000,6000.0,6000.0,1,20.0,Karachi,Sindh,DHA Defence,Upper Portion,3.0,3.0,rental
24.77995491,67.05517578,41500.0,41500.0,25000,58000,18333.33,18333.33,2,2.2,Karachi,Sindh,DHA Defence,Flat,1.0,1.0,rental
24.779955,67.055176,32000.0,32000.0,32000,32000,16000.0,16000.0,1,2.0,Karachi,Sindh,DHA Defence,Flat,1.0,2.0,rental
24.779955,67.055179,40180.0,30000.0,8000,300000,13075.38,13500.0,50,3.46,Karachi,Sindh,DHA Defence,Flat,1.82,1.96,rental
24.78191293,67.05757499,34000.0,34000.0,34000,34000,15454.55,15454.55,1,2.2,Karachi,Sindh,DHA Defence,Flat,1.0,2.0,rental
24.78220401,67.07617072,300000.0,300000.0,300000,300000,15000.0,15000.0,1,20.0,Karachi,Sindh,DHA Defence,House,5.0,5.0,rental
24.782215,67.074537,171206.8,140000.0,24000,335000,11560.26,7708.33,353,18.42,Karachi,Sindh,DHA Defence,House,3.37,3.19,rental
24.782215,67.07454,155000.0,150000.0,135000,180000,8018.21,7250.0,5,20.14,Karachi,Sindh,DHA Defence,Upper Portion,3.0,2.8,rental
24.78221512,67.07453918,202000.0,180000.0,125000,300000,11359.11,11920.53,5,18.22,Karachi,Sindh,DHA Defence,Flat,3.6,3.0,rental
24.784203,67.084877,60000.0,60000.0,60000,60000,10588.16,9677.42,3,5.9,Karachi,Sindh,DHA Defence,Flat,2.0,2.33,rental
24.78535139,67.05615878,120000.0,120000.0,120000,120000,5000.0,5000.0,1,24.0,Karachi,Sindh,DHA Defence,Lower Portion,2.0,2.0,rental
24.785955,67.067499,172391.3,140000.0,60000,325000,8668.0,6750.0,23,20.97,Karachi,Sindh,DHA Defence,Upper Portion,3.52,4.09,rental
24.786058,67.051275,145000.0,145000.0,140000,150000,12500.0,12500.0,2,11.6,Karachi,Sindh,DHA Defence,House,3.5,4.0,rental
24.786082,67.129961,19333.33,19000.0,15000,24000,5192.07,4838.71,3,3.77,Karachi,Sindh,Korangi,Upper Portion,2.33,2.0,rental
24.78668397,67.05172179,80000.0,80000.0,80000,80000,4000.0,4000.0,1,20.0,Karachi,Sindh,DHA Defence,Lower Portion,2.0,2.0,rental
24.786735,67.083292,110625.0,117500.0,50000,165000,13531.25,7625.0,8,14.1,Karachi,Sindh,DHA Defence,House,2.75,3.38,rental
24.78673553,67.0832901,280000.0,280000.0,280000,280000,14000.0,14000.0,1,20.0,Karachi,Sindh,DHA Defence,House,4.0,5.0,rental
24.78797996,67.06099905,165000.0,165000.0,165000,165000,6346.15,6346.15,1,26.0,Karachi,Sindh,DHA Defence,House,3.0,3.0,rental
24.789435,67.521236,20000.0,20000.0,20000,20000,69.44,69.44,1,288.0,Karachi,Sindh,Dhabeji,Farm House,4.0,8.0,rental
24.78945983,67.05503004,50000.0,50000.0,50000,50000,2083.33,2083.33,1,24.0,Karachi,Sindh,DHA Defence,House,5.0,6.0,rental
24.7896476,67.05912519,165000.0,165000.0,165000,165000,6346.15,6346.15,1,26.0,Karachi,Sindh,DHA Defence,Lower Portion,3.0,3.0,rental
24.79004603,67.07133966,315000.0,315000.0,315000,315000,15750.0,15750.0,1,20.0,Karachi,Sindh,DHA Defence,House,6.0,8.0,rental
24.790681,67.079915,205000.0,205000.0,160000,250000,10250.0,10250.0,2,20.0,Karachi,Sindh,DHA Defence,House,4.0,4.5,rental
24.79183769,67.0446701,170000.0,170000.0,170000,170000,14655.17,14655.17,1,11.6,Karachi,Sindh,Sea View Apartments,Flat,3.0,3.0,rental
24.791838,67.044668,128225.81,120000.0,40000,240000,11656.77,11764.71,31,11.18,Karachi,Sindh,Sea View Apartments,Flat,2.97,3.29,rental
24.791838,67.04467,107500.0,107500.0,95000,120000,10656.86,10656.86,2,10.1,Karachi,Sindh,Sea View Apartments,Flat,3.0,3.5,rental
24.791955,67.065082,62011.11,55000.0,26000,300000,10923.65,10714.29,135,5.96,Karachi,Sindh,DHA Defence,Flat,2.4,2.61,rental
24.791956,67.06508,57666.67,48000.0,45000,80000,10541.13,10714.29,3,5.53,Karachi,Sindh,DHA Defence,Flat,1.67,1.67,rental
24.79337369,67.0478332,40000.0,40000.0,40000,40000,9523.81,9523.81,1,4.2,Karachi,Sindh,DHA Defence,Flat,0.0,0.0,rental
24.794214,67.06461,137000.0,100000.0,40000,275000,10764.74,10204.08,5,11.96,Karachi,Sindh,DHA Defence,Flat,3.4,3.6,rental
24.79421425,67.06461334,163333.33,160000.0,30000,300000,11596.74,13636.36,3,16.07,Karachi,Sindh,DHA Defence,Flat,3.0,4.67,rental
24.794215,67.06461,147201.49,130000.0,15000,335000,11393.76,10732.14,134,15.0,Karachi,Sindh,DHA Defence,House,3.43,3.83,rental
24.79705876,67.05920535,300000.0,300000.0,300000,300000,15000.0,15000.0,1,20.0,Karachi,Sindh,DHA Defence,House,5.0,6.0,rental
24.797098,67.050927,54375.0,40000.0,28000,260000,9903.25,9523.81,32,5.2,Karachi,Sindh,DHA Defence,Flat,2.38,2.44,rental
24.79757496,67.06287894,300000.0,300000.0,300000,300000,15000.0,15000.0,1,20.0,Karachi,Sindh,DHA Defence,House,6.0,7.0,rental
24.798481,67.045715,36000.0,40000.0,25000,43000,8362.84,8620.69,3,4.33,Karachi,Sindh,DHA Defence,Flat,2.0,2.33,rental
24.798481,67.045716,43839.08,35000.0,10000,275000,9209.19,8750.0,87,4.94,Karachi,Sindh,DHA Defence,Flat,2.15,2.17,rental
24.79935636,67.0445594,25000.0,25000.0,25000,25000,11363.64,11363.64,1,2.2,Karachi,Sindh,DHA Defence,Flat,2.0,2.0,rental
24.8002243,67.07404327,85000.0,85000.0,85000,85000,10365.85,10365.85,1,8.2,Karachi,Sindh,DHA Defence,Flat,4.0,4.0,rental
24.80033145,67.06924796,75000.0,75000.0,75000,75000,12931.03,12931.03,1,5.8,Karachi,Sindh,DHA Defence,Flat,3.0,3.0,rental
24.800643,67.064703,56830.68,55000.0,23000,95000,10202.93,10000.0,59,5.64,Karachi,Sindh,DHA Defence,Flat,2.59,2.59,rental
24.800732,67.037865,43000.0,43000.0,43000,43000,6935.48,6935.48,1,6.2,Karachi,Sindh,DHA Defence,Flat,2.0,2.0,rental
24.801071,67.03673,30000.0,30000.0,30000,30000,7500.0,7500.0,1,4.0,Karachi,Sindh,DHA Defence,Flat,2.0,3.0,rental
24.801072,67.036729,54777.78,42000.0,15000,130000,10457.74,9545.45,9,6.12,Karachi,Sindh,DHA Defence,Flat,1.78,2.11,rental
24.80122,67.03743,28000.0,28000.0,28000,28000,12727.27,12727.27,1,2.2,Karachi,Sindh,DHA Defence,Flat,2.0,0.0,rental
24.80209405,67.04722663,250000.0,250000.0,250000,250000,12500.0,12500.0,1,20.0,Karachi,Sindh,DHA Defence,House,6.0,7.0,rental
24.80253412,67.07472319,85000.0,85000.0,85000,85000,13281.25,13281.25,1,6.4,Karachi,Sindh,DHA Defence,Flat,3.0,3.0,rental
24.80302922,67.06287503,250000.0,250000.0,250000,250000,12500.0,12500.0,1,20.0,Karachi,Sindh,DHA Defence,House,6.0,7.0,rental
24.803643,67.074094,69046.51,60000.0,33000,145000,10644.39,10943.4,43,6.74,Karachi,Sindh,DHA Defence,Flat,2.74,2.86,rental
24.805044,67.06432,166761.9,130000.0,25000,340000,9947.97,10000.0,21,17.56,Karachi,Sindh,DHA Defence,House,3.81,3.76,rental
24.80504417,67.06432343,95000.0,46000.0,30000,315000,13743.94,13636.36,5,6.52,Karachi,Sindh,DHA Defence,Flat,2.6,2.8,rental
24.805045,67.064323,132492.65,115000.0,16000,340000,10744.02,10714.29,1020,13.69,Karachi,Sindh,DHA Defence,Flat,3.23,2.96,rental
24.80507422,67.06483798,140000.0,140000.0,140000,140000,7000.0,7000.0,1,20.0,Karachi,Sindh,DHA Defence,Upper Portion,3.0,4.0,rental
24.80595947,67.07601277,170000.0,170000.0,170000,170000,17000.0,17000.0,1,10.0,Karachi,Sindh,DHA Defence,House,4.0,5.0,rental
24.806292,67.030456,98207.55,65000.0,35000,330000,12092.77,10000.0,53,7.88,Karachi,Sindh,Clifton,Flat,2.74,2.83,rental
24.806292,67.03046,58333.33,55000.0,45000,75000,11307.1,11194.03,3,5.17,Karachi,Sindh,Clifton,Flat,2.0,2.0,rental
24.80824,67.06822,38000.0,38000.0,30000,46000,8798.7,8798.7,2,4.3,Karachi,Sindh,DHA Defence,Flat,2.0,2.0,rental
24.80824,67.068222,62728.81,52000.0,15000,225000,11412.82,10204.08,59,5.91,Karachi,Sindh,DHA Defence,Flat,2.37,2.25,rental
24.808629,67.038095,52941.18,40000.0,25000,125000,8881.72,8750.0,17,8.05,Karachi,Sindh,DHA Defence,Flat,2.18,1.88,rental
24.80881466,67.0736268,300000.0,300000.0,300000,300000,15000.0,15000.0,1,20.0,Karachi,Sindh,DHA Defence,House,5.0,6.0,rental
24.81026459,67.04354858,237500.0,232500.0,225000,260000,8915.18,9017.86,4,28.5,Karachi,Sindh,DHA Defence,House,4.75,5.25,rental
24.810265,67.04355,111538.46,55000.0,25000,340000,9808.08,9500.0,13,12.2,Karachi,Sindh,DHA Defence,Flat,2.69,2.15,rental
24.810265,67.043552,149233.62,130000.0,15000,340000,10042.89,9433.96,473,16.0,Karachi,Sindh,DHA Defence,House,3.27,2.94,rental
24.81089835,67.01470212,90000.0,90000.0,90000,90000,8411.21,8411.21,1,10.7,Karachi,Sindh,Clifton,Flat,4.0,4.0,rental
24.810926,67.02402,60000.0,60000.0,60000,60000,11043.53,11043.53,2,5.75,Karachi,Sindh,Clifton,Flat,2.5,2.5,rental
24.810927,67.024019,75092.11,72500.0,45000,150000,10825.18,10188.68,38,7.11,Karachi,Sindh,Clifton,Flat,2.76,2.21,rental
24.811562,67.043072,105733.33,80000.0,21000,340000,9351.43,8776.41,30,11.18,Karachi,Sindh,DHA Defence,Flat,3.13,2.8,rental
24.81168172,67.07136295,210000.0,210000.0,210000,210000,10500.0,10500.0,1,20.0,Karachi,Sindh,DHA Defence,House,6.0,7.0,rental
24.81178733,67.01344371,60000.0,60000.0,60000,60000,7500.0,7500.0,1,8.0,Karachi,Sindh,Clifton,Flat,3.0,3.0,rental
24.81196,67.079653,95000.0,95000.0,60000,130000,10750.0,10750.0,2,12.0,Karachi,Sindh,DHA Defence,Lower Portion,1.5,1.5,rental
24.81255771,67.06588514,200000.0,200000.0,200000,200000,16666.67,16666.67,1,12.0,Karachi,Sindh,DHA Defence,House,4.0,4.0,rental
24.813129,67.076319,109928.57,68000.0,10000,250000,8695.65,8552.63,14,14.74,Karachi,Sindh,Khayaban-e-Ittehad Road,Flat,2.93,3.29,rental
24.81313,67.07632,67000.0,67000.0,67000,67000,8815.79,8815.79,1,7.6,Karachi,Sindh,Khayaban-e-Ittehad Road,Flat,3.0,4.0,rental
24.81328505,67.0101884,80000.0,80000.0,80000,80000,8163.27,8163.27,1,9.8,Karachi,Sindh,Clifton,Flat,3.0,4.0,rental
24.81332322,67.0093538,115000.0,115000.0,115000,115000,8214.29,8214.29,1,14.0,Karachi,Sindh,Clifton,Flat,4.0,4.0,rental
24.813479,67.049943,41250.0,40000.0,30000,55000,9469.34,9563.68,4,4.32,Karachi,Sindh,DHA Defence,Flat,2.25,1.25,rental
24.813927,67.00646774,45000.0,45000.0,45000,45000,10227.27,10227.27,1,4.4,Karachi,Sindh,Clifton,Flat,2.0,2.0,rental
24.813927,67.01261,92726.03,85000.0,18000,325000,10074.24,8732.39,219,9.72,Karachi,Sindh,Clifton,Flat,2.83,2.56,rental
24.81403398,67.04884171,325000.0,325000.0,325000,325000,16250.0,16250.0,1,20.0,Karachi,Sindh,DHA Defence,House,5.0,6.0,rental
24.81406808,66.99580417,50000.0,50000.0,50000,50000,5681.82,5681.82,1,8.8,Karachi,Sindh,Clifton,Flat,3.0,3.0,rental
24.8142,67.040935,235000.0,220000.0,195000,290000,9333.33,9750.0,3,26.67,Karachi,Sindh,Zamzama,House,3.67,4.0,rental
24.81455,67.070672,49397.06,45000.0,15000,105000,9869.63,9115.65,68,5.3,Karachi,Sindh,DHA Defence,Flat,2.41,2.44,rental
24.81483941,67.08060795,110000.0,110000.0,110000,110000,50000.0,50000.0,1,2.2,Karachi,Sindh,DHA Defence,Upper Portion,3.0,4.0,rental
24.81522692,67.00153291,200000.0,200000.0,200000,200000,18518.52,18518.52,1,10.8,Karachi,Sindh,Clifton,House,4.0,5.0,rental
24.81545577,67.01009821,150000.0,150000.0,150000,150000,12500.0,12500.0,1,12.0,Karachi,Sindh,Clifton,Lower Portion,3.0,0.0,rental
24.81548025,67.00953619,90000.0,90000.0,90000,90000,11250.0,11250.0,1,8.0,Karachi,Sindh,Clifton,Lower Portion,3.0,3.0,rental
24.8157091,67.01724217,150000.0,150000.0,150000,150000,15000.0,15000.0,1,10.0,Karachi,Sindh,Clifton,House,4.0,4.0,rental
24.81673784,67.07714979,200000.0,200000.0,200000,200000,16666.67,16666.67,1,12.0,Karachi,Sindh,DHA Defence,House,5.0,6.0,rental
24.817121,66.998363,78510.2,55000.0,20000,250000,9845.7,7580.65,49,7.43,Karachi,Sindh,Clifton,Flat,2.86,2.61,rental
24.817122,66.99836,65000.0,65000.0,65000,65000,7303.37,7303.37,1,8.9,Karachi,Sindh,Clifton,Flat,3.0,4.0,rental
24.817218,67.079997,95000.0,95000.0,95000,95000,7916.67,7916.67,1,12.0,Karachi,Sindh,DHA Defence,Lower Portion,3.0,3.0,rental
24.81733847,67.05815434,200000.0,200000.0,200000,200000,10000.0,10000.0,1,20.0,Karachi,Sindh,DHA Defence,House,4.0,4.0,rental
24.817549,67.040842,48333.33,47500.0,30000,70000,10769.88,9952.35,6,4.43,Karachi,Sindh,DHA Defence,Flat,2.33,2.33,rental
24.817744,67.105043,24000.0,25000.0,15000,30000,5937.5,5208.33,5,4.16,Karachi,Sindh,Korangi,House,2.0,2.0,rental
24.817883,67.03291,150000.0,150000.0,150000,150000,10204.08,10204.08,1,14.7,Karachi,Sindh,Old Clifton,Flat,4.0,4.0,rental
24.817883,67.032915,225000.0,225000.0,225000,225000,25280.9,25280.9,1,8.9,Karachi,Sindh,Old Clifton,Flat,3.0,3.0,rental
24.818796,67.102382,12000.0,12000.0,12000,12000,6000.0,6000.0,1,2.0,Karachi,Sindh,Korangi,Upper Portion,2.0,1.0,rental
24.819653,67.077749,98213.84,100000.0,19000,300000,17056.71,13333.33,159,8.86,Karachi,Sindh,DHA Defence,House,3.1,3.03,rental
24.819653,67.07775,45000.0,45000.0,45000,45000,10738.64,10738.64,2,4.2,Karachi,Sindh,DHA Defence,Flat,2.0,2.0,rental
24.82025842,67.01280523,70000.0,70000.0,70000,70000,7865.17,7865.17,1,8.9,Karachi,Sindh,Clifton,Flat,3.0,0.0,rental
24.820393,67.0468,22625.0,20000.0,17000,35000,6597.58,6373.95,8,3.4,Karachi,Sindh,Gizri,Flat,1.88,1.88,rental
24.820432,67.029383,116925.53,100000.0,20000,325000,14743.15,11224.49,94,9.11,Karachi,Sindh,Clifton,Flat,2.9,2.72,rental
24.82043266,67.0293808,175000.0,175000.0,175000,175000,17500.0,17500.0,1,10.0,Karachi,Sindh,Clifton,House,4.0,5.0,rental
24.821094,67.043195,78001.67,31500.0,20010,180000,6265.67,5755.36,6,15.87,Karachi,Sindh,Gizri,Flat,3.33,2.67,rental
24.821095,67.0432,20000.0,20000.0,20000,20000,4545.45,4545.45,1,4.4,Karachi,Sindh,Gizri,Flat,3.0,2.0,rental
24.821172,67.039404,55500.0,55500.0,16000,95000,7733.79,7733.79,2,6.4,Karachi,Sindh,Cantt,Flat,2.5,2.5,rental
24.82134723,67.13040099,90000.0,90000.0,90000,90000,9000.0,9000.0,1,10.0,Karachi,Sindh,Korangi,Lower Portion,0.0,0.0,rental
24.821638,67.07169,192500.0,192500.0,135000,250000,9625.0,9625.0,2,20.0,Karachi,Sindh,DHA Defence,House,4.0,1.5,rental
24.82163811,67.07169342,95833.33,105000.0,27000,190000,8389.47,6500.0,6,14.03,Karachi,Sindh,DHA Defence,Flat,2.83,2.5,rental
24.821639,67.071691,126663.04,115000.0,17000,325000,8770.97,7000.0,368,17.26,Karachi,Sindh,DHA Defence,Upper Portion,3.25,3.0,rental
24.822217,67.046129,32000.0,32000.0,32000,32000,5000.0,5000.0,1,6.4,Karachi,Sindh,Gizri Road,Lower Portion,4.0,2.0,rental
24.822431,67.120033,24142.86,25000.0,22000,25000,4995.59,4901.96,7,4.86,Karachi,Sindh,Korangi,Flat,1.86,1.71,rental
24.82249832,67.03256989,130000.0,130000.0,130000,130000,10833.33,10833.33,1,12.0,Karachi,Sindh,Clifton,Lower Portion,3.0,3.0,rental
24.822535,67.084572,16000.0,16000.0,16000,16000,4000.0,4000.0,1,4.0,Karachi,Sindh,Qayyumabad,Flat,2.0,1.0,rental
24.822964,67.112768,71000.0,70000.0,32000,160000,4409.33,4000.0,15,17.37,Karachi,Sindh,Korangi,Upper Portion,2.8,3.07,rental
24.822964,67.11277,67500.0,67500.0,65000,70000,4218.75,4218.75,2,16.0,Karachi,Sindh,Korangi,Upper Portion,3.5,3.5,rental
24.82337996,67.03760594,75000.0,75000.0,75000,75000,9868.42,9868.42,1,7.6,Karachi,Sindh,Clifton,Flat,3.0,3.0,rental
24.823597,67.061865,51666.67,35000.0,30000,105000,7125.4,8064.52,9,7.79,Karachi,Sindh,DHA Defence,Flat,1.56,1.67,rental
24.823597,67.06187,70000.0,70000.0,70000,70000,7865.17,7865.17,1,8.9,Karachi,Sindh,DHA Defence,Flat,3.0,3.0,rental
24.82363676,67.07653103,50000.0,50000.0,50000,50000,12500.0,12500.0,1,4.0,Karachi,Sindh,DHA Defence,Flat,2.0,2.0,rental
24.823704,67.08307,15000.0,15000.0,15000,15000,2500.0,2500.0,1,6.0,Karachi,Sindh,Qayyumabad,Flat,3.0,3.0,rental
24.823782,67.039905,247500.0,245000.0,200000,325000,15726.19,16785.71,18,16.33,Karachi,Sindh,Zamzama,House,3.72,3.78,rental
24.823976,67.045341,190000.0,190000.0,190000,190000,7307.69,7307.69,1,26.0,Karachi,Sindh,Gizri,House,4.0,4.0,rental
24.824083,67.062112,83750.0,52500.0,30000,200000,8492.51,8413.59,4,9.32,Karachi,Sindh,DHA Defence,Flat,3.0,3.25,rental
24.82409286,67.06140137,190000.0,190000.0,190000,190000,15833.33,15833.33,1,12.0,Karachi,Sindh,DHA Defence,House,4.0,5.0,rental
24.824093,67.0614,178333.33,200000.0,135000,200000,11915.95,13888.89,3,17.47,Karachi,Sindh,DHA Defence,House,4.0,4.67,rental
24.824093,67.061405,122724.49,110000.0,28000,325000,10192.99,8333.33,196,13.7,Karachi,Sindh,DHA Defence,House,3.1,2.68,rental
24.824911,67.08101,15500.0,15500.0,15000,16000,4843.75,4843.75,2,3.2,Karachi,Sindh,Qayyumabad,Flat,2.0,1.5,rental
24.825027,67.03158,80000.0,80000.0,70000,90000,9197.1,9197.1,2,8.7,Karachi,Sindh,Clifton,Flat,3.5,3.5,rental
24.82502747,67.03157806,107500.0,107500.0,65000,150000,10110.89,10110.89,2,10.2,Karachi,Sindh,Clifton,Flat,3.5,4.0,rental
24.825028,67.031579,92846.94,75000.0,30000,300000,10789.13,10000.0,98,8.46,Karachi,Sindh,Clifton,Flat,2.54,2.64,rental
24.82512313,67.07646507,120000.0,120000.0,120000,120000,6000.0,6000.0,1,20.0,Karachi,Sindh,DHA Defence,Upper Portion,4.0,5.0,rental
24.82554533,67.02773139,85000.0,85000.0,85000,85000,8673.47,8673.47,1,9.8,Karachi,Sindh,Clifton,Flat,0.0,0.0,rental
24.825807,67.080753,17500.0,17500.0,15000,20000,2843.75,2843.75,2,11.6,Karachi,Sindh,Qayyumabad,Flat,2.5,1.5,rental
24.82588526,67.05871221,38000.0,38000.0,38000,38000,9500.0,9500.0,1,4.0,Karachi,Sindh,DHA Defence,Flat,2.0,2.0,rental
24.82593125,67.02772518,45000.0,45000.0,45000,45000,10227.27,10227.27,1,4.4,Karachi,Sindh,Clifton,Flat,0.0,0.0,rental
24.82593373,67.03040224,85000.0,85000.0,85000,85000,9550.56,9550.56,1,8.9,Karachi,Sindh,Clifton,Flat,0.0,0.0,rental
24.826208,67.3546,25333.33,30000.0,11000,35000,3258.33,3437.5,3,136.0,Karachi,Sindh,Bin Qasim Town,Farm House,2.0,3.0,rental
24.826235,67.108905,23857.14,20000.0,8000,50000,7223.92,5882.35,7,3.24,Karachi,Sindh,Korangi,Flat,1.43,0.86,rental
24.826385,67.04568,23000.0,23000.0,23000,23000,5750.0,5750.0,1,4.0,Karachi,Sindh,P & T Colony,Flat,3.0,2.0,rental
24.8263855,67.04567719,26000.0,26000.0,26000,26000,6500.0,6500.0,1,4.0,Karachi,Sindh,P & T Colony,Flat,3.0,2.0,rental
24.826386,67.045677,32750.0,23500.0,18000,100000,6397.17,5744.05,8,4.82,Karachi,Sindh,P & T Colony,Flat,2.38,2.0,rental
24.826391,67.029555,57500.0,57500.0,50000,65000,7999.62,7999.62,2,7.25,Karachi,Sindh,Clifton,Flat,3.0,3.0,rental
24.826625,67.037923,130206.9,100000.0,50000,300000,12750.35,11306.82,58,10.28,Karachi,Sindh,Clifton,Flat,2.93,2.91,rental
24.827042,67.105828,12000.0,12000.0,12000,12000,6666.67,6666.67,2,1.8,Karachi,Sindh,Korangi,Flat,2.0,1.0,rental
24.827153,67.043722,75000.0,75000.0,75000,75000,10261.87,10261.87,2,7.55,Karachi,Sindh,Cantt,Flat,3.0,3.0,rental
24.82717014,67.0567701,250000.0,250000.0,250000,250000,20833.33,20833.33,1,12.0,Karachi,Sindh,DHA Defence,House,5.0,5.0,rental
24.827404,67.07865,12000.0,12000.0,12000,12000,6315.79,6315.79,1,1.9,Karachi,Sindh,Qayyumabad,Flat,1.0,1.0,rental
24.828138,67.110438,12000.0,12000.0,12000,12000,6000.0,6000.0,1,2.0,Karachi,Sindh,Korangi,Flat,2.0,1.0,rental
24.82829645,67.05509153,45000.0,45000.0,45000,45000,10714.29,10714.29,1,4.2,Karachi,Sindh,DHA Defence,Flat,2.0,2.0,rental
24.82865,67.023461,55000.0,55000.0,55000,55000,6875.0,6875.0,1,8.0,Karachi,Sindh,Clifton,Flat,3.0,3.0,rental
24.82865,67.103448,30000.0,30000.0,30000,30000,6250.0,6250.0,1,4.8,Karachi,Sindh,Korangi,Upper Portion,3.0,3.0,rental
24.829429,67.11942,27000.0,27000.0,27000,27000,5625.0,5625.0,1,4.8,Karachi,Sindh,Korangi,Upper Portion,0.0,0.0,rental
24.82960575,67.06901662,35000.0,35000.0,35000,35000,6603.77,6603.77,1,5.3,Karachi,Sindh,DHA Defence,Flat,2.0,2.0,rental
24.829858,67.072345,38000.0,37500.0,32000,45000,8664.24,8452.38,8,4.4,Karachi,Sindh,DHA Defence,Flat,1.5,1.88,rental
24.829859,67.07234,37000.0,37000.0,37000,37000,8809.52,8809.52,1,4.2,Karachi,Sindh,DHA Defence,Flat,2.0,2.0,rental
24.830013,67.024791,50000.0,50000.0,45000,55000,10813.68,10813.68,2,4.65,Karachi,Sindh,Clifton,Flat,2.0,2.5,rental
24.830149,67.036327,135000.0,135000.0,135000,135000,33750.0,33750.0,1,4.0,Karachi,Sindh,DHA Defence,House,4.0,0.0,rental
24.83037376,67.05004334,18000.0,18000.0,18000,18000,900.0,900.0,1,20.0,Karachi,Sindh,DHA Defence,Room,1.0,1.0,rental
24.83040619,67.05376434,50000.0,50000.0,50000,50000,2500.0,2500.0,1,20.0,Karachi,Sindh,DHA Defence,Room,3.0,3.0,rental
24.830948,67.047329,23625.0,18000.0,13500,45000,4943.4,4952.59,4,4.58,Karachi,Sindh,Punjab Colony,Flat,2.75,2.0,rental
24.830948,67.04733,14000.0,14000.0,14000,14000,4516.13,4516.13,1,3.1,Karachi,Sindh,Punjab Colony,Flat,2.0,2.0,rental
24.83096727,67.06994157,42000.0,42000.0,42000,42000,10500.0,10500.0,1,4.0,Karachi,Sindh,DHA Defence,Flat,2.0,2.0,rental
24.831102,67.113656,12000.0,12000.0,12000,12000,2500.0,2500.0,1,4.8,Karachi,Sindh,Korangi,Upper Portion,3.0,3.0,rental
24.83114243,67.02676392,166666.67,170000.0,130000,200000,15211.64,15740.74,3,10.93,Karachi,Sindh,Clifton,House,4.0,4.0,rental
24.831143,67.026765,102978.72,75000.0,45000,320000,13005.29,10000.0,47,8.66,Karachi,Sindh,Clifton,Flat,3.4,3.45,rental
24.831493,67.079122,30000.0,30000.0,30000,30000,6250.0,6250.0,1,4.8,Karachi,Sindh,Royal Defence Tower,House,2.0,2.0,rental
24.831727,67.043931,23833.33,22500.0,9000,35000,7071.01,5733.41,18,4.11,Karachi,Sindh,Delhi Colony,Flat,2.5,2.28,rental
24.83179,67.124895,10000.0,10000.0,10000,10000,3333.33,3333.33,1,3.0,Karachi,Sindh,Korangi,House,2.0,1.0,rental
24.832015,67.040252,96666.67,100000.0,90000,100000,7203.37,9183.67,3,34.23,Karachi,Sindh,Clifton,Flat,3.0,3.67,rental
24.832078,67.129869,34307.69,25000.0,10000,90000,5377.4,5208.33,13,7.2,Karachi,Sindh,Korangi,Lower Portion,2.77,2.69,rental
24.832117,67.063637,51689.39,40000.0,15000,260000,8893.25,8333.33,132,6.29,Karachi,Sindh,DHA Defence,Flat,2.31,2.29,rental
24.83214588,67.07448363,100000.0,100000.0,100000,100000,12658.23,12658.23,1,7.9,Karachi,Sindh,DHA Defence,Flat,0.0,0.0,rental
24.83236974,67.03992403,65000.0,65000.0,65000,65000,1354.17,1354.17,1,48.0,Karachi,Sindh,Clifton,Flat,2.0,2.0,rental
24.83242,67.06886,45000.0,45000.0,45000,45000,9183.67,9183.67,1,4.9,Karachi,Sindh,DHA Defence,Flat,3.0,3.0,rental
24.83242,67.068866,34800.0,35500.0,20000,60000,9109.24,8801.84,10,4.1,Karachi,Sindh,DHA Defence,Flat,2.0,2.0,rental
24.832467,67.241735,58500.0,58500.0,27000,90000,10312.5,10312.5,2,5.4,Karachi,Sindh,Bin Qasim Town,House,6.5,5.5,rental
24.832544,67.03595,66500.0,66500.0,48000,85000,13346.71,13346.71,2,5.85,Karachi,Sindh,Clifton,Flat,2.5,2.5,rental
24.83254433,67.03594971,20000.0,20000.0,20000,20000,40000.0,40000.0,1,0.5,Karachi,Sindh,Clifton,Room,1.0,1.0,rental
24.832545,67.035949,99148.15,85000.0,50000,325000,10962.29,10674.16,81,9.22,Karachi,Sindh,Clifton,Flat,3.06,3.44,rental
24.834151,67.030529,128333.33,130000.0,125000,130000,13235.39,13265.31,3,9.7,Karachi,Sindh,Bath Island,Flat,3.0,5.33,rental
24.834337,67.055397,121773.08,105000.0,12000,325000,8011.68,8062.5,130,18.47,Karachi,Sindh,DHA Defence,Flat,3.09,2.89,rental
24.834337,67.0554,30000.0,30000.0,30000,30000,7142.86,7142.86,1,4.2,Karachi,Sindh,DHA Defence,Flat,2.0,2.0,rental
24.83433723,67.05539703,30000.0,30000.0,30000,30000,7500.0,7500.0,1,4.0,Karachi,Sindh,DHA Defence,Flat,2.0,2.0,rental
24.834479,67.039121,42000.0,35000.0,28000,70000,8029.59,8080.69,4,5.52,Karachi,Sindh,Punjab Chowrangi,Flat,2.75,2.5,rental
24.834665,67.038546,120000.0,120000.0,120000,120000,11214.95,11214.95,1,10.7,Karachi,Sindh,Cantt,Flat,3.0,3.0,rental
24.834932,67.037662,100000.0,100000.0,100000,100000,11235.96,11235.96,1,8.9,Karachi,Sindh,Khaliq-uz-Zaman Road,Flat,3.0,4.0,rental
24.834978,67.08026,85000.0,85000.0,10000,160000,12857.14,12857.14,2,14.25,Karachi,Sindh,Defence View Society,Room,2.0,2.0,rental
24.834979,67.080263,16833.33,14500.0,7000,35000,8263.89,6145.83,6,3.1,Karachi,Sindh,Defence View Society,Room,1.5,1.5,rental
24.83566,67.0286,100000.0,85000.0,80000,135000,9362.24,8673.47,3,10.53,Karachi,Sindh,Bath Island,Flat,3.33,3.33,rental
24.835661,67.028604,134806.2,125000.0,30000,325000,12192.02,12068.97,129,11.16,Karachi,Sindh,Bath Island,Flat,3.5,3.75,rental
24.835718,67.154935,30000.0,30000.0,20000,40000,2812.5,2812.5,2,11.2,Karachi,Sindh,Korangi,House,3.0,3.0,rental
24.835748,67.028184,125000.0,125000.0,125000,125000,14044.94,14044.94,1,8.9,Karachi,Sindh,Gulshan-E-Faisal,Flat,3.0,3.0,rental
24.83666925,67.02667698,100000.0,100000.0,100000,100000,10000.0,10000.0,1,10.0,Karachi,Sindh,Bath Island,House,0.0,0.0,rental
24.83754015,67.02866837,95000.0,95000.0,95000,95000,8878.5,8878.5,1,10.7,Karachi,Sindh,Bath Island,Flat,4.0,4.0,rental
24.83812702,67.03160028,150000.0,150000.0,150000,150000,16853.93,16853.93,1,8.9,Karachi,Sindh,Bath Island,Flat,3.0,4.0,rental
24.838338,67.055746,193181.82,180000.0,80000,300000,13214.95,12142.86,11,14.84,Karachi,Sindh,Naval Housing Scheme,House,4.18,4.64,rental
24.838339,67.05575,140000.0,140000.0,140000,140000,10000.0,10000.0,1,14.0,Karachi,Sindh,Naval Housing Scheme,House,5.0,5.0,rental
24.838358,67.029079,170000.0,170000.0,170000,170000,13709.68,13709.68,1,12.4,Karachi,Sindh,Bath Island,Flat,4.0,4.0,rental
24.83855896,67.03314051,65000.0,65000.0,65000,65000,984.85,984.85,1,66.0,Karachi,Sindh,Frere Town,Flat,3.0,3.0,rental
24.83866,67.17456,14333.33,15000.0,10000,18000,3541.67,3750.0,3,4.0,Karachi,Sindh,Landhi,House,2.0,1.33,rental
24.838874,67.080156,25566.67,22000.0,15000,45000,8945.07,5208.33,15,4.23,Karachi,Sindh,Defence View Society,Flat,1.93,1.73,rental
24.83887482,67.08015442,32000.0,32000.0,32000,32000,6400.0,6400.0,1,5.0,Karachi,Sindh,Defence View Society,Upper Portion,2.0,2.0,rental
24.838875,67.080154,18000.0,18000.0,18000,18000,36000.0,36000.0,1,0.5,Karachi,Sindh,Defence View Society,Room,2.0,2.0,rental
24.83899974,67.20039722,14000.0,14000.0,14000,14000,2800.0,2800.0,1,5.0,Karachi,Sindh,Landhi,House,3.0,1.0,rental
24.839945,67.074065,12000.0,12000.0,12000,12000,3157.89,3157.89,1,3.8,Karachi,Sindh,Jamshed Town,Flat,1.0,1.0,rental
24.840256,67.079061,27370.37,24000.0,12000,60000,5620.01,5000.0,27,4.9,Karachi,Sindh,Defence View Society,Flat,2.0,2.04,rental
24.8405713,67.06575036,35000.0,35000.0,35000,35000,8750.0,8750.0,1,4.0,Karachi,Sindh,DHA Defence,Flat,2.0,2.0,rental
24.841065,67.037424,87448.72,90000.0,45000,135000,9921.95,9892.47,78,8.97,Karachi,Sindh,Frere Town,Flat,2.86,2.29,rental
24.84122272,67.08085048,38000.0,38000.0,38000,38000,7916.67,7916.67,1,4.8,Karachi,Sindh,Defence View Society,Lower Portion,2.0,2.0,rental
24.84144384,67.03487388,120000.0,120000.0,120000,120000,11764.71,11764.71,1,10.2,Karachi,Sindh,Civil Lines,Flat,3.0,4.0,rental
24.841638,67.033411,130000.0,130000.0,130000,130000,14606.74,14606.74,1,8.9,Karachi,Sindh,Civil Lines,Flat,3.0,4.0,rental
24.842593,67.082494,9000.0,9000.0,9000,9000,1875.0,1875.0,1,4.8,Karachi,Sindh,Defence View Society,Room,10.0,10.0,rental
24.842671,67.181175,18000.0,18000.0,18000,18000,2812.5,2812.5,1,6.4,Karachi,Sindh,Landhi,Upper Portion,3.0,2.0,rental
24.842983,67.065697,135729.17,112500.0,22000,325000,7032.44,7046.34,96,20.84,Karachi,Sindh,DHA Defence,Upper Portion,3.5,3.16,rental
24.84389384,67.03698101,75000.0,75000.0,75000,75000,10563.38,10563.38,1,7.1,Karachi,Sindh,Civil Lines,Flat,3.0,3.0,rental
24.844366,67.146878,48142.86,25000.0,24000,160000,10800.3,6250.0,7,4.5,Karachi,Sindh,Korangi Road,Lower Portion,2.14,2.71,rental
24.845359,67.002655,20000.0,20000.0,20000,20000,1000.0,1000.0,1,20.0,Karachi,Sindh,Old Queens Road,Room,1.0,1.0,rental
24.84537431,67.03685686,45000.0,45000.0,45000,45000,8490.57,8490.57,1,5.3,Karachi,Sindh,Civil Lines,Flat,2.0,2.0,rental
24.845402,67.024439,16000.0,16000.0,16000,16000,8888.89,8888.89,1,1.8,Karachi,Sindh,Beaumont Road,Lower Portion,2.0,1.0,rental
24.845576,67.054217,13000.0,13000.0,13000,13000,4062.5,4062.5,2,3.2,Karachi,Sindh,Defence Garden,Flat,0.5,0.5,rental
24.84567,67.030077,100886.08,100000.0,40000,170000,11405.84,11682.24,79,8.86,Karachi,Sindh,Civil Lines,Flat,3.13,3.08,rental
24.8456707,67.03007507,110000.0,110000.0,110000,110000,10280.37,10280.37,1,10.7,Karachi,Sindh,Civil Lines,Flat,4.0,5.0,rental
24.845753,67.02215,65000.0,65000.0,65000,65000,9285.71,9285.71,1,7.0,Karachi,Sindh,MT Khan Road,Flat,0.0,3.0,rental
24.846916,67.041437,110000.0,110000.0,110000,110000,10784.31,10784.31,1,10.2,Karachi,Sindh,Cantt,Flat,0.0,0.0,rental
24.847188,67.106724,25000.0,25000.0,25000,25000,5208.33,5208.33,1,4.8,Karachi,Sindh,Korangi,House,4.0,3.0,rental
24.847578,67.063808,33285.71,35000.0,25000,40000,6648.13,6451.61,7,5.17,Karachi,Sindh,Jamshed Town,Flat,2.43,0.57,rental
24.848067,67.031176,50000.0,50000.0,50000,50000,3125.0,3125.0,1,16.0,Karachi,Sindh,Abdullah Haroon Road,Upper Portion,4.0,4.0,rental
24.84898465,67.07400955,13000.0,13000.0,13000,13000,43333.33,43333.33,1,0.3,Karachi,Sindh,Azam Town,Room,2.0,2.0,rental
24.849896,67.261334,10000.0,10000.0,10000,10000,3125.0,3125.0,1,3.2,Karachi,Sindh,Bin Qasim Town,House,2.0,2.0,rental
24.850177,67.041094,117500.0,120000.0,90000,135000,10870.92,11214.95,6,10.8,Karachi,Sindh,Cantt,Flat,3.0,3.5,rental
24.850265,67.085216,45000.0,45000.0,45000,45000,18750.0,18750.0,1,2.4,Karachi,Sindh,Manzoor Colony,House,0.0,0.0,rental
24.85055,67.130354,27500.0,27500.0,25000,30000,4479.17,4479.17,2,6.4,Karachi,Sindh,Korangi,House,2.0,1.5,rental
24.851874,67.068437,21000.0,21000.0,20000,22000,4742.06,4742.06,2,4.6,Karachi,Sindh,Mehmoodabad,Flat,3.0,1.0,rental
24.85196286,67.31980757,20000.0,20000.0,20000,20000,50.0,50.0,1,400.0,Karachi,Sindh,Bin Qasim Town,Farm House,2.0,4.0,rental
24.852173,67.289715,20000.0,20000.0,20000,20000,6250.0,6250.0,1,3.2,Karachi,Sindh,Bin Qasim Town,House,4.0,4.0,rental
24.85273977,67.07326956,25000.0,25000.0,25000,25000,5208.33,5208.33,1,4.8,Karachi,Sindh,Mehmoodabad,Upper Portion,2.0,3.0,rental
24.852831,67.333047,10000.0,10000.0,10000,10000,3125.0,3125.0,1,3.2,Karachi,Sindh,Shah Town,Flat,3.0,2.0,rental
24.853535,67.071985,19333.33,15000.0,15000,28000,6111.11,6250.0,3,3.2,Karachi,Sindh,Mehmoodabad,Lower Portion,2.33,0.0,rental
24.853864,67.075562,18500.0,16000.0,8000,30000,5067.86,5454.55,27,5.33,Karachi,Sindh,Mehmoodabad,Flat,2.33,1.63,rental
24.853865,67.07556,22500.0,22500.0,20000,25000,4910.71,4910.71,2,4.8,Karachi,Sindh,Mehmoodabad,Flat,2.5,2.5,rental
24.854148,67.073705,19000.0,15000.0,15000,25000,3854.17,3125.0,5,5.92,Karachi,Sindh,Mehmoodabad,Flat,2.4,2.4,rental
24.854217,67.012351,15000.0,15000.0,15000,15000,37500.0,37500.0,1,0.4,Karachi,Sindh,Pakistan Chowk,Room,0.0,0.0,rental
24.854867,67.058804,50000.0,50000.0,50000,50000,7462.69,7462.69,1,6.7,Karachi,Sindh,Jamshed Town,Flat,0.0,0.0,rental
24.855101,67.077272,20857.14,20000.0,12000,32000,5554.23,5000.0,7,3.91,Karachi,Sindh,Mehmoodabad,Flat,2.86,1.57,rental
24.85530472,67.06667703,80000.0,80000.0,80000,80000,9090.91,9090.91,1,8.8,Karachi,Sindh,Jamshed Town,Upper Portion,4.0,4.0,rental
24.855866,67.079337,15000.0,15000.0,15000,15000,4687.5,4687.5,1,3.2,Karachi,Sindh,Mehmoodabad,Penthouse,2.0,0.0,rental
24.855992,67.009472,31500.0,28000.0,25000,48000,5399.75,5293.74,6,5.95,Karachi,Sindh,M. A. Jinnah Road,Flat,2.83,2.67,rental
24.857234,67.299333,28000.0,28000.0,28000,28000,3500.0,3500.0,1,8.0,Karachi,Sindh,Bin Qasim Town,Upper Portion,3.0,3.0,rental
24.857235,67.05647,127500.0,112500.0,60000,225000,5900.3,5208.33,4,22.5,Karachi,Sindh,Jamshed Town,House,4.0,4.0,rental
24.857244,67.2729,12000.0,12000.0,12000,12000,4000.0,4000.0,1,3.0,Karachi,Sindh,Bin Qasim Town,Flat,3.0,3.0,rental
24.85903549,67.14424133,29000.0,29000.0,29000,29000,4531.25,4531.25,1,6.4,Karachi,Sindh,Saima Luxury Homes,House,3.0,3.0,rental
24.859036,67.144243,31250.0,31250.0,30000,32500,4882.81,4882.81,2,6.4,Karachi,Sindh,Saima Luxury Homes,House,3.0,3.0,rental
24.859299,67.055311,119500.0,62500.0,50000,300000,8142.17,6740.59,10,14.22,Karachi,Sindh,Jamshed Town,Upper Portion,2.7,2.2,rental
24.86009728,67.08227277,40000.0,40000.0,40000,40000,9523.81,9523.81,1,4.2,Karachi,Sindh,Mehmoodabad,Flat,2.0,2.0,rental
24.860389,67.027795,33714.29,30000.0,25000,45000,6247.35,5102.04,7,5.74,Karachi,Sindh,Saddar Town,Flat,2.29,2.29,rental
24.861197,67.154875,14000.0,14000.0,14000,14000,4375.0,4375.0,1,3.2,Karachi,Sindh,Korangi,Upper Portion,3.0,2.0,rental
24.861596,67.05471,106000.0,80000.0,50000,325000,7508.87,7395.83,10,14.14,Karachi,Sindh,Jamshed Town,Flat,2.9,3.5,rental
24.862453,67.080925,46892.86,38250.0,23000,120000,5585.47,4972.13,14,9.01,Karachi,Sindh,Jamshed Town,Upper Portion,2.86,2.43,rental
24.862687,67.090327,105000.0,105000.0,30000,180000,14375.0,14375.0,2,6.4,Karachi,Sindh,Cantt,Flat,2.5,2.5,rental
24.862889,67.044288,31250.0,27500.0,15000,55000,6520.19,6467.8,4,4.88,Karachi,Sindh,Jamshed Town,Flat,3.0,2.5,rental
24.863952,67.075031,80428.57,60000.0,17000,300000,8620.53,7746.48,21,9.85,Karachi,Sindh,Shahra-e-Faisal,Flat,3.0,2.57,rental
24.86424828,67.085495,25000.0,25000.0,25000,25000,6944.44,6944.44,1,3.6,Karachi,Sindh,Shaheed-e-Millat Expressway,Flat,2.0,3.0,rental
24.864595,67.066126,124431.03,100000.0,10000,300000,9923.56,8371.21,58,13.46,Karachi,Sindh,Jamshed Town,House,3.53,3.29,rental
24.865828,67.088388,162500.0,162500.0,135000,190000,9571.43,9571.43,2,17.0,Karachi,Sindh,Falcon Complex Faisal,House,4.5,4.5,rental
24.86613,67.336715,55000.0,55000.0,55000,55000,6179.78,6179.78,1,8.9,Karachi,Sindh,Stadium Road,Flat,3.0,3.0,rental
24.866179,67.03944,20000.0,20000.0,20000,20000,27777.78,27777.78,2,2.0,Karachi,Sindh,Lines Area,Upper Portion,2.0,1.0,rental
24.866717,67.089738,87500.0,87500.0,55000,120000,5660.71,5660.71,2,17.0,Karachi,Sindh,Cantt,House,2.0,2.0,rental
24.867372,67.082591,50000.0,50000.0,40000,60000,6395.17,6540.33,4,7.9,Karachi,Sindh,Baloch Colony,Lower Portion,1.5,1.5,rental
24.867373,67.08259,45000.0,45000.0,45000,45000,5625.0,5625.0,1,8.0,Karachi,Sindh,Baloch Colony,Upper Portion,3.0,2.0,rental
24.868021,67.071144,45000.0,45000.0,35000,55000,5625.0,5625.0,2,8.0,Karachi,Sindh,Hill Park,House,1.5,0.5,rental
24.868021,67.071147,97833.33,72500.0,30000,275000,9910.94,9292.76,12,14.49,Karachi,Sindh,Hill Park,Upper Portion,3.42,3.67,rental
24.868114,67.35553,10000.0,10000.0,10000,10000,4166.67,4166.67,1,2.4,Karachi,Sindh,Bin Qasim Town,House,2.0,1.0,rental
24.869033,67.202682,25000.0,25000.0,25000,25000,7812.5,7812.5,1,3.2,Karachi,Sindh,Malir,House,0.0,0.0,rental
24.869034,67.20268,24000.0,24000.0,24000,24000,7500.0,7500.0,1,3.2,Karachi,Sindh,Malir,House,0.0,0.0,rental
24.86911,67.060974,65000.0,65000.0,65000,65000,8125.0,8125.0,1,8.0,Karachi,Sindh,Jamshed Town,Upper Portion,4.0,4.0,rental
24.869111,67.060976,83437.5,55000.0,18000,200000,10755.98,10525.76,16,7.75,Karachi,Sindh,Jamshed Town,Flat,3.0,2.62,rental
24.869228,67.352529,19000.0,19000.0,19000,19000,3958.33,3958.33,1,4.8,Karachi,Sindh,Bin Qasim Town,House,4.0,2.0,rental
24.869924,67.061547,80000.0,80000.0,80000,80000,10000.0,10000.0,1,8.0,Karachi,Sindh,Tariq Road,Penthouse,5.0,4.0,rental
24.870513,67.202722,18000.0,18000.0,18000,18000,3750.0,3750.0,1,4.8,Karachi,Sindh,Malir,House,2.0,3.0,rental
24.87063,67.084143,74000.0,75000.0,45000,95000,7381.78,6666.67,5,10.4,Karachi,Sindh,Gulshan-e-Iqbal Town,Lower Portion,2.0,2.4,rental
24.87115479,67.05957031,25000.0,25000.0,25000,25000,6250.0,6250.0,1,4.0,Karachi,Sindh,Tariq Road,Flat,3.0,0.0,rental
24.871155,67.05957,35428.57,23000.0,21000,80000,8191.38,7333.33,7,4.49,Karachi,Sindh,Tariq Road,Flat,2.71,0.57,rental
24.871155,67.059571,45822.22,27000.0,20000,300000,8345.11,7894.74,45,5.61,Karachi,Sindh,Tariq Road,Flat,2.31,1.93,rental
24.87123285,67.02448052,37000.0,37000.0,37000,37000,6607.14,6607.14,1,5.6,Karachi,Sindh,Saddar Town,Flat,2.0,2.0,rental
24.87124,67.023994,38333.33,35000.0,30000,50000,5782.25,6122.45,3,6.73,Karachi,Sindh,Saddar Town,Flat,2.67,2.67,rental
24.871253,67.359738,15000.0,15000.0,10000,20000,3125.0,3125.0,2,4.8,Karachi,Sindh,Bin Qasim Town,Upper Portion,3.0,2.0,rental
24.87144661,67.05857086,40000.0,40000.0,40000,40000,6451.61,6451.61,1,6.2,Karachi,Sindh,Jamshed Town,Flat,3.0,3.0,rental
24.871447,67.05857,61666.67,50000.0,45000,90000,6586.02,7258.06,3,9.4,Karachi,Sindh,Jamshed Town,Upper Portion,3.0,3.0,rental
24.871447,67.058573,94312.5,70000.0,22000,300000,9733.53,8750.0,128,9.76,Karachi,Sindh,Jamshed Town,Upper Portion,3.1,2.97,rental
24.87145498,67.05493342,70000.0,70000.0,70000,70000,11666.67,11666.67,1,6.0,Karachi,Sindh,Jamshed Town,Flat,3.0,3.0,rental
24.871486,67.358794,25000.0,25000.0,18000,32000,3541.67,3541.67,2,7.2,Karachi,Sindh,Bin Qasim Town,Lower Portion,3.5,2.5,rental
24.87282056,67.07004971,65000.0,65000.0,65000,65000,7386.36,7386.36,1,8.8,Karachi,Sindh,Hill Park,Upper Portion,3.0,1.0,rental
24.872849,67.038424,65000.0,85000.0,10000,85000,9229.17,10000.0,5,7.6,Karachi,Sindh,Shahra-e-Qaideen,Flat,2.6,2.4,rental
24.873375,67.056787,91666.67,90000.0,75000,110000,9974.41,10280.37,3,9.17,Karachi,Sindh,Jamshed Town,Flat,3.67,4.0,rental
24.873394,67.069985,40000.0,40000.0,40000,40000,9090.91,9090.91,1,4.4,Karachi,Sindh,Gulshan-e-Iqbal Town,Upper Portion,0.0,0.0,rental
24.8734316,67.09133595,100000.0,100000.0,100000,100000,12500.0,12500.0,1,8.0,Karachi,Sindh,Shahra-e-Faisal,Flat,3.0,3.0,rental
24.873652,67.044956,26000.0,25000.0,20000,35000,7380.6,7407.41,5,3.54,Karachi,Sindh,Khudadad Colony,Flat,2.0,1.2,rental
24.873725,66.912678,35000.0,35000.0,35000,35000,1750.0,1750.0,1,20.0,Karachi,Sindh,Javed Bahria Coopretive Housing Society,Upper Portion,4.0,4.0,rental
24.873806,67.016224,30406.25,30000.0,7000,65000,6713.89,6085.53,16,5.12,Karachi,Sindh,Garden West,Flat,2.06,1.69,rental
24.873806,67.01623,26000.0,26000.0,22000,30000,4304.44,4304.44,2,6.55,Karachi,Sindh,Garden West,Flat,3.5,2.5,rental
24.87382088,67.16870259,18000.0,18000.0,18000,18000,3750.0,3750.0,1,4.8,Karachi,Sindh,Shah Faisal Town,House,3.0,3.0,rental
24.87407875,67.09083557,55000.0,55000.0,55000,55000,11000.0,11000.0,1,5.0,Karachi,Sindh,KDA Scheme 1,Flat,2.0,2.0,rental
24.874095,67.032258,25000.0,25000.0,25000,25000,3906.25,3906.25,1,6.4,Karachi,Sindh,Jamshed Town,Flat,3.0,2.0,rental
24.874134,67.079988,40000.0,45000.0,30000,45000,6879.53,7258.06,3,5.77,Karachi,Sindh,Gulshan-e-Iqbal Town,Flat,3.0,2.67,rental
24.87450543,67.08418045,255000.0,255000.0,255000,255000,12750.0,12750.0,1,20.0,Karachi,Sindh,Shaheed Millat Road,House,6.0,7.0,rental
24.874922,67.05732,58333.33,50000.0,45000,80000,9949.37,9574.47,3,5.8,Karachi,Sindh,Khalid Bin Walid Road,Flat,3.33,0.67,rental
24.874922,67.057322,84302.33,80000.0,35000,200000,9437.24,9677.42,43,9.1,Karachi,Sindh,Khalid Bin Walid Road,Flat,3.0,2.67,rental
24.87612,67.08533,107222.22,75000.0,35000,250000,7781.17,8333.33,9,14.18,Karachi,Sindh,Tipu Sultan Road,Flat,2.89,3.56,rental
24.876158,67.065396,50000.0,50000.0,50000,50000,8064.52,8064.52,1,6.2,Karachi,Sindh,Gulshan-e-Iqbal Town,Flat,3.0,3.0,rental
24.876195,67.179966,29562.5,17000.0,12000,120000,4899.03,3920.45,8,5.03,Karachi,Sindh,Malir,Lower Portion,2.88,2.62,rental
24.876626,67.018219,35333.33,33000.0,16000,55000,6498.17,6262.41,6,5.78,Karachi,Sindh,Saddar Town,Flat,2.5,1.83,rental
24.876665,67.175903,24800.0,22000.0,18000,40000,4579.41,4000.0,5,5.68,Karachi,Sindh,Shah Faisal Town,House,2.8,2.8,rental
24.876976,67.069237,72511.63,70000.0,28000,300000,9834.53,10256.41,43,7.45,Karachi,Sindh,Shaheed Millat Road,Flat,2.81,2.86,rental
24.876976,67.06924,55000.0,65000.0,25000,75000,8934.44,9375.0,3,5.93,Karachi,Sindh,Shaheed Millat Road,Flat,2.67,2.67,rental
24.877069,67.033277,35000.0,37500.0,25000,40000,7485.21,6781.61,6,4.87,Karachi,Sindh,Jamshed Town,Flat,2.67,2.33,rental
24.877151,67.03426,50000.0,50000.0,50000,50000,5102.04,5102.04,1,9.8,Karachi,Sindh,Jamshed Town,Flat,4.0,0.0,rental
24.877151,67.034261,50555.56,50000.0,35000,62000,7473.97,6716.42,9,7.08,Karachi,Sindh,Jamshed Town,Flat,3.44,3.33,rental
24.877171,67.044754,30000.0,30000.0,30000,30000,42857.14,42857.14,1,0.7,Karachi,Sindh,Jamshed Town,Flat,2.0,2.0,rental
24.87739458,67.04623461,37000.0,37000.0,37000,37000,6981.13,6981.13,1,5.3,Karachi,Sindh,Muslimabad Society,Flat,2.0,2.0,rental
24.877599,67.082427,30000.0,30000.0,30000,30000,6122.45,6122.45,1,4.9,Karachi,Sindh,Gulshan-e-Iqbal Town,Flat,2.0,2.0,rental
24.877722,67.067825,60000.0,60000.0,60000,60000,8955.22,8955.22,1,6.7,Karachi,Sindh,Gulshan-e-Iqbal Town,Flat,3.0,3.0,rental
24.877745,67.057938,85000.0,85000.0,85000,85000,11971.83,11971.83,1,7.1,Karachi,Sindh,Jamshed Town,Flat,3.0,3.0,rental
24.877949,67.087927,89826.09,70000.0,30000,260000,8310.52,8125.0,23,11.69,Karachi,Sindh,Gulshan-e-Iqbal Town,Flat,2.96,2.74,rental
24.878194,67.040152,55000.0,45000.0,45000,75000,7963.71,7258.06,3,6.8,Karachi,Sindh,Cosmopolitan Society,Flat,3.33,2.33,rental
24.878195,67.04015,70000.0,70000.0,70000,70000,7142.86,7142.86,1,9.8,Karachi,Sindh,Cosmopolitan Society,Flat,5.0,4.0,rental
24.878799,67.034094,42333.33,42000.0,35000,50000,6598.88,6086.96,3,6.43,Karachi,Sindh,Britto Road,Flat,2.0,0.0,rental
24.879039,67.183363,22666.67,25000.0,13000,30000,4625.0,3250.0,3,5.33,Karachi,Sindh,Shah Faisal Town,House,3.33,2.67,rental
24.879255,67.049402,90600.0,65000.0,48000,170000,12739.49,12500.0,5,6.82,Karachi,Sindh,Muslimabad Society,Flat,3.0,3.0,rental
24.879546,67.084229,111727.27,70000.0,29000,300000,8200.88,8333.33,11,13.21,Karachi,Sindh,Gulshan-e-Iqbal Town,Flat,3.73,3.45,rental
24.87970374,67.06444676,42000.0,42000.0,42000,42000,8571.43,8571.43,1,4.9,Karachi,Sindh,Shaheed Millat Road,Flat,2.0,2.0,rental
24.87985611,67.16989136,25800.0,20000.0,15000,38000,3997.27,4000.0,5,6.32,Karachi,Sindh,Shah Faisal Town,Lower Portion,2.6,2.6,rental
24.879857,67.090538,144500.0,115000.0,36000,300000,10685.78,10479.45,22,14.81,Karachi,Sindh,KDA Scheme 1,Flat,3.5,3.41,rental
24.879857,67.169895,24545.45,25000.0,16000,37000,4173.19,4000.0,11,6.23,Karachi,Sindh,Shah Faisal Town,Lower Portion,2.55,2.82,rental
24.880013,67.057285,89230.77,65000.0,40000,200000,9207.85,8490.57,13,11.55,Karachi,Sindh,Jamshed Town,Flat,3.08,3.15,rental
24.880071,67.162514,21000.0,21000.0,12000,30000,5625.0,5625.0,2,3.6,Karachi,Sindh,Shah Faisal Town,House,3.0,2.0,rental
24.8801565,67.0439751,51250.0,50000.0,50000,55000,11085.59,11000.97,4,4.62,Karachi,Sindh,Kashmir Road,Flat,1.5,2.0,rental
24.880438,67.179402,16500.0,16500.0,13000,20000,3020.83,3020.83,2,5.4,Karachi,Sindh,Gulshan-e-Malir,Upper Portion,2.0,2.5,rental
24.880714,67.080477,94095.24,90000.0,35000,200000,9852.03,8785.05,21,9.4,Karachi,Sindh,Amir Khusro,Lower Portion,3.0,3.1,rental
24.880755,67.039694,36000.0,36000.0,32000,40000,6175.73,6559.14,4,5.9,Karachi,Sindh,Guru Mandir Chorangi,Flat,2.25,2.0,rental
24.88084,67.041705,40333.33,28500.0,20000,150000,8268.4,7053.57,18,4.66,Karachi,Sindh,Jamshed Road,Flat,2.72,2.22,rental
24.8808403,67.04170227,28000.0,28000.0,28000,28000,7000.0,7000.0,1,4.0,Karachi,Sindh,Jamshed Road,Flat,3.0,2.0,rental
24.881111,67.079956,62545.45,50000.0,28000,150000,8962.5,8490.57,11,6.95,Karachi,Sindh,Gulshan-e-Iqbal Town,Flat,2.82,3.18,rental
24.88122,67.079576,46000.0,45000.0,30000,60000,8500.0,6666.67,5,7.28,Karachi,Sindh,Gulshan-e-Iqbal Town,Flat,2.0,1.8,rental
24.881414,67.15976,27333.33,25000.0,22000,35000,4885.21,3676.47,3,6.47,Karachi,Sindh,Shah Faisal Town,Flat,3.67,3.33,rental
24.881434,67.176075,29857.14,30000.0,19000,38000,4140.69,3166.67,7,7.94,Karachi,Sindh,Shah Faisal Town,House,3.29,3.14,rental
24.882174,67.067306,69428.57,55000.0,25000,250000,9008.5,8260.87,63,7.58,Karachi,Sindh,Gulshan-e-Iqbal Town,Flat,2.81,2.51,rental
24.882302,67.184677,20750.0,18000.0,17000,30000,5104.17,3750.0,4,4.4,Karachi,Sindh,Malir,Lower Portion,3.0,3.0,rental
24.882957,67.06613,100000.0,100000.0,100000,100000,8333.33,8333.33,1,12.0,Karachi,Sindh,Gulshan-e-Iqbal Town,House,4.0,4.0,rental
24.882958,67.066129,127500.0,85000.0,85000,300000,10554.6,9660.34,6,11.63,Karachi,Sindh,Gulshan-e-Iqbal Town,Flat,3.67,3.83,rental
24.883046,67.064663,55000.0,50000.0,45000,70000,9434.23,8823.53,3,5.83,Karachi,Sindh,BMCHS,Flat,1.67,1.67,rental
24.883427,67.164488,18285.71,14000.0,14000,25000,3672.62,3500.0,7,5.14,Karachi,Sindh,Malir,Upper Portion,2.29,0.43,rental
24.883438,67.033424,40000.0,40000.0,40000,40000,6666.67,6666.67,1,6.0,Karachi,Sindh,Jamshed Town,Flat,3.0,3.0,rental
24.883439,67.033424,38444.44,35000.0,22000,100000,6705.97,6122.45,27,5.72,Karachi,Sindh,Jamshed Town,Flat,2.44,1.85,rental
24.883672,67.049775,78600.0,78600.0,78600,78600,20684.21,20684.21,1,3.8,Karachi,Sindh,Jamshed Town,Flat,4.0,4.0,rental
24.884039,67.064471,70000.0,70000.0,70000,70000,7291.67,7291.67,1,9.6,Karachi,Sindh,Jamaluddin Afghani Road,House,3.0,3.0,rental
24.88405806,67.15452155,18000.0,18000.0,18000,18000,3750.0,3750.0,1,4.8,Karachi,Sindh,Shahra-e-Faisal,Lower Portion,3.0,2.0,rental
24.884062,67.066083,72333.33,70000.0,40000,135000,8775.34,9090.91,15,9.19,Karachi,Sindh,Gulshan-e-Iqbal Town,Flat,2.87,3.0,rental
24.88413,67.127725,20000.0,20000.0,20000,20000,5000.0,5000.0,1,4.0,Karachi,Sindh,Shah Faisal Town,Flat,2.0,2.0,rental
24.88449578,67.06349507,80000.0,80000.0,80000,80000,10256.41,10256.41,1,7.8,Karachi,Sindh,Gulshan-e-Iqbal Town,Flat,3.0,4.0,rental
24.884539,67.026494,70000.0,70000.0,70000,70000,9210.53,9210.53,1,7.6,Karachi,Sindh,Amil Colony,Flat,5.0,4.0,rental
24.884568,67.183878,91500.0,12500.0,12000,250000,28554.29,3787.88,3,3.23,Karachi,Sindh,Malir,Upper Portion,0.67,0.67,rental
24.88460634,67.16139001,10500.0,10500.0,10500,10500,3620.69,3620.69,1,2.9,Karachi,Sindh,Shah Faisal Town,Lower Portion,2.0,1.0,rental
24.88472121,67.16115144,12000.0,12000.0,12000,12000,4444.44,4444.44,1,2.7,Karachi,Sindh,Shah Faisal Town,Upper Portion,2.0,1.0,rental
24.884746,67.175362,24000.0,22000.0,20000,30000,3830.62,3666.67,3,6.33,Karachi,Sindh,Malir,Flat,3.0,3.0,rental
24.884762,67.198641,26000.0,26000.0,22000,30000,5125.0,5125.0,2,6.0,Karachi,Sindh,Malir,House,5.0,3.5,rental
24.88479222,67.06490092,55000.0,55000.0,55000,55000,7971.01,7971.01,1,6.9,Karachi,Sindh,Gulshan-e-Iqbal Town,Flat,3.0,3.0,rental
24.885121,67.030018,13000.0,13000.0,13000,13000,2452.83,2452.83,1,5.3,Karachi,Sindh,Nishtar Road (Lawrence Road),Flat,2.0,2.0,rental
24.885269,67.061048,100000.0,100000.0,100000,100000,5000.0,5000.0,1,20.0,Karachi,Sindh,Gulshan-e-Iqbal Town,Lower Portion,3.0,3.0,rental
24.88555,67.063068,95000.0,87500.0,65000,140000,18752.49,14342.11,4,7.45,Karachi,Sindh,Maqboolabad Society,Upper Portion,2.5,2.0,rental
24.88569,67.165218,17000.0,17000.0,17000,17000,3541.67,3541.67,1,4.8,Karachi,Sindh,Shah Faisal Town,Lower Portion,0.0,0.0,rental
24.885829,67.072549,120000.0,120000.0,120000,120000,4285.71,4285.71,1,28.0,Karachi,Sindh,Cutchi Memon Cooperative Housing Society,Upper Portion,4.0,4.0,rental
24.886624,67.062977,50000.0,50000.0,50000,50000,5208.33,5208.33,1,9.6,Karachi,Sindh,Gulistan-e-Jauhar,Upper Portion,3.0,3.0,rental
24.886883,67.433887,16000.0,16000.0,16000,16000,3333.33,3333.33,1,4.8,Karachi,Sindh,Malir Housing Scheme 1,Lower Portion,2.0,3.0,rental
24.88776,67.076926,52326.92,46500.0,27500,120000,7927.4,7092.56,26,6.89,Karachi,Sindh,Gulshan-e-Iqbal Town,Flat,2.46,2.35,rental
24.88776,67.07693,30000.0,30000.0,30000,30000,6818.18,6818.18,1,4.4,Karachi,Sindh,Gulshan-e-Iqbal Town,Flat,2.0,2.0,rental
24.88959,67.061183,25000.0,25000.0,25000,25000,5681.82,5681.82,1,4.4,Karachi,Sindh,Gulshan-e-Iqbal Town,Flat,0.0,0.0,rental
24.89001,67.071294,26000.0,26000.0,26000,26000,4905.66,4905.66,1,5.3,Karachi,Sindh,University Road,Flat,3.0,3.0,rental
24.89135135,67.1037519,165000.0,165000.0,165000,165000,11785.71,11785.71,1,14.0,Karachi,Sindh,Navy Housing Scheme Karsaz,House,5.0,6.0,rental
24.892159,67.23263,90000.0,90000.0,90000,90000,281.25,281.25,1,320.0,Karachi,Sindh,Bin Qasim Town,Farm House,5.0,5.0,rental
24.892198,67.173829,23833.33,24000.0,22000,25000,5184.52,5208.33,6,4.67,Karachi,Sindh,Malir,Upper Portion,2.33,2.0,rental
24.892199,67.17383,24000.0,27000.0,10000,32000,4029.65,4270.83,4,6.15,Karachi,Sindh,Malir,Lower Portion,2.5,1.0,rental
24.89241216,67.17443347,35000.0,35000.0,35000,35000,3645.83,3645.83,1,9.6,Karachi,Sindh,Malir Link To Super Highway,Lower Portion,3.0,3.0,rental
24.89246417,67.1100343,150000.0,150000.0,150000,150000,10714.29,10714.29,1,14.0,Karachi,Sindh,Gulshan-e-Iqbal Town,House,0.0,0.0,rental
24.892811,67.109871,160000.0,145000.0,140000,195000,9740.26,10000.0,3,16.67,Karachi,Sindh,Navy Housing Scheme Karsaz,House,5.0,5.67,rental
24.89321,67.195473,36307.69,25000.0,10000,120000,4988.89,4821.43,13,7.78,Karachi,Sindh,Malir,House,2.62,2.92,rental
24.893299,67.103462,143181.82,145000.0,80000,300000,9173.81,10000.0,55,15.75,Karachi,Sindh,Navy Housing Scheme Karsaz,House,4.24,4.47,rental
24.8933,67.10346,107500.0,107500.0,80000,135000,7678.57,7678.57,2,14.0,Karachi,Sindh,Navy Housing Scheme Karsaz,House,3.5,3.5,rental
24.89340483,67.09955692,140000.0,140000.0,140000,140000,10000.0,10000.0,1,14.0,Karachi,Sindh,Navy Housing Scheme Karsaz,House,5.0,5.0,rental
24.893638,67.051492,24000.0,22000.0,20000,30000,6250.0,6250.0,3,3.87,Karachi,Sindh,Gulshan-e-Iqbal Town,Flat,2.0,1.67,rental
24.894075,67.02772,26500.0,23500.0,20000,35000,5188.04,5238.1,6,5.17,Karachi,Sindh,Bahria Town Karachi,Flat,2.33,2.67,rental
24.89407539,67.02771759,17000.0,17000.0,17000,17000,3333.33,3333.33,1,5.1,Karachi,Sindh,Bahria Town Karachi,Flat,2.0,2.0,rental
24.894076,67.027715,31280.7,30000.0,16000,80000,4785.23,4562.8,114,7.56,Karachi,Sindh,Bahria Town Karachi,Flat,2.53,2.21,rental
24.894248,67.066502,48750.0,41000.0,23000,90000,6288.51,5125.0,4,7.42,Karachi,Sindh,Al-Hilal Society,Lower Portion,2.5,2.0,rental
24.894339,67.173064,25000.0,25000.0,25000,25000,2168.95,2168.95,2,76.0,Karachi,Sindh,Cantt,House,3.0,3.0,rental
24.895177,67.104263,110000.0,100000.0,80000,150000,10049.42,9433.96,3,11.53,Karachi,Sindh,Navy Housing Scheme Karsaz,Lower Portion,3.33,3.67,rental
24.89531136,67.11724091,70000.0,70000.0,70000,70000,5263.16,5263.16,1,13.3,Karachi,Sindh,Gulshan-e-Iqbal Town,Lower Portion,0.0,0.0,rental
24.895312,67.117238,41636.36,30000.0,28000,70000,6062.5,5833.33,11,8.33,Karachi,Sindh,Gulshan-e-Iqbal Town,Lower Portion,1.91,1.91,rental
24.895468,67.177091,21833.33,19000.0,10000,38000,6923.23,5078.12,6,4.72,Karachi,Sindh,Shahra-e-Faisal,Upper Portion,2.33,1.33,rental
24.895994,67.119191,54562.5,27500.0,14000,250000,8912.07,5616.88,16,6.67,Karachi,Sindh,Rashid Minhas Road,Flat,2.69,2.12,rental
24.896947,67.071962,39333.33,38000.0,35000,45000,6073.13,6031.75,3,6.53,Karachi,Sindh,Gulshan-e-Iqbal Town,Flat,3.0,2.67,rental
24.89796215,67.10945848,155000.0,155000.0,155000,155000,11071.43,11071.43,1,14.0,Karachi,Sindh,Navy Housing Scheme Karsaz,House,5.0,6.0,rental
24.898464,67.0625,35200.0,30000.0,27000,46000,5458.33,5625.0,5,6.56,Karachi,Sindh,Gulshan-e-Iqbal Town,Upper Portion,2.6,1.8,rental
24.898465,67.0625,49280.3,40000.0,8000,250000,6070.64,5747.34,132,8.63,Karachi,Sindh,Gulshan-e-Iqbal Town,Flat,2.68,2.5,rental
24.89853443,67.11613633,90000.0,90000.0,90000,90000,45000.0,45000.0,1,2.0,Karachi,Sindh,Rashid Minhas Road,Room,0.0,0.0,rental
24.89853838,67.11614806,90000.0,90000.0,90000,90000,45000.0,45000.0,1,2.0,Karachi,Sindh,Rashid Minhas Road,Room,1.0,0.0,rental
24.89865,67.111458,117857.14,125000.0,80000,170000,8418.37,8928.57,7,14.0,Karachi,Sindh,Navy Housing Scheme Karsaz,House,3.71,4.0,rental
24.899565,67.081322,54125.0,42500.0,20000,120000,7074.47,6674.08,24,7.78,Karachi,Sindh,Gulshan-e-Iqbal Town,Flat,2.88,1.96,rental
24.899672,67.094536,117954.55,105000.0,60000,225000,8619.75,8333.33,22,15.36,Karachi,Sindh,Gulshan-e-Iqbal Town,Lower Portion,2.82,1.36,rental
24.899769,67.120412,78323.53,75000.0,60000,150000,6603.92,6549.72,34,11.83,Karachi,Sindh,Cantt,Flat,3.03,3.15,rental
24.899769,67.120415,80000.0,80000.0,80000,80000,7058.82,6666.67,3,11.4,Karachi,Sindh,Cantt,Flat,3.33,2.33,rental
24.899945,67.079079,93000.0,51000.0,20000,250000,8820.35,7045.45,4,9.95,Karachi,Sindh,Gulshan-e-Iqbal Town,Flat,2.75,2.25,rental
24.900299,67.032157,10000.0,10000.0,10000,10000,3125.0,3125.0,1,3.2,Karachi,Sindh,Lalukhet,Flat,2.0,1.0,rental
24.901058,67.1809,33000.0,33000.0,33000,33000,6734.69,6734.69,1,4.9,Karachi,Sindh,Jinnah Avenue,Flat,2.0,2.0,rental
24.901059,67.180904,46526.32,45000.0,25000,65000,7494.64,6164.38,19,7.27,Karachi,Sindh,Jinnah Avenue,Flat,2.68,3.11,rental
24.901132,67.192018,22000.0,22000.0,22000,22000,5500.0,5500.0,1,4.0,Karachi,Sindh,Malir,Lower Portion,3.0,4.0,rental
24.902397,67.159803,29500.0,31000.0,18000,40000,4564.55,4575.58,6,6.47,Karachi,Sindh,Airport,House,2.67,2.83,rental
24.902505,67.201823,16000.0,16000.0,10000,22000,4120.37,4120.37,2,3.9,Karachi,Sindh,Malir,Lower Portion,3.0,3.0,rental
24.903098,67.107747,28500.0,28500.0,27000,30000,5937.5,5937.5,2,4.8,Karachi,Sindh,Gulshan-e-Iqbal Town,Lower Portion,3.5,4.0,rental
24.903253,67.052279,17136.36,13000.0,10000,40000,5525.42,5416.67,11,3.41,Karachi,Sindh,Liaquatabad,Flat,2.27,1.27,rental
24.903424,67.088398,146000.0,70000.0,65000,300000,7075.63,5000.0,5,19.8,Karachi,Sindh,Gulshan-e-Iqbal Town,Lower Portion,3.4,3.4,rental
24.903565,67.081525,70583.33,41000.0,30000,300000,8801.44,7500.0,12,6.98,Karachi,Sindh,Gulshan-e-Iqbal Town,Flat,3.33,2.75,rental
24.903753,67.198256,25000.0,25000.0,25000,25000,4716.98,4716.98,1,5.3,Karachi,Sindh,Jinnah Avenue,Flat,2.0,2.0,rental
24.904693,67.12281,23333.33,18000.0,7000,60000,4927.43,4285.71,24,4.65,Karachi,Sindh,Gulistan-e-Jauhar,Flat,2.29,1.67,rental
24.905116,67.030506,23000.0,23000.0,23000,23000,5348.84,5348.84,1,4.3,Karachi,Sindh,Nazimabad,Lower Portion,0.0,0.0,rental
24.9052,67.187483,33104.48,25000.0,10000,250000,5649.92,4791.67,67,5.93,Karachi,Sindh,Malir,Upper Portion,2.37,2.18,rental
24.905355,67.036085,63750.0,80000.0,15000,80000,9843.75,10000.0,4,6.4,Karachi,Sindh,Nazimabad,House,4.25,2.5,rental
24.905355,67.03609,16000.0,16000.0,16000,16000,5000.0,5000.0,1,3.2,Karachi,Sindh,Nazimabad,House,2.0,2.0,rental
24.905433,67.220614,11000.0,10000.0,8000,15000,2290.75,2343.75,3,5.1,Karachi,Sindh,Malir,Upper Portion,1.67,1.33,rental
24.905628,67.074788,36000.0,39000.0,15000,55000,6281.76,6125.0,34,6.17,Karachi,Sindh,Gulshan-e-Iqbal Town,Flat,2.53,2.06,rental
24.90594515,67.11908408,15000.0,15000.0,15000,15000,15000.0,15000.0,1,1.0,Karachi,Sindh,Gulistan-e-Jauhar,Flat,2.0,2.0,rental
24.906134,67.02398,23000.0,23000.0,23000,23000,5750.0,5750.0,1,4.0,Karachi,Sindh,Nazimabad,Upper Portion,2.0,2.0,rental
24.906134,67.023983,26666.67,25000.0,14000,40000,6056.19,5732.14,30,4.91,Karachi,Sindh,Nazimabad,Upper Portion,1.93,1.23,rental
24.90628,67.086254,96875.0,85000.0,40000,170000,8175.36,8177.08,8,13.02,Karachi,Sindh,Gulshan-e-Iqbal Town,House,4.0,3.5,rental
24.90642326,67.18284186,32000.0,32000.0,32000,32000,2666.67,2666.67,1,12.0,Karachi,Sindh,Malir,Upper Portion,4.0,3.0,rental
24.906445,66.969265,5750.0,5750.0,5000,6500,2053.57,2053.57,2,2.8,Karachi,Sindh,Baldia Town,Lower Portion,1.5,2.0,rental
24.90669566,67.10889369,30000.0,30000.0,30000,30000,3125.0,3125.0,1,9.6,Karachi,Sindh,Rashid Minhas Road,Upper Portion,2.0,2.0,rental
24.907068,67.094915,75000.0,75000.0,75000,75000,11718.75,11718.75,1,6.4,Karachi,Sindh,Gulshan-e-Iqbal Town,House,4.0,4.0,rental
24.90722913,67.19382965,25000.0,25000.0,25000,25000,5208.33,5208.33,1,4.8,Karachi,Sindh,Malir,House,2.0,2.0,rental
24.907362,67.138885,18000.0,18000.0,18000,18000,7500.0,7500.0,1,2.4,Karachi,Sindh,Gulistan-e-Jauhar,Flat,2.0,0.0,rental
24.907373,67.12111,45000.0,45000.0,45000,45000,5232.56,5232.56,1,8.6,Karachi,Sindh,Rufi Lake Drive Apartments,Flat,4.0,4.0,rental
24.907509,67.070374,30358.97,28000.0,18000,55000,5208.73,5208.33,39,6.71,Karachi,Sindh,Gulshan-e-Iqbal Town,Upper Portion,2.41,2.15,rental
24.907814,67.132983,15333.33,16000.0,12000,18000,7958.33,4000.0,3,3.8,Karachi,Sindh,Rabia City,Flat,2.0,1.0,rental
24.907822,67.129209,24357.14,22000.0,9000,52000,4633.38,4800.0,49,6.5,Karachi,Sindh,Gulistan-e-Jauhar,Flat,2.31,1.96,rental
24.90782506,67.11206239,55000.0,55000.0,55000,55000,3437.5,3437.5,1,16.0,Karachi,Sindh,Gulshan-e-Iqbal Town,Upper Portion,3.0,0.0,rental
24.907871,67.115263,24000.0,22000.0,12000,75000,4268.35,3750.0,17,5.58,Karachi,Sindh,Gulistan-e-Jauhar,Flat,2.65,1.94,rental
24.90787125,67.11526489,40000.0,40000.0,40000,40000,6896.55,6896.55,1,5.8,Karachi,Sindh,Gulistan-e-Jauhar,Flat,3.0,3.0,rental
24.90813301,67.10476023,27000.0,27000.0,27000,27000,5625.0,5625.0,1,4.8,Karachi,Sindh,Gulshan-e-Iqbal Town,Lower Portion,2.0,3.0,rental
24.90823558,67.11060729,55000.0,55000.0,55000,55000,3437.5,3437.5,1,16.0,Karachi,Sindh,Gulshan-e-Iqbal Town,Upper Portion,3.0,0.0,rental
24.908304,67.080631,31333.33,30000.0,13000,55000,6145.18,6186.22,24,5.54,Karachi,Sindh,Gulshan-e-Iqbal Town,Flat,2.58,1.58,rental
24.908308,67.07207,42372.88,36000.0,18000,125000,5667.28,5625.0,59,8.5,Karachi,Sindh,Gulshan-e-Iqbal Town,Flat,2.78,2.51,rental
24.90845757,67.1887092,25000.0,25000.0,25000,25000,5208.33,5208.33,1,4.8,Karachi,Sindh,Malir,House,2.0,3.0,rental
24.908936,67.059989,28000.0,28000.0,28000,28000,5283.02,5283.02,1,5.3,Karachi,Sindh,Liaquatabad,Lower Portion,2.0,2.0,rental
24.909442,66.96604,12000.0,12000.0,12000,12000,3750.0,3750.0,1,3.2,Karachi,Sindh,Baldia Town,Lower Portion,2.0,2.0,rental
24.90953766,67.12239296,11000.0,11000.0,11000,11000,5500.0,5500.0,1,2.0,Karachi,Sindh,Gulistan-e-Jauhar,Flat,1.0,1.0,rental
24.90974587,67.10889003,70000.0,70000.0,70000,70000,4375.0,4375.0,1,16.0,Karachi,Sindh,Gulshan-e-Iqbal Town,Upper Portion,4.0,4.0,rental
24.909758,67.11777,60000.0,60000.0,50000,70000,3923.61,3923.61,2,15.2,Karachi,Sindh,Gulistan-e-Jauhar,Lower Portion,3.0,3.0,rental
24.90984344,67.12277222,10000.0,10000.0,10000,10000,5000.0,5000.0,1,2.0,Karachi,Sindh,Gulistan-e-Jauhar,Flat,1.0,1.0,rental
24.9098813,67.08559871,24000.0,24000.0,24000,24000,4528.3,4528.3,1,5.3,Karachi,Sindh,Gulshan-e-Iqbal Town,Flat,3.0,2.0,rental
24.90991658,67.11319294,65000.0,65000.0,65000,65000,6770.83,6770.83,1,9.6,Karachi,Sindh,Gulshan-e-Iqbal Town,House,4.0,4.0,rental
24.909986,67.05792,12000.0,12000.0,12000,12000,5454.55,5454.55,1,2.2,Karachi,Sindh,Liaquatabad,Upper Portion,2.0,1.0,rental
24.910215,67.198531,50000.0,50000.0,50000,50000,11363.64,11363.64,1,4.4,Karachi,Sindh,Surti Muslim Co-Operative Housing Society,Flat,2.0,3.0,rental
24.91026,67.141442,16000.0,16000.0,16000,16000,6666.67,6666.67,1,2.4,Karachi,Sindh,Gulshan-e-Iqbal Town,Flat,2.0,2.0,rental
24.91030284,67.11237643,60000.0,60000.0,60000,60000,4285.71,4285.71,1,14.0,Karachi,Sindh,Gulshan-e-Iqbal Town,House,3.0,3.0,rental
24.91042026,67.18501158,75000.0,75000.0,75000,75000,4687.5,4687.5,1,16.0,Karachi,Sindh,Malir,House,6.0,4.0,rental
24.910435,67.090523,99444.44,95000.0,55000,200000,5190.15,4166.67,9,20.22,Karachi,Sindh,Gulshan-e-Iqbal Town,Upper Portion,3.11,2.78,rental
24.910473,67.141957,23000.0,23000.0,21000,25000,4791.67,4791.67,2,4.8,Karachi,Sindh,Gulistan-e-Jauhar,House,2.5,1.5,rental
24.91059,67.18577,31333.33,27500.0,16000,50000,4367.9,4333.33,12,7.47,Karachi,Sindh,Malir,Upper Portion,2.5,2.33,rental
24.91089208,67.03643918,28000.0,28000.0,28000,28000,4666.67,4666.67,1,6.0,Karachi,Sindh,Nazimabad,Flat,3.0,3.0,rental
24.911037,67.14139,41500.0,41500.0,28000,55000,4635.42,4635.42,2,10.4,Karachi,Sindh,Gulistan-e-Jauhar,Lower Portion,3.0,2.5,rental
24.911038,67.141385,29441.18,32000.0,9000,50000,4109.8,4375.0,17,8.18,Karachi,Sindh,Gulistan-e-Jauhar,Upper Portion,2.41,2.0,rental
24.91110798,67.07623377,90000.0,90000.0,90000,90000,16981.13,16981.13,1,5.3,Karachi,Sindh,Gulshan-e-Iqbal Town,House,3.0,3.0,rental
24.91134821,67.11042892,40000.0,40000.0,40000,40000,4761.9,4761.9,1,8.4,Karachi,Sindh,Gulshan-e-Iqbal Town,Upper Portion,3.0,0.0,rental
24.911359,67.123804,29000.0,29000.0,29000,29000,7250.0,7250.0,1,4.0,Karachi,Sindh,Gulshan-e-Iqbal Town,Flat,2.0,2.0,rental
24.911388,67.060368,27600.0,25500.0,18000,50000,6314.39,5416.67,10,4.41,Karachi,Sindh,Federal B Area,Upper Portion,2.0,0.8,rental
24.911536,67.132028,55500.0,47500.0,25000,115000,6756.82,5553.57,10,9.26,Karachi,Sindh,Gulshan-e-Iqbal Town,Flat,2.9,2.9,rental
24.911691,67.086039,57480.0,43000.0,22000,160000,7874.89,6578.95,25,6.96,Karachi,Sindh,Gulshan-e-Iqbal Town,Flat,1.76,1.32,rental
24.911692,67.08604,23000.0,23000.0,23000,23000,6052.63,6052.63,1,3.8,Karachi,Sindh,Gulshan-e-Iqbal Town,Flat,2.0,0.0,rental
24.911726,67.098014,48111.11,45000.0,17000,150000,5507.16,5208.33,90,9.03,Karachi,Sindh,Gulshan-e-Iqbal Town,Flat,2.71,2.51,rental
24.911726,67.098015,55000.0,55000.0,50000,60000,8854.17,8854.17,2,7.2,Karachi,Sindh,Gulshan-e-Iqbal Town,House,2.5,2.5,rental
24.912025,67.13073,38500.0,38500.0,30000,47000,5857.01,5857.01,2,7.0,Karachi,Sindh,Gulistan-e-Jauhar,Flat,2.5,2.5,rental
24.912026,67.130733,37889.34,32000.0,11000,210000,5659.65,5295.1,122,7.18,Karachi,Sindh,Gulistan-e-Jauhar,Flat,2.78,1.84,rental
24.912128,67.099257,62750.0,46500.0,10000,200000,7428.03,6155.3,24,9.35,Karachi,Sindh,Gulshan-e-Iqbal Town,Upper Portion,3.38,2.88,rental
24.912347,66.998507,22000.0,22000.0,22000,22000,6111.11,6111.11,1,3.6,Karachi,Sindh,Sindh Industrial Trading Estate (SITE),Upper Portion,2.0,2.0,rental
24.912416,67.129524,38000.0,38000.0,38000,38000,3958.33,3958.33,1,9.6,Karachi,Sindh,Gulistan-e-Jauhar,Lower Portion,0.0,0.0,rental
24.91262899,67.11088657,42000.0,42000.0,42000,42000,6268.66,6268.66,1,6.7,Karachi,Sindh,Gulshan-e-Iqbal Town,Flat,3.0,3.0,rental
24.913179,67.121959,36558.14,32000.0,12000,130000,5892.59,5333.33,43,6.35,Karachi,Sindh,Gulistan-e-Jauhar,Flat,2.56,2.3,rental
24.9131794,67.12195587,23000.0,23000.0,23000,23000,6969.7,6969.7,1,3.3,Karachi,Sindh,Gulistan-e-Jauhar,Flat,2.0,2.0,rental
24.9132346,67.11808694,35000.0,35000.0,35000,35000,7446.81,7446.81,1,4.7,Karachi,Sindh,Gulistan-e-Jauhar,Flat,2.0,2.0,rental
24.91332381,67.06390802,31000.0,31000.0,31000,31000,6458.33,6458.33,1,4.8,Karachi,Sindh,Gulberg Town,Upper Portion,3.0,0.0,rental
24.913481,67.079344,17000.0,17000.0,17000,17000,4358.97,4358.97,1,3.9,Karachi,Sindh,Gulshan-e-Iqbal Town,Lower Portion,2.0,2.0,rental
24.913606,67.07478069,18000.0,18000.0,18000,18000,5806.45,5806.45,1,3.1,Karachi,Sindh,Gulshan-e-Iqbal Town,Flat,2.0,0.0,rental
24.914152,67.108169,29500.0,26000.0,6000,45000,5199.67,5363.64,14,5.89,Karachi,Sindh,Gulshan-e-Iqbal Town,Flat,2.43,2.43,rental
24.914451,67.073451,33000.0,33000.0,33000,33000,5892.86,5892.86,1,5.6,Karachi,Sindh,Lyari Expressway,Flat,2.0,2.0,rental
24.914452,67.07345,40000.0,40000.0,40000,40000,6666.67,6666.67,1,6.0,Karachi,Sindh,Lyari Expressway,Flat,3.0,0.0,rental
24.91493,67.02664,22000.0,22000.0,22000,22000,5000.0,5000.0,1,4.4,Karachi,Sindh,Nazimabad,Flat,2.0,2.0,rental
24.91493,67.026644,28885.71,28000.0,14000,60000,5431.28,5581.4,35,5.83,Karachi,Sindh,Nazimabad,Upper Portion,2.49,1.97,rental
24.915164,67.055476,23000.0,24000.0,14000,30000,5516.11,5538.79,4,4.08,Karachi,Sindh,Federal B Area,Flat,1.5,0.75,rental
24.91567,67.083628,79227.27,63000.0,24000,170000,5975.49,5729.17,22,14.34,Karachi,Sindh,Gulshan-e-Iqbal Town,Lower Portion,3.09,2.36,rental
24.915748,67.119548,37344.83,35000.0,18000,75000,5235.25,5000.0,29,7.84,Karachi,Sindh,Gulistan-e-Jauhar,Flat,2.93,2.17,rental
24.915825,67.020414,12000.0,12000.0,12000,12000,6666.67,6666.67,1,1.8,Karachi,Sindh,Liaquatabad,House,2.0,2.0,rental
24.916178,67.076997,30000.0,30000.0,30000,30000,6250.0,6250.0,1,4.8,Karachi,Sindh,Federal B Area,Upper Portion,2.0,2.0,rental
24.916185,67.135196,40468.35,30000.0,13000,120000,7416.24,5729.17,79,6.71,Karachi,Sindh,Gulistan-e-Jauhar,Flat,2.67,1.78,rental
24.91618538,67.13519287,24000.0,24000.0,24000,24000,7500.0,7500.0,1,3.2,Karachi,Sindh,Gulistan-e-Jauhar,Upper Portion,2.0,2.0,rental
24.916254,67.063501,25666.67,31000.0,15000,31000,5347.22,6458.33,3,4.8,Karachi,Sindh,Gulberg Town,Upper Portion,2.33,2.33,rental
24.91633,67.0354,47000.0,47000.0,47000,47000,5222.22,5222.22,1,9.0,Karachi,Sindh,Nazimabad,Upper Portion,3.0,3.0,rental
24.91633034,67.03540039,15000.0,15000.0,15000,15000,5357.14,5357.14,1,2.8,Karachi,Sindh,Nazimabad,Flat,1.0,1.0,rental
24.916331,67.035398,53619.05,45000.0,15000,300000,4906.84,3750.0,21,11.57,Karachi,Sindh,Nazimabad,Upper Portion,2.43,1.52,rental
24.916552,67.076164,33000.0,33000.0,33000,33000,8461.54,8461.54,1,3.9,Karachi,Sindh,Gulberg Town,Upper Portion,2.0,0.0,rental
24.916643,67.096539,42025.86,31000.0,8500,225000,5419.52,5435.61,58,7.77,Karachi,Sindh,Gulshan-e-Iqbal Town,Flat,2.47,2.41,rental
24.916643,67.143967,50000.0,52500.0,40000,55000,3750.0,3437.5,4,14.0,Karachi,Sindh,Cantt,Upper Portion,2.25,2.75,rental
24.916721,67.031622,24098.21,24000.0,13000,42000,5499.76,5555.56,56,4.66,Karachi,Sindh,Nazimabad,Flat,2.36,1.09,rental
24.916779,67.074383,21666.67,24000.0,16000,25000,3959.94,5000.0,3,6.23,Karachi,Sindh,Gulberg Town,Flat,2.0,2.0,rental
24.9169663,67.02775687,30000.0,30000.0,30000,30000,3488.37,3488.37,1,8.6,Karachi,Sindh,Nazimabad,Flat,3.0,2.0,rental
24.917273,67.081357,70000.0,65000.0,60000,90000,5015.62,5208.33,4,68.4,Karachi,Sindh,Gulshan-e-Iqbal Town,Upper Portion,4.0,4.0,rental
24.91746,67.087412,50166.67,45000.0,20000,180000,6183.9,6034.28,36,8.52,Karachi,Sindh,Gulshan-e-Iqbal Town,Flat,2.86,2.0,rental
24.917499,67.056248,120000.0,120000.0,120000,120000,12500.0,12500.0,1,9.6,Karachi,Sindh,Federal B Area,House,5.0,0.0,rental
24.917818,67.0227,24000.0,24000.0,24000,24000,5454.55,5454.55,1,4.4,Karachi,Sindh,Nazimabad,Flat,2.0,0.0,rental
24.91800162,67.12824735,50000.0,50000.0,50000,50000,5434.78,5434.78,1,9.2,Karachi,Sindh,Gulistan-e-Jauhar,Lower Portion,3.0,3.0,rental
24.9180222,67.10124602,35000.0,35000.0,35000,35000,4375.0,4375.0,1,8.0,Karachi,Sindh,Gulshan-e-Iqbal Town,Flat,3.0,3.0,rental
24.918394,67.066677,32792.31,28000.0,15000,100000,6537.02,5833.33,65,5.08,Karachi,Sindh,Federal B Area,Upper Portion,1.98,1.11,rental
24.919284,66.961912,24000.0,27000.0,15000,30000,5143.98,5625.0,3,4.8,Karachi,Sindh,Altaf Hussain Road,Upper Portion,2.67,2.33,rental
24.919484,67.089765,81744.19,55000.0,25000,250000,7459.19,5937.5,43,10.76,Karachi,Sindh,Gulshan-e-Iqbal Town,Lower Portion,2.86,2.26,rental
24.91964,67.023125,27000.0,27000.0,24000,30000,4764.15,4764.15,2,5.65,Karachi,Sindh,Nazimabad,Upper Portion,3.5,3.0,rental
24.919951,67.025485,24000.0,24000.0,24000,24000,5581.4,5581.4,1,4.3,Karachi,Sindh,Nazimabad,Upper Portion,3.0,5.0,rental
24.920136,67.071855,33666.67,29000.0,22000,50000,7041.12,7110.87,6,4.8,Karachi,Sindh,Gulberg Town,Flat,2.67,2.67,rental
24.92038345,67.12916565,60000.0,60000.0,60000,60000,3000.0,3000.0,1,20.0,Karachi,Sindh,Gulistan-e-Jauhar,Upper Portion,3.0,3.0,rental
24.920384,67.129162,50938.68,45000.0,18000,140000,5182.77,4687.5,106,10.54,Karachi,Sindh,Gulistan-e-Jauhar,Flat,3.01,2.02,rental
24.920408,67.139473,43250.0,33500.0,26000,80000,5265.62,4708.33,4,8.1,Karachi,Sindh,Gulistan-e-Jauhar,Upper Portion,3.0,2.25,rental
24.920534,67.08312,35000.0,35000.0,35000,35000,3645.83,3645.83,1,9.6,Karachi,Sindh,Gulshan-e-Iqbal Town,Upper Portion,3.0,2.0,rental
24.920535,67.08312,47730.77,45000.0,20000,225000,6166.64,6259.33,52,7.93,Karachi,Sindh,Gulshan-e-Iqbal Town,Flat,2.56,2.31,rental
24.920687,67.116425,18000.0,18000.0,18000,18000,5806.45,5806.45,1,3.1,Karachi,Sindh,Gulistan-e-Jauhar,Flat,2.0,2.0,rental
24.920687,67.116428,38583.33,25000.0,18000,125000,6096.85,5331.44,12,5.92,Karachi,Sindh,Gulistan-e-Jauhar,Flat,2.33,1.92,rental
24.92069047,67.10330129,28000.0,28000.0,28000,28000,6666.67,6666.67,1,4.2,Karachi,Sindh,Gulshan-e-Iqbal Town,Flat,3.0,2.0,rental
24.920965,67.122366,50963.86,45000.0,20000,160000,5292.94,5138.89,83,10.28,Karachi,Sindh,Gulistan-e-Jauhar,Upper Portion,3.22,2.86,rental
24.921133,67.13436,45000.0,45000.0,45000,45000,5625.0,5625.0,1,8.0,Karachi,Sindh,Gulistan-e-Jauhar,Flat,4.0,4.0,rental
24.92132292,67.12818146,55000.0,55000.0,55000,55000,4583.33,4583.33,1,12.0,Karachi,Sindh,Gulistan-e-Jauhar,Upper Portion,4.0,4.0,rental
24.921936,67.052386,68846.15,55000.0,18000,200000,5477.86,4285.71,13,13.74,Karachi,Sindh,Federal B Area,House,3.0,2.31,rental
24.921946,67.117817,55000.0,55000.0,55000,55000,3437.5,3437.5,1,16.0,Karachi,Sindh,Gulistan-e-Jauhar,Lower Portion,3.0,3.0,rental
24.92244148,67.07363129,20000.0,20000.0,20000,20000,6060.61,6060.61,1,3.3,Karachi,Sindh,Federal B Area,Flat,2.0,2.0,rental
24.922442,67.073629,25914.89,24000.0,15000,55000,5702.04,5263.16,47,4.6,Karachi,Sindh,Federal B Area,Upper Portion,1.53,0.89,rental
24.922481,67.020292,21500.0,21500.0,18000,25000,4747.02,4747.02,2,4.5,Karachi,Sindh,North Nazimabad,Flat,2.0,2.0,rental
24.92252,67.103269,35000.0,32000.0,15000,100000,5199.71,5416.67,24,6.85,Karachi,Sindh,University Road,Flat,2.71,2.5,rental
24.92286431,67.1387225,31000.0,31000.0,31000,31000,5344.83,5344.83,1,5.8,Karachi,Sindh,Gulistan-e-Jauhar,Flat,3.0,3.0,rental
24.922909,67.028146,25000.0,25000.0,25000,25000,3125.0,3125.0,1,8.0,Karachi,Sindh,Nazimabad,Upper Portion,2.0,1.0,rental
24.922948,67.024326,24260.87,20000.0,15000,40000,4979.36,5000.0,23,5.03,Karachi,Sindh,Nazimabad,Upper Portion,0.65,0.35,rental
24.923141,67.13483,50000.0,50000.0,50000,50000,6770.83,6770.83,2,10.4,Karachi,Sindh,Gulistan-e-Jauhar,House,3.5,3.0,rental
24.923142,67.134826,47409.09,45000.0,17000,120000,5071.96,5166.67,55,10.41,Karachi,Sindh,Gulistan-e-Jauhar,Upper Portion,2.96,2.62,rental
24.923539,67.001567,21800.0,20000.0,13000,36000,6666.67,5555.56,5,3.96,Karachi,Sindh,Sindh Industrial Trading Estate (SITE),House,2.6,2.2,rental
24.92364954,67.13718697,45000.0,45000.0,45000,45000,4017.86,4017.86,1,11.2,Karachi,Sindh,Gulistan-e-Jauhar,Flat,4.0,5.0,rental
24.923727,67.081294,53000.0,53000.0,46000,60000,7191.32,7191.32,2,7.55,Karachi,Sindh,Gulshan-e-Iqbal Town,Flat,3.5,3.5,rental
24.923765,67.09852,50096.77,30000.0,14000,300000,6187.03,6180.56,62,10.98,Karachi,Sindh,Gulshan-e-Iqbal Town,Flat,2.4,2.05,rental
24.92381672,67.0813146,47000.0,47000.0,47000,47000,7833.33,7833.33,1,6.0,Karachi,Sindh,Gulshan-e-Iqbal Town,Flat,3.0,3.0,rental
24.923999,67.13414,49709.09,45000.0,26000,100000,4733.28,4479.17,55,11.35,Karachi,Sindh,Gulistan-e-Jauhar,Upper Portion,3.09,2.15,rental
24.92399979,67.13414001,46000.0,46000.0,46000,46000,4791.67,4791.67,1,9.6,Karachi,Sindh,Gulistan-e-Jauhar,Upper Portion,3.0,3.0,rental
24.92403386,67.07889989,10000.0,10000.0,10000,10000,4166.67,4166.67,1,2.4,Karachi,Sindh,Dastgir Colony,Lower Portion,2.0,2.0,rental
24.924038,67.087233,54379.31,35000.0,16000,300000,6511.86,6451.61,29,8.22,Karachi,Sindh,Gulshan-e-Iqbal Town,Flat,2.62,2.55,rental
24.924261,67.082495,28666.67,28000.0,23000,40000,6086.31,5833.33,6,4.7,Karachi,Sindh,Abid Town,Flat,2.33,2.0,rental
24.924466,67.139479,37571.43,37000.0,23000,53000,5441.98,5227.27,7,6.99,Karachi,Sindh,Gulistan-e-Jauhar,Flat,2.57,2.57,rental
24.924636,67.141903,33000.0,32000.0,18000,50000,5194.83,5307.64,20,6.66,Karachi,Sindh,Gulistan-e-Jauhar,Flat,2.5,2.4,rental
24.924637,67.14191,38500.0,38500.0,35000,42000,4802.63,4802.63,2,8.0,Karachi,Sindh,Gulistan-e-Jauhar,Flat,3.0,3.0,rental
24.92468818,67.0765486,35000.0,35000.0,35000,35000,7291.67,7291.67,1,4.8,Karachi,Sindh,Dastgir Colony,Upper Portion,0.0,0.0,rental
24.924738,66.973343,20000.0,20000.0,20000,20000,4166.67,4166.67,1,4.8,Karachi,Sindh,Baldia Town,Upper Portion,2.0,2.0,rental
24.92476723,67.13103533,18000.0,18000.0,18000,18000,7500.0,7500.0,1,2.4,Karachi,Sindh,Gulistan-e-Jauhar,Lower Portion,0.0,1.0,rental
24.9249,67.173536,46000.0,46000.0,46000,46000,5476.19,5476.19,1,8.4,Karachi,Sindh,Gulistan-e-Jauhar,Flat,4.0,4.0,rental
24.92525,67.03578,250000.0,250000.0,250000,250000,11363.64,11363.64,1,22.0,Karachi,Sindh,North Nazimabad,House,10.0,9.0,rental
24.925361,67.039089,53596.77,40000.0,17000,300000,6210.86,5901.74,62,8.6,Karachi,Sindh,North Nazimabad,Flat,2.58,2.24,rental
24.925362,67.039085,43000.0,43000.0,43000,43000,5972.22,5972.22,1,7.2,Karachi,Sindh,North Nazimabad,Lower Portion,0.0,0.0,rental
24.925468,67.19243,69000.0,69000.0,69000,69000,6052.63,6052.63,1,11.4,Karachi,Sindh,Cantt,Flat,3.0,3.0,rental
24.92566835,67.10052979,30000.0,30000.0,30000,30000,6000.0,6000.0,1,5.0,Karachi,Sindh,Gulshan-e-Iqbal Town,Lower Portion,2.0,2.0,rental
24.925717,67.077208,22800.0,23000.0,15000,35000,5633.55,6153.85,5,4.12,Karachi,Sindh,Dastgir Colony,Lower Portion,2.2,1.6,rental
24.9264805,67.15834053,20000.0,20000.0,20000,20000,4166.67,4166.67,1,4.8,Karachi,Sindh,Gulistan-e-Jauhar,Lower Portion,2.0,3.0,rental
24.926605,67.0677,18000.0,18000.0,18000,18000,4615.38,4615.38,1,3.9,Karachi,Sindh,Federal B Area,Flat,0.0,0.0,rental
24.926605,67.13039,31250.0,32500.0,13000,50000,4306.31,4208.33,6,8.08,Karachi,Sindh,Gulistan-e-Jauhar,Flat,2.33,1.5,rental
24.92660522,67.13038635,10000.0,10000.0,10000,10000,8333.33,8333.33,1,1.2,Karachi,Sindh,Gulistan-e-Jauhar,Room,1.0,1.0,rental
24.926606,67.067707,18000.0,18000.0,18000,18000,5806.45,5806.45,1,3.1,Karachi,Sindh,Federal B Area,Flat,2.0,1.0,rental
24.926606,67.130384,36813.19,32000.0,5000,200000,5413.33,5000.0,182,7.49,Karachi,Sindh,Gulistan-e-Jauhar,Flat,2.41,2.42,rental
24.92683961,67.09414288,20500.0,20500.0,20500,20500,5125.0,5125.0,1,4.0,Karachi,Sindh,Gulshan-e-Iqbal Town,Flat,2.0,2.0,rental
24.92715073,67.11932373,125000.0,125000.0,125000,125000,4807.69,4807.69,1,26.0,Karachi,Sindh,Gulistan-e-Jauhar,Upper Portion,4.0,0.0,rental
24.927151,67.119327,72000.0,60000.0,28000,200000,6966.09,6053.32,14,12.01,Karachi,Sindh,Gulistan-e-Jauhar,Flat,3.5,2.79,rental
24.927498,67.06416,35000.0,35000.0,35000,35000,6034.48,6034.48,1,5.8,Karachi,Sindh,Aisha Manzil,Flat,5.0,0.0,rental
24.927498,67.064165,23000.0,25000.0,10000,32000,5011.9,6250.0,5,5.2,Karachi,Sindh,Aisha Manzil,Flat,2.2,1.6,rental
24.92749969,67.09270053,40000.0,40000.0,40000,40000,5970.15,5970.15,1,6.7,Karachi,Sindh,Gulshan-e-Iqbal Town,Flat,3.0,0.0,rental
24.92754,67.104406,58157.89,32000.0,20000,240000,6024.28,5862.07,19,12.55,Karachi,Sindh,Gulshan-e-Iqbal Town,Flat,2.74,2.37,rental
24.927751,67.205143,45714.29,40000.0,30000,85000,6744.02,7291.67,14,7.35,Karachi,Sindh,Cantt,Upper Portion,2.43,2.57,rental
24.927752,67.20515,30000.0,30000.0,30000,30000,6250.0,6250.0,1,4.8,Karachi,Sindh,Cantt,House,2.0,2.0,rental
24.927894,67.178672,34500.0,34500.0,22000,47000,5993.06,5993.06,2,5.8,Karachi,Sindh,Jinnah Avenue,Flat,2.5,3.5,rental
24.928163,67.064295,18666.67,17500.0,14000,25000,4548.61,5000.0,6,4.3,Karachi,Sindh,Gulberg Town,Upper Portion,2.0,1.0,rental
24.928318,67.092855,55370.37,45000.0,14000,160000,7848.46,5208.33,27,9.51,Karachi,Sindh,Gulshan-e-Iqbal Town,Flat,3.07,2.59,rental
24.928318,67.09286,28000.0,28000.0,28000,28000,6363.64,6363.64,1,4.4,Karachi,Sindh,Gulshan-e-Iqbal Town,Flat,2.0,2.0,rental
24.92863,67.064466,31321.43,25000.0,22000,55000,5091.77,5160.98,14,6.64,Karachi,Sindh,Federal B Area,Upper Portion,2.86,2.07,rental
24.92907,67.10327,38000.0,38000.0,38000,38000,3958.33,3958.33,1,9.6,Karachi,Sindh,Gulshan-e-Iqbal Town,Upper Portion,3.0,3.0,rental
24.929252,67.136679,35642.86,40000.0,8500,80000,5162.65,4833.33,21,7.08,Karachi,Sindh,Gulistan-e-Jauhar,Lower Portion,2.05,1.33,rental
24.929253,67.13668,25000.0,25000.0,25000,25000,4310.34,4310.34,1,5.8,Karachi,Sindh,Gulistan-e-Jauhar,Flat,3.0,3.0,rental
24.92936897,67.04522705,35000.0,35000.0,35000,35000,8333.33,8333.33,1,4.2,Karachi,Sindh,North Nazimabad,Flat,2.0,0.0,rental
24.929369,67.045226,88546.15,75000.0,27000,260000,5752.42,5750.0,65,19.17,Karachi,Sindh,North Nazimabad,Flat,3.35,3.12,rental
24.929408,67.08071,28714.29,22500.0,15000,90000,6918.08,4895.83,28,4.45,Karachi,Sindh,Federal B Area,Upper Portion,1.18,0.43,rental
24.929604,67.143852,45000.0,45000.0,20000,70000,5625.0,5625.0,2,8.0,Karachi,Sindh,Gulistan-e-Jauhar,House,4.0,1.0,rental
24.929719,67.130363,45896.55,42000.0,24000,110000,5872.47,4285.71,29,10.66,Karachi,Sindh,Gulistan-e-Jauhar,Upper Portion,2.97,1.83,rental
24.92971992,67.13036346,28000.0,28000.0,28000,28000,5833.33,5833.33,1,4.8,Karachi,Sindh,Gulistan-e-Jauhar,Lower Portion,2.0,2.0,rental
24.929836,67.059166,62285.71,70000.0,40000,70000,4719.2,5147.06,7,15.11,Karachi,Sindh,Federal B Area,Lower Portion,1.71,1.29,rental
24.929992,67.054489,103923.08,90000.0,11000,250000,5986.49,4750.0,13,18.18,Karachi,Sindh,Federal B Area,Lower Portion,2.54,1.46,rental
24.93035659,67.08749602,70000.0,70000.0,70000,70000,8750.0,8750.0,1,8.0,Karachi,Sindh,Federal B Area,House,4.0,6.0,rental
24.930576,67.176268,58333.33,60000.0,55000,60000,4027.78,3750.0,3,14.67,Karachi,Sindh,Malir,Upper Portion,3.0,3.67,rental
24.931248,67.25654,150000.0,150000.0,150000,150000,7500.0,7500.0,1,20.0,Karachi,Sindh,Al-Jadeed Residency,Upper Portion,3.0,3.0,rental
24.931276,67.074873,22156.25,22000.0,12000,32000,5413.8,5466.95,32,4.2,Karachi,Sindh,Federal B Area,Lower Portion,1.0,1.0,rental
24.931276,67.074875,30000.0,30000.0,30000,30000,6250.0,6250.0,1,4.8,Karachi,Sindh,Federal B Area,Lower Portion,2.0,3.0,rental
24.9313921,67.09238705,30000.0,30000.0,30000,30000,6818.18,6818.18,1,4.4,Karachi,Sindh,Gulshan-e-Iqbal Town,Flat,2.0,2.0,rental
24.931784,67.03621,40000.0,40000.0,40000,40000,5000.0,5000.0,1,8.0,Karachi,Sindh,North Nazimabad,Flat,3.0,0.0,rental
24.932093,67.087011,35000.0,35000.0,35000,35000,4375.0,4375.0,1,8.0,Karachi,Sindh,Rashid Minhas Road,House,2.0,3.0,rental
24.93214058,67.04478612,70000.0,70000.0,70000,70000,2916.67,2916.67,1,24.0,Karachi,Sindh,North Nazimabad,Lower Portion,3.0,3.0,rental
24.932222,67.14726,40000.0,40000.0,20000,60000,8630.95,8630.95,2,4.5,Karachi,Sindh,Gulistan-e-Jauhar,Flat,3.0,2.0,rental
24.932322,67.059611,25000.0,25000.0,25000,25000,13888.89,13888.89,1,1.8,Karachi,Sindh,Tahir Villa,Flat,0.0,0.0,rental
24.932405,67.030249,69866.67,42000.0,21000,185000,6074.6,5781.25,45,11.86,Karachi,Sindh,North Nazimabad,Upper Portion,3.36,2.89,rental
24.932405,67.03025,180000.0,180000.0,180000,180000,11250.0,11250.0,1,16.0,Karachi,Sindh,North Nazimabad,House,8.0,8.0,rental
24.932755,67.065818,61238.1,55000.0,22000,250000,5315.3,4375.0,21,12.95,Karachi,Sindh,Federal B Area,Upper Portion,1.81,1.71,rental
24.932755,67.06582,45000.0,45000.0,45000,45000,2812.5,2812.5,1,16.0,Karachi,Sindh,Federal B Area,Upper Portion,3.0,3.0,rental
24.933144,67.033165,136666.67,65000.0,45000,300000,7858.26,7500.0,3,15.57,Karachi,Sindh,North Nazimabad,Flat,1.33,0.0,rental
24.933144,67.033167,41881.82,35000.0,18000,110000,5514.86,5392.16,55,8.02,Karachi,Sindh,North Nazimabad,Flat,2.65,2.51,rental
24.933173,67.156647,54000.0,55000.0,20000,75000,5604.17,4166.67,5,12.16,Karachi,Sindh,Gulistan-e-Jauhar,House,4.4,1.8,rental
24.933193,67.139897,40000.0,40000.0,35000,45000,5989.58,5989.58,2,7.2,Karachi,Sindh,Scheme 33,House,2.5,2.5,rental
24.933572,67.129891,55000.0,55000.0,55000,55000,3055.56,3055.56,1,18.0,Karachi,Sindh,Gulistan-e-Jauhar,Upper Portion,3.0,0.0,rental
24.933721,67.040136,41666.67,45000.0,35000,45000,6732.43,6716.42,3,6.23,Karachi,Sindh,North Nazimabad,Flat,2.67,2.67,rental
24.933961,67.046642,27125.0,22000.0,18000,55000,7196.63,6120.54,8,3.78,Karachi,Sindh,North Nazimabad,Flat,1.88,1.62,rental
24.933962,67.04664,22000.0,22000.0,22000,22000,6666.67,6666.67,1,3.3,Karachi,Sindh,North Nazimabad,Flat,2.0,2.0,rental
24.93409572,67.10346021,21000.0,21000.0,21000,21000,5526.32,5526.32,1,3.8,Karachi,Sindh,Gulshan-e-Iqbal Town,Flat,2.0,2.0,rental
24.934157,67.040582,45000.0,45000.0,45000,45000,6716.42,6716.42,1,6.7,Karachi,Sindh,North Nazimabad,Flat,3.0,3.0,rental
24.934436,67.072266,40000.0,40000.0,40000,40000,6153.85,6153.85,1,6.5,Karachi,Sindh,Shahrah-e-Pakistan,Flat,3.0,3.0,rental
24.934623,67.099164,65500.0,55000.0,22000,300000,5654.81,5781.25,38,13.87,Karachi,Sindh,Gulshan-e-Iqbal Town,Flat,3.37,3.26,rental
24.934624,67.09917,30000.0,30000.0,30000,30000,6382.98,6382.98,1,4.7,Karachi,Sindh,Gulshan-e-Iqbal Town,Flat,2.0,2.0,rental
24.93466181,67.04092652,40000.0,40000.0,40000,40000,6153.85,6153.85,1,6.5,Karachi,Sindh,North Nazimabad,Flat,3.0,3.0,rental
24.934847,67.105248,28000.0,25000.0,18000,50000,6776.43,6129.03,5,4.02,Karachi,Sindh,Maskan Chowrangi,Flat,2.2,1.8,rental
24.935592,67.181485,76500.0,82500.0,55000,90000,3883.69,3000.0,8,22.1,Karachi,Sindh,Cantt,House,3.25,3.25,rental
24.935635,67.05102,48974.58,45000.0,22000,130000,6322.99,5936.47,118,9.02,Karachi,Sindh,North Nazimabad,Flat,2.48,1.8,rental
24.93591,67.152596,85000.0,85000.0,85000,85000,8854.17,8854.17,1,9.6,Karachi,Sindh,Gulistan-e-Jauhar,House,6.0,6.0,rental
24.93591,67.152597,39513.89,37500.0,22000,100000,5206.51,4765.62,36,8.2,Karachi,Sindh,Gulistan-e-Jauhar,Upper Portion,2.94,2.06,rental
24.936063,67.036128,40375.0,45000.0,21000,52000,7308.82,6942.18,8,5.81,Karachi,Sindh,North Nazimabad,Flat,2.62,2.5,rental
24.936493,67.159706,21000.0,21000.0,12000,30000,1625.0,1625.0,2,15.0,Karachi,Sindh,Gulistan-e-Jauhar,House,1.5,1.5,rental
24.936685,67.061527,72272.73,60000.0,50000,200000,4021.46,3437.5,11,18.36,Karachi,Sindh,Federal B Area,Upper Portion,2.73,2.18,rental
24.936802,67.070754,52775.0,52000.0,25000,130000,4549.24,3468.75,40,13.35,Karachi,Sindh,Federal B Area,Upper Portion,0.85,0.55,rental
24.93711344,67.15393066,22000.0,22000.0,22000,22000,6666.67,6666.67,1,3.3,Karachi,Sindh,University Road,Flat,2.0,2.0,rental
24.9374,67.148679,39250.0,38500.0,35000,45000,7247.26,7327.59,4,5.45,Karachi,Sindh,Gulistan-e-Jauhar,Flat,3.0,3.0,rental
24.937425,67.182856,62553.0,60000.0,44000,120000,5182.37,5263.16,217,12.04,Karachi,Sindh,Cantt,Flat,3.25,3.28,rental
24.937426,67.18285,55000.0,55000.0,35000,75000,4512.14,4780.56,4,12.3,Karachi,Sindh,Cantt,Flat,2.5,2.0,rental
24.93752917,67.09818369,85000.0,85000.0,85000,85000,4250.0,4250.0,1,20.0,Karachi,Sindh,Gulshan-e-Iqbal Town,House,4.0,4.0,rental
24.93758,66.994801,10500.0,10500.0,10500,10500,5250.0,5250.0,1,2.0,Karachi,Sindh,Orangi Town,House,2.0,2.0,rental
24.937619,67.04145,34000.0,34000.0,34000,34000,7727.27,7727.27,1,4.4,Karachi,Sindh,North Nazimabad,Flat,2.0,2.0,rental
24.937736,67.080152,22647.06,23000.0,12000,32000,5364.17,5208.33,17,4.27,Karachi,Sindh,Federal B Area,Lower Portion,1.53,0.47,rental
24.937865,67.158273,210000.0,210000.0,210000,210000,21428.57,21428.57,1,9.8,Karachi,Sindh,Cantt,Flat,3.0,3.0,rental
24.93867,67.087147,36950.0,42000.0,9500,55000,7100.52,8750.0,10,5.42,Karachi,Sindh,Federal B Area,House,2.1,1.4,rental
24.93882566,67.11496353,23000.0,23000.0,23000,23000,7187.5,7187.5,1,3.2,Karachi,Sindh,Gulshan-e-Iqbal Town,Flat,2.0,2.0,rental
24.938913,67.140593,25885.71,25000.0,8000,100000,5600.99,5000.0,70,5.75,Karachi,Sindh,Scheme 33,Lower Portion,2.21,1.01,rental
24.938913,67.140594,20000.0,20000.0,20000,20000,4166.67,4166.67,1,4.8,Karachi,Sindh,Scheme 33,House,3.0,3.0,rental
24.938947,67.155589,25000.0,25000.0,25000,25000,6944.44,6944.44,1,3.6,Karachi,Sindh,University Road,Flat,2.0,2.0,rental
24.939171,67.15611,31416.67,30000.0,16000,55000,5264.07,4816.62,12,6.18,Karachi,Sindh,Gulistan-e-Jauhar,Flat,2.33,1.92,rental
24.939604,67.095909,36285.71,35000.0,23000,55000,4425.23,4166.67,14,9.39,Karachi,Sindh,Gulshan-e-Iqbal Town,Lower Portion,2.64,2.71,rental
24.939904,67.166902,30000.0,30000.0,30000,30000,5882.35,5882.35,1,5.1,Karachi,Sindh,Gulshan-e-Umair,House,3.0,3.0,rental
24.93999307,67.16734171,20000.0,20000.0,20000,20000,3125.0,3125.0,1,6.4,Karachi,Sindh,Scheme 33,Lower Portion,3.0,2.0,rental
24.94002258,67.16124031,25000.0,25000.0,25000,25000,7575.76,7575.76,1,3.3,Karachi,Sindh,University Road,Flat,2.0,2.0,rental
24.940345,67.146684,23666.67,22500.0,20000,28000,4930.56,4687.5,6,4.8,Karachi,Sindh,Gulshan-e-Areesha,Lower Portion,2.0,2.0,rental
24.94037613,67.10138652,23000.0,23000.0,23000,23000,4791.67,4791.67,1,4.8,Karachi,Sindh,Abul Hassan Isphani Road,Lower Portion,2.0,3.0,rental
24.940548,67.14975,22000.0,22000.0,22000,22000,5500.0,5500.0,1,4.0,Karachi,Sindh,Scheme 33,Flat,2.0,0.0,rental
24.940571,67.049859,46500.0,45500.0,45000,50000,7039.49,7089.55,4,6.62,Karachi,Sindh,North Nazimabad,Flat,3.0,3.0,rental
24.941005,67.066205,39333.33,38000.0,21000,70000,4994.95,4750.0,33,7.95,Karachi,Sindh,Federal B Area,Upper Portion,1.61,1.12,rental
24.941374,67.150103,30000.0,30000.0,30000,30000,3750.0,3750.0,1,8.0,Karachi,Sindh,Scheme 33,House,3.0,3.0,rental
24.941694,67.048357,42500.0,42500.0,40000,45000,5899.09,5899.09,2,7.2,Karachi,Sindh,North Nazimabad,Flat,3.0,3.0,rental
24.94174385,67.05363464,75000.0,75000.0,75000,75000,3125.0,3125.0,1,24.0,Karachi,Sindh,North Nazimabad,Upper Portion,4.0,4.0,rental
24.941744,67.053635,35000.0,35000.0,35000,35000,2187.5,2187.5,1,16.0,Karachi,Sindh,North Nazimabad,Penthouse,3.0,2.0,rental
24.941744,67.053638,50051.61,41000.0,24000,250000,6018.79,5384.25,62,10.0,Karachi,Sindh,North Nazimabad,Upper Portion,2.16,1.65,rental
24.94181633,67.09805298,24000.0,24000.0,24000,24000,3870.97,3870.97,1,6.2,Karachi,Sindh,Abul Hassan Isphani Road,Flat,3.0,3.0,rental
24.941817,67.098056,44000.0,35000.0,15000,300000,6087.82,4970.38,24,7.22,Karachi,Sindh,Abul Hassan Isphani Road,Upper Portion,2.67,2.5,rental
24.942065,67.019994,22000.0,22000.0,22000,22000,4583.33,4583.33,1,4.8,Karachi,Sindh,Manghopir Road,House,4.0,0.0,rental
24.942087,67.048695,42500.0,42500.0,30000,55000,7410.04,7410.04,2,6.45,Karachi,Sindh,North Nazimabad,Flat,2.5,3.0,rental
24.942289,67.085755,25000.0,25000.0,25000,25000,5681.82,5681.82,1,4.4,Karachi,Sindh,Gulshan-e-Amin,Flat,2.0,2.0,rental
24.942561,67.042007,62200.0,53500.0,23000,100000,6484.48,5625.0,20,11.2,Karachi,Sindh,North Nazimabad,Upper Portion,3.3,3.0,rental
24.942678,67.074831,62500.0,62500.0,25000,100000,5729.17,5729.17,2,10.4,Karachi,Sindh,Federal B Area,Lower Portion,1.5,0.5,rental
24.94267845,67.0748291,45000.0,45000.0,45000,45000,4687.5,4687.5,1,9.6,Karachi,Sindh,Federal B Area,Upper Portion,3.0,3.0,rental
24.943317,67.179783,42173.91,42000.0,28000,55000,5936.58,6000.0,23,7.27,Karachi,Sindh,Malir,Flat,2.39,3.0,rental
24.944156,67.15951,30000.0,30000.0,20000,40000,3333.33,3333.33,2,10.4,Karachi,Sindh,Scheme 33,Lower Portion,3.0,1.0,rental
24.944397,67.041783,23800.0,25000.0,17000,26000,5516.67,5416.67,5,4.32,Karachi,Sindh,North Nazimabad,Lower Portion,0.8,0.0,rental
24.944546,67.07938,25000.0,25000.0,25000,25000,5208.33,5208.33,1,4.8,Karachi,Sindh,Gulberg Town,Lower Portion,2.0,2.0,rental
24.94474,67.0575,22000.0,21000.0,16000,30000,5531.77,5531.91,17,4.02,Karachi,Sindh,North Nazimabad,Flat,1.59,1.06,rental
24.945035,67.065446,22000.0,22000.0,22000,22000,3928.57,3928.57,1,5.6,Karachi,Sindh,Peoples Colony,Upper Portion,2.0,2.0,rental
24.945184,67.035747,200000.0,200000.0,200000,200000,12500.0,12500.0,1,16.0,Karachi,Sindh,North Nazimabad,House,0.0,0.0,rental
24.94549921,67.05488205,20000.0,20000.0,20000,20000,3448.28,3448.28,1,5.8,Karachi,Sindh,North Nazimabad,Flat,0.0,0.0,rental
24.945596,67.072513,23125.0,21500.0,14500,35000,5513.39,5625.0,4,4.5,Karachi,Sindh,Federal B Area,House,2.5,2.25,rental
24.946106,67.162806,25000.0,25000.0,25000,25000,5000.0,5000.0,1,5.0,Karachi,Sindh,Saadi Road,Lower Portion,3.0,4.0,rental
24.946206,67.051285,30666.67,32000.0,25000,35000,6973.96,6944.44,3,4.4,Karachi,Sindh,North Nazimabad,Flat,2.0,2.67,rental
24.946375,67.080238,23500.0,23500.0,22000,25000,5896.46,5896.46,2,4.0,Karachi,Sindh,Federal B Area,Flat,2.0,2.0,rental
24.946375,67.156874,38000.0,38000.0,38000,38000,7916.67,7916.67,1,4.8,Karachi,Sindh,Scheme 33,House,3.0,4.0,rental
24.947016,67.148224,30000.0,30000.0,30000,30000,3750.0,3750.0,1,8.0,Karachi,Sindh,Scheme 33,Lower Portion,3.0,3.0,rental
24.948476,67.059474,57142.86,50000.0,18000,250000,6011.18,4629.63,49,11.52,Karachi,Sindh,North Nazimabad,Upper Portion,2.51,1.69,rental
24.948536,67.163231,24000.0,24000.0,23000,25000,6384.35,6384.35,2,3.95,Karachi,Sindh,Saadi Road,Flat,2.0,2.0,rental
24.948576,67.157592,40000.0,40000.0,40000,40000,6666.67,6666.67,1,6.0,Karachi,Sindh,Saadi Road,House,0.0,0.0,rental
24.948632,67.101696,32000.0,32000.0,32000,32000,6666.67,6666.67,1,4.8,Karachi,Sindh,Gulshan-e-Iqbal Town,Upper Portion,3.0,3.0,rental
24.948943,67.045097,63238.1,50000.0,17000,325000,4851.03,4000.0,21,14.3,Karachi,Sindh,North Nazimabad,Upper Portion,2.9,1.86,rental
24.949118,67.05196,15000.0,15000.0,15000,15000,3750.0,3750.0,1,4.0,Karachi,Sindh,North Nazimabad,Flat,2.0,2.0,rental
24.949176,67.051578,22727.27,22000.0,17000,30000,5179.16,5102.04,11,4.42,Karachi,Sindh,North Nazimabad,Flat,1.82,1.64,rental
24.949177,67.051575,20000.0,20000.0,20000,20000,4545.45,4545.45,1,4.4,Karachi,Sindh,North Nazimabad,Flat,2.0,2.0,rental
24.94937,67.162128,23000.0,23000.0,23000,23000,4791.67,4791.67,1,4.8,Karachi,Sindh,Scheme 33,Lower Portion,2.0,2.0,rental
24.949645,67.147388,24600.0,25000.0,20000,30000,5125.0,5208.33,5,4.8,Karachi,Sindh,Scheme 33,Lower Portion,1.6,1.2,rental
24.949734,67.18286,49000.0,49000.0,49000,49000,5000.0,5000.0,1,9.8,Karachi,Sindh,Malir Link To Super Highway,Flat,4.0,4.0,rental
24.949734,67.182861,38666.67,41500.0,15000,55000,4630.88,5374.65,6,21.25,Karachi,Sindh,Malir Link To Super Highway,Flat,2.5,3.33,rental
24.94994216,67.07544065,19000.0,19000.0,19000,19000,3958.33,3958.33,1,4.8,Karachi,Sindh,Federal B Area,House,3.0,2.0,rental
24.95010287,67.10163262,19000.0,19000.0,19000,19000,4318.18,4318.18,1,4.4,Karachi,Sindh,Gulshan-e-Iqbal Town,Upper Portion,2.0,2.0,rental
24.950164,67.107926,23000.0,23000.0,23000,23000,6969.7,6969.7,1,3.3,Karachi,Sindh,Scheme 33,Flat,2.0,0.0,rental
24.950266,67.216759,62157.89,55000.0,20000,125000,5379.96,5409.84,19,11.79,Karachi,Sindh,Cantt,Flat,3.26,3.63,rental
24.950398,67.147218,45000.0,45000.0,45000,45000,4687.5,4687.5,1,9.6,Karachi,Sindh,Scheme 33,Lower Portion,0.0,0.0,rental
24.95047252,67.06108332,15000.0,15000.0,15000,15000,6818.18,6818.18,1,2.2,Karachi,Sindh,North Nazimabad,Flat,1.0,0.0,rental
24.950499,67.076547,24555.56,22000.0,11000,40000,5313.03,5000.0,9,4.96,Karachi,Sindh,Federal B Area,House,3.0,1.78,rental
24.95088768,66.97419739,12000.0,12000.0,12000,12000,2500.0,2500.0,1,4.8,Karachi,Sindh,Orangi Town,House,3.0,1.0,rental
24.950888,66.974201,11000.0,11000.0,10000,12000,4000.0,4000.0,2,3.0,Karachi,Sindh,Orangi Town,Flat,2.0,1.5,rental
24.951049,67.186459,107980.39,110000.0,100000,120000,6303.0,6432.75,51,17.14,Karachi,Sindh,Cantt,House,5.0,5.18,rental
24.9510498,67.1864624,115000.0,115000.0,115000,115000,6764.71,6764.71,1,17.0,Karachi,Sindh,Cantt,House,5.0,6.0,rental
24.95147,67.15089,35000.0,35000.0,35000,35000,2187.5,2187.5,1,16.0,Karachi,Sindh,Scheme 33,Lower Portion,3.0,0.0,rental
24.95155,67.10942,18333.33,18000.0,14000,22000,3086.11,3333.33,6,24.0,Karachi,Sindh,Gulshan-e-Iqbal Town,Upper Portion,1.83,0.33,rental
24.95212,67.12708,18000.0,18000.0,18000,18000,4090.91,4090.91,1,4.4,Karachi,Sindh,Suparco Road,Flat,3.0,0.0,rental
24.95212,67.127083,28500.0,28500.0,25000,32000,4976.19,4976.19,2,6.1,Karachi,Sindh,Suparco Road,Flat,3.0,3.5,rental
24.952231,67.042321,25500.0,25500.0,25000,26000,2916.67,2916.67,2,8.8,Karachi,Sindh,North Nazimabad,Lower Portion,2.5,3.0,rental
24.952394,67.071085,16000.0,16000.0,16000,16000,5000.0,5000.0,1,3.2,Karachi,Sindh,North Karachi,Lower Portion,2.0,1.0,rental
24.952873,67.066119,24320.0,24000.0,20000,35000,4995.24,4791.67,25,4.86,Karachi,Sindh,North Karachi,Upper Portion,2.08,2.08,rental
24.952934,67.06626,26000.0,26000.0,26000,26000,5416.67,5416.67,2,4.8,Karachi,Sindh,North Karachi,Flat,3.0,3.0,rental
24.952935,67.066265,25576.92,25000.0,18000,40000,6872.62,5104.17,26,5.12,Karachi,Sindh,North Karachi,Upper Portion,2.15,1.81,rental
24.95299057,67.18252503,38000.0,38000.0,38000,38000,1900.0,1900.0,1,20.0,Karachi,Sindh,Malir,Upper Portion,0.0,0.0,rental
24.953262,67.113763,45333.33,55000.0,26000,55000,4097.22,3437.5,3,12.27,Karachi,Sindh,Scheme 33,House,2.67,2.67,rental
24.953829,67.062029,25102.94,25000.0,14000,50000,7352.18,5208.33,34,4.54,Karachi,Sindh,North Karachi,Lower Portion,2.18,1.79,rental
24.954046,67.112567,35500.0,37000.0,10000,45000,4009.16,4562.5,8,9.36,Karachi,Sindh,Scheme 33,Lower Portion,2.75,1.62,rental
24.954119,67.155842,32500.0,32500.0,25000,40000,4924.24,4924.24,2,7.0,Karachi,Sindh,Scheme 33,Flat,3.5,2.5,rental
24.95438021,67.18026121,130000.0,130000.0,130000,130000,6500.0,6500.0,1,20.0,Karachi,Sindh,Malir,House,5.0,5.0,rental
24.954818,67.11663,35311.48,35000.0,15000,60000,4690.81,4444.44,61,8.54,Karachi,Sindh,Scheme 33,Lower Portion,2.67,2.16,rental
24.95481873,67.11663055,47500.0,47500.0,45000,50000,2968.75,2968.75,2,16.0,Karachi,Sindh,Scheme 33,House,3.0,4.0,rental
24.954819,67.11663,34000.0,34000.0,33000,35000,3408.65,3408.65,2,10.5,Karachi,Sindh,Scheme 33,Lower Portion,3.0,3.0,rental
24.954834,67.117364,41750.0,47500.0,22000,50000,3411.46,3125.0,4,13.2,Karachi,Sindh,Scheme 33,Lower Portion,3.25,1.25,rental
24.955324,67.051063,66750.0,41000.0,18000,250000,5375.5,4895.83,16,11.41,Karachi,Sindh,North Nazimabad,House,3.56,1.81,rental
24.955758,67.108188,28000.0,28000.0,28000,28000,3500.0,3500.0,1,8.0,Karachi,Sindh,Scheme 33,Upper Portion,0.0,0.0,rental
24.956102,67.115886,37500.0,37500.0,20000,55000,4218.75,4218.75,2,10.0,Karachi,Sindh,Scheme 33,Flat,1.0,1.0,rental
24.95618,67.115135,32553.57,22000.0,15000,220000,6128.95,4541.67,28,5.81,Karachi,Sindh,Gulshan-e-Iqbal Town,Flat,2.64,2.29,rental
24.956491,67.21934,87500.0,87500.0,65000,110000,4375.0,4375.0,2,20.0,Karachi,Sindh,Malir,House,4.0,1.5,rental
24.956491,67.219341,88123.71,85000.0,40000,150000,5077.98,5714.29,97,17.77,Karachi,Sindh,Malir,House,3.89,3.96,rental
24.956686,67.057714,22500.0,22500.0,18000,27000,4797.17,4797.17,2,4.65,Karachi,Sindh,North Nazimabad,Flat,4.5,2.5,rental
24.956818,67.147048,25000.0,25000.0,25000,25000,4032.26,4032.26,1,6.2,Karachi,Sindh,Gulshan-e-Iqbal Town,Flat,3.0,3.0,rental
24.95682172,67.21897086,39000.0,39000.0,39000,39000,1950.0,1950.0,1,20.0,Karachi,Sindh,Malir,Upper Portion,2.0,2.0,rental
24.957127,67.073616,20454.55,22000.0,10000,26000,4526.05,4583.33,11,4.56,Karachi,Sindh,North Karachi,Upper Portion,2.18,1.91,rental
24.957231,67.118698,38166.67,37500.0,20000,60000,4796.57,4812.5,6,8.38,Karachi,Sindh,Scheme 33,Lower Portion,3.17,3.33,rental
24.957318,67.109551,60000.0,60000.0,60000,60000,3750.0,3750.0,1,16.0,Karachi,Sindh,Scheme 33,Lower Portion,0.0,0.0,rental
24.957361,67.113078,25125.0,22000.0,20000,35000,4401.04,4583.33,8,5.9,Karachi,Sindh,Scheme 33,Upper Portion,2.0,0.88,rental
24.9574,67.116575,60000.0,60000.0,60000,60000,6818.18,6818.18,1,8.8,Karachi,Sindh,Scheme 33,Lower Portion,3.0,3.0,rental
24.95747,67.064222,26421.05,25000.0,15000,60000,5397.01,5208.33,38,5.1,Karachi,Sindh,North Karachi,Lower Portion,2.39,1.92,rental
24.957538,67.218252,76250.0,80000.0,55000,90000,4723.21,4857.14,4,17.0,Karachi,Sindh,Cantt,House,2.75,3.0,rental
24.95756126,67.06777811,23000.0,23000.0,23000,23000,4791.67,4791.67,1,4.8,Karachi,Sindh,North Karachi,Upper Portion,2.0,2.0,rental
24.957723,67.046697,73583.33,32500.0,16500,300000,5295.14,4250.0,6,10.27,Karachi,Sindh,North Nazimabad,House,4.0,3.17,rental
24.957832,67.193077,112777.78,110000.0,100000,135000,5638.89,5500.0,27,20.0,Karachi,Sindh,Cantt,House,5.0,5.26,rental
24.959382,67.121839,36285.71,34500.0,25000,60000,5404.82,5068.96,14,21.12,Karachi,Sindh,Scheme 33,Lower Portion,2.64,1.79,rental
24.959409,67.107317,46000.0,46000.0,42000,50000,3750.0,3750.0,2,12.8,Karachi,Sindh,Scheme 33,House,1.5,2.0,rental
24.959785,67.07019,23846.15,24000.0,13500,52000,5041.76,5000.0,39,4.74,Karachi,Sindh,North Karachi,Upper Portion,1.97,1.87,rental
24.959894,67.188631,74304.35,65000.0,55000,130000,3368.91,3181.82,23,22.17,Karachi,Sindh,Cantt,Upper Portion,3.61,3.7,rental
24.960194,67.061964,32000.0,32000.0,32000,32000,6274.51,6274.51,1,5.1,Karachi,Sindh,Shadman 2,Flat,3.0,3.0,rental
24.961072,67.066499,21704.55,22500.0,16000,27000,4636.06,4791.67,22,4.68,Karachi,Sindh,North Karachi,Upper Portion,2.0,1.91,rental
24.961073,67.0665,26000.0,26000.0,26000,26000,5416.67,5416.67,1,4.8,Karachi,Sindh,North Karachi,Upper Portion,2.0,2.0,rental
24.961111,67.055884,17000.0,17000.0,17000,17000,4250.0,4250.0,1,4.0,Karachi,Sindh,North Karachi,Flat,2.0,2.0,rental
24.96121369,67.06202745,26000.0,26000.0,26000,26000,2708.33,2708.33,1,9.6,Karachi,Sindh,North Nazimabad,Lower Portion,2.0,2.0,rental
24.961242,67.056011,36553.57,23500.0,9000,200000,5186.14,4472.22,28,6.25,Karachi,Sindh,North Nazimabad,Lower Portion,1.5,1.39,rental
24.96124268,67.05600739,25000.0,25000.0,25000,25000,5208.33,5208.33,1,4.8,Karachi,Sindh,North Nazimabad,Upper Portion,2.0,2.0,rental
24.961598,67.119672,51250.0,57500.0,30000,60000,3515.62,3593.75,4,14.4,Karachi,Sindh,Scheme 33,House,3.0,2.25,rental
24.961832,67.050476,22937.5,20500.0,15000,55000,4943.91,4479.17,16,4.66,Karachi,Sindh,North Nazimabad,Lower Portion,2.31,2.12,rental
24.962318,67.07432,22000.0,22000.0,22000,22000,4583.33,4583.33,1,4.8,Karachi,Sindh,North Karachi,Lower Portion,0.0,0.0,rental
24.962319,67.074319,22142.86,22500.0,14000,25000,4506.57,4583.33,14,4.92,Karachi,Sindh,North Karachi,Upper Portion,2.14,2.14,rental
24.962444,67.074108,25000.0,25000.0,25000,25000,5208.33,5208.33,1,4.8,Karachi,Sindh,North Karachi,Flat,3.0,2.0,rental
24.962446,67.120027,23000.0,23000.0,21000,25000,6512.1,6512.1,2,3.55,Karachi,Sindh,Scheme 33,Flat,2.0,2.0,rental
24.96247,67.121103,20000.0,20000.0,20000,20000,4166.67,4166.67,1,4.8,Karachi,Sindh,Scheme 33,Lower Portion,2.0,3.0,rental
24.962736,67.12857,36000.0,36000.0,23000,49000,3927.08,3927.08,2,10.4,Karachi,Sindh,Scheme 33,Upper Portion,3.0,1.5,rental
24.962737,67.128568,37500.0,36500.0,22000,60000,4068.75,3775.0,8,10.2,Karachi,Sindh,Scheme 33,Upper Portion,2.62,3.0,rental
24.962834,67.124126,21000.0,21000.0,21000,21000,4375.0,4375.0,1,4.8,Karachi,Sindh,Scheme 33,House,2.0,3.0,rental
24.963835,67.179292,36500.0,36500.0,28000,45000,1989.58,1989.58,2,20.0,Karachi,Sindh,Police Society,House,3.0,3.0,rental
24.964506,67.168608,32500.0,32500.0,20000,45000,3437.5,3385.42,4,10.0,Karachi,Sindh,Gadap Town,House,3.0,3.0,rental
24.964585,67.125883,23666.67,25000.0,18000,28000,3955.6,4310.34,3,8.3,Karachi,Sindh,Scheme 33,Flat,2.33,1.33,rental
24.964622,67.16856,32500.0,29000.0,24000,48000,5503.47,5104.17,6,6.4,Karachi,Sindh,Scheme 33,Upper Portion,2.83,3.33,rental
24.964623,67.168558,33222.22,32000.0,20000,50000,4904.65,4375.0,27,7.79,Karachi,Sindh,Scheme 33,House,2.78,3.19,rental
24.96470066,67.12714612,35000.0,35000.0,35000,35000,3645.83,3645.83,1,9.6,Karachi,Sindh,Scheme 33,Lower Portion,2.0,2.0,rental
24.964886,67.175591,25000.0,25000.0,25000,25000,5208.33,5208.33,1,4.8,Karachi,Sindh,Scheme 33,Lower Portion,2.0,2.0,rental
24.964895,67.066877,13571.43,11000.0,10000,22000,5269.2,4166.67,7,3.07,Karachi,Sindh,North Nazimabad,Flat,1.71,1.0,rental
24.964946,67.056945,23100.0,33000.0,5500,35000,8396.09,7291.67,5,5.06,Karachi,Sindh,Anda Mor Road,Room,2.2,2.2,rental
24.965722,67.048622,22307.69,19000.0,12000,60000,4647.44,3958.33,13,4.8,Karachi,Sindh,North Karachi,Lower Portion,1.62,1.54,rental
24.965776,67.120174,23333.33,25000.0,17000,28000,3062.5,2604.17,3,8.53,Karachi,Sindh,Scheme 33,Upper Portion,2.0,2.33,rental
24.965828,67.062514,22333.33,23000.0,19000,25000,4218.75,3958.33,3,5.33,Karachi,Sindh,North Karachi,Lower Portion,1.67,1.33,rental
24.965832,67.188458,18000.0,18000.0,18000,18000,5454.55,5454.55,1,3.3,Karachi,Sindh,Scheme 33,Flat,2.0,2.0,rental
24.966616,67.050978,22750.0,22000.0,15000,32000,4296.88,4583.33,4,5.6,Karachi,Sindh,North Karachi,Upper Portion,1.0,1.0,rental
24.967419,67.064849,32833.33,26000.0,25000,50000,5491.07,5208.33,6,6.8,Karachi,Sindh,North Karachi,Lower Portion,3.17,2.17,rental
24.967794,67.103184,20000.0,20000.0,20000,20000,3333.33,3333.33,1,6.0,Karachi,Sindh,Scheme 33,Upper Portion,3.0,3.0,rental
24.968102,67.170217,25000.0,25000.0,25000,25000,5208.33,5208.33,1,4.8,Karachi,Sindh,Scheme 33,Upper Portion,2.0,2.0,rental
24.96813404,67.0609653,45000.0,45000.0,45000,45000,2812.5,2812.5,1,16.0,Karachi,Sindh,North Karachi,Lower Portion,3.0,4.0,rental
24.968241,67.054796,34176.47,21000.0,18000,240000,7098.42,4375.0,17,4.82,Karachi,Sindh,North Karachi,Lower Portion,1.29,1.24,rental
24.968775,67.052061,21692.31,21000.0,16000,40000,4659.84,4375.0,13,4.67,Karachi,Sindh,North Karachi,Upper Portion,1.23,1.23,rental
24.969255,67.039855,40111.11,40000.0,22000,60000,5914.35,5000.0,9,6.93,Karachi,Sindh,Naya Nazimabad,House,3.11,3.56,rental
24.96975708,67.07269287,30000.0,30000.0,30000,30000,5357.14,5357.14,1,5.6,Karachi,Sindh,North Karachi,Flat,3.0,2.0,rental
24.96986,67.066957,11000.0,11000.0,11000,11000,3055.56,3055.56,1,3.6,Karachi,Sindh,North Karachi,Flat,4.0,2.0,rental
24.969948,67.176168,50000.0,50000.0,50000,50000,10416.67,10416.67,1,4.8,Karachi,Sindh,Scheme 33,House,4.0,5.0,rental
24.970264,67.125392,18000.0,18000.0,18000,18000,3750.0,3750.0,1,4.8,Karachi,Sindh,Scheme 33,Lower Portion,2.0,3.0,rental
24.970688,67.059021,30857.14,23000.0,20000,58000,5973.21,4791.67,7,5.06,Karachi,Sindh,North Karachi,Lower Portion,2.57,1.71,rental
24.971548,67.121945,90000.0,90000.0,90000,90000,23684.21,23684.21,1,3.8,Karachi,Sindh,Scheme 33,Flat,2.0,2.0,rental
24.972286,67.0663,22000.0,22000.0,19000,25000,4583.33,4583.33,2,4.8,Karachi,Sindh,North Karachi,House,2.5,2.0,rental
24.97228622,67.06629944,13000.0,13000.0,13000,13000,3421.05,3421.05,1,3.8,Karachi,Sindh,North Karachi,Flat,0.0,0.0,rental
24.972287,67.066298,23777.78,20000.0,8000,100000,4679.36,4166.67,54,5.23,Karachi,Sindh,North Karachi,House,2.31,2.11,rental
24.97252,67.259372,43333.33,45000.0,28000,57000,3120.83,281.25,3,108.8,Karachi,Sindh,Damba,Farm House,1.0,1.0,rental
24.972715,67.142279,70000.0,70000.0,70000,70000,7865.17,7865.17,1,8.9,Karachi,Sindh,PIDC,Flat,3.0,3.0,rental
24.974388,67.068701,23500.0,23500.0,22000,25000,3377.56,3377.56,2,7.45,Karachi,Sindh,North Karachi,Flat,1.0,1.5,rental
24.97466,67.054667,23842.11,22000.0,18000,45000,4703.0,4583.33,19,5.06,Karachi,Sindh,North Karachi,Lower Portion,1.89,1.68,rental
24.976352,67.127194,52000.0,52000.0,52000,52000,3714.29,3714.29,1,14.0,Karachi,Sindh,Scheme 33,Upper Portion,3.0,3.0,rental
24.97645,67.060289,39736.84,35000.0,18000,80000,3867.42,3645.83,19,10.96,Karachi,Sindh,North Karachi,Upper Portion,2.84,2.74,rental
24.978472,67.133074,85000.0,85000.0,85000,85000,8673.47,8673.47,1,9.8,Karachi,Sindh,Gulshan-e-Iqbal Town,Upper Portion,4.0,4.0,rental
24.979977,67.05544,18000.0,18000.0,18000,18000,3750.0,3750.0,1,4.8,Karachi,Sindh,North Karachi,House,2.0,2.0,rental
24.980602,67.147485,36500.0,36500.0,35000,38000,4562.5,4562.5,2,8.0,Karachi,Sindh,Scheme 33,Upper Portion,2.5,3.0,rental
24.981312,67.054067,20375.0,20000.0,19000,23000,4202.72,4166.67,8,4.85,Karachi,Sindh,North Karachi,Lower Portion,1.5,1.38,rental
24.981857,67.060118,31800.0,35000.0,7500,50000,4499.19,4166.67,15,7.66,Karachi,Sindh,North Karachi,House,2.53,2.13,rental
24.981857,67.06012,32000.0,32000.0,32000,32000,8000.0,8000.0,1,4.0,Karachi,Sindh,North Karachi,Lower Portion,3.0,3.0,rental
24.9818573,67.06011963,32000.0,32000.0,32000,32000,5000.0,5000.0,1,6.4,Karachi,Sindh,North Karachi,Upper Portion,5.0,3.0,rental
24.986019,67.135864,39000.0,39000.0,28000,50000,7083.33,7083.33,2,5.4,Karachi,Sindh,Teacher Society,House,2.5,3.0,rental
24.9867,67.166462,52000.0,52000.0,52000,52000,9811.32,9811.32,1,5.3,Karachi,Sindh,Ahsan Grand City,Flat,0.0,0.0,rental
24.986992,67.057028,19750.0,19750.0,13500,26000,4817.71,4817.71,2,4.0,Karachi,Sindh,New Karachi,Flat,1.0,1.0,rental
24.986992,67.05703,12000.0,12000.0,12000,12000,3750.0,3750.0,1,3.2,Karachi,Sindh,New Karachi,Lower Portion,3.0,2.0,rental
24.987886,67.063336,10500.0,10500.0,10000,11000,7626.26,7626.26,2,2.1,Karachi,Sindh,New Karachi,Flat,1.0,1.0,rental
24.990234,67.066505,20000.0,20000.0,20000,20000,4166.67,4166.67,1,4.8,Karachi,Sindh,North Karachi,Flat,3.0,3.0,rental
24.99091937,67.06433174,14000.0,14000.0,14000,14000,4375.0,4375.0,1,3.2,Karachi,Sindh,North Karachi,House,3.0,2.0,rental
24.99093146,67.06442466,14000.0,14000.0,14000,14000,4375.0,4375.0,1,3.2,Karachi,Sindh,North Karachi,House,3.0,2.0,rental
24.991348,67.062521,25000.0,25000.0,25000,25000,7812.5,7812.5,1,3.2,Karachi,Sindh,New Karachi,House,4.0,4.0,rental
24.991426,67.169123,26666.67,25000.0,20000,35000,2920.14,3333.33,3,56.93,Karachi,Sindh,Super Highway,Farm House,3.0,4.0,rental
24.99271,67.074494,10000.0,10000.0,10000,10000,3846.15,3846.15,1,2.6,Karachi,Sindh,New Karachi,Upper Portion,0.0,0.0,rental
24.996327,67.461838,60000.0,60000.0,60000,60000,14285.71,14285.71,1,4.2,Karachi,Sindh,DHA City Karachi,Flat,2.0,2.0,rental
24.997105,67.464459,87500.0,87500.0,85000,90000,14375.0,14375.0,2,8.0,Karachi,Sindh,DHA City Karachi,House,3.5,3.5,rental
24.997533,67.461799,100000.0,100000.0,85000,115000,8187.5,8187.5,2,14.0,Karachi,Sindh,DHA City Karachi,Flat,1.5,1.5,rental
24.997654,67.057307,16500.0,16500.0,16500,16500,2946.43,2946.43,1,5.6,Karachi,Sindh,North Karachi,Upper Portion,3.0,2.0,rental
24.99884963,67.07837753,19000.0,19000.0,19000,19000,3725.49,3725.49,1,5.1,Karachi,Sindh,New Karachi,Lower Portion,2.0,2.0,rental
25.000722,67.115049,10000.0,10000.0,10000,10000,3030.3,3030.3,1,3.3,Karachi,Sindh,Gadap Town,Flat,2.0,2.0,rental
25.001422,67.056212,36000.0,36000.0,36000,36000,7200.0,7200.0,1,5.0,Karachi,Sindh,New Karachi,House,7.0,6.0,rental
25.00218057,67.0544529,10000.0,10000.0,10000,10000,3125.0,3125.0,1,3.2,Karachi,Sindh,North Karachi,Upper Portion,2.0,2.0,rental
25.00232,67.06566,15000.0,15000.0,15000,15000,3750.0,3750.0,1,4.0,Karachi,Sindh,North Karachi,Flat,2.0,2.0,rental
25.0024139,67.06580447,12500.0,12500.0,12500,12500,5208.33,5208.33,1,2.4,Karachi,Sindh,North Karachi,Flat,2.0,2.0,rental
25.00283872,67.05398954,20000.0,20000.0,20000,20000,6250.0,6250.0,1,3.2,Karachi,Sindh,North Karachi,House,4.0,4.0,rental
25.003328,67.071619,10000.0,10000.0,10000,10000,4166.67,4166.67,1,2.4,Karachi,Sindh,New Karachi,House,2.0,2.0,rental
25.004495,67.055268,12000.0,12000.0,12000,12000,3750.0,3750.0,1,3.2,Karachi,Sindh,New Karachi,Lower Portion,2.0,1.0,rental
25.004573,67.467871,15000.0,15000.0,15000,15000,375.0,375.0,1,40.0,Karachi,Sindh,DHA City Karachi,Farm House,3.0,4.0,rental
25.00486755,67.04109955,25000.0,25000.0,25000,25000,3906.25,3906.25,1,6.4,Karachi,Sindh,Gadap Town,House,2.0,2.0,rental
25.004868,67.041096,26281.25,25000.0,18000,50000,4537.76,4166.67,32,6.01,Karachi,Sindh,Gadap Town,House,2.34,1.88,rental
25.004868,67.0411,29750.0,27000.0,20000,45000,4979.17,4541.67,4,6.1,Karachi,Sindh,Gadap Town,House,5.0,2.75,rental
25.005301,67.30881,50500.0,50000.0,40000,60000,6312.5,6250.0,61,8.0,Karachi,Sindh,Bahria Town Karachi,House,2.97,3.05,rental
25.005625,67.06284,15000.0,15000.0,15000,15000,4687.5,4687.5,1,3.2,Karachi,Sindh,New Karachi,Upper Portion,1.0,0.0,rental
25.00574,67.316385,50000.0,50000.0,50000,50000,3571.43,3571.43,1,14.0,Karachi,Sindh,Bahria Town Karachi,House,3.0,3.0,rental
25.00692552,67.04094529,18000.0,18000.0,18000,18000,3750.0,3750.0,1,4.8,Karachi,Sindh,Gadap Town,House,2.0,2.0,rental
25.006938,67.308037,48750.0,46000.0,38000,75000,6927.08,6666.67,16,7.0,Karachi,Sindh,Bahria Town Karachi,House,2.88,3.19,rental
25.006939,67.30804,40000.0,40000.0,40000,40000,6666.67,6666.67,1,6.0,Karachi,Sindh,Bahria Town Karachi,House,3.0,3.0,rental
25.009119,67.307179,38857.14,40000.0,32000,50000,6384.22,6500.0,63,6.09,Karachi,Sindh,Bahria Town Karachi,House,2.98,2.97,rental
25.009119,67.30718,45000.0,45000.0,40000,50000,6458.33,6458.33,2,7.0,Karachi,Sindh,Bahria Town Karachi,House,3.0,3.5,rental
25.009258,67.117196,18333.33,18000.0,18000,19000,3769.44,3750.0,3,4.87,Karachi,Sindh,Scheme 33,Lower Portion,2.0,2.33,rental
25.01074791,67.31202359,35000.0,35000.0,35000,35000,3645.83,3645.83,1,9.6,Karachi,Sindh,Bahria Town Karachi,Flat,3.0,3.0,rental
25.01194539,67.31198526,20000.0,20000.0,20000,20000,4761.9,4761.9,1,4.2,Karachi,Sindh,Bahria Town Karachi,Flat,2.0,2.0,rental
25.01228142,67.3134079,26000.0,26000.0,26000,26000,6190.48,6190.48,1,4.2,Karachi,Sindh,Bahria Town Karachi,Flat,2.0,0.0,rental
25.012673,67.316063,34333.33,35000.0,30000,38000,2683.42,558.82,3,46.77,Karachi,Sindh,Bahria Town Karachi,Flat,2.67,2.67,rental
25.013015,67.314401,26742.86,20000.0,17000,45000,4293.49,4285.71,70,7.22,Karachi,Sindh,Bahria Town Karachi,Flat,2.33,2.06,rental
25.013016,67.3144,19000.0,19000.0,18000,20000,4523.81,4523.81,2,4.2,Karachi,Sindh,Bahria Town Karachi,Flat,2.0,2.0,rental
25.01324537,67.11723539,55000.0,55000.0,55000,55000,5500.0,5500.0,1,10.0,Karachi,Sindh,Gadap Town,House,5.0,8.0,rental
25.013265,67.120818,30000.0,30000.0,30000,30000,4000.0,4000.0,1,7.5,Karachi,Sindh,Gadap Town,Flat,3.0,3.0,rental
25.01367295,67.31161987,22000.0,22000.0,22000,22000,5238.1,5238.1,1,4.2,Karachi,Sindh,Bahria Town Karachi,Flat,2.0,2.0,rental
25.015331,67.126094,24600.0,25000.0,18000,35000,3812.36,3375.0,5,6.52,Karachi,Sindh,Gadap Town,House,1.8,1.8,rental
25.015384,67.11633,35000.0,35000.0,35000,35000,3645.83,3645.83,1,9.6,Karachi,Sindh,Gadap Town,Lower Portion,3.0,3.0,rental
25.01556296,67.05767658,30000.0,30000.0,30000,30000,6000.0,6000.0,1,5.0,Karachi,Sindh,Gadap Town,House,6.0,5.0,rental
25.016292,67.073539,66800.0,15000.0,12000,250000,13062.5,4687.5,5,3.84,Karachi,Sindh,North Karachi,House,0.0,0.0,rental
25.016433,67.060102,13000.0,11500.0,10000,19000,3768.55,3979.89,6,3.65,Karachi,Sindh,Gadap Town,Flat,0.83,0.5,rental
25.01795,67.13639,30000.0,30000.0,30000,30000,3750.0,3750.0,1,8.0,Karachi,Sindh,Gadap Town,House,3.0,3.0,rental
25.017951,67.136393,29968.6,27000.0,12000,65000,3785.27,3300.97,43,8.5,Karachi,Sindh,Gadap Town,House,3.42,3.3,rental
25.017951,67.395201,140000.0,130000.0,15000,275000,7791.67,6500.0,3,14.93,Karachi,Sindh,DHA City Karachi,Flat,3.0,2.67,rental
25.018488,67.135465,12000.0,12000.0,12000,12000,3750.0,3750.0,1,3.2,Karachi,Sindh,Gadap Town,Upper Portion,2.0,2.0,rental
25.018495,67.119763,30250.0,30500.0,25000,35000,3151.04,3177.08,4,9.6,Karachi,Sindh,Gadap Town,Upper Portion,3.25,3.0,rental
25.018962,67.142772,25500.0,25500.0,16000,35000,2291.67,2291.67,2,10.8,Karachi,Sindh,Gadap Town,House,0.0,1.0,rental
25.020724,67.318784,18000.0,18000.0,18000,18000,4285.71,4285.71,1,4.2,Karachi,Sindh,Bahria Town Karachi,Flat,2.0,2.0,rental
25.020961,67.321172,26938.27,23000.0,18000,60000,4520.52,4761.9,81,6.73,Karachi,Sindh,Bahria Town Karachi,Flat,2.31,2.22,rental
25.020962,67.321175,23000.0,23000.0,23000,23000,5476.19,5476.19,1,4.2,Karachi,Sindh,Bahria Town Karachi,Flat,2.0,2.0,rental
25.022073,67.066469,14000.0,14000.0,14000,14000,4242.42,4242.42,1,3.3,Karachi,Sindh,Gadap Town,Flat,0.0,0.0,rental
25.022481,67.129082,31818.18,30000.0,27000,45000,3676.14,3750.0,11,8.91,Karachi,Sindh,Gadap Town,House,3.64,1.55,rental
25.023415,67.138791,40142.86,35000.0,28000,65000,8247.88,3645.83,7,9.4,Karachi,Sindh,Gadap Town,Upper Portion,3.29,2.86,rental
25.023706,67.071447,15000.0,15000.0,13000,17000,5075.76,5075.76,2,2.95,Karachi,Sindh,Gadap Town,Flat,2.5,2.5,rental
25.025295,67.131615,50000.0,50000.0,50000,50000,3125.0,3125.0,1,16.0,Karachi,Sindh,Gadap Town,Upper Portion,4.0,0.0,rental
25.02544,67.329266,55000.0,55000.0,55000,55000,6875.0,6875.0,1,8.0,Karachi,Sindh,Bahria Town Karachi,House,3.0,3.0,rental
25.02611708,67.08251987,25000.0,25000.0,25000,25000,3906.25,3906.25,1,6.4,Karachi,Sindh,North Karachi,Lower Portion,0.0,0.0,rental
25.027284,67.131308,46000.0,55000.0,25000,60000,5500.0,6250.0,5,8.32,Karachi,Sindh,Gadap Town,House,4.2,3.8,rental
25.02954844,67.06619494,13000.0,13000.0,13000,13000,5000.0,5000.0,1,2.6,Karachi,Sindh,Gadap Town,Lower Portion,0.0,0.0,rental
25.029909,67.137192,28111.11,25000.0,18000,75000,4357.11,3787.88,9,6.13,Karachi,Sindh,Gadap Town,House,2.56,1.33,rental
25.032883,67.057199,30000.0,30000.0,30000,30000,6250.0,6250.0,1,4.8,Karachi,Sindh,Gadap Town,House,3.0,3.0,rental
25.036801,67.065561,11333.33,10000.0,8000,16000,3418.8,3333.33,3,3.33,Karachi,Sindh,Gadap Town,House,0.0,0.0,rental
25.043148,67.103105,9000.0,9000.0,9000,9000,5625.0,5625.0,1,1.6,Karachi,Sindh,Scheme 45,Flat,1.0,1.0,rental
25.050147,67.0261,18250.0,18250.0,17500,19000,4281.8,4281.8,2,4.3,Karachi,Sindh,Gadap Town,Flat,2.0,2.0,rental
25.051051,67.072513,61230.0,61230.0,61230,61230,30615.0,30615.0,1,2.0,Karachi,Sindh,Gadap Town,Flat,1.0,1.0,rental
25.051119,67.064581,16000.0,15000.0,13000,20000,3869.12,3125.0,3,4.4,Karachi,Sindh,Gadap Town,Upper Portion,3.33,1.33,rental
25.051778,67.319934,20000.0,20000.0,20000,20000,4761.9,4761.9,1,4.2,Karachi,Sindh,Bahria Town Karachi,Flat,2.0,3.0,rental
25.05303525,67.31138136,42000.0,42000.0,42000,42000,5250.0,5250.0,1,8.0,Karachi,Sindh,Bahria Town Karachi,House,3.0,3.0,rental
25.058062,67.306626,35841.46,35000.0,28000,95000,4511.08,4375.0,82,7.99,Karachi,Sindh,Bahria Town Karachi,House,2.9,2.88,rental
25.065275,67.313384,25250.0,25000.0,25000,27000,4766.53,5000.0,12,5.34,Karachi,Sindh,Bahria Town Karachi,House,2.5,2.25,rental
25.067079,67.309986,25600.0,25000.0,22000,30000,4192.84,4166.67,15,6.32,Karachi,Sindh,Bahria Town Karachi,House,2.67,2.87,rental
25.067949,67.06844,23500.0,23500.0,22000,25000,4895.83,4895.83,2,4.8,Karachi,Sindh,Gadap Town,Upper Portion,0.0,0.0,rental
25.071948,67.338656,26000.0,26000.0,26000,26000,3250.0,3250.0,1,8.0,Karachi,Sindh,Bahria Town Karachi,House,3.0,4.0,rental
25.107539,67.152488,28000.0,28000.0,28000,28000,3500.0,3500.0,1,8.0,Karachi,Sindh,State Bank of Pakistan Staff Co-Operative Housing Society,Lower Portion,2.0,3.0,rental
25.113565,67.353811,26000.0,26000.0,26000,26000,3250.0,3250.0,1,8.0,Karachi,Sindh,Bahria Town Karachi,House,3.0,4.0,rental
31.237097,74.003727,24000.0,24000.0,24000,24000,300.0,300.0,1,80.0,Lahore,Punjab,Multan Road,Farm House,0.0,0.0,sale_derived
31.252821,74.186097,15133.33,16800.0,7800,20800,3016.97,1890.91,3,6.33,Lahore,Punjab,Manga - Raiwind Road,House,1.0,1.33,sale_derived
31.256298,74.21428,16000.0,16000.0,16000,16000,4000.0,4000.0,1,4.0,Lahore,Punjab,Manga - Raiwind Road,House,4.0,3.0,sale_derived
31.257848,74.420247,86600.0,86600.0,15200,158000,5395.83,5395.83,2,120.75,Lahore,Punjab,Mustafa Abad,Farm House,1.5,2.0,sale_derived
31.257849,74.42025,66000.0,66000.0,66000,66000,6600.0,6600.0,1,10.0,Lahore,Punjab,Mustafa Abad,House,5.0,3.0,sale_derived
31.258188,74.2378,16000.0,16000.0,16000,16000,5333.33,5333.33,2,3.0,Lahore,Punjab,Jalal Pura,House,2.5,0.0,sale_derived
31.26422253,74.22177136,18000.0,18000.0,18000,18000,3600.0,3600.0,1,5.0,Lahore,Punjab,Raiwind Road,House,2.0,1.0,sale_derived
31.276949,74.19655,240000.0,240000.0,240000,240000,2181.82,2181.82,1,110.0,Lahore,Punjab,Sundar Road,Farm House,5.0,6.0,sale_derived
31.287076,74.228084,8000.0,8000.0,8000,8000,3636.36,3636.36,1,2.2,Lahore,Punjab,Maryam Town,House,2.0,0.0,sale_derived
31.290941,74.227944,15638.0,12360.0,10000,27832,3593.42,4120.0,4,4.47,Lahore,Punjab,Raiwind Road,Flat,2.0,2.25,sale_derived
31.291589,74.216466,18000.0,18000.0,18000,18000,2571.43,2571.43,1,7.0,Lahore,Punjab,Ashrafi Town,House,1.0,1.0,sale_derived
31.29428,74.065693,5980.0,5980.0,5980,5980,3517.65,3517.65,1,1.7,Lahore,Punjab,Multan Road,Flat,2.0,1.0,sale_derived
31.296155,74.319888,5700.0,5700.0,3400,8000,1673.33,1673.33,2,4.0,Lahore,Punjab,Bahria Education & Medical City,Flat,2.5,3.0,sale_derived
31.30001365,74.06744388,24000.0,24000.0,24000,24000,4000.0,4000.0,1,6.0,Lahore,Punjab,Manga Mandi,House,3.0,3.0,sale_derived
31.300536,74.070125,45600.0,14000.0,12000,100000,1958.18,1090.91,5,43.8,Lahore,Punjab,Manga Mandi,House,2.8,2.8,sale_derived
31.30416707,74.3979295,5600.0,5600.0,5600,5600,1866.67,1866.67,1,3.0,Lahore,Punjab,Ferozepur Road,House,2.0,2.0,sale_derived
31.30431312,74.39824649,10800.0,10800.0,10800,10800,3600.0,3600.0,1,3.0,Lahore,Punjab,Sue-e-Asal,House,2.0,2.0,sale_derived
31.30632591,74.20278168,40000.0,40000.0,40000,40000,8000.0,8000.0,1,5.0,Lahore,Punjab,Bahria Orchard,House,3.0,4.0,sale_derived
31.30657369,74.39718329,6000.0,6000.0,6000,6000,2000.0,2000.0,1,3.0,Lahore,Punjab,Ferozepur Road,House,2.0,2.0,sale_derived
31.30660868,74.39673696,10000.0,10000.0,10000,10000,2000.0,2000.0,1,5.0,Lahore,Punjab,Ferozepur Road,House,2.0,2.0,sale_derived
31.30717898,74.3966468,8800.0,8800.0,8800,8800,2933.33,2933.33,1,3.0,Lahore,Punjab,Ferozepur Road,House,2.0,2.0,sale_derived
31.30724137,74.39626164,14000.0,14000.0,14000,14000,2800.0,2800.0,1,5.0,Lahore,Punjab,Ferozepur Road,House,6.0,6.0,sale_derived
31.30768639,74.39634398,14000.0,14000.0,14000,14000,2800.0,2800.0,1,5.0,Lahore,Punjab,Lahore - Kasur Road,House,6.0,6.0,sale_derived
31.30786681,74.39616554,8000.0,8000.0,8000,8000,2666.67,2666.67,1,3.0,Lahore,Punjab,Ferozepur Road,House,2.0,2.0,sale_derived
31.30814621,74.396451,8800.0,8800.0,8800,8800,2933.33,2933.33,1,3.0,Lahore,Punjab,Ferozepur Road,House,2.0,2.0,sale_derived
31.308609,74.394432,34400.0,34400.0,34400,34400,6880.0,6880.0,1,5.0,Lahore,Punjab,Ferozepur City,House,4.0,7.0,sale_derived
31.308767,74.39537,9600.0,9600.0,9600,9600,3200.0,3200.0,1,3.0,Lahore,Punjab,Sue-e-Asal,House,2.0,3.0,sale_derived
31.308768,74.395373,47422.22,14000.0,6000,240000,2917.17,2000.0,9,66.22,Lahore,Punjab,Sue-e-Asal,House,3.44,3.0,sale_derived
31.30904333,74.39606781,8800.0,8800.0,8800,8800,2933.33,2933.33,1,3.0,Lahore,Punjab,Ferozepur Road,House,2.0,2.0,sale_derived
31.30930436,74.3955485,8800.0,8800.0,8800,8800,2933.33,2933.33,1,3.0,Lahore,Punjab,Ferozepur Road,House,2.0,2.0,sale_derived
31.30994387,74.39556098,14000.0,14000.0,14000,14000,2800.0,2800.0,1,5.0,Lahore,Punjab,Ferozepur Road,House,6.0,6.0,sale_derived
31.31027734,74.39517055,6400.0,6400.0,6400,6400,2133.33,2133.33,1,3.0,Lahore,Punjab,Ferozepur Road,House,2.0,2.0,sale_derived
31.310528,74.203019,18000.0,18000.0,18000,18000,3600.0,3600.0,1,5.0,Lahore,Punjab,Bahria Orchard,House,0.0,0.0,sale_derived
31.312875,74.220321,42325.45,40000.0,34000,50000,8284.55,8000.0,11,5.12,Lahore,Punjab,Bahria Orchard,House,2.64,3.0,sale_derived
31.314782,74.212511,59300.0,53000.0,41200,90000,8110.0,8620.0,4,7.5,Lahore,Punjab,Bahria Orchard,House,4.25,5.0,sale_derived
31.314855,74.386876,60666.67,28000.0,26000,128000,8711.11,9333.33,3,8.5,Lahore,Punjab,Central Park Housing Scheme,House,3.67,4.33,sale_derived
31.31485558,74.38687897,50000.0,50000.0,50000,50000,7042.25,7042.25,1,7.1,Lahore,Punjab,Bahria Town,House,5.0,6.0,sale_derived
31.315039,74.373252,15400.0,15400.0,14800,16000,5133.33,5133.33,2,3.0,Lahore,Punjab,Al Fajar Society,House,3.5,3.0,sale_derived
31.315091,74.39294353,8000.0,8000.0,8000,8000,2666.67,2666.67,1,3.0,Lahore,Punjab,Ferozepur Road,House,2.0,2.0,sale_derived
31.315221,74.205594,11575.0,11700.0,6400,14400,2315.0,2340.0,8,5.0,Lahore,Punjab,Bahria Orchard,Flat,2.0,1.0,sale_derived
31.315478,74.228089,66000.0,66000.0,66000,66000,6600.0,6600.0,1,10.0,Lahore,Punjab,Bahria Town,House,5.0,6.0,sale_derived
31.31564874,74.39197519,14000.0,14000.0,14000,14000,2800.0,2800.0,1,5.0,Lahore,Punjab,Ferozepur Road,House,6.0,6.0,sale_derived
31.31607516,74.39308482,5600.0,5600.0,5600,5600,1866.67,1866.67,1,3.0,Lahore,Punjab,Ferozepur Road,House,2.0,2.0,sale_derived
31.316395,74.37674,44000.0,44000.0,34000,54000,3500.0,3500.0,2,12.5,Lahore,Punjab,Central Park Housing Scheme,House,2.5,3.0,sale_derived
31.316586,74.438714,24000.0,24000.0,24000,24000,600.0,600.0,1,40.0,Lahore,Punjab,Saraich,Farm House,0.0,0.0,sale_derived
31.317348,74.206967,52000.0,52000.0,52000,52000,6500.0,6500.0,1,8.0,Lahore,Punjab,Bahria Orchard,House,3.0,3.0,sale_derived
31.317861,74.21814,77560.09,81000.0,5700,112000,4246.43,4100.0,442,18.75,Lahore,Punjab,Bahria Orchard,House,3.83,3.62,sale_derived
31.317862,74.21814,94000.0,94000.0,94000,94000,4700.0,4700.0,3,20.0,Lahore,Punjab,Bahria Orchard,House,4.0,3.0,sale_derived
31.318154,74.403656,33800.0,35000.0,18400,40000,6647.78,7000.0,12,5.17,Lahore,Punjab,Bahria Nasheman,House,2.33,2.75,sale_derived
31.318439,74.225283,26133.33,22000.0,14200,58000,4111.71,3714.29,39,6.36,Lahore,Punjab,Raiwind Road,Flat,2.46,2.21,sale_derived
31.318521,74.40078,30400.0,30400.0,30400,30400,6080.0,6080.0,1,5.0,Lahore,Punjab,Bahria Nasheman,House,3.0,4.0,sale_derived
31.3186861,74.22410488,53280.0,78000.0,15200,78000,3636.0,3900.0,5,14.0,Lahore,Punjab,Bahria Orchard,House,3.4,3.4,sale_derived
31.318814,74.218261,46714.29,54000.0,18000,76000,5474.29,5400.0,7,7.86,Lahore,Punjab,Bahria Orchard,House,3.0,2.71,sale_derived
31.318888,74.245849,68000.0,68000.0,64000,72000,2428.57,2428.57,2,28.0,Lahore,Punjab,Chinar Bagh,House,3.5,3.5,sale_derived
31.31892586,74.21869659,42000.0,42000.0,42000,42000,8400.0,8400.0,1,5.0,Lahore,Punjab,Bahria Orchard,House,3.0,5.0,sale_derived
31.319401,74.250741,58666.67,56000.0,56000,64000,2933.33,2800.0,3,20.0,Lahore,Punjab,Chinar Bagh,House,2.0,2.0,sale_derived
31.319438,74.219635,53200.0,44000.0,28000,86000,5770.0,4250.0,5,10.2,Lahore,Punjab,Bahria Orchard,House,3.2,3.8,sale_derived
31.3198625,74.22234414,94000.0,94000.0,94000,94000,4700.0,4700.0,1,20.0,Lahore,Punjab,Bahria Orchard,House,4.0,6.0,sale_derived
31.32006991,74.20997162,39600.0,39600.0,39600,39600,4950.0,4950.0,1,8.0,Lahore,Punjab,Bahria Orchard,House,5.0,7.0,sale_derived
31.320354,74.403441,34891.43,35200.0,18000,54000,6290.48,6800.0,35,5.6,Lahore,Punjab,Bahria Nasheman,House,3.0,3.23,sale_derived
31.32046318,74.40022278,38000.0,38000.0,38000,38000,7600.0,7600.0,1,5.0,Lahore,Punjab,Bahria Nasheman,House,3.0,4.0,sale_derived
31.320464,74.400222,35320.0,35600.0,28000,38000,6994.91,6974.55,10,5.05,Lahore,Punjab,Bahria Nasheman,House,3.0,3.2,sale_derived
31.320611,74.403269,59450.0,60000.0,47600,66000,6666.7,6861.11,8,9.19,Lahore,Punjab,Bahria Nasheman,House,3.25,2.62,sale_derived
31.32072,74.210754,88800.0,88800.0,88800,88800,8880.0,8880.0,1,10.0,Lahore,Punjab,Bahria Orchard,House,5.0,6.0,sale_derived
31.32072067,74.21075439,58000.0,58000.0,58000,58000,6744.19,6744.19,1,8.6,Lahore,Punjab,Bahria Orchard,House,5.0,5.0,sale_derived
31.320721,74.210751,52400.0,56000.0,39200,62000,7063.33,7750.0,3,7.67,Lahore,Punjab,Bahria Orchard,House,4.0,5.67,sale_derived
31.320793,74.37785,58400.0,58400.0,56800,60000,5840.0,5840.0,2,10.0,Lahore,Punjab,Central Park Housing Scheme,House,3.0,3.0,sale_derived
31.32079315,74.37785339,56000.0,56000.0,56000,56000,5600.0,5600.0,1,10.0,Lahore,Punjab,Central Park Housing Scheme,House,5.0,6.0,sale_derived
31.320794,74.377856,56773.33,56000.0,38000,76000,5416.34,5600.0,15,10.68,Lahore,Punjab,Central Park Housing Scheme,House,4.73,3.47,sale_derived
31.321014,74.213147,38533.33,38000.0,38000,39600,4816.67,4750.0,3,8.0,Lahore,Punjab,Bahria Orchard,House,5.0,7.0,sale_derived
31.321454,74.239497,47000.0,47000.0,42000,52000,2350.0,2350.0,4,20.0,Lahore,Punjab,Chinar Bagh,House,4.0,1.25,sale_derived
31.321674,74.38086,60035.71,56000.0,22800,240000,5594.07,5600.0,56,11.74,Lahore,Punjab,Central Park Housing Scheme,House,3.52,3.71,sale_derived
31.32171,74.38272,50400.0,50400.0,44000,56800,5040.0,5040.0,2,10.0,Lahore,Punjab,Central Park Housing Scheme,House,5.0,6.0,sale_derived
31.321711,74.38272,49324.59,54000.0,14000,100000,5707.2,5800.0,61,8.99,Lahore,Punjab,Central Park Housing Scheme,House,4.16,3.36,sale_derived
31.321891,74.365519,12000.0,12000.0,10000,14000,4000.0,4000.0,2,3.0,Lahore,Punjab,Al Haram Garden,House,2.0,3.0,sale_derived
31.32243473,74.37464118,54000.0,54000.0,54000,54000,5400.0,5400.0,1,10.0,Lahore,Punjab,Central Park Housing Scheme,House,6.0,7.0,sale_derived
31.323683,73.118584,87000.0,87000.0,84000,90000,8700.0,8700.0,5,10.0,Faisalabad,Punjab,Citi Housing Society,House,0.0,0.0,rental
31.324094,74.214098,12000.0,12000.0,12000,12000,4000.0,4000.0,1,3.0,Lahore,Punjab,Bahria Orchard,House,2.0,2.0,sale_derived
31.324753,74.24386,50400.0,53000.0,22000,64000,3907.5,2900.0,8,16.25,Lahore,Punjab,Chinar Bagh,House,4.38,4.38,sale_derived
31.325715,74.264989,24000.0,24000.0,23200,24800,5075.56,5075.56,2,4.75,Lahore,Punjab,Jia Baga Road,House,0.0,0.0,sale_derived
31.32578,74.248767,56000.0,56000.0,56000,56000,2800.0,2800.0,1,20.0,Lahore,Punjab,Chinar Bagh,House,4.0,5.0,sale_derived
31.325927,74.244647,72000.0,55000.0,46000,160000,2933.33,2750.0,6,23.33,Lahore,Punjab,Chinar Bagh,House,5.5,5.0,sale_derived
31.326034,74.213877,13400.0,13400.0,13400,13400,4620.69,4620.69,1,2.9,Lahore,Punjab,Al-Kabir Town,Flat,1.0,1.0,sale_derived
31.327329,72.944713,7000.0,7000.0,7000,7000,2800.0,2800.0,2,2.5,Faisalabad,Punjab,Abbaspur,House,0.0,0.0,rental
31.328911,74.209182,15266.67,13400.0,13400,19000,4588.4,4620.69,3,3.33,Lahore,Punjab,Al-Kabir Town,Flat,1.33,0.67,sale_derived
31.329812,74.24602,32000.0,32000.0,32000,32000,1600.0,1600.0,1,20.0,Lahore,Punjab,Chinar Bagh,Lower Portion,3.0,3.0,sale_derived
31.32995796,74.21520233,23333.33,23000.0,23000,24000,7777.78,7666.67,3,3.0,Lahore,Punjab,Al-Kabir Town,House,2.67,1.67,sale_derived
31.329958,74.215204,17517.5,21000.0,1600,27200,5606.96,7000.0,88,3.22,Lahore,Punjab,Al-Kabir Town,House,2.1,1.65,sale_derived
31.329996,74.380568,34350.0,36000.0,27200,38000,7386.77,7600.0,8,4.68,Lahore,Punjab,Ferozepur Road,House,3.0,2.25,sale_derived
31.329996,74.38057,33200.0,33200.0,33200,33200,6640.0,6640.0,1,5.0,Lahore,Punjab,Ferozepur Road,House,3.0,4.0,sale_derived
31.331876,74.212652,20000.0,20000.0,13200,26800,6823.81,6823.81,2,2.9,Lahore,Punjab,Al-Kabir Town,Flat,2.0,0.5,sale_derived
31.33229,74.109334,22000.0,22000.0,22000,22000,1466.67,1466.67,1,15.0,Lahore,Punjab,Shamkay Bhattian,House,0.0,0.0,sale_derived
31.33393994,74.38621098,8800.0,8800.0,8800,8800,2933.33,2933.33,1,3.0,Lahore,Punjab,Ferozepur Road,House,2.0,2.0,sale_derived
31.334285,73.419542,16000.0,16000.0,16000,16000,5333.33,5333.33,1,3.0,Faisalabad,Punjab,Jaranwala,House,3.0,3.0,rental
31.336777,74.122825,82666.67,92000.0,56000,100000,6088.89,6666.67,3,14.33,Lahore,Punjab,Main Canal Bank Road,House,4.67,0.0,sale_derived
31.33795,74.381324,21647.06,20000.0,8800,48000,4084.71,4000.0,17,5.24,Lahore,Punjab,Grand Avenues Housing Scheme,House,2.47,2.12,sale_derived
31.339645,74.197721,68000.0,68000.0,68000,68000,3400.0,3400.0,1,20.0,Lahore,Punjab,Sui Gas Housing Society,House,4.0,5.0,sale_derived
31.339856,74.368072,22600.0,26000.0,12800,28000,4520.0,5200.0,8,5.0,Lahore,Punjab,Elite Town,House,3.5,3.38,sale_derived
31.340003,74.372277,12000.0,12000.0,12000,12000,2400.0,2400.0,1,5.0,Lahore,Punjab,Elite Town,House,3.0,3.0,sale_derived
31.3400123,74.23746071,24000.0,24000.0,24000,24000,8000.0,8000.0,1,3.0,Lahore,Punjab,Raiwind Road,House,3.0,4.0,sale_derived
31.34013214,74.24010929,48000.0,48000.0,48000,48000,6000.0,6000.0,1,8.0,Lahore,Punjab,Jia Baga Road,House,2.0,2.0,sale_derived
31.34025383,74.23764801,22000.0,22000.0,22000,22000,4400.0,4400.0,1,5.0,Lahore,Punjab,Raiwind Road,Flat,2.0,2.0,sale_derived
31.340254,74.237646,30452.0,30452.0,30452,30452,7808.21,7808.21,1,3.9,Lahore,Punjab,Raiwind Road,Flat,2.0,2.0,sale_derived
31.340992,74.176676,42000.0,42000.0,42000,42000,7000.0,7000.0,1,6.0,Lahore,Punjab,Bahria Town,House,3.0,3.0,sale_derived
31.34116875,73.06510493,20000.0,20000.0,20000,20000,2000.0,2000.0,1,10.0,Faisalabad,Punjab,Four Season Housing,Upper Portion,0.0,0.0,rental
31.341396,74.375024,75333.33,68000.0,68000,90000,5245.79,3777.78,3,15.67,Lahore,Punjab,Elite Town,House,3.33,4.33,sale_derived
31.341459,74.381388,23440.0,22000.0,13200,30000,5040.0,4400.0,5,4.6,Lahore,Punjab,Rehan Garden,House,3.2,3.2,sale_derived
31.342016,74.143582,22000.0,22000.0,22000,22000,6285.71,6285.71,1,3.5,Lahore,Punjab,Zaitoon - New Lahore City,House,3.0,3.0,sale_derived
31.342495,74.372878,42480.0,18400.0,10000,200000,3351.33,3346.67,10,11.8,Lahore,Punjab,Elite Town,House,3.3,2.9,sale_derived
31.343008,74.369788,14800.0,14800.0,14800,14800,2960.0,2960.0,2,5.0,Lahore,Punjab,Elite Town,House,2.5,2.5,sale_derived
31.34309097,74.37834715,16800.0,16800.0,16800,16800,3360.0,3360.0,1,5.0,Lahore,Punjab,Ferozepur Road,House,2.0,2.0,sale_derived
31.343191,73.06478,32000.0,32000.0,32000,32000,6400.0,6400.0,1,5.0,Faisalabad,Punjab,Four Season Housing,House,3.0,4.0,rental
31.343192,73.064783,28214.29,28000.0,20000,75000,6218.2,6900.0,126,4.9,Faisalabad,Punjab,Four Season Housing,House,0.12,0.1,rental
31.343567,74.154585,33880.0,34000.0,28800,40000,6776.0,6800.0,10,5.0,Lahore,Punjab,Zaitoon - New Lahore City,House,3.0,2.9,sale_derived
31.344401,74.375024,30000.0,30000.0,30000,30000,4500.0,4500.0,2,7.5,Lahore,Punjab,Elite Town,House,5.0,5.0,sale_derived
31.344768,74.37099,22000.0,22000.0,20000,24000,3200.0,3200.0,4,7.5,Lahore,Punjab,Elite Town,House,3.0,3.0,sale_derived
31.34583,73.068523,29877.19,25000.0,5000,70000,4424.2,4600.0,57,7.55,Faisalabad,Punjab,Samundari Road,House,0.23,0.04,rental
31.34583092,73.06851959,6500.0,6500.0,6500,6500,2407.41,2407.41,1,2.7,Faisalabad,Punjab,Samundari Road,Upper Portion,1.0,1.0,rental
31.346272,74.3782,49185.88,60000.0,17960,90000,5735.63,5986.67,17,9.31,Lahore,Punjab,Rehan Garden,House,4.35,2.06,sale_derived
31.346825,74.378564,19200.0,19200.0,19200,19200,4800.0,4800.0,1,4.0,Lahore,Punjab,Rehan Garden,House,4.0,4.0,sale_derived
31.34694835,74.38050985,22000.0,22000.0,22000,22000,6285.71,6285.71,1,3.5,Lahore,Punjab,Rehan Garden,House,2.0,4.0,sale_derived
31.346967,73.077707,27500.0,27500.0,22000,33000,2772.45,2772.45,2,9.9,Faisalabad,Punjab,Chenab Gardens,House,3.0,3.0,rental
31.34726,74.198434,22800.0,22800.0,22400,23200,2280.0,2280.0,2,10.0,Lahore,Punjab,AWT Army Welfare Trust,House,2.0,2.5,sale_derived
31.347406,74.207447,44000.0,44000.0,44000,44000,4400.0,4400.0,1,10.0,Lahore,Punjab,AWT Army Welfare Trust,House,4.0,4.0,sale_derived
31.3477217,74.37569749,19400.0,19400.0,19400,19400,3880.0,3880.0,1,5.0,Lahore,Punjab,Ferozepur Road,House,2.0,2.0,sale_derived
31.348086,74.253625,42837.21,48000.0,31600,62000,8485.05,9440.0,43,5.05,Lahore,Punjab,Lake City,House,3.65,3.95,sale_derived
31.348506,74.253716,50351.72,48800.0,31200,120000,7544.4,6400.0,29,7.1,Lahore,Punjab,Lake City,House,3.41,3.21,sale_derived
31.34868,74.182175,184000.0,184000.0,184000,184000,9200.0,9200.0,2,20.0,Lahore,Punjab,Sui Gas Housing Society,House,6.0,0.0,sale_derived
31.348926,74.273323,8540.0,8600.0,6400,9600,1708.0,1720.0,14,5.0,Lahore,Punjab,Khayaban-e-Amin,Flat,2.0,1.29,sale_derived
31.348933,74.259662,58000.0,58000.0,58000,58000,5800.0,5800.0,1,10.0,Lahore,Punjab,Lake City,House,3.0,0.0,sale_derived
31.34971671,74.37476944,16800.0,16800.0,16800,16800,3360.0,3360.0,1,5.0,Lahore,Punjab,Ferozepur Road,House,2.0,2.0,sale_derived
31.35019192,74.2485559,33000.0,33000.0,33000,33000,6600.0,6600.0,1,5.0,Lahore,Punjab,Lake City,House,3.0,2.0,sale_derived
31.350233,74.13699,31866.67,30000.0,28000,37600,6373.33,6000.0,3,5.0,Lahore,Punjab,Zaitoon - New Lahore City,House,3.0,4.33,sale_derived
31.350233,74.232741,2400.0,2400.0,2400,2400,571.43,571.43,1,4.2,Lahore,Punjab,Al-Kabir Town,Flat,2.0,2.0,sale_derived
31.350234,74.136994,28040.0,29600.0,3200,52000,5592.32,6000.0,19,5.29,Lahore,Punjab,Zaitoon - New Lahore City,House,2.53,2.79,sale_derived
31.350448,73.059597,29000.0,27000.0,18000,45000,3579.03,2800.0,31,8.71,Faisalabad,Punjab,Valencia Gardens,House,0.1,0.0,rental
31.350707,74.228839,41500.0,26000.0,18000,96000,1928.12,787.5,4,80.75,Lahore,Punjab,Jati Umra Road,Farm House,1.5,1.75,sale_derived
31.351054,74.246051,56350.0,59000.0,23000,72000,7141.43,7571.43,20,8.2,Lahore,Punjab,Lake City,House,4.35,4.5,sale_derived
31.351164,74.256951,40693.33,32800.0,32800,52000,7920.0,6560.0,15,5.33,Lahore,Punjab,Lake City,House,3.47,3.13,sale_derived
31.351625,74.229898,75333.33,68000.0,38000,120000,6466.67,6800.0,3,13.0,Lahore,Punjab,Muslim Nagar Housing Scheme,House,5.33,4.0,sale_derived
31.351625,74.2299,38800.0,40000.0,18400,58000,4772.12,3680.0,3,10.67,Lahore,Punjab,Muslim Nagar Housing Scheme,House,2.0,1.67,sale_derived
31.352464,74.207704,58000.0,58000.0,58000,58000,5800.0,5800.0,1,10.0,Lahore,Punjab,AWT Army Welfare Trust,House,5.0,6.0,sale_derived
31.352611,74.165168,70066.67,79400.0,11200,90000,7668.48,7940.0,6,8.7,Lahore,Punjab,Bahria Town,House,4.17,5.0,sale_derived
31.352757,74.214141,59200.0,59200.0,59200,59200,5920.0,5920.0,1,10.0,Lahore,Punjab,AWT Army Welfare Trust,House,5.0,5.0,sale_derived
31.352831,74.183353,76760.0,70800.0,66000,92000,7676.0,7080.0,10,10.0,Lahore,Punjab,Bahria Town,House,5.0,4.3,sale_derived
31.35295327,74.22854156,56000.0,56000.0,56000,56000,5600.0,5600.0,1,10.0,Lahore,Punjab,Muslim Nagar Housing Scheme,House,5.0,0.0,sale_derived
31.3535144,74.23683867,15600.0,15600.0,15600,15600,5200.0,5200.0,1,3.0,Lahore,Punjab,Al-Kabir Town,House,0.0,0.0,sale_derived
31.354223,74.237537,130000.0,130000.0,54000,206000,9650.0,9650.0,2,13.0,Lahore,Punjab,PAF Society,House,4.5,5.0,sale_derived
31.3543115,74.39127658,8800.0,8800.0,8800,8800,4400.0,4400.0,1,2.0,Lahore,Punjab,Kahna Kacha,House,4.0,2.0,sale_derived
31.354494,74.126946,10000.0,10000.0,10000,10000,3333.33,3333.33,1,3.0,Lahore,Punjab,Sundar,House,3.0,0.0,sale_derived
31.35456123,74.37236156,9200.0,9200.0,9200,9200,3066.67,3066.67,1,3.0,Lahore,Punjab,Ferozepur Road,House,2.0,2.0,sale_derived
31.354743,74.212191,49885.71,46000.0,36000,60000,4988.57,4600.0,7,10.0,Lahore,Punjab,AWT Army Welfare Trust,House,3.14,2.71,sale_derived
31.354956,74.246378,106210.53,114000.0,63200,146000,6957.82,6900.0,38,15.62,Lahore,Punjab,Lake City,House,4.26,4.92,sale_derived
31.355396,74.18556,35447.62,36400.0,14400,50000,6413.41,6230.43,42,5.56,Lahore,Punjab,Bahria Town,House,2.4,2.81,sale_derived
31.355579,74.172432,50000.0,50000.0,40000,60000,6190.48,6190.48,2,8.75,Lahore,Punjab,Bahria Town,House,3.5,3.5,sale_derived
31.355827,74.37388,22000.0,22000.0,22000,22000,4680.85,4680.85,1,4.7,Lahore,Punjab,Kahna,House,0.0,0.0,sale_derived
31.355909,74.181014,49979.78,58000.0,10000,100000,7438.51,7020.0,18,6.97,Lahore,Punjab,Bahria Town,House,3.28,3.28,sale_derived
31.35590935,74.18101501,21200.0,21200.0,21200,21200,7851.85,7851.85,1,2.7,Lahore,Punjab,Bahria Town,Flat,1.0,1.0,sale_derived
31.355946,74.223669,76000.0,76000.0,76000,76000,3800.0,3800.0,1,20.0,Lahore,Punjab,AWT Army Welfare Trust,House,3.0,4.0,sale_derived
31.356129,74.256206,81388.89,84000.0,64000,94000,8076.26,8400.0,36,10.08,Lahore,Punjab,Lake City,House,4.47,4.92,sale_derived
31.35636476,74.37514145,19200.0,19200.0,19200,19200,3840.0,3840.0,1,5.0,Lahore,Punjab,Hamza Town,House,2.0,3.0,sale_derived
31.356825,74.217145,84000.0,84000.0,84000,84000,4200.0,4200.0,1,20.0,Lahore,Punjab,AWT Army Welfare Trust,House,5.0,6.0,sale_derived
31.35706607,74.37322902,23200.0,23200.0,23200,23200,4640.0,4640.0,1,5.0,Lahore,Punjab,Ferozepur Road,House,3.0,4.0,sale_derived
31.35758144,74.38184258,10800.0,10800.0,10800,10800,4320.0,4320.0,1,2.5,Lahore,Punjab,Hamza Town,House,2.0,2.0,sale_derived
31.358364,74.253237,254500.0,288000.0,96000,300000,7287.5,7200.0,8,35.0,Lahore,Punjab,Lake City,House,4.62,5.25,sale_derived
31.358657,74.3778,20960.0,19400.0,10000,34000,4918.67,4400.0,10,4.2,Lahore,Punjab,Immad Garden Housing Scheme,House,3.1,3.0,sale_derived
31.359542,73.064819,22500.0,22500.0,20000,25000,2708.33,2083.33,4,9.75,Faisalabad,Punjab,Hamza Villas,Upper Portion,0.75,0.0,rental
31.35958813,74.38208934,16000.0,16000.0,16000,16000,5333.33,5333.33,1,3.0,Lahore,Punjab,Al-Jannat Housing Society - Kahna,House,3.0,4.0,sale_derived
31.359647,74.253073,65078.53,51200.0,14940,180000,8004.8,8140.0,68,8.49,Lahore,Punjab,Lake City,House,3.51,3.5,sale_derived
31.359648,74.253075,85400.0,85400.0,30800,140000,5040.0,5040.0,2,15.0,Lahore,Punjab,Lake City,House,5.5,6.5,sale_derived
31.360227,74.384958,18057.14,18000.0,10800,38000,4552.38,4000.0,14,4.0,Lahore,Punjab,Al-Jannat Housing Society - Kahna,House,2.14,2.29,sale_derived
31.360307,74.185731,86483.1,142000.0,3600,200000,7767.82,7600.0,31,11.58,Lahore,Punjab,Bahria Town,House,3.03,3.68,sale_derived
31.36050965,74.19057507,50000.0,50000.0,50000,50000,10000.0,10000.0,1,5.0,Lahore,Punjab,Bahria Town,House,3.0,5.0,sale_derived
31.36085874,74.37290957,22000.0,22000.0,22000,22000,4400.0,4400.0,1,5.0,Lahore,Punjab,Hamza Town,House,3.0,4.0,sale_derived
31.361018,74.189304,44000.0,44000.0,44000,44000,8800.0,8800.0,1,5.0,Lahore,Punjab,Bahria Town,House,3.0,0.0,sale_derived
31.361057,74.18678,50000.0,50000.0,50000,50000,10000.0,10000.0,1,5.0,Lahore,Punjab,Bahria Town,House,3.0,3.0,sale_derived
31.361058,74.186786,37866.67,44000.0,24800,44800,7933.33,8000.0,3,4.83,Lahore,Punjab,Bahria Town,Flat,1.67,1.0,sale_derived
31.361139,74.170195,72000.0,72000.0,72000,72000,7200.0,7200.0,1,10.0,Lahore,Punjab,Bahria Town,House,5.0,6.0,sale_derived
31.361312,74.216386,18991.3,24400.0,8000,26000,5964.72,8133.33,23,3.33,Lahore,Punjab,Al-Kabir Town,House,2.43,2.7,sale_derived
31.36146302,74.24953166,114000.0,114000.0,114000,114000,5700.0,5700.0,1,20.0,Lahore,Punjab,Lake City,House,6.0,8.0,sale_derived
31.361846,74.22123,92000.0,70000.0,50000,220000,4650.0,5000.0,11,25.55,Lahore,Punjab,Beacon House Society,House,3.73,3.73,sale_derived
31.36184692,74.22122955,74000.0,74000.0,74000,74000,4933.33,4933.33,1,15.0,Lahore,Punjab,Beacon House Society,House,5.0,6.0,sale_derived
31.361921,74.274541,28000.0,28000.0,16800,39200,5600.0,5600.0,2,5.0,Lahore,Punjab,Khayaban-e-Amin,Flat,3.0,2.0,sale_derived
31.362066,73.065248,25000.0,25000.0,25000,25000,5000.0,5000.0,1,5.0,Faisalabad,Punjab,Abdullah City,Upper Portion,2.0,2.0,rental
31.362139,74.19359,46000.0,46000.0,46000,46000,9200.0,9200.0,1,5.0,Lahore,Punjab,Bahria Town,House,3.0,0.0,sale_derived
31.362139,74.193592,45754.55,44000.0,38000,68000,8915.07,8800.0,44,5.11,Lahore,Punjab,Bahria Town,House,2.84,3.89,sale_derived
31.362173,74.282136,12459.57,14800.0,6000,18000,2491.91,2960.0,47,5.0,Lahore,Punjab,Khayaban-e-Amin,House,2.06,1.19,sale_derived
31.3621869,74.37360659,19200.0,19200.0,19200,19200,3840.0,3840.0,1,5.0,Lahore,Punjab,Hamza Town,House,2.0,3.0,sale_derived
31.36244774,74.21531677,26000.0,26000.0,26000,26000,8666.67,8666.67,1,3.0,Lahore,Punjab,Al-Kabir Town,House,5.0,5.0,sale_derived
31.362448,74.215314,26600.0,26600.0,25200,28000,8866.67,8866.67,2,3.0,Lahore,Punjab,Al-Kabir Town,House,3.0,3.5,sale_derived
31.363128,74.183328,72500.0,70000.0,64000,92000,7250.0,7000.0,8,10.0,Lahore,Punjab,Bahria Town,House,5.12,6.38,sale_derived
31.363129,74.18333,82000.0,82000.0,82000,82000,8200.0,8200.0,1,10.0,Lahore,Punjab,Bahria Town,House,5.0,6.0,sale_derived
31.36319156,74.19325836,44000.0,44000.0,44000,44000,8800.0,8800.0,1,5.0,Lahore,Punjab,Bahria Town,House,3.0,4.0,sale_derived
31.363348,74.247837,110857.14,112000.0,108000,112000,5542.86,5600.0,7,20.0,Lahore,Punjab,Lake City,House,6.0,5.71,sale_derived
31.363501,74.208896,11200.0,12800.0,6400,12800,8213.33,7111.11,5,1.52,Lahore,Punjab,Tarogill,House,2.0,1.8,sale_derived
31.36366,74.155076,120000.0,120000.0,120000,120000,6000.0,6000.0,1,20.0,Lahore,Punjab,NFC 2,House,6.0,6.0,sale_derived
31.364343,74.213113,21470.59,24000.0,8000,28000,6961.12,8000.0,17,3.18,Lahore,Punjab,Al-Kabir Town,House,2.65,2.94,sale_derived
31.36460127,74.37414302,18000.0,18000.0,18000,18000,3600.0,3600.0,1,5.0,Lahore,Punjab,Hamza Town,House,0.0,0.0,sale_derived
31.364887,74.177749,92000.0,92000.0,92000,92000,9200.0,9200.0,1,10.0,Lahore,Punjab,Bahria Town,House,5.0,4.0,sale_derived
31.364887,74.186554,42337.87,36800.0,6276,160000,7752.02,8000.0,47,5.57,Lahore,Punjab,Bahria Town,House,2.55,3.11,sale_derived
31.36488724,74.18655396,27216.0,27216.0,25632,28800,8940.0,8940.0,2,3.2,Lahore,Punjab,Bahria Town,Flat,1.5,1.5,sale_derived
31.365403,74.275596,52000.0,52000.0,52000,52000,5200.0,5200.0,1,10.0,Lahore,Punjab,Khayaban-e-Amin,House,3.0,0.0,sale_derived
31.365437,74.163673,64800.0,55200.0,55200,84000,6176.15,5064.22,3,10.6,Lahore,Punjab,Bahria Town,House,5.0,4.67,sale_derived
31.36551,74.265726,22680.0,22000.0,9400,36000,4536.0,4400.0,5,5.0,Lahore,Punjab,Khayaban-e-Amin,House,2.6,2.2,sale_derived
31.365795,74.244838,50000.0,50000.0,48000,52000,5000.0,5000.0,3,10.0,Lahore,Punjab,Fazaia Housing Scheme,House,3.67,4.33,sale_derived
31.365803,74.190116,65520.88,66400.0,38000,96000,7453.53,7000.0,91,9.02,Lahore,Punjab,Bahria Town,House,4.43,5.41,sale_derived
31.365803,74.19012,60000.0,55000.0,38000,92000,7633.33,7500.0,4,7.75,Lahore,Punjab,Bahria Town,House,4.0,4.0,sale_derived
31.365932,74.271428,19497.14,16000.0,14800,28800,3899.43,3200.0,35,5.0,Lahore,Punjab,Khayaban-e-Amin,House,2.43,1.69,sale_derived
31.365932,74.27143,16000.0,16000.0,16000,16000,3200.0,3200.0,1,5.0,Lahore,Punjab,Khayaban-e-Amin,House,2.0,1.0,sale_derived
31.36596492,74.25164748,98000.0,98000.0,98000,98000,9800.0,9800.0,1,10.0,Lahore,Punjab,Lake City,House,4.0,6.0,sale_derived
31.36674193,74.37180586,11600.0,11600.0,11600,11600,3866.67,3866.67,1,3.0,Lahore,Punjab,Kahna,House,2.0,3.0,sale_derived
31.36700669,74.21075288,12800.0,12800.0,12800,12800,6400.0,6400.0,1,2.0,Lahore,Punjab,Raiwind Road,House,2.0,2.0,sale_derived
31.3670585,74.2475152,80000.0,80000.0,80000,80000,8000.0,8000.0,1,10.0,Lahore,Punjab,Fazaia Housing Scheme,House,4.0,5.0,sale_derived
31.367271,74.349266,12000.0,12000.0,12000,12000,2400.0,2400.0,1,5.0,Lahore,Punjab,Kahna Kacha,House,2.0,2.0,sale_derived
31.36745241,74.18300271,96000.0,96000.0,96000,96000,9600.0,9600.0,1,10.0,Lahore,Punjab,Bahria Town,House,4.0,6.0,sale_derived
31.367585,73.137177,35000.0,35000.0,35000,35000,7000.0,7000.0,4,5.0,Faisalabad,Punjab,Punjab Govt. Servants Housing Foundation,House,0.0,0.0,rental
31.367676,73.134282,23750.0,22500.0,20000,30000,3463.07,3562.5,4,7.25,Faisalabad,Punjab,Rehman Villas,Upper Portion,1.25,1.5,rental
31.3680304,74.1881093,31200.0,31200.0,31200,31200,6240.0,6240.0,1,5.0,Lahore,Punjab,Bahria Town,House,1.0,1.0,sale_derived
31.368112,74.256506,220000.0,220000.0,220000,220000,11000.0,11000.0,2,20.0,Lahore,Punjab,Lake City,House,6.0,6.0,sale_derived
31.368113,74.25651,88000.0,88000.0,88000,88000,7333.33,7333.33,1,12.0,Lahore,Punjab,Lake City,House,5.0,5.0,sale_derived
31.36813923,74.19216497,51200.0,51200.0,51200,51200,10240.0,10240.0,1,5.0,Lahore,Punjab,Bahria Town,House,3.0,5.0,sale_derived
31.368185,74.24964,85142.86,84000.0,80000,96000,8514.29,8400.0,14,10.0,Lahore,Punjab,Lake City,House,4.07,4.64,sale_derived
31.36824,74.189236,59068.83,48800.0,11252,92000,8883.42,9000.0,24,6.68,Lahore,Punjab,Bahria Town,House,3.46,3.5,sale_derived
31.36848601,74.36583817,14000.0,14000.0,14000,14000,2800.0,2800.0,1,5.0,Lahore,Punjab,Ferozepur Road,House,6.0,6.0,sale_derived
31.368735,74.15745,36000.0,36000.0,36000,36000,6000.0,6000.0,1,6.0,Lahore,Punjab,Bahria Town,House,5.0,5.0,sale_derived
31.368772,74.164581,58000.0,58000.0,58000,58000,5272.73,5272.73,1,11.0,Lahore,Punjab,Bahria Town,House,0.0,0.0,sale_derived
31.368773,74.16458,164000.0,164000.0,164000,164000,6833.33,6833.33,1,24.0,Lahore,Punjab,Bahria Town,House,7.0,0.0,sale_derived
31.368955,74.179244,81955.1,82000.0,68000,104000,8177.21,8000.0,98,10.07,Lahore,Punjab,Bahria Town,House,4.87,4.88,sale_derived
31.368956,74.179245,76000.0,76000.0,76000,76000,7600.0,7600.0,1,10.0,Lahore,Punjab,Bahria Town,House,4.0,5.0,sale_derived
31.369353,74.187581,108000.0,108000.0,108000,108000,9000.0,9000.0,1,12.0,Lahore,Punjab,Bahria Town,House,5.0,7.0,sale_derived
31.369541,73.066106,18000.0,18000.0,18000,18000,6000.0,6000.0,1,3.0,Faisalabad,Punjab,Satellite Town,Lower Portion,0.0,0.0,rental
31.369642,73.124597,75000.0,75000.0,75000,75000,6250.0,6250.0,1,12.0,Faisalabad,Punjab,Satiana Road,House,5.0,6.0,rental
31.369661,74.240912,92240.0,102000.0,51200,130000,5784.0,5600.0,5,16.0,Lahore,Punjab,Fazaia Housing Scheme,House,3.8,4.2,sale_derived
31.37086,74.182935,90301.3,92000.0,64000,116000,8501.6,8666.67,77,10.6,Lahore,Punjab,Bahria Town,House,4.68,4.87,sale_derived
31.37086,74.18294,92000.0,92000.0,92000,92000,9200.0,9200.0,1,10.0,Lahore,Punjab,Bahria Town,House,5.0,6.0,sale_derived
31.371058,73.12822,42500.0,45000.0,20000,60000,5000.0,5500.0,4,8.5,Faisalabad,Punjab,Satiana Road,House,2.75,3.0,rental
31.37108,74.190315,80000.0,80000.0,80000,80000,8000.0,8000.0,1,10.0,Lahore,Punjab,Bahria Town,House,5.0,6.0,sale_derived
31.37108,74.190316,87096.97,84000.0,10800,192000,8762.59,8180.0,198,10.62,Lahore,Punjab,Bahria Town,House,4.63,5.3,sale_derived
31.371391,74.170096,76218.56,70400.0,62000,136000,7630.96,7000.0,97,10.27,Lahore,Punjab,Bahria Town,House,4.97,5.61,sale_derived
31.37152,74.242845,95000.0,88000.0,54000,150000,6978.57,5900.0,4,13.5,Lahore,Punjab,Fazaia Housing Scheme,House,3.0,3.5,sale_derived
31.37172501,74.18648161,11800.0,11800.0,11800,11800,10727.27,10727.27,1,1.1,Lahore,Punjab,Bahria Town,Flat,1.0,1.0,sale_derived
31.3717996,74.18644469,15600.0,15600.0,15600,15600,8666.67,8666.67,1,1.8,Lahore,Punjab,Bahria Town,Flat,1.0,1.0,sale_derived
31.37180876,74.186477,15600.0,15600.0,15600,15600,8666.67,8666.67,1,1.8,Lahore,Punjab,Bahria Town,Flat,1.0,1.0,sale_derived
31.371888,73.035251,20000.0,20000.0,20000,20000,5714.29,5714.29,1,3.5,Faisalabad,Punjab,Gulshan-E-Iqbal,House,3.0,3.0,rental
31.37210597,74.18698311,72000.0,72000.0,72000,72000,7200.0,7200.0,1,10.0,Lahore,Punjab,Bahria Town,House,5.0,6.0,sale_derived
31.372179,73.125594,39538.46,42500.0,20000,80000,4094.87,5000.0,26,10.23,Faisalabad,Punjab,Satiana Road,House,2.27,0.88,rental
31.372253,73.03658,17000.0,17000.0,17000,17000,1700.0,1700.0,1,10.0,Faisalabad,Punjab,Sitara Colony,House,6.0,2.0,rental
31.372619,73.057237,19000.0,19000.0,15000,23000,4660.71,4660.71,2,4.1,Faisalabad,Punjab,Raheem Gardens,House,3.0,1.5,rental
31.372625,74.235404,10400.0,10400.0,10400,10400,3466.67,3466.67,1,3.0,Lahore,Punjab,Lahore Villas,House,3.0,3.0,sale_derived
31.373857,74.355927,10000.0,10000.0,10000,10000,3333.33,3333.33,1,3.0,Lahore,Punjab,Khana Kacha Road,House,3.0,2.0,sale_derived
31.373857,74.35593,11200.0,11200.0,11200,11200,2240.0,2240.0,1,5.0,Lahore,Punjab,Khana Kacha Road,House,2.0,2.0,sale_derived
31.373863,74.36231,16000.0,16000.0,16000,16000,3200.0,3200.0,1,5.0,Lahore,Punjab,Kahna,House,3.0,3.0,sale_derived
31.373864,74.362316,16731.25,14000.0,6000,48000,4583.67,4360.0,64,3.68,Lahore,Punjab,Kahna,House,2.36,2.12,sale_derived
31.374046,74.2138,144800.0,156000.0,110000,190000,4160.0,3900.0,5,44.0,Lahore,Punjab,Eden Park,House,4.8,5.2,sale_derived
31.374121,74.26285,36800.0,26000.0,16000,66000,4300.0,4400.0,5,9.0,Lahore,Punjab,Khayaban-e-Amin,House,3.2,3.2,sale_derived
31.37414,74.18016,52356.86,47600.0,37200,102000,8818.71,8640.0,204,6.03,Lahore,Punjab,Bahria Town,House,3.41,4.2,sale_derived
31.374195,74.19148,66000.0,66000.0,48000,84000,9000.0,9000.0,2,7.5,Lahore,Punjab,Bahria Town,House,4.0,5.0,sale_derived
31.374195,74.191482,70663.09,78000.0,120,200000,8021.44,8181.82,234,8.93,Lahore,Punjab,Bahria Town,House,3.74,4.3,sale_derived
31.3741951,74.19148254,74000.0,74000.0,74000,74000,7400.0,7400.0,1,10.0,Lahore,Punjab,Bahria Town,House,5.0,7.0,sale_derived
31.3742485,74.17640686,49000.0,49000.0,46000,52000,9800.0,9800.0,2,5.0,Lahore,Punjab,Bahria Town,House,3.0,1.5,sale_derived
31.374249,74.176404,47707.69,48000.0,37600,180000,9382.02,9600.0,234,5.09,Lahore,Punjab,Bahria Town,House,2.99,3.44,sale_derived
31.374249,74.17641,44000.0,44000.0,44000,44000,8800.0,8800.0,1,5.0,Lahore,Punjab,Bahria Town,House,3.0,4.0,sale_derived
31.374414,74.177749,44048.15,46000.0,160,94000,8644.07,8640.0,157,5.05,Lahore,Punjab,Bahria Town,House,2.66,3.14,sale_derived
31.374414,74.17775,47800.0,47800.0,19600,76000,8254.55,8254.55,2,6.1,Lahore,Punjab,Bahria Town,Flat,3.5,3.5,sale_derived
31.37441444,74.17774963,78400.0,78400.0,78400,78400,7840.0,7840.0,1,10.0,Lahore,Punjab,Bahria Town,House,5.0,7.0,sale_derived
31.37445,74.18312,78000.0,78000.0,78000,78000,7800.0,7800.0,1,10.0,Lahore,Punjab,Bahria Town,House,5.0,6.0,sale_derived
31.374451,74.183121,86498.11,84000.0,62000,180000,8169.24,8333.33,53,10.58,Lahore,Punjab,Bahria Town,House,4.85,5.66,sale_derived
31.374636,74.244,160000.0,160000.0,160000,160000,8000.0,8000.0,1,20.0,Lahore,Punjab,Fazaia Housing Scheme,House,0.0,0.0,sale_derived
31.37475726,74.17675,42800.0,42800.0,42800,42800,8560.0,8560.0,1,5.0,Lahore,Punjab,Bahria Town,House,3.0,3.0,sale_derived
31.374964,74.199843,69193.65,68000.0,46000,90000,7074.92,6800.0,63,9.84,Lahore,Punjab,Bahria Town,House,4.76,5.22,sale_derived
31.374964,74.199844,62000.0,62000.0,62000,62000,6200.0,6200.0,1,10.0,Lahore,Punjab,Bahria Town,House,5.0,5.0,sale_derived
31.375165,74.253992,16708.4,15900.0,6800,48000,4000.2,3900.0,50,4.1,Lahore,Punjab,Eden,House,2.54,1.66,sale_derived
31.37516594,74.25399017,9200.0,9200.0,9200,9200,3066.67,3066.67,1,3.0,Lahore,Punjab,Eden,Flat,2.0,0.0,sale_derived
31.375166,74.25399,18000.0,18000.0,18000,18000,5142.86,5142.86,1,3.5,Lahore,Punjab,Eden,House,3.0,2.0,sale_derived
31.37525164,74.17334609,16800.0,16800.0,16800,16800,7304.35,7304.35,1,2.3,Lahore,Punjab,Bahria Town,Flat,1.0,1.0,sale_derived
31.375476,74.302597,21466.67,22400.0,18000,24000,5866.67,6000.0,3,3.67,Lahore,Punjab,LDA City,House,3.0,3.0,sale_derived
31.375513,74.17274,58666.67,58000.0,52000,66000,9533.33,10400.0,3,6.67,Lahore,Punjab,Bahria Town,House,3.67,3.33,sale_derived
31.37551308,74.17273712,48000.0,48000.0,44000,52000,9600.0,9600.0,2,5.0,Lahore,Punjab,Bahria Town,House,4.0,4.5,sale_derived
31.375514,74.172735,47266.14,48000.0,16800,104000,9426.55,9600.0,381,5.02,Lahore,Punjab,Bahria Town,House,2.99,3.6,sale_derived
31.375697,74.196839,72514.29,70000.0,66000,92000,7251.43,7000.0,21,10.0,Lahore,Punjab,Bahria Town,House,4.76,4.48,sale_derived
31.37576,73.131239,33000.0,33000.0,33000,33000,5500.0,5500.0,1,6.0,Faisalabad,Punjab,Ravi Gardens,House,3.0,4.0,rental
31.375843,74.18971,80000.0,80000.0,80000,80000,8000.0,8000.0,1,10.0,Lahore,Punjab,Bahria Town,House,0.0,0.0,sale_derived
31.375843,74.189715,98783.29,88000.0,10000,260000,8695.86,8400.0,407,12.23,Lahore,Punjab,Bahria Town,House,4.83,5.09,sale_derived
31.37584305,74.18971252,70000.0,70000.0,70000,70000,7000.0,7000.0,1,10.0,Lahore,Punjab,Bahria Town,House,5.0,0.0,sale_derived
31.37595907,74.26125617,20000.0,20000.0,20000,20000,6666.67,6666.67,1,3.0,Lahore,Punjab,Eden,House,2.0,2.0,sale_derived
31.376022,73.091042,13500.0,13500.0,13000,14000,2700.0,2700.0,2,5.0,Faisalabad,Punjab,Shalimar Park,House,3.0,1.0,rental
31.376356,74.2637,31200.0,28000.0,27200,38400,6240.0,5600.0,3,5.0,Lahore,Punjab,Khayaban-e-Amin,House,3.33,2.33,sale_derived
31.376356,74.263701,24007.47,24000.0,6800,104000,4402.83,4666.67,75,5.33,Lahore,Punjab,Khayaban-e-Amin,House,2.4,1.73,sale_derived
31.376393,74.167886,80048.0,80000.0,47200,94000,8264.67,8000.0,25,9.73,Lahore,Punjab,Bahria Town,House,4.8,5.08,sale_derived
31.376439,74.179977,46560.0,39200.0,36000,94000,8253.39,7840.0,45,5.6,Lahore,Punjab,Bahria Town,House,3.16,3.98,sale_derived
31.37656739,74.17434433,18000.0,18000.0,18000,18000,8181.82,8181.82,1,2.2,Lahore,Punjab,Bahria Town,Flat,1.0,1.0,sale_derived
31.376607,74.3605,26000.0,26000.0,26000,26000,6500.0,6500.0,1,4.0,Lahore,Punjab,Ferozepur Road,House,3.0,4.0,sale_derived
31.37671,74.187168,76000.0,76000.0,76000,76000,7600.0,7600.0,1,10.0,Lahore,Punjab,Bahria Town,House,5.0,5.0,sale_derived
31.37679595,74.17241335,90050.0,84000.0,68000,120000,8973.94,8400.0,24,10.04,Lahore,Punjab,Bahria Town,House,5.08,5.54,sale_derived
31.376842,74.237285,61500.0,61000.0,60000,64000,6150.0,6100.0,4,10.0,Lahore,Punjab,Fazaia Housing Scheme,House,4.75,4.25,sale_derived
31.377192,73.124949,38000.0,38000.0,38000,38000,6333.33,6333.33,1,6.0,Faisalabad,Punjab,Al Barkat Villas,House,4.0,5.0,rental
31.37742797,74.35959935,18000.0,18000.0,18000,18000,6000.0,6000.0,1,3.0,Lahore,Punjab,Shalimar Town,House,2.0,3.0,sale_derived
31.377703,74.37676,12000.0,12000.0,12000,12000,1500.0,1500.0,1,8.0,Lahore,Punjab,Ahlu Road,House,2.0,1.0,sale_derived
31.377831,74.19410706,136000.0,136000.0,136000,136000,9714.29,9714.29,1,14.0,Lahore,Punjab,Bahria Town,House,5.0,6.0,sale_derived
31.377932,74.270235,62000.0,62000.0,62000,62000,7750.0,7750.0,1,8.0,Lahore,Punjab,DHA Defence,House,0.0,0.0,sale_derived
31.378481,73.108163,11000.0,11000.0,10000,12000,3750.0,3500.0,4,3.12,Faisalabad,Punjab,Illahi Abad,House,0.0,0.0,rental
31.37861,73.129245,20886.62,18000.0,5000,60000,3741.51,3200.0,269,6.88,Faisalabad,Punjab,Satiana Road,House,0.25,0.18,rental
31.378774,74.190316,95262.75,88000.0,56000,320000,8078.58,8000.0,204,11.84,Lahore,Punjab,Bahria Town,House,4.86,5.39,sale_derived
31.378775,74.190315,64000.0,64000.0,64000,64000,6400.0,6400.0,1,10.0,Lahore,Punjab,Bahria Town,House,5.0,6.0,sale_derived
31.378887,73.10737,11000.0,11000.0,10000,12000,3750.0,3500.0,4,3.12,Faisalabad,Punjab,Ilahi Abad,House,0.0,0.0,rental
31.378994,74.270368,63000.0,63000.0,62000,64000,7875.0,7875.0,2,8.0,Lahore,Punjab,DHA Defence,House,2.0,0.0,sale_derived
31.378994,74.27037,60000.0,60000.0,60000,60000,7500.0,7500.0,1,8.0,Lahore,Punjab,DHA Defence,House,3.0,5.0,sale_derived
31.379287,74.181304,112997.75,94000.0,8800,220000,8232.76,8550.0,178,14.6,Lahore,Punjab,Bahria Town,House,5.15,5.47,sale_derived
31.379287,74.181308,95210.26,88000.0,50000,188000,8219.86,8666.67,39,11.51,Lahore,Punjab,Bahria Town,House,4.92,5.87,sale_derived
31.37928772,74.18130493,184000.0,184000.0,184000,184000,9200.0,9200.0,1,20.0,Lahore,Punjab,Bahria Town,House,5.0,6.0,sale_derived
31.379288,74.181305,88000.0,88000.0,80000,96000,8800.0,8800.0,2,10.0,Lahore,Punjab,Bahria Town,House,4.5,5.0,sale_derived
31.37938615,74.36811,16200.0,16200.0,16200,16200,6480.0,6480.0,1,2.5,Lahore,Punjab,Gajju Matah,House,3.0,3.0,sale_derived
31.379489,74.185926,79200.0,79200.0,79200,79200,7920.0,7920.0,1,10.0,Lahore,Punjab,Bahria Town,House,5.0,7.0,sale_derived
31.379581,73.065255,43333.33,36000.0,18000,70000,6660.85,6000.0,9,7.39,Faisalabad,Punjab,Nisar Colony,House,1.0,0.33,rental
31.37977,73.130573,60000.0,60000.0,60000,60000,6000.0,6000.0,1,10.0,Faisalabad,Punjab,Satiana Road,House,5.0,5.0,rental
31.379947,74.247358,64000.0,64000.0,64000,64000,6400.0,6400.0,1,10.0,Lahore,Punjab,Wyeth Employees Coop Housing,House,6.0,7.0,sale_derived
31.380093,74.264481,22874.75,26400.0,13200,30000,4653.69,5400.0,16,4.94,Lahore,Punjab,Khayaban-e-Amin,House,2.44,1.69,sale_derived
31.380313,74.187183,77173.25,70000.0,100,230000,8151.36,8200.0,323,9.5,Lahore,Punjab,Bahria Town,House,4.02,4.61,sale_derived
31.38031387,74.18717957,46800.0,46800.0,46800,46800,9360.0,9360.0,1,5.0,Lahore,Punjab,Bahria Town,House,3.0,6.0,sale_derived
31.380314,74.18718,96666.67,56800.0,43200,190000,7940.0,8640.0,3,11.67,Lahore,Punjab,Bahria Town,House,3.67,4.0,sale_derived
31.38046,74.25843,39066.67,39200.0,38000,40000,7813.33,7840.0,3,5.0,Lahore,Punjab,Khayaban-e-Amin,House,3.0,2.0,sale_derived
31.3804912,74.26738918,26000.0,26000.0,26000,26000,5200.0,5200.0,1,5.0,Lahore,Punjab,Khayaban-e-Amin,House,3.0,2.0,sale_derived
31.380546,74.200054,200000.0,200000.0,200000,200000,10000.0,10000.0,1,20.0,Lahore,Punjab,Bahria Town,House,5.0,5.0,sale_derived
31.380643,73.080497,13900.0,15000.0,8500,16000,4480.95,5000.0,5,3.1,Faisalabad,Punjab,D Type Colony,House,0.4,0.4,rental
31.38082658,74.17753449,100000.0,100000.0,100000,100000,10000.0,10000.0,1,10.0,Lahore,Punjab,Bahria Town,House,4.0,5.0,sale_derived
31.380899,74.261134,65000.0,65000.0,64000,66000,6500.0,6500.0,2,10.0,Lahore,Punjab,Khayaban-e-Amin,House,4.0,4.0,sale_derived
31.381028,74.270278,64000.0,64000.0,64000,64000,8000.0,8000.0,1,8.0,Lahore,Punjab,DHA Defence,House,4.0,4.0,sale_derived
31.381193,74.188771,76307.69,67200.0,38000,190000,8312.07,8500.0,78,9.26,Lahore,Punjab,Bahria Town,House,3.97,4.54,sale_derived
31.381193,74.188774,96000.0,96000.0,96000,96000,8000.0,8000.0,1,12.0,Lahore,Punjab,Bahria Town,House,5.0,6.0,sale_derived
31.381284,74.251868,27746.67,20400.0,7800,84000,5966.18,5866.67,42,4.49,Lahore,Punjab,Eden,House,2.43,2.12,sale_derived
31.38128471,74.2518692,12400.0,12400.0,12400,12400,2480.0,2480.0,1,5.0,Lahore,Punjab,Eden,Flat,0.0,0.0,sale_derived
31.381285,74.25187,88000.0,88000.0,88000,88000,8800.0,8800.0,1,10.0,Lahore,Punjab,Eden,House,0.0,0.0,sale_derived
31.381441,74.2648,20000.0,20000.0,20000,20000,2857.14,2857.14,1,7.0,Lahore,Punjab,Khayaban-e-Amin,Flat,2.0,0.0,sale_derived
31.381706,74.195294,63663.68,66000.0,36000,100000,8315.33,8500.0,201,7.71,Lahore,Punjab,Bahria Town,House,4.13,4.73,sale_derived
31.381706,74.1953,64000.0,64000.0,64000,64000,8000.0,8000.0,1,8.0,Lahore,Punjab,Bahria Town,House,4.0,6.0,sale_derived
31.38170624,74.19529724,53000.0,53000.0,40000,66000,8125.0,8125.0,2,6.5,Lahore,Punjab,Bahria Town,House,4.0,5.5,sale_derived
31.381831,74.364375,7488.0,7488.0,7488,7488,3565.71,3565.71,1,2.1,Lahore,Punjab,Ferozepur Road,Flat,1.0,1.0,sale_derived
31.382017,74.175053,166000.0,166000.0,166000,166000,7545.45,7545.45,1,22.0,Lahore,Punjab,Bahria Town,House,5.0,0.0,sale_derived
31.382072,74.276866,48000.0,48000.0,40800,60000,9490.91,9600.0,9,5.06,Lahore,Punjab,DHA 11 Rahbar,House,3.0,3.44,sale_derived
31.38235582,74.25334096,78000.0,78000.0,78000,78000,9750.0,9750.0,1,8.0,Lahore,Punjab,Eden,House,3.0,2.0,sale_derived
31.382438,73.099751,10000.0,10000.0,10000,10000,4000.0,4000.0,2,2.5,Faisalabad,Punjab,Waris Pura,House,0.0,0.0,rental
31.382585,73.123012,23625.0,18500.0,10000,50000,4964.46,5583.33,8,4.81,Faisalabad,Punjab,Younas Town,House,1.38,1.25,rental
31.382805,74.188514,57791.3,56000.0,35200,140000,7947.17,7675.0,92,7.35,Lahore,Punjab,Bahria Town,House,3.7,4.18,sale_derived
31.383299,74.275303,47028.57,46000.0,42000,56000,9260.26,9200.0,7,5.07,Lahore,Punjab,DHA 11 Rahbar,House,3.14,3.29,sale_derived
31.3833496,74.14832175,20000.0,20000.0,20000,20000,6666.67,6666.67,1,3.0,Lahore,Punjab,Multan Road,House,4.0,4.0,sale_derived
31.383519,74.277767,44742.86,43200.0,42000,54000,8948.57,8640.0,7,5.0,Lahore,Punjab,DHA 11 Rahbar,House,2.57,2.86,sale_derived
31.3837204,74.18681335,64000.0,64000.0,64000,64000,6400.0,6400.0,1,10.0,Lahore,Punjab,Bahria Town,House,5.0,6.0,sale_derived
31.38405,74.183979,70000.0,70000.0,64000,76000,7000.0,7000.0,2,10.0,Lahore,Punjab,Bahria Town,House,5.0,5.5,sale_derived
31.384636,74.268687,50000.0,50000.0,50000,50000,10000.0,10000.0,1,5.0,Lahore,Punjab,DHA 11 Rahbar,House,3.0,4.0,sale_derived
31.384746,74.261613,68640.0,76000.0,39200,84000,5760.0,4666.67,5,12.6,Lahore,Punjab,TIP Housing Society,House,4.4,4.6,sale_derived
31.385515,74.18886,194000.0,194000.0,194000,194000,9700.0,9700.0,1,20.0,Lahore,Punjab,Bahria Town,House,5.0,6.0,sale_derived
31.385516,74.188857,111695.83,77600.0,18000,280000,7884.06,7500.0,96,13.57,Lahore,Punjab,Bahria Town,House,4.46,5.3,sale_derived
31.385627,74.196817,94791.84,70000.0,42800,240000,8206.06,8325.0,98,11.36,Lahore,Punjab,Bahria Town,House,4.6,5.4,sale_derived
31.38567571,74.36576856,34000.0,34000.0,34000,34000,8500.0,8500.0,1,4.0,Lahore,Punjab,Gajju Matah,House,4.0,3.0,sale_derived
31.385699,74.268344,60000.0,60000.0,60000,60000,6666.67,6666.67,1,9.0,Lahore,Punjab,DHA 11 Rahbar,House,4.0,5.0,sale_derived
31.385699,74.278343,44658.82,46800.0,32000,50000,8931.76,9360.0,17,5.0,Lahore,Punjab,DHA 11 Rahbar,House,2.41,2.65,sale_derived
31.385705,73.122269,35714.29,35000.0,35000,40000,4761.9,4666.67,7,7.5,Faisalabad,Punjab,Satiana Road,House,0.57,0.0,rental
31.386102,74.274945,47568.42,48000.0,34000,56000,9375.24,9520.0,38,5.08,Lahore,Punjab,DHA 11 Rahbar,House,2.89,3.42,sale_derived
31.38610268,74.27494812,41600.0,41600.0,41600,41600,8320.0,8320.0,1,5.0,Lahore,Punjab,DHA 11 Rahbar,House,3.0,3.0,sale_derived
31.386103,74.27495,50000.0,50000.0,50000,50000,10000.0,10000.0,1,5.0,Lahore,Punjab,DHA 11 Rahbar,House,3.0,4.0,sale_derived
31.386322,73.126273,26166.67,22000.0,20000,35000,2947.66,3181.82,36,9.53,Faisalabad,Punjab,Rehman Gardens,Upper Portion,0.11,0.08,rental
31.386326,74.36567,10808.0,10808.0,7616,14000,2513.33,2513.33,2,6.05,Lahore,Punjab,Gajju Matah,Flat,1.5,0.5,sale_derived
31.386326,74.365672,23165.22,18400.0,8800,56000,5369.53,5760.0,23,4.67,Lahore,Punjab,Gajju Matah,House,2.57,2.91,sale_derived
31.386395,74.183106,119076.92,98000.0,42000,210000,8734.62,9000.0,26,13.46,Lahore,Punjab,Bahria Town,House,4.46,5.5,sale_derived
31.386522,74.240191,44000.0,44000.0,44000,44000,8800.0,8800.0,1,5.0,Lahore,Punjab,Khayaban-e-Amin,House,4.0,4.0,sale_derived
31.386532,74.18177,118000.0,118000.0,118000,118000,5900.0,5900.0,1,20.0,Lahore,Punjab,Bahria Town,House,6.0,6.0,sale_derived
31.386574,73.117722,25666.67,25000.0,22000,30000,2566.67,2500.0,6,10.0,Faisalabad,Punjab,Gulshan Rehman,Upper Portion,0.0,0.0,rental
31.3867522,74.18181717,210000.0,210000.0,210000,210000,10500.0,10500.0,1,20.0,Lahore,Punjab,Bahria Town,House,6.0,7.0,sale_derived
31.38676071,74.27177429,41600.0,41600.0,41600,41600,8320.0,8320.0,1,5.0,Lahore,Punjab,DHA 11 Rahbar,House,3.0,3.0,sale_derived
31.386761,74.271777,48800.0,50000.0,39200,54000,9760.0,10000.0,20,5.0,Lahore,Punjab,DHA 11 Rahbar,House,3.1,3.15,sale_derived
31.386981,74.274523,50500.0,50000.0,46000,54000,10100.0,10000.0,16,5.0,Lahore,Punjab,DHA 11 Rahbar,House,2.88,2.88,sale_derived
31.387238,74.313583,42000.0,34000.0,20000,72000,6300.0,7200.0,3,10.67,Lahore,Punjab,Kakezai Housing Society,House,2.67,0.0,sale_derived
31.387702,74.176031,74000.0,74000.0,74000,74000,9250.0,9250.0,1,8.0,Lahore,Punjab,Canal Garden,House,5.0,5.0,sale_derived
31.387703,74.17603,48000.0,48000.0,48000,48000,4067.8,4067.8,1,11.8,Lahore,Punjab,Canal Garden,House,3.0,4.0,sale_derived
31.387823,74.193245,53200.0,53200.0,53200,53200,6650.0,6650.0,1,8.0,Lahore,Punjab,Bahria Town,House,3.0,4.0,sale_derived
31.3878231,74.19324493,44000.0,44000.0,44000,44000,8800.0,8800.0,1,5.0,Lahore,Punjab,Bahria Town,House,3.0,3.0,sale_derived
31.387824,74.193242,45745.45,46000.0,28000,84000,6236.67,6000.0,121,7.42,Lahore,Punjab,Bahria Town,House,2.93,2.98,sale_derived
31.38875771,74.18507385,160000.0,160000.0,160000,160000,5000.0,5000.0,1,32.0,Lahore,Punjab,Bahria Town,House,5.0,6.0,sale_derived
31.388758,74.185073,182514.29,180000.0,160800,210000,4976.54,5025.0,7,37.43,Lahore,Punjab,Bahria Town,House,4.43,5.14,sale_derived
31.389326,74.252551,65285.71,68000.0,46000,100000,9360.2,9225.0,14,7.11,Lahore,Punjab,DHA 11 Rahbar,House,3.57,3.57,sale_derived
31.389349,73.104162,35000.0,35000.0,35000,35000,3500.0,3500.0,1,10.0,Faisalabad,Punjab,Gulgasht Colony,House,2.0,3.0,rental
31.3893716,74.35919166,34000.0,34000.0,34000,34000,6800.0,6800.0,1,5.0,Lahore,Punjab,Gajju Matah,House,4.0,5.0,sale_derived
31.389472,73.106618,27000.0,22000.0,19000,40000,4609.52,4400.0,3,7.77,Faisalabad,Punjab,Rabbani Colony,House,1.67,2.33,rental
31.38972879,74.1779387,128000.0,128000.0,128000,128000,6400.0,6400.0,1,20.0,Lahore,Punjab,Bahria Town,House,6.0,6.0,sale_derived
31.389765,74.165955,124048.0,120000.0,15200,340000,7110.67,7500.0,25,17.32,Lahore,Punjab,Bahria Town,House,4.68,3.88,sale_derived
31.38977,74.19237971,50000.0,50000.0,50000,50000,7142.86,7142.86,1,7.0,Lahore,Punjab,Bahria Town,House,3.0,3.0,sale_derived
31.389839,74.285774,38522.5,50800.0,6200,66000,7612.24,7186.67,16,4.79,Lahore,Punjab,Defence Road,House,2.62,2.69,sale_derived
31.389912,73.068852,20250.0,20000.0,10000,35000,5916.67,5000.0,8,3.56,Faisalabad,Punjab,Samanabad,House,2.75,1.5,rental
31.389912,74.190488,109115.49,72000.0,47200,212000,10141.51,7400.0,71,13.03,Lahore,Punjab,Bahria Town,House,4.77,5.38,sale_derived
31.389912,74.19049,80000.0,80000.0,80000,80000,8000.0,8000.0,1,10.0,Lahore,Punjab,Bahria Town,House,4.0,4.0,sale_derived
31.390022,74.256456,114000.0,114000.0,96000,132000,11400.0,11400.0,2,10.0,Lahore,Punjab,DHA 11 Rahbar,House,4.5,6.0,sale_derived
31.390051,73.131182,15000.0,15000.0,15000,15000,5000.0,5000.0,2,3.0,Faisalabad,Punjab,Satiana Road,Upper Portion,2.0,2.0,rental
31.390066,73.131186,25000.0,25000.0,25000,25000,2272.73,2272.73,1,11.0,Faisalabad,Punjab,Satiana Road,Upper Portion,3.0,3.0,rental
31.39024167,74.16505337,133555.56,148000.0,54000,280000,6800.0,7000.0,9,18.89,Lahore,Punjab,Bahria Town,House,4.22,4.11,sale_derived
31.390277,74.207479,73697.33,58800.0,19080,181600,7301.96,7040.0,9,10.39,Lahore,Punjab,Defence Road,House,3.0,3.0,sale_derived
31.390315,74.24753,67300.0,70000.0,50000,74000,8725.0,8875.0,12,7.75,Lahore,Punjab,DHA 11 Rahbar,House,3.75,3.5,sale_derived
31.390352,72.968481,15000.0,15000.0,15000,15000,3750.0,3750.0,1,4.0,Faisalabad,Punjab,Dhandharan Chak 66 JB,House,5.0,2.0,rental
31.390571,73.115802,19243.24,17000.0,8000,55000,4178.38,4000.0,37,4.91,Faisalabad,Punjab,Rachna Town,House,1.03,0.84,rental
31.390644,74.252884,39000.0,39000.0,34000,44000,7800.0,7800.0,2,5.0,Lahore,Punjab,DHA 11 Rahbar,House,2.0,3.0,sale_derived
31.39064407,74.25288391,42000.0,42000.0,42000,42000,8400.0,8400.0,1,5.0,Lahore,Punjab,DHA 11 Rahbar,House,3.0,4.0,sale_derived
31.390645,74.252887,50407.08,48000.0,8400,100000,9205.31,9360.0,113,5.53,Lahore,Punjab,DHA 11 Rahbar,House,3.16,3.24,sale_derived
31.391084,74.160118,167542.86,186000.0,82000,220000,9050.08,9300.0,7,18.14,Lahore,Punjab,Sukh Chayn Gardens,House,4.57,5.29,sale_derived
31.391121,73.075386,28500.0,30000.0,15000,32000,6325.0,6000.0,12,4.96,Faisalabad,Punjab,Samundari Road,House,0.33,0.42,rental
31.391487,72.995389,36500.0,36500.0,33000,40000,4728.57,4728.57,2,9.5,Faisalabad,Punjab,Air Avenue City,House,6.5,5.0,rental
31.39164521,74.36338998,80000.0,80000.0,80000,80000,10000.0,10000.0,1,8.0,Lahore,Punjab,Gajju Matah,House,2.0,1.0,sale_derived
31.391744,74.159746,120480.0,90000.0,56000,280000,8374.67,8600.0,25,14.48,Lahore,Punjab,Sukh Chayn Gardens,House,5.12,4.52,sale_derived
31.391854,74.271398,34000.0,33000.0,24000,46000,6385.25,6370.49,4,5.28,Lahore,Punjab,Mohafiz Town,House,3.5,2.5,sale_derived
31.391909,74.180009,39628.8,32200.0,7488,70000,7861.33,7100.0,10,5.33,Lahore,Punjab,Canal Garden,House,3.3,3.7,sale_derived
31.391909,74.18001,26000.0,26000.0,26000,26000,8666.67,8666.67,1,3.0,Lahore,Punjab,Canal Garden,Penthouse,3.0,0.0,sale_derived
31.39211,73.10267,25000.0,17000.0,15000,70000,3148.98,3000.0,7,7.71,Faisalabad,Punjab,Satiana Road,Lower Portion,1.14,1.29,rental
31.392183,74.158216,77666.67,76000.0,42000,100000,8316.67,7650.0,6,9.27,Lahore,Punjab,Sukh Chayn Gardens,House,4.17,3.67,sale_derived
31.392183,74.163966,90000.0,90000.0,90000,90000,9000.0,9000.0,1,10.0,Lahore,Punjab,Sukh Chayn Gardens,House,5.0,0.0,sale_derived
31.392333,73.108184,20875.0,16500.0,8500,40000,3702.56,3238.46,8,6.12,Faisalabad,Punjab,New Garden Town,House,1.0,0.38,rental
31.392916,74.17548,40800.0,40800.0,39200,42400,8160.0,8160.0,2,5.0,Lahore,Punjab,Canal Garden,House,4.0,2.5,sale_derived
31.392916,74.175482,53600.0,42000.0,28800,136000,7877.14,8000.0,21,7.14,Lahore,Punjab,Canal Garden,House,4.57,4.81,sale_derived
31.393096,74.181916,40000.0,40000.0,40000,40000,8000.0,8000.0,1,5.0,Lahore,Punjab,Canal Garden,House,3.0,4.0,sale_derived
31.393133,74.17372,40519.3,39200.0,26000,100000,8441.87,7840.0,57,5.04,Lahore,Punjab,Canal Garden,House,3.7,3.82,sale_derived
31.393209,74.175897,46942.7,42000.0,4400,140000,7426.95,7840.0,89,6.45,Lahore,Punjab,Canal Garden,House,3.64,4.0,sale_derived
31.39321,74.175896,38000.0,42000.0,26000,42000,7416.67,8400.0,4,5.75,Lahore,Punjab,Canal Garden,House,3.25,4.0,sale_derived
31.393575,74.161134,96666.67,72000.0,66000,152000,6766.67,7200.0,3,14.0,Lahore,Punjab,Sukh Chayn Gardens,House,4.67,5.67,sale_derived
31.393575,74.172263,120000.0,120000.0,120000,120000,3000.0,3000.0,1,40.0,Lahore,Punjab,Canal Garden,House,7.0,7.0,sale_derived
31.393641,73.067669,25000.0,25000.0,25000,25000,5000.0,5000.0,1,5.0,Faisalabad,Punjab,College Road,Lower Portion,2.0,3.0,rental
31.393868,74.165769,75800.0,75800.0,71600,80000,7580.0,7580.0,2,10.0,Lahore,Punjab,Sukh Chayn Gardens,House,4.5,5.5,sale_derived
31.394088,74.367428,24646.67,18000.0,17800,70000,5262.75,5142.86,15,5.17,Lahore,Punjab,Eden,House,2.8,2.07,sale_derived
31.394235,74.254518,80307.69,88000.0,54000,96000,9769.23,9400.0,13,8.46,Lahore,Punjab,Valencia Housing Society,House,4.54,4.46,sale_derived
31.394276,74.261349,93500.0,96000.0,42000,140000,7400.0,7700.0,4,13.75,Lahore,Punjab,Valencia Housing Society,House,3.75,4.5,sale_derived
31.3944,74.21217,43200.0,43200.0,43200,43200,8640.0,8640.0,1,5.0,Lahore,Punjab,Defence Road,House,4.0,3.0,sale_derived
31.3944,74.212174,48066.67,49400.0,40000,52800,9613.33,9880.0,6,5.0,Lahore,Punjab,Defence Road,House,2.83,3.0,sale_derived
31.394436,74.210308,45666.67,47000.0,30000,58000,9403.17,9633.33,6,4.83,Lahore,Punjab,Defence Road,House,2.5,2.0,sale_derived
31.39451862,74.17757392,54000.0,54000.0,54000,54000,5400.0,5400.0,1,10.0,Lahore,Punjab,Canal Garden,House,3.0,2.0,sale_derived
31.394564,74.291954,184000.0,184000.0,184000,184000,2300.0,2300.0,1,80.0,Lahore,Punjab,IEP Engineers Town,Farm House,3.0,0.0,sale_derived
31.39458,74.28625,64000.0,64000.0,64000,64000,6400.0,6400.0,1,10.0,Lahore,Punjab,Main Canal Bank Road,House,0.0,0.0,sale_derived
31.394581,74.286245,64375.0,61000.0,38600,108000,6484.44,6400.0,8,10.12,Lahore,Punjab,Main Canal Bank Road,House,4.0,4.88,sale_derived
31.39471,74.17739,58000.0,58000.0,52000,64000,5800.0,5800.0,2,10.0,Lahore,Punjab,Canal Garden,House,4.5,4.5,sale_derived
31.394711,74.177392,56000.0,64000.0,34000,70000,6685.71,6800.0,7,8.57,Lahore,Punjab,Canal Garden,House,4.43,5.14,sale_derived
31.394748,74.28792,176000.0,176000.0,176000,176000,8800.0,8800.0,1,20.0,Lahore,Punjab,Main Canal Bank Road,House,5.0,0.0,sale_derived
31.3948984,74.17287603,44000.0,44000.0,44000,44000,8800.0,8800.0,1,5.0,Lahore,Punjab,Canal Garden,House,5.0,6.0,sale_derived
31.394949,74.31861,56000.0,50000.0,34000,90000,6654.13,6250.0,7,8.86,Lahore,Punjab,Eden Place Housing Scheme,House,3.86,3.86,sale_derived
31.395119,74.211493,56769.23,52000.0,43200,80000,8538.32,8333.33,13,7.0,Lahore,Punjab,Defence Road,House,3.92,4.31,sale_derived
31.395119,74.211494,32533.33,40000.0,9600,48000,8328.21,8000.0,3,3.77,Lahore,Punjab,Defence Road,House,3.0,3.0,sale_derived
31.395187,74.2104,130000.0,130000.0,130000,130000,10833.33,10833.33,1,12.0,Lahore,Punjab,Defence Road,House,4.0,4.0,sale_derived
31.395187,74.210401,51459.46,50000.0,28000,130000,9340.75,9600.0,37,5.58,Lahore,Punjab,Defence Road,House,3.65,3.54,sale_derived
31.39526,74.260497,100000.0,100000.0,100000,100000,4545.45,4545.45,1,22.0,Lahore,Punjab,Valencia Housing Society,House,4.0,4.0,sale_derived
31.395311,73.157087,30000.0,30000.0,30000,30000,3750.0,3750.0,1,8.0,Faisalabad,Punjab,Jaranwala Road,Lower Portion,2.0,3.0,rental
31.395313,74.2862,66000.0,66000.0,66000,66000,7333.33,7333.33,1,9.0,Lahore,Punjab,Main Canal Bank Road,House,6.0,6.0,sale_derived
31.39537,74.269123,35500.0,31000.0,30000,50000,6312.5,6875.0,4,6.0,Lahore,Punjab,Audit & Accounts Housing Society,House,3.5,4.25,sale_derived
31.395439,73.110849,14363.64,15000.0,12000,20000,3166.67,3333.33,11,4.73,Faisalabad,Punjab,Al Fayaz Colony,Lower Portion,0.0,0.0,rental
31.39548,74.252458,142000.0,160000.0,76000,172000,8050.0,8000.0,4,17.5,Lahore,Punjab,Valencia Housing Society,House,4.5,4.75,sale_derived
31.395691,74.24882,39200.0,39200.0,39200,39200,7840.0,7840.0,1,5.0,Lahore,Punjab,Wocland Villas,House,3.0,2.0,sale_derived
31.3957,74.27217,58400.0,60000.0,54000,60000,3650.0,3750.0,5,16.0,Lahore,Punjab,Audit & Accounts Housing Society,House,3.0,3.0,sale_derived
31.395847,73.091168,33333.33,35000.0,25000,40000,3500.0,3500.0,3,11.67,Faisalabad,Punjab,Peoples Colony No 2,House,3.0,3.33,rental
31.395879,73.111181,12000.0,12000.0,12000,12000,4000.0,4000.0,1,3.0,Faisalabad,Punjab,Shahzad Colony,House,3.0,2.0,rental
31.39592,74.2105,88000.0,88000.0,88000,88000,8800.0,8800.0,1,10.0,Lahore,Punjab,Defence Road,House,4.0,5.0,sale_derived
31.39592,74.210501,49410.53,46000.0,30400,90000,8986.67,9000.0,19,5.53,Lahore,Punjab,Defence Road,House,3.58,2.89,sale_derived
31.395979,74.313149,47500.0,45000.0,26000,74000,7791.67,7250.0,4,6.5,Lahore,Punjab,Royal Residencia,House,3.5,4.0,sale_derived
31.395993,73.106961,13600.0,15000.0,10000,15000,4161.9,4333.33,5,3.7,Faisalabad,Punjab,Peoples Colony No 2,House,1.6,1.4,rental
31.39614,73.118119,22500.0,22500.0,18000,27000,4928.57,4928.57,2,5.0,Faisalabad,Punjab,Mohammad Nagar,House,3.0,3.0,rental
31.396312,74.179325,56666.67,60000.0,50000,60000,4333.33,4000.0,3,13.33,Lahore,Punjab,Canal Garden,House,4.0,3.33,sale_derived
31.396372,74.231669,11720.0,9580.0,9580,16000,3700.9,3548.15,3,3.3,Lahore,Punjab,Defence Road,Flat,1.33,1.67,sale_derived
31.397055,74.26946,44000.0,44000.0,44000,44000,5500.0,5500.0,1,8.0,Lahore,Punjab,Audit & Accounts Housing Society,House,5.0,6.0,sale_derived
31.397055,74.269466,54400.0,51000.0,30000,110000,5962.5,6375.0,10,9.6,Lahore,Punjab,Audit & Accounts Housing Society,House,3.9,4.4,sale_derived
31.397176,74.170847,44400.0,44800.0,30400,50000,9118.43,9200.0,17,4.88,Lahore,Punjab,Main Canal Bank Road,House,3.0,2.12,sale_derived
31.397275,74.296803,120000.0,120000.0,120000,120000,3000.0,3000.0,1,40.0,Lahore,Punjab,IEP Engineers Town,House,4.0,5.0,sale_derived
31.397312,74.264917,124363.64,144000.0,68000,156000,7260.61,7400.0,11,17.45,Lahore,Punjab,Valencia Housing Society,House,5.0,5.18,sale_derived
31.397476,73.108337,16000.0,16000.0,15000,17000,5458.33,5666.67,8,2.94,Faisalabad,Punjab,Satiana Road,House,0.0,0.0,rental
31.39748581,74.25501466,56000.0,56000.0,56000,56000,7000.0,7000.0,1,8.0,Lahore,Punjab,Valencia Housing Society,House,3.0,2.0,sale_derived
31.397495,73.105595,20000.0,20000.0,20000,20000,2857.14,2857.14,4,7.0,Faisalabad,Punjab,Garden Colony,Lower Portion,0.0,0.0,rental
31.397892,74.35203,18800.0,18800.0,18800,18800,4700.0,4700.0,1,4.0,Lahore,Punjab,Green Cap Housing Society,House,2.0,3.0,sale_derived
31.397898,74.257278,87428.57,91000.0,66000,104000,8530.61,8400.0,14,10.29,Lahore,Punjab,Valencia Housing Society,House,3.79,3.36,sale_derived
31.39798,74.496913,18868.57,17000.0,14400,26600,5033.47,4920.0,35,3.79,Lahore,Punjab,Bedian Road,House,2.91,1.91,sale_derived
31.398008,74.252515,133200.0,140000.0,100000,156000,7545.0,7800.0,5,17.6,Lahore,Punjab,Valencia Housing Society,House,5.4,6.0,sale_derived
31.398118,73.096833,41600.0,40000.0,3000,90000,4764.55,3636.36,5,9.6,Faisalabad,Punjab,Peoples Colony No 2,House,4.6,2.4,rental
31.398118,74.254746,58000.0,58000.0,58000,58000,5800.0,5800.0,1,10.0,Lahore,Punjab,Valencia Housing Society,House,3.0,2.0,sale_derived
31.398374,74.250841,138000.0,138000.0,136000,140000,9200.0,9200.0,2,15.0,Lahore,Punjab,Valencia Housing Society,House,5.0,5.5,sale_derived
31.398374,74.270325,41253.33,38000.0,29200,54000,6686.43,6750.0,15,6.36,Lahore,Punjab,Audit & Accounts Housing Society,House,3.67,3.33,sale_derived
31.398375,74.270325,46000.0,46000.0,46000,46000,5750.0,5750.0,1,8.0,Lahore,Punjab,Audit & Accounts Housing Society,House,3.0,3.0,sale_derived
31.398386,74.49425,24400.0,24400.0,24400,24400,8133.33,8133.33,1,3.0,Lahore,Punjab,Al-Falah Cooperative Housing Society,House,3.0,3.0,sale_derived
31.398386,74.494251,132000.0,132000.0,44000,220000,7700.0,7700.0,2,15.0,Lahore,Punjab,Al-Falah Cooperative Housing Society,House,4.5,5.0,sale_derived
31.39867938,74.35496807,26417.39,22000.0,11200,130000,6096.02,6000.0,69,4.35,Lahore,Punjab,Green Cap Housing Society,House,3.2,3.42,sale_derived
31.39868,74.354965,24800.0,28000.0,16000,30400,6026.67,6080.0,3,4.17,Lahore,Punjab,Green Cap Housing Society,House,4.0,3.67,sale_derived
31.399107,74.272857,86285.71,98000.0,56000,106000,5181.59,5000.0,7,17.43,Lahore,Punjab,Audit & Accounts Housing Society,House,5.0,5.14,sale_derived
31.39937235,74.2709465,22000.0,22000.0,22000,22000,4400.0,4400.0,1,5.0,Lahore,Punjab,Naz Town,House,4.0,2.0,sale_derived
31.399656,73.115029,39538.46,40000.0,27000,50000,2533.03,666.67,13,36.86,Faisalabad,Punjab,Shadman Colony,Upper Portion,0.15,0.15,rental
31.399693,73.10066,31250.0,27500.0,20000,50000,4033.6,4000.0,4,7.82,Faisalabad,Punjab,Peoples Colony No 2,Upper Portion,1.75,1.5,rental
31.399729,74.268866,72000.0,72000.0,64000,80000,4000.0,4000.0,2,18.0,Lahore,Punjab,Audit & Accounts Housing Society,House,3.0,1.5,sale_derived
31.399729,74.26887,76000.0,76000.0,76000,76000,4222.22,4222.22,1,18.0,Lahore,Punjab,Audit & Accounts Housing Society,House,3.0,3.0,sale_derived
31.399803,73.106446,24000.0,24000.0,24000,24000,3428.57,3428.57,9,7.0,Faisalabad,Punjab,Gulbahar Colony,Upper Portion,0.44,0.0,rental
31.40001325,74.18951477,9580.0,9580.0,9580,9580,4354.55,4354.55,1,2.2,Lahore,Punjab,Shahkam Chowk,Flat,1.0,1.0,sale_derived
31.400023,73.095889,13000.0,13000.0,13000,13000,2600.0,2600.0,1,5.0,Faisalabad,Punjab,Peoples Colony No 2,Upper Portion,3.0,1.0,rental
31.400096,74.259682,173920.0,180000.0,19600,300000,7363.33,7500.0,5,23.2,Lahore,Punjab,Valencia Housing Society,House,3.8,5.0,sale_derived
31.400097,74.25968,320000.0,320000.0,320000,320000,8000.0,8000.0,1,40.0,Lahore,Punjab,Valencia Housing Society,House,0.0,0.0,sale_derived
31.40016,73.030949,20407.41,18000.0,10000,50000,5586.16,5333.33,27,4.44,Faisalabad,Punjab,Jhang Road,House,0.56,0.44,rental
31.400398,74.268157,33333.33,32000.0,28000,40000,5333.33,5600.0,3,6.67,Lahore,Punjab,Naz Town,House,3.0,3.67,sale_derived
31.400398,74.26816,12400.0,12400.0,12400,12400,4960.0,4960.0,1,2.5,Lahore,Punjab,Naz Town,House,2.0,2.0,sale_derived
31.40039825,74.26815796,32000.0,32000.0,32000,32000,4571.43,4571.43,1,7.0,Lahore,Punjab,Naz Town,House,4.0,5.0,sale_derived
31.400462,73.126359,20000.0,20000.0,20000,20000,4000.0,4000.0,4,5.0,Faisalabad,Punjab,Rasool Nagar,House,0.0,0.0,rental
31.400535,73.139234,15000.0,15000.0,10000,20000,5333.33,5333.33,2,2.75,Faisalabad,Punjab,Ali Town,House,1.5,1.5,rental
31.400732,74.16959,31200.0,31200.0,23200,39200,5120.0,5120.0,2,6.0,Lahore,Punjab,Shahkam Chowk,House,2.0,2.0,sale_derived
31.400894,74.303922,22560.0,20000.0,14800,32000,4616.67,4933.33,5,6.4,Lahore,Punjab,Kahna Kacha,House,3.2,2.4,sale_derived
31.400894,74.303925,16000.0,16000.0,16000,16000,5333.33,5333.33,1,3.0,Lahore,Punjab,Kahna Kacha,House,3.0,3.0,sale_derived
31.401094,74.363397,100000.0,100000.0,100000,100000,7692.31,7692.31,2,13.0,Lahore,Punjab,Supreme Villas,House,6.0,7.0,sale_derived
31.401256,73.080894,42500.0,40000.0,40000,50000,5952.38,5238.1,4,8.75,Faisalabad,Punjab,Canal Park,House,3.25,2.5,rental
31.401387,74.265372,25733.33,23200.0,22000,32000,5146.67,4640.0,3,5.0,Lahore,Punjab,Naz Town,House,2.67,2.67,sale_derived
31.401516,74.26196,60000.0,60000.0,60000,60000,8571.43,8571.43,1,7.0,Lahore,Punjab,NFC 1,House,0.0,0.0,sale_derived
31.401781,74.273071,38000.0,32000.0,32000,50000,4750.0,4000.0,3,8.0,Lahore,Punjab,Audit & Accounts Housing Society,House,3.67,4.67,sale_derived
31.401817,74.283714,50600.0,50600.0,50000,51200,5060.0,5060.0,2,10.0,Lahore,Punjab,IEP Engineers Town,House,4.0,5.0,sale_derived
31.401891,74.292505,52000.0,52000.0,18000,86000,6650.0,6650.0,2,11.0,Lahore,Punjab,IEP Engineers Town,House,4.5,5.0,sale_derived
31.402138,74.189821,8780.0,8780.0,8780,8780,3990.91,3990.91,1,2.2,Lahore,Punjab,Defence Road,Flat,1.0,1.0,sale_derived
31.40217852,74.17203482,28800.0,28800.0,28800,28800,5760.0,5760.0,1,5.0,Lahore,Punjab,Punjab Govt Servant Society,House,2.0,2.0,sale_derived
31.402207,74.253034,130628.57,90000.0,90000,280000,8102.86,9000.0,7,17.14,Lahore,Punjab,Valencia Housing Society,House,5.29,5.71,sale_derived
31.40222,74.265676,21850.0,22000.0,13400,30000,4816.67,4433.33,4,4.5,Lahore,Punjab,Naz Town,House,2.75,3.25,sale_derived
31.402367,73.134513,38750.0,40000.0,25000,50000,5875.0,6125.0,4,6.5,Faisalabad,Punjab,Kehkishan Colony No 1,House,0.0,0.0,rental
31.402513,74.292798,121200.0,120000.0,11600,240000,5724.82,6000.0,17,21.18,Lahore,Punjab,IEP Engineers Town,House,4.82,3.82,sale_derived
31.402562,73.110247,42192.31,41000.0,13000,75000,5085.85,4687.5,26,8.73,Faisalabad,Punjab,Peoples Colony No 1,House,1.35,0.0,rental
31.40257816,74.18549595,13980.0,13980.0,13980,13980,4660.0,4660.0,1,3.0,Lahore,Punjab,Jubilee Town,House,0.0,0.0,sale_derived
31.402696,74.164517,112000.0,112000.0,100000,124000,5600.0,5600.0,2,20.0,Lahore,Punjab,Punjab Govt Servant Society,House,4.5,5.5,sale_derived
31.402868,74.236129,35508.11,30000.0,24000,72000,8158.84,8228.57,37,4.44,Lahore,Punjab,Dream Avenue Lahore,House,3.32,3.14,sale_derived
31.402868,74.23613,48000.0,48000.0,48000,48000,6857.14,6857.14,1,7.0,Lahore,Punjab,Dream Avenue Lahore,House,4.0,6.0,sale_derived
31.40286827,74.23612976,28800.0,28800.0,28800,28800,8228.57,8228.57,1,3.5,Lahore,Punjab,Dream Avenue Lahore,House,3.0,4.0,sale_derived
31.40288,73.122153,26809.52,25000.0,10000,80000,4533.79,4285.71,21,6.24,Faisalabad,Punjab,Al Najaf Colony,House,1.95,1.71,rental
31.40288,73.128334,17000.0,17000.0,17000,17000,3090.91,3090.91,1,5.5,Faisalabad,Punjab,Akbar Colony,Upper Portion,3.0,2.0,rental
31.403327,74.362115,34400.0,39600.0,24000,39600,6000.0,6600.0,3,5.67,Lahore,Punjab,Ferozepur Road,House,2.33,0.67,sale_derived
31.403397,74.231404,30000.0,30000.0,30000,30000,7500.0,7500.0,1,4.0,Lahore,Punjab,Gulnishan Park,House,3.0,3.0,sale_derived
31.403427,73.138339,31000.0,22000.0,15000,50000,4850.0,6000.0,5,6.5,Faisalabad,Punjab,Jaranwala Road,House,1.6,0.8,rental
31.403473,74.196754,10000.0,10000.0,10000,10000,3333.33,3333.33,1,3.0,Lahore,Punjab,Eden,Flat,2.0,2.0,sale_derived
31.403715,74.23668,46000.0,46000.0,46000,46000,9200.0,9200.0,1,5.0,Lahore,Punjab,Dream Avenue Lahore,House,5.0,6.0,sale_derived
31.403795,74.172728,70000.0,70000.0,70000,70000,7000.0,7000.0,1,10.0,Lahore,Punjab,Mohlanwal Scheme,House,9.0,8.0,sale_derived
31.403832,74.297576,136000.0,136000.0,136000,136000,3400.0,3400.0,1,40.0,Lahore,Punjab,IEP Engineers Town,House,8.0,9.0,sale_derived
31.403869,74.255176,140000.0,160000.0,100000,160000,8545.45,8000.0,6,17.0,Lahore,Punjab,Valencia Housing Society,House,4.83,4.17,sale_derived
31.40396,74.214497,6835.85,6600.0,5000,10400,2272.52,2200.0,82,3.01,Lahore,Punjab,Labor Colony,Flat,1.95,1.91,sale_derived
31.404006,74.264342,31000.0,31000.0,26000,36000,4400.0,4400.0,2,7.5,Lahore,Punjab,Naz Town,House,2.0,2.5,sale_derived
31.404044,74.398213,28800.0,28800.0,28800,28800,4800.0,4800.0,1,6.0,Lahore,Punjab,Government Transport Headquarters Cooperative Housing Society,House,0.0,0.0,sale_derived
31.404062,74.1632,40000.0,40000.0,40000,40000,5714.29,5714.29,1,7.0,Lahore,Punjab,Punjab Govt Servant Society,House,2.0,2.0,sale_derived
31.404107,74.162242,51000.0,51000.0,50000,52000,7285.71,7285.71,2,7.0,Lahore,Punjab,Punjab Govt Servant Society,House,3.0,3.0,sale_derived
31.404153,73.136959,35000.0,35000.0,35000,35000,7000.0,7000.0,1,5.0,Faisalabad,Punjab,204 Chak Road,House,3.0,4.0,rental
31.404308,73.098986,15000.0,15000.0,15000,15000,3000.0,3000.0,1,5.0,Faisalabad,Punjab,Suhail Abad,Upper Portion,4.0,1.0,rental
31.404528,74.289894,120000.0,120000.0,120000,120000,6000.0,6000.0,1,20.0,Lahore,Punjab,IEP Engineers Town,House,6.0,7.0,sale_derived
31.404565,73.139663,15000.0,15000.0,15000,15000,3000.0,3000.0,1,5.0,Faisalabad,Punjab,Himat Pura,Lower Portion,2.0,3.0,rental
31.404858,74.204063,20000.0,20000.0,20000,20000,4000.0,4000.0,1,5.0,Lahore,Punjab,AWT Army Welfare Trust,House,3.0,2.0,sale_derived
31.404876,74.164624,55700.0,54000.0,52800,62000,5570.0,5400.0,4,10.0,Lahore,Punjab,Punjab Govt Servant Society,House,2.25,3.5,sale_derived
31.404931,74.259839,160000.0,160000.0,160000,160000,8000.0,8000.0,2,20.0,Lahore,Punjab,Valencia Housing Society,House,6.0,7.0,sale_derived
31.40498207,73.12920235,15000.0,15000.0,15000,15000,7500.0,7500.0,1,2.0,Faisalabad,Punjab,Jaranwala Road,House,2.0,3.0,rental
31.405004,73.07795,22800.0,25000.0,14000,25000,5400.0,5000.0,5,4.4,Faisalabad,Punjab,Sir Syed Town,House,0.6,0.4,rental
31.405004,74.187155,60615.38,60000.0,46000,72000,7549.47,7200.0,26,8.11,Lahore,Punjab,Jubilee Town,House,4.85,3.62,sale_derived
31.4050045,74.18715668,27000.0,27000.0,27000,27000,9000.0,9000.0,1,3.0,Lahore,Punjab,Jubilee Town,House,3.0,3.0,sale_derived
31.40504,74.19393,48000.0,48000.0,48000,48000,9600.0,9600.0,1,5.0,Lahore,Punjab,Jubilee Town,House,4.0,5.0,sale_derived
31.405041,74.193935,42427.59,42000.0,27200,72000,8362.3,8400.0,29,5.1,Lahore,Punjab,Jubilee Town,House,3.93,2.1,sale_derived
31.405151,73.062379,15500.0,14000.0,6000,50000,5439.77,3875.0,12,3.56,Faisalabad,Punjab,Rehmania Town,Lower Portion,0.83,0.17,rental
31.405151,73.136315,31000.0,43000.0,12000,45000,4075.32,4300.0,7,7.36,Faisalabad,Punjab,Kehkishan Colony No 2,House,1.0,0.86,rental
31.405224,74.179258,69288.89,65000.0,48000,90000,7081.27,6600.0,18,9.83,Lahore,Punjab,Jubilee Town,House,5.0,3.22,sale_derived
31.405352,74.277824,71250.0,60000.0,38000,166000,4622.92,4675.0,8,17.0,Lahore,Punjab,Nasheman-e-Iqbal,House,4.25,2.62,sale_derived
31.40537,74.254346,118666.67,126000.0,100000,130000,5933.33,6300.0,3,20.0,Lahore,Punjab,Valencia Housing Society,House,4.67,3.67,sale_derived
31.40537,74.257078,113936.63,101000.0,320,300000,7900.04,7800.0,178,15.63,Lahore,Punjab,Valencia Housing Society,House,4.61,4.87,sale_derived
31.40537,74.25708,92000.0,76000.0,56000,144000,8044.44,7600.0,3,12.0,Lahore,Punjab,Valencia Housing Society,House,4.33,2.67,sale_derived
31.40537,74.278464,74283.87,58000.0,30000,240000,5399.08,5600.0,31,14.81,Lahore,Punjab,Nasheman-e-Iqbal,House,3.77,1.39,sale_derived
31.40537071,74.25708008,106000.0,106000.0,106000,106000,10600.0,10600.0,1,10.0,Lahore,Punjab,Valencia Housing Society,House,6.0,7.0,sale_derived
31.405391,73.133347,90000.0,90000.0,90000,90000,5625.0,5625.0,1,16.0,Faisalabad,Punjab,Baba Fareed Road,House,4.0,5.0,rental
31.405462,74.162757,39581.82,35000.0,26000,100000,5474.4,5320.0,22,7.23,Lahore,Punjab,Punjab Govt Servant Society,House,1.91,2.18,sale_derived
31.405492,74.405932,113333.33,120000.0,100000,120000,5666.67,6000.0,3,20.0,Lahore,Punjab,Inmol Society,House,3.0,0.0,sale_derived
31.40559,73.035944,17500.0,17500.0,15000,20000,4437.5,4000.0,4,4.12,Faisalabad,Punjab,Shadab Colony,House,0.75,0.25,rental
31.40567143,74.16852783,60000.0,60000.0,60000,60000,5454.55,5454.55,1,11.0,Lahore,Punjab,Shahkam Chowk,House,3.0,5.0,sale_derived
31.40568173,74.19310927,30000.0,30000.0,30000,30000,6000.0,6000.0,1,5.0,Lahore,Punjab,Jubilee Town,House,3.0,3.0,sale_derived
31.405993,73.04251,19854.84,17500.0,11000,35000,5025.22,4857.14,31,4.49,Faisalabad,Punjab,Gulfishan Colony,House,1.19,0.0,rental
31.405993,73.055134,23750.0,25000.0,20000,25000,6952.38,7738.1,4,3.62,Faisalabad,Punjab,Ayub Colony,House,1.5,1.0,rental
31.406213,73.107269,55600.0,70000.0,18000,95000,6487.5,7083.33,10,9.67,Faisalabad,Punjab,D Ground,House,1.8,1.8,rental
31.406231,74.278286,73866.67,52800.0,48800,120000,5386.67,5280.0,3,13.33,Lahore,Punjab,Nasheman-e-Iqbal,House,4.33,5.33,sale_derived
31.406289,73.104293,43741.94,35000.0,20000,82000,6646.99,7142.86,31,6.71,Faisalabad,Punjab,Peoples Colony No 1,House,0.9,0.06,rental
31.406633,74.162285,31200.0,31200.0,31200,31200,5200.0,5200.0,1,6.0,Lahore,Punjab,Punjab Govt Servant Society,House,2.0,2.0,sale_derived
31.406634,74.162285,27440.0,26800.0,26000,31200,5488.0,5360.0,5,5.0,Lahore,Punjab,Punjab Govt Servant Society,House,2.0,2.0,sale_derived
31.406713,73.112663,22000.0,22000.0,22000,22000,3666.67,3666.67,1,6.0,Faisalabad,Punjab,Chen One Road,Upper Portion,3.0,1.0,rental
31.40694,74.360382,22700.0,21000.0,10800,38000,5483.33,5600.0,4,5.25,Lahore,Punjab,Lahore - Kasur Road,House,2.25,2.5,sale_derived
31.407092,74.198391,103333.33,118000.0,74000,118000,6400.0,5900.0,3,16.67,Lahore,Punjab,LDA Avenue,House,5.67,1.67,sale_derived
31.40719263,73.10783587,15000.0,15000.0,15000,15000,5000.0,5000.0,1,3.0,Faisalabad,Punjab,D Ground,Upper Portion,2.0,1.0,rental
31.407449,74.140653,31466.67,27200.0,27200,40000,5293.33,5440.0,3,6.0,Lahore,Punjab,Mohlanwal,House,1.33,1.67,sale_derived
31.40745,74.140656,30000.0,30000.0,30000,30000,6000.0,6000.0,1,5.0,Lahore,Punjab,Mohlanwal,House,0.0,0.0,sale_derived
31.407676,74.490373,10000.0,10000.0,10000,10000,3333.33,3333.33,1,3.0,Lahore,Punjab,Heir,House,3.0,3.0,sale_derived
31.407778,74.349064,28000.0,28000.0,28000,28000,3266.67,3266.67,2,8.75,Lahore,Punjab,Asif Town,House,3.0,2.0,sale_derived
31.407824,74.269123,160000.0,174000.0,82000,210000,4625.94,5000.0,9,36.56,Lahore,Punjab,UET Housing Society,House,4.67,3.44,sale_derived
31.407861,74.262071,198666.67,156000.0,150000,290000,7643.86,7631.58,3,26.0,Lahore,Punjab,Valencia Housing Society,House,5.33,4.0,sale_derived
31.407951,74.449782,99400.0,118000.0,5600,156000,3337.5,1187.5,4,83.0,Lahore,Punjab,Bedian Road,Farm House,1.25,2.0,sale_derived
31.408154,74.251857,77000.0,77000.0,66000,88000,7300.0,7300.0,2,10.5,Lahore,Punjab,Valencia Housing Society,House,4.5,4.5,sale_derived
31.408374,74.176812,59600.0,59600.0,59600,59600,5960.0,5960.0,1,10.0,Lahore,Punjab,Jubilee Town,House,5.0,6.0,sale_derived
31.408374,74.271255,83642.11,76000.0,34000,140000,6392.68,7120.0,19,15.11,Lahore,Punjab,UET Housing Society,House,4.68,3.63,sale_derived
31.40861166,74.2251486,18000.0,18000.0,18000,18000,6000.0,6000.0,1,3.0,Lahore,Punjab,Shershah Colony - Raiwind Road,House,2.0,4.0,sale_derived
31.40872945,74.22230959,24000.0,24000.0,24000,24000,8000.0,8000.0,1,3.0,Lahore,Punjab,Shershah Colony - Raiwind Road,House,3.0,3.0,sale_derived
31.40874,74.276233,70000.0,72000.0,35200,118000,7058.52,7200.0,9,10.11,Lahore,Punjab,UET Housing Society,House,4.78,4.89,sale_derived
31.408813,74.272456,112000.0,116000.0,100000,120000,5600.0,5800.0,3,20.0,Lahore,Punjab,UET Housing Society,House,5.67,6.0,sale_derived
31.408887,74.265161,136470.59,156000.0,90000,170000,7111.76,7900.0,17,19.41,Lahore,Punjab,Valencia Housing Society,House,4.29,3.47,sale_derived
31.40896,73.037574,18218.18,18000.0,8000,28000,5134.03,5000.0,55,3.78,Faisalabad,Punjab,Ali Housing Colony,House,0.04,0.04,rental
31.409106,74.181662,87200.0,87200.0,14400,160000,5928.57,5928.57,2,17.05,Lahore,Punjab,Izmir Town,Flat,4.0,0.5,sale_derived
31.409106,74.253666,154800.0,158000.0,92000,180000,8046.67,8000.0,15,19.33,Lahore,Punjab,Valencia Housing Society,House,5.27,4.33,sale_derived
31.40918,74.210106,66000.0,66000.0,66000,66000,6600.0,6600.0,1,10.0,Lahore,Punjab,LDA Avenue,House,5.0,6.0,sale_derived
31.40918,74.210107,70400.0,72000.0,66000,72000,7040.0,7200.0,5,10.0,Lahore,Punjab,LDA Avenue,House,5.0,5.4,sale_derived
31.40925,73.12444,7000.0,7000.0,7000,7000,5833.33,5833.33,1,1.2,Faisalabad,Punjab,Umer Garden,Flat,1.0,1.0,rental
31.40925,73.124443,46478.26,40000.0,18000,80000,8208.7,7400.0,23,6.13,Faisalabad,Punjab,Umer Garden,House,0.13,0.13,rental
31.409435,74.18891,30666.67,32000.0,28000,32000,10027.78,10666.67,3,3.07,Lahore,Punjab,Jubilee Town,House,3.67,3.33,sale_derived
31.409436,74.188914,29545.0,28000.0,22800,59600,9492.33,9333.33,40,3.18,Lahore,Punjab,Jubilee Town,House,3.12,2.6,sale_derived
31.409546,74.258466,245333.33,274000.0,188000,274000,6133.33,6850.0,3,40.0,Lahore,Punjab,Valencia Housing Society,House,4.33,6.33,sale_derived
31.40959023,74.26635621,92400.0,92400.0,92400,92400,9240.0,9240.0,1,10.0,Lahore,Punjab,NFC 1,House,6.0,7.0,sale_derived
31.409618,74.16612,66080.0,64000.0,42000,85200,7724.0,8400.0,5,8.6,Lahore,Punjab,Jubilee Town,House,4.8,5.4,sale_derived
31.40961838,74.16612244,5980.0,5980.0,5980,5980,3517.65,3517.65,1,1.7,Lahore,Punjab,Manga Mandi,Flat,1.0,1.0,sale_derived
31.409619,74.166126,41817.14,40000.0,9580,96000,8053.4,8571.43,77,7.1,Lahore,Punjab,Tricon Village,House,3.91,4.01,sale_derived
31.409729,74.178658,106000.0,106000.0,106000,106000,7066.67,7066.67,1,15.0,Lahore,Punjab,Izmir Town,House,5.0,7.0,sale_derived
31.409802,74.193678,40727.27,42000.0,34000,48000,8145.45,8400.0,11,5.0,Lahore,Punjab,Jubilee Town,House,3.91,3.09,sale_derived
31.409896,74.251543,78500.0,80000.0,60000,92000,7800.0,7800.0,8,10.06,Lahore,Punjab,Valencia Housing Society,House,4.12,4.5,sale_derived
31.410095,74.22255,20133.33,20000.0,18400,22000,6711.11,6666.67,3,3.0,Lahore,Punjab,Shershah Colony - Raiwind Road,House,2.0,1.67,sale_derived
31.410095,74.222553,24569.25,26000.0,48,44000,7995.27,8666.67,122,3.09,Lahore,Punjab,Shershah Colony - Raiwind Road,House,2.88,2.94,sale_derived
31.410425,74.30218,100000.0,100000.0,100000,100000,5000.0,5000.0,1,20.0,Lahore,Punjab,IEP Engineers Town,House,11.0,10.0,sale_derived
31.410484,73.151891,22000.0,22000.0,22000,22000,4400.0,4400.0,1,5.0,Faisalabad,Punjab,Al Rehmat Villas,Lower Portion,3.0,3.0,rental
31.410498,74.237695,198400.0,240000.0,22400,302000,2971.15,2875.0,6,75.92,Lahore,Punjab,Green Acres Housing Society,Farm House,3.33,3.33,sale_derived
31.410645,73.061557,26500.0,26500.0,18000,35000,5300.0,5300.0,2,5.0,Faisalabad,Punjab,Partab Nagar,House,1.5,1.0,rental
31.410645,73.108077,32190.48,25000.0,12000,85000,9501.7,10000.0,21,4.14,Faisalabad,Punjab,Peoples Colony No 1,House,1.14,0.86,rental
31.410645,73.10808,22000.0,22000.0,22000,22000,2200.0,2200.0,1,10.0,Faisalabad,Punjab,Peoples Colony No 1,Upper Portion,2.0,2.0,rental
31.410645,73.126874,26000.0,26000.0,22000,30000,6666.67,6666.67,2,4.0,Faisalabad,Punjab,Nemat Colony No 2,House,4.5,2.5,rental
31.411157,73.044569,18400.0,20000.0,16000,20000,5257.14,5714.29,5,3.5,Faisalabad,Punjab,Sheikh Colony,House,0.0,0.0,rental
31.411157,74.294829,67000.0,67000.0,54000,80000,6033.33,6033.33,2,11.0,Lahore,Punjab,IEP Engineers Town,House,5.0,3.5,sale_derived
31.411341,74.178915,65000.0,65000.0,50000,80000,8636.36,8636.36,2,8.0,Lahore,Punjab,Izmir Town,House,4.5,3.5,sale_derived
31.411377,74.365253,17600.0,16000.0,6800,32000,4597.14,4200.0,8,3.74,Lahore,Punjab,Youhanabad,House,2.38,2.0,sale_derived
31.411524,73.123183,22727.27,20000.0,13000,50000,5409.09,5500.0,11,4.5,Faisalabad,Punjab,Nemat Colony No 1,Lower Portion,1.27,0.73,rental
31.411744,74.175997,47600.0,48800.0,40800,52000,10245.71,9760.0,7,4.71,Lahore,Punjab,Izmir Town,House,3.29,3.14,sale_derived
31.412036,73.126159,15000.0,15000.0,15000,15000,6000.0,6000.0,1,2.5,Faisalabad,Punjab,Tezab Mill Road,House,2.0,2.0,rental
31.41211,74.173594,67000.0,68000.0,42000,90000,9000.0,8800.0,4,7.5,Lahore,Punjab,Izmir Town,House,4.5,4.5,sale_derived
31.412115,74.22357,7800.0,7800.0,7800,7800,2785.71,2785.71,1,2.8,Lahore,Punjab,Eden Villas,Flat,2.0,1.0,sale_derived
31.412234,73.101731,40000.0,40000.0,25000,55000,8541.67,8541.67,2,5.75,Faisalabad,Punjab,Peoples Colony No 1,House,3.0,3.0,rental
31.412439,74.355361,17387.06,15000.0,8800,68000,4702.9,4400.0,34,3.61,Lahore,Punjab,Hamza Town,House,2.24,2.41,sale_derived
31.41244,74.35536,15600.0,15600.0,15600,15600,5200.0,5200.0,1,3.0,Lahore,Punjab,Hamza Town,House,2.0,3.0,sale_derived
31.412527,73.115015,30000.0,30000.0,25000,35000,22390.11,22390.11,2,1.35,Faisalabad,Punjab,Jaranwala Road,Room,1.5,0.5,rental
31.41253093,74.23999574,26000.0,26000.0,26000,26000,6500.0,6500.0,1,4.0,Lahore,Punjab,T & T Aabpara Housing Society,House,3.0,3.0,sale_derived
31.412563,74.170745,18000.0,18000.0,12000,24000,6260.16,6260.16,2,2.95,Lahore,Punjab,Main Canal Bank Road,Flat,1.5,0.5,sale_derived
31.412659,73.116796,30772.73,25000.0,12000,85000,15699.18,17500.0,11,3.92,Faisalabad,Punjab,Kohinoor City,Room,0.73,0.91,rental
31.412769,74.214792,51200.0,51200.0,51200,51200,10240.0,10240.0,1,5.0,Lahore,Punjab,Gulshan-e-Riaz,House,5.0,0.0,sale_derived
31.41292268,74.21298277,140000.0,140000.0,140000,140000,28000.0,28000.0,1,5.0,Lahore,Punjab,Eden,House,2.0,1.0,sale_derived
31.41297819,74.2766916,56000.0,56000.0,56000,56000,5600.0,5600.0,1,10.0,Lahore,Punjab,UET Housing Society,House,4.0,6.0,sale_derived
31.412989,74.21478,9200.0,9200.0,9200,9200,3285.71,3285.71,1,2.8,Lahore,Punjab,Eden,Upper Portion,2.0,1.0,sale_derived
31.412989,74.214785,15488.89,14000.0,7200,26000,4291.31,3400.0,18,3.68,Lahore,Punjab,Eden,House,1.83,1.33,sale_derived
31.413029,74.168558,32974.55,34000.0,8000,52800,8908.5,8888.89,11,3.67,Lahore,Punjab,Main Canal Bank Road,Flat,1.0,0.91,sale_derived
31.413029,74.16856,26000.0,26000.0,26000,26000,8666.67,8666.67,1,3.0,Lahore,Punjab,Main Canal Bank Road,Flat,1.0,0.0,sale_derived
31.413062,74.270618,107777.78,100000.0,80000,136000,8422.22,9200.0,9,14.0,Lahore,Punjab,NFC 1,House,4.78,5.67,sale_derived
31.413355,74.239926,44773.33,42000.0,30000,66000,5899.11,5933.33,15,8.67,Lahore,Punjab,T & T Aabpara Housing Society,House,3.27,3.93,sale_derived
31.413355,74.23993,62000.0,62000.0,44000,80000,5666.67,5666.67,2,13.0,Lahore,Punjab,T & T Aabpara Housing Society,House,4.0,5.0,sale_derived
31.413465,73.03899,17750.0,16750.0,7500,30000,4178.57,4017.86,4,4.12,Faisalabad,Punjab,Shahbaz Town,Upper Portion,1.25,1.25,rental
31.413626,73.052087,15000.0,15000.0,15000,15000,3000.0,3000.0,1,5.0,Faisalabad,Punjab,Bakar Mandi Road,Upper Portion,3.0,1.0,rental
31.413648,74.254518,104400.0,96000.0,76000,160000,8658.18,9000.0,5,12.2,Lahore,Punjab,Valencia Housing Society,House,4.8,5.4,sale_derived
31.413758,74.239726,88666.67,97000.0,44000,120000,5738.89,5700.0,6,16.0,Lahore,Punjab,T & T Aabpara Housing Society,House,3.33,4.17,sale_derived
31.413841,73.180059,22500.0,22500.0,20000,25000,1194.44,1194.44,2,19.0,Faisalabad,Punjab,Chak 209 RB Akalgarh,House,1.5,1.5,rental
31.413868,74.18222,74800.0,74800.0,9600,140000,6166.67,6166.67,2,10.9,Lahore,Punjab,Izmir Town,Flat,3.0,0.5,sale_derived
31.413904,74.290607,29244.44,31200.0,24000,34000,7311.11,7800.0,9,4.0,Lahore,Punjab,Highcourt Society,House,2.67,2.0,sale_derived
31.413941,74.185395,160000.0,160000.0,160000,160000,8000.0,8000.0,3,20.0,Lahore,Punjab,Izmir Town,House,5.0,5.67,sale_derived
31.413941,74.189987,93142.86,84000.0,70000,160000,8171.43,8000.0,7,11.43,Lahore,Punjab,Izmir Town,House,4.86,3.43,sale_derived
31.414032,74.288547,35500.0,30000.0,30000,52000,7250.0,7500.0,4,5.0,Lahore,Punjab,Highcourt Society,House,2.25,1.5,sale_derived
31.414124,74.264781,131000.0,131000.0,106000,156000,4600.0,4600.0,2,30.0,Lahore,Punjab,NFC 1,House,5.5,6.0,sale_derived
31.414161,74.231944,17400.0,17400.0,12000,22000,4640.0,4400.0,6,3.83,Lahore,Punjab,Dubai Town,House,2.67,3.17,sale_derived
31.414162,74.23194,24000.0,22000.0,12000,38000,5333.33,4400.0,3,4.33,Lahore,Punjab,Dubai Town,House,1.33,2.67,sale_derived
31.414197,74.179645,152000.0,140000.0,120000,190000,7600.0,7000.0,5,20.0,Lahore,Punjab,Izmir Town,House,5.2,4.2,sale_derived
31.414417,74.24238,36266.67,35200.0,34000,39600,6862.22,6800.0,3,5.33,Lahore,Punjab,T & T Aabpara Housing Society,House,3.67,3.67,sale_derived
31.414445,74.291471,26000.0,26000.0,26000,26000,6500.0,6500.0,1,4.0,Lahore,Punjab,Highcourt Society,House,3.0,4.0,sale_derived
31.414446,74.29147,20000.0,20000.0,20000,20000,5000.0,5000.0,1,4.0,Lahore,Punjab,Highcourt Society,House,1.0,2.0,sale_derived
31.414637,73.049119,18833.33,20000.0,14000,22500,4944.44,4500.0,3,4.33,Faisalabad,Punjab,Liaquat Town,House,2.0,2.0,rental
31.41490243,73.1124258,30000.0,30000.0,30000,30000,2500.0,2500.0,1,12.0,Faisalabad,Punjab,Madina Town,Lower Portion,2.0,3.0,rental
31.415146,74.283898,35760.0,32000.0,28000,52000,8040.0,7600.0,5,4.4,Lahore,Punjab,College Road,House,3.2,3.4,sale_derived
31.415186,74.327831,24000.0,24000.0,24000,24000,2400.0,2400.0,1,10.0,Lahore,Punjab,Gujjar Colony,House,4.0,4.0,sale_derived
31.415379,74.341435,21600.0,21600.0,21200,22000,5269.05,5269.05,2,4.1,Lahore,Punjab,Haji Park Housing Scheme,House,4.0,3.0,sale_derived
31.415592,74.283073,38518.18,38000.0,28000,56000,7676.36,7600.0,44,5.02,Lahore,Punjab,College Road,House,3.2,3.23,sale_derived
31.415799,73.117983,45166.67,45000.0,16000,60000,4658.33,4500.0,6,9.5,Faisalabad,Punjab,Kohinoor Town,Upper Portion,0.67,0.67,rental
31.415871,73.073577,20000.0,20000.0,20000,20000,9090.91,9090.91,1,2.2,Faisalabad,Punjab,Diglus Pura,House,0.0,0.0,rental
31.416083,73.17843,40000.0,40000.0,40000,40000,8000.0,8000.0,1,5.0,Faisalabad,Punjab,Lower Canal Road,House,3.0,4.0,rental
31.416085,74.380702,94640.0,88000.0,83200,128000,8184.0,8400.0,5,12.0,Lahore,Punjab,DHA Defence,House,4.0,4.0,sale_derived
31.416212,74.282684,31000.0,31000.0,30000,32000,6200.0,6200.0,2,5.0,Lahore,Punjab,Eden,House,3.0,1.5,sale_derived
31.416235,74.284434,39000.0,40000.0,36000,40000,7800.0,8000.0,4,5.0,Lahore,Punjab,College Road,House,3.25,4.0,sale_derived
31.416285,74.211788,50440.0,59000.0,5200,76000,5556.67,6500.0,10,9.2,Lahore,Punjab,LDA Avenue,House,3.2,2.4,sale_derived
31.416761,74.176254,134000.0,134000.0,134000,134000,6700.0,6700.0,1,20.0,Lahore,Punjab,Izmir Town,House,5.0,0.0,sale_derived
31.416798,74.256835,92215.38,105200.0,58000,112000,11095.38,11000.0,13,8.46,Lahore,Punjab,Tariq Gardens,House,4.92,5.0,sale_derived
31.416816,74.239085,18880.0,18880.0,18760,19000,6293.33,6293.33,2,3.0,Lahore,Punjab,OPF Housing Scheme,House,3.0,3.0,sale_derived
31.416929,74.287383,31630.77,32000.0,26000,42000,7997.44,8000.0,26,3.96,Lahore,Punjab,Zaheer Villas,House,3.15,2.58,sale_derived
31.41693,74.287384,30666.67,32000.0,26000,34000,7075.76,8000.0,3,4.5,Lahore,Punjab,Zaheer Villas,House,3.33,3.67,sale_derived
31.416932,74.282546,43333.33,42000.0,38000,50000,8666.67,8400.0,3,5.0,Lahore,Punjab,College Road,House,5.67,4.0,sale_derived
31.41698074,74.32606506,120000.0,120000.0,120000,120000,1500.0,1500.0,1,80.0,Lahore,Punjab,Gawala Colony,House,5.0,4.0,sale_derived
31.416981,74.272506,128000.0,130000.0,50000,290000,7237.91,6800.0,13,18.23,Lahore,Punjab,NFC 1,House,4.46,4.92,sale_derived
31.417079,74.279508,39400.0,39400.0,34800,44000,7880.0,7880.0,2,5.0,Lahore,Punjab,Al Madina Avenue,House,4.5,2.5,sale_derived
31.417237,74.186597,150000.0,150000.0,140000,160000,7500.0,7500.0,2,20.0,Lahore,Punjab,Izmir Town,House,5.0,2.5,sale_derived
31.417258,73.086776,22500.0,22500.0,10000,35000,13500.0,13500.0,2,2.75,Faisalabad,Punjab,Railway Road,House,8.0,3.0,rental
31.417283,74.289862,8000.0,8000.0,8000,8000,1333.33,1333.33,1,6.0,Lahore,Punjab,Jewa Town,House,3.0,4.0,sale_derived
31.417382,74.222307,29200.0,30000.0,27200,30400,7048.89,6080.0,3,4.33,Lahore,Punjab,Raiwind Road,House,3.0,3.0,sale_derived
31.41742,74.189987,184000.0,165000.0,146000,260000,7220.83,7191.67,4,26.0,Lahore,Punjab,Izmir Town,House,6.5,7.5,sale_derived
31.41742,74.216552,34266.67,44000.0,8800,50000,3182.22,4400.0,3,26.67,Lahore,Punjab,Public Health Society,House,2.0,2.67,sale_derived
31.41764,73.1204,22000.0,22000.0,22000,22000,5500.0,5500.0,1,4.0,Faisalabad,Punjab,Madina Town,House,3.0,3.0,rental
31.41764,73.120401,36329.73,35000.0,7000,95000,5434.83,5000.0,185,7.93,Faisalabad,Punjab,Madina Town,House,0.89,0.75,rental
31.417787,74.287276,48100.0,49400.0,35600,58000,7125.0,6925.0,4,7.0,Lahore,Punjab,Military Accounts Housing Society,House,3.75,4.5,sale_derived
31.417788,74.28728,36800.0,36800.0,36800,36800,9200.0,9200.0,1,4.0,Lahore,Punjab,Military Accounts Housing Society,House,3.0,4.0,sale_derived
31.417823,74.282076,39244.44,39000.0,26000,54000,7561.03,7600.0,18,5.23,Lahore,Punjab,Eden,House,3.33,1.67,sale_derived
31.417824,74.282074,42000.0,42000.0,42000,42000,8400.0,8400.0,1,5.0,Lahore,Punjab,Eden,House,4.0,5.0,sale_derived
31.417933,74.254317,89514.29,92000.0,51200,114000,9317.14,9200.0,14,9.64,Lahore,Punjab,Tariq Gardens,House,4.86,5.57,sale_derived
31.418116,73.077521,55000.0,55000.0,55000,55000,5500.0,5500.0,1,10.0,Faisalabad,Punjab,Citi Housing Society,House,6.0,5.0,rental
31.418153,74.182262,140000.0,140000.0,140000,140000,7000.0,7000.0,1,20.0,Lahore,Punjab,Izmir Town,House,5.0,0.0,sale_derived
31.418262,74.26809,93200.0,93200.0,93200,93200,9320.0,9320.0,1,10.0,Lahore,Punjab,NFC 1,House,6.0,6.0,sale_derived
31.418263,74.268087,140161.9,132000.0,90000,340000,7736.9,7800.0,42,19.05,Lahore,Punjab,NFC 1,House,4.98,5.55,sale_derived
31.418273,74.293919,13700.0,14400.0,8000,18000,5166.67,5000.0,4,3.0,Lahore,Punjab,Hakim Town,House,2.5,2.5,sale_derived
31.418274,74.29392,12000.0,12000.0,12000,12000,4000.0,4000.0,1,3.0,Lahore,Punjab,Hakim Town,House,2.0,1.0,sale_derived
31.4184435,74.28297132,55200.0,55200.0,55200,55200,6900.0,6900.0,1,8.0,Lahore,Punjab,Military Accounts Housing Society,House,5.0,6.0,sale_derived
31.418482,73.13314,15000.0,15000.0,5000,20000,5666.67,5000.0,5,2.6,Faisalabad,Punjab,Rasool Park,House,0.2,0.0,rental
31.418482,74.260526,140500.0,142000.0,98000,180000,6480.07,6869.23,4,23.75,Lahore,Punjab,Valencia Housing Society,House,4.25,3.25,sale_derived
31.418502,74.276819,117000.0,117000.0,114000,120000,5850.0,5850.0,2,20.0,Lahore,Punjab,Wapda Town,House,5.5,6.0,sale_derived
31.418592,74.284101,46444.0,44000.0,23996,62000,7744.33,7500.0,9,6.22,Lahore,Punjab,Military Accounts Housing Society,House,3.22,3.89,sale_derived
31.418695,74.22756,36301.33,28966.0,24676,61600,11244.44,11377.17,6,3.6,Lahore,Punjab,Land Breeze Housing Society,Flat,1.5,1.67,sale_derived
31.4187,73.0791,20537.04,15000.0,5000,55000,4060.65,3666.67,108,6.28,Faisalabad,Punjab,Others,House,0.22,0.14,rental
31.419068,74.257007,78800.0,66000.0,52000,118000,11520.0,11800.0,5,7.0,Lahore,Punjab,Tariq Gardens,House,4.6,5.0,sale_derived
31.419127,73.149758,34000.0,35000.0,32000,35000,6800.0,7000.0,3,5.0,Faisalabad,Punjab,Eden Gardens,House,0.0,0.0,rental
31.419142,74.253058,160000.0,160000.0,160000,160000,8000.0,8000.0,1,20.0,Lahore,Punjab,Tariq Gardens,House,8.0,9.0,sale_derived
31.419363,74.195653,78000.0,78000.0,78000,78000,3900.0,3900.0,1,20.0,Lahore,Punjab,Main Canal Bank Road,House,3.0,5.0,sale_derived
31.419508,74.178786,258000.0,286000.0,140000,320000,7325.0,7500.0,4,35.0,Lahore,Punjab,Izmir Town,House,5.5,2.75,sale_derived
31.41982021,74.28412039,60800.0,60800.0,60800,60800,6755.56,6755.56,1,9.0,Lahore,Punjab,Military Accounts Housing Society,House,6.0,7.0,sale_derived
31.41986093,74.36588631,19200.0,19200.0,19200,19200,6400.0,6400.0,1,3.0,Lahore,Punjab,Nishtar Colony,House,4.0,2.0,sale_derived
31.419975,74.255477,62000.0,62000.0,60000,64000,12400.0,12400.0,2,5.0,Lahore,Punjab,Tariq Gardens,House,1.5,2.0,sale_derived
31.42009354,74.25417328,99000.0,99000.0,98000,100000,9900.0,9900.0,2,10.0,Lahore,Punjab,Wapda Town,House,2.5,3.0,sale_derived
31.420094,74.25417,108000.0,108000.0,108000,108000,10800.0,10800.0,1,10.0,Lahore,Punjab,Tariq Gardens,House,5.0,6.0,sale_derived
31.420094,74.254174,79478.62,88000.0,39600,114000,10294.2,10400.0,145,8.0,Lahore,Punjab,Tariq Gardens,House,3.87,3.91,sale_derived
31.420167,74.285746,90843.24,90000.0,26000,140000,7390.08,7400.0,74,12.82,Lahore,Punjab,Punjab Govt Employees Society,House,4.85,4.43,sale_derived
31.420204,74.28813,34000.0,34000.0,34000,34000,8500.0,8500.0,1,4.0,Lahore,Punjab,Military Accounts Housing Society,House,4.0,5.0,sale_derived
31.420204,74.288135,42111.43,38000.0,24000,80000,7437.25,7466.28,14,6.09,Lahore,Punjab,Military Accounts Housing Society,House,3.29,3.5,sale_derived
31.420424,73.068065,47750.0,50000.0,6000,85000,5919.64,6035.71,4,8.25,Faisalabad,Punjab,Jinnah Colony,Flat,1.0,2.25,rental
31.420533,74.250655,83000.0,83000.0,80000,86000,7909.09,7909.09,2,10.5,Lahore,Punjab,Tariq Gardens,House,5.0,2.5,sale_derived
31.42064965,74.35363479,40000.0,40000.0,40000,40000,6153.85,6153.85,1,6.5,Lahore,Punjab,Shadab Garden,House,4.0,5.0,sale_derived
31.420817,74.271589,185000.0,185000.0,150000,220000,9250.0,9250.0,2,20.0,Lahore,Punjab,Wapda Town,House,6.0,7.0,sale_derived
31.420983,74.459426,194000.0,194000.0,88000,300000,1175.0,1175.0,2,160.0,Lahore,Punjab,Thethar,Farm House,0.0,0.0,sale_derived
31.421045,74.26318,57600.0,57600.0,57600,57600,5760.0,5760.0,1,10.0,Lahore,Punjab,Wapda Town,House,2.0,2.0,sale_derived
31.421046,74.263186,82800.0,86000.0,60000,114000,8280.0,8600.0,5,10.0,Lahore,Punjab,Wapda Town,House,4.4,4.6,sale_derived
31.421119,74.259839,82923.08,80000.0,62000,120000,7094.62,8000.0,13,26.15,Lahore,Punjab,Wapda Town,House,3.77,4.0,sale_derived
31.421172,74.176819,134000.0,142000.0,72000,180000,8884.62,9000.0,4,15.25,Lahore,Punjab,Sui Gas Employees Cooperative Housing Society,House,4.75,5.75,sale_derived
31.42122841,74.28556061,38800.0,38800.0,38800,38800,9700.0,9700.0,1,4.0,Lahore,Punjab,Military Accounts Housing Society,House,3.0,4.0,sale_derived
31.421229,74.28556,50584.62,56000.0,28000,66000,8407.2,8250.0,13,6.46,Lahore,Punjab,Military Accounts Housing Society,House,4.23,5.08,sale_derived
31.421266,74.283972,47175.09,49600.0,22800,70000,8122.6,8000.0,265,6.01,Lahore,Punjab,Military Accounts Housing Society,House,4.0,3.3,sale_derived
31.421267,74.28397,42500.0,41000.0,34000,54000,7562.5,7625.0,4,6.0,Lahore,Punjab,Military Accounts Housing Society,House,2.0,2.25,sale_derived
31.42128405,74.28128522,36800.0,36800.0,36800,36800,7360.0,7360.0,1,5.0,Lahore,Punjab,Eden,House,4.0,4.0,sale_derived
31.421503,74.24239,79846.15,80000.0,64000,90000,7984.62,8000.0,13,10.0,Lahore,Punjab,OPF Housing Scheme,House,4.85,4.77,sale_derived
31.421522,73.139779,33540.0,32000.0,15000,58000,5866.25,6000.0,50,5.94,Faisalabad,Punjab,Al Noor Garden,House,0.52,0.46,rental
31.421522,73.13978,20000.0,20000.0,20000,20000,2500.0,2500.0,1,8.0,Faisalabad,Punjab,Al Noor Garden,Upper Portion,3.0,0.0,rental
31.421539,73.14799,26785.71,28000.0,13000,35000,5308.9,5200.0,14,5.11,Faisalabad,Punjab,Ghalib City,House,1.43,1.64,rental
31.421572,74.28616,44000.0,44000.0,44000,44000,8800.0,8800.0,1,5.0,Lahore,Punjab,Eden,House,0.0,0.0,sale_derived
31.421696,73.118615,49000.0,47500.0,17000,70000,4334.77,4250.0,10,11.95,Faisalabad,Punjab,Gulshan e Madina,House,2.5,1.3,rental
31.421742,74.282985,53600.0,50000.0,36000,100000,8647.4,8333.33,15,6.73,Lahore,Punjab,Military Accounts Housing Society,House,3.53,3.33,sale_derived
31.42189694,74.2861613,74000.0,74000.0,74000,74000,4625.0,4625.0,1,16.0,Lahore,Punjab,Military Accounts Housing Society,House,6.0,7.0,sale_derived
31.421962,74.183936,140000.0,140000.0,140000,140000,7000.0,7000.0,1,20.0,Lahore,Punjab,Izmir Town,House,5.0,0.0,sale_derived
31.421993,73.117657,48550.0,26500.0,11000,85000,6146.07,5550.0,20,8.29,Faisalabad,Punjab,Susan Road,House,0.6,0.55,rental
31.422005,74.28329,76000.0,76000.0,76000,76000,7600.0,7600.0,1,10.0,Lahore,Punjab,Military Accounts Housing Society,House,6.0,6.0,sale_derived
31.422071,74.257092,56133.33,53200.0,53200,62000,11226.67,10640.0,3,5.0,Lahore,Punjab,Tariq Gardens,House,3.33,3.67,sale_derived
31.4221255,74.27802432,46000.0,46000.0,46000,46000,9200.0,9200.0,1,5.0,Lahore,Punjab,Punjab Govt Employees Society,House,0.0,0.0,sale_derived
31.42221791,73.08895111,15000.0,15000.0,15000,15000,150000.0,150000.0,1,0.1,Faisalabad,Punjab,"Faisalabad, Punjab",Room,0.0,0.0,rental
31.422218,74.364395,23402.2,22000.0,6800,64000,7158.14,7100.0,142,3.33,Lahore,Punjab,Nishtar Colony,House,3.43,3.22,sale_derived
31.42221832,74.36439514,10000.0,10000.0,10000,10000,5000.0,5000.0,1,2.0,Lahore,Punjab,Nishtar Colony,House,2.0,2.0,sale_derived
31.422291,74.25529,98000.0,98000.0,98000,98000,9800.0,9800.0,1,10.0,Lahore,Punjab,Tariq Gardens,House,5.0,6.0,sale_derived
31.422291,74.26928,184000.0,180000.0,168000,240000,9200.0,9000.0,7,20.0,Lahore,Punjab,Wapda Town,House,4.86,5.43,sale_derived
31.422382,74.336518,30000.0,30000.0,30000,30000,6000.0,6000.0,1,5.0,Lahore,Punjab,Fateh Villas,House,6.0,6.0,sale_derived
31.422382,74.33652,17200.0,17200.0,17200,17200,5733.33,5733.33,1,3.0,Lahore,Punjab,Fateh Villas,House,2.0,2.0,sale_derived
31.422634,74.172873,23150.0,19000.0,10000,54000,4504.25,4650.0,8,5.03,Lahore,Punjab,Mohlanwal Road,House,3.75,2.62,sale_derived
31.422804,74.355125,32616.42,30000.0,11996,62000,6989.17,7200.0,85,4.81,Lahore,Punjab,Shadab Garden,House,3.48,2.0,sale_derived
31.42284,74.192519,91111.11,78000.0,26000,188000,6277.78,6000.0,9,15.0,Lahore,Punjab,Main Canal Bank Road,House,4.44,3.56,sale_derived
31.422876,74.23702,150000.0,150000.0,140000,160000,7136.36,7136.36,2,21.0,Lahore,Punjab,OPF Housing Scheme,House,5.5,5.5,sale_derived
31.422877,74.237022,89815.38,88000.0,9600,160000,7427.2,7980.0,26,12.54,Lahore,Punjab,OPF Housing Scheme,House,4.69,3.58,sale_derived
31.42289169,74.2968541,14800.0,14800.0,14800,14800,5920.0,5920.0,1,2.5,Lahore,Punjab,Bagarian,House,3.0,3.0,sale_derived
31.422918,73.073695,54000.0,70000.0,12000,80000,12000.0,14000.0,3,4.0,Faisalabad,Punjab,Eid Gah Road,House,4.33,2.33,rental
31.422981,74.28193,35733.33,36000.0,33200,38000,8333.33,8300.0,3,4.33,Lahore,Punjab,College Road,House,3.33,3.33,sale_derived
31.422982,74.281932,38552.0,36000.0,16000,80000,7739.25,7600.0,50,5.5,Lahore,Punjab,College Road,House,3.46,3.4,sale_derived
31.4232456,73.14579584,22000.0,22000.0,22000,22000,5500.0,5500.0,1,4.0,Faisalabad,Punjab,Canal Road,Lower Portion,2.0,2.0,rental
31.423272,74.159994,10000.0,10000.0,10000,10000,5000.0,5000.0,2,2.0,Lahore,Punjab,Multan Road,House,1.0,0.0,sale_derived
31.42342814,74.24503248,64000.0,64000.0,64000,64000,7111.11,7111.11,1,9.0,Lahore,Punjab,OPF Housing Scheme,House,6.0,7.0,sale_derived
31.423683,73.10636,18000.0,16000.0,16000,22000,2293.72,2750.0,3,44.67,Faisalabad,Punjab,Abdullahpur,House,1.0,1.33,rental
31.423683,74.19093,120000.0,120000.0,120000,120000,6000.0,6000.0,1,20.0,Lahore,Punjab,Izmir Town,House,6.0,6.0,sale_derived
31.423683,74.190931,93711.76,80000.0,18000,260000,7976.07,8400.0,68,12.85,Lahore,Punjab,P & D Housing Society,House,4.44,3.65,sale_derived
31.42368317,74.19093323,90000.0,90000.0,90000,90000,6000.0,6000.0,1,15.0,Lahore,Punjab,P & D Housing Society,House,0.0,0.0,sale_derived
31.423793,74.272832,120000.0,120000.0,120000,120000,6000.0,6000.0,1,20.0,Lahore,Punjab,IEP Engineers Town,House,8.0,8.0,sale_derived
31.423794,74.272835,127200.0,127200.0,127200,127200,6360.0,6360.0,1,20.0,Lahore,Punjab,IEP Engineers Town,House,8.0,9.0,sale_derived
31.423866,74.251614,119200.0,130000.0,66000,140000,6620.0,6600.0,5,18.0,Lahore,Punjab,Gulshan-e-Lahore,House,6.2,7.4,sale_derived
31.424085,74.2396,132666.67,148000.0,90000,160000,6633.33,7400.0,3,20.0,Lahore,Punjab,OPF Housing Scheme,House,6.33,7.0,sale_derived
31.424288,74.358234,6800.0,6800.0,6800,6800,1700.0,1700.0,1,4.0,Lahore,Punjab,Ferozepur Road,Flat,1.0,0.0,sale_derived
31.424316,73.149465,38879.83,35000.0,15500,90000,6390.62,6600.0,120,6.26,Faisalabad,Punjab,Eden Gardens,House,1.01,0.83,rental
31.424342,74.264045,86571.43,84000.0,66000,124000,7807.14,7100.0,14,11.43,Lahore,Punjab,Wapda Town,House,5.07,5.07,sale_derived
31.424488,74.252458,52481.63,48000.0,36000,136000,9013.21,9440.0,49,6.13,Lahore,Punjab,Gulshan-e-Lahore,House,3.71,3.94,sale_derived
31.424488,74.25246,44000.0,44000.0,44000,44000,8800.0,8800.0,1,5.0,Lahore,Punjab,Gulshan-e-Lahore,House,4.0,4.0,sale_derived
31.424562,74.190281,108500.0,98000.0,64000,180000,6953.57,7400.0,12,15.67,Lahore,Punjab,Iqbal Avenue,House,4.75,3.33,sale_derived
31.424598,73.061435,35000.0,35000.0,30000,40000,6448.28,6448.28,2,5.4,Faisalabad,Punjab,Gulberg,Lower Portion,3.5,2.5,rental
31.424653,74.234579,140000.0,140000.0,120000,160000,7000.0,7000.0,3,20.0,Lahore,Punjab,OPF Housing Scheme,House,5.0,5.33,sale_derived
31.424694,73.114348,24176.47,25000.0,15000,35000,4274.41,4166.67,17,5.78,Faisalabad,Punjab,Susan Road,House,0.24,0.18,rental
31.424854,74.36697,10000.0,10000.0,10000,10000,6666.67,6666.67,1,1.5,Lahore,Punjab,Sufiabad,House,2.0,2.0,sale_derived
31.424855,74.36697,15100.0,14000.0,13200,19200,5136.36,4200.0,4,3.5,Lahore,Punjab,Sufiabad,House,0.5,0.75,sale_derived
31.42489,74.363461,27400.0,25600.0,12000,52000,7920.0,7800.0,10,3.35,Lahore,Punjab,Jinnah Colony,House,3.2,1.9,sale_derived
31.425065,73.064166,27000.0,27000.0,24000,30000,5230.19,5230.19,2,5.15,Faisalabad,Punjab,Gobind Pura,House,5.5,4.5,rental
31.425074,74.268079,109600.0,100000.0,98000,150000,5480.0,5000.0,5,20.0,Lahore,Punjab,Wapda Town,House,4.4,5.0,sale_derived
31.42522049,73.10225677,5000.0,5000.0,5000,5000,6250.0,6250.0,1,0.8,Faisalabad,Punjab,Tariqabad,Room,1.0,1.0,rental
31.425221,73.102255,23333.33,20000.0,5000,45000,6477.27,6250.0,3,3.43,Faisalabad,Punjab,Tariqabad,House,1.33,1.0,rental
31.425221,74.192863,48000.0,48000.0,42000,54000,6000.0,6000.0,2,8.0,Lahore,Punjab,P & D Housing Society,House,3.5,4.5,sale_derived
31.425257,74.38392,12800.0,12400.0,10000,16000,5177.78,5000.0,3,2.5,Lahore,Punjab,Ashiana-e-Quaid Housing Scheme,House,2.33,2.67,sale_derived
31.425257,74.383922,12190.0,10500.0,8800,17200,5060.0,5000.0,20,2.4,Lahore,Punjab,Ashiana-e-Quaid Housing Scheme,House,2.05,1.95,sale_derived
31.425294,74.259753,84560.0,90000.0,52000,110000,8680.47,9200.0,35,9.83,Lahore,Punjab,Wapda Town,House,4.34,4.94,sale_derived
31.425357,74.362532,26666.67,26000.0,26000,28000,8111.11,8666.67,3,3.33,Lahore,Punjab,Madina Homes,House,4.0,3.33,sale_derived
31.425441,73.145077,35723.25,35000.0,10000,90000,6099.62,6600.0,271,6.17,Faisalabad,Punjab,Eden Gardens,House,1.08,0.72,rental
31.42544174,73.14508057,17500.0,17500.0,17500,17500,3500.0,3500.0,1,5.0,Faisalabad,Punjab,Eden Gardens,Upper Portion,3.0,3.0,rental
31.425442,73.14508,34500.0,31500.0,15000,60000,6526.19,6785.71,4,6.12,Faisalabad,Punjab,Eden Gardens,House,2.75,2.25,rental
31.425502,74.392396,138000.0,138000.0,138000,138000,6900.0,6900.0,1,20.0,Lahore,Punjab,DHA Defence,House,4.0,5.0,sale_derived
31.42571501,73.06445568,35000.0,35000.0,35000,35000,15909.09,15909.09,1,2.2,Faisalabad,Punjab,Gobind Pura,Room,11.0,10.0,rental
31.425943,74.296,17400.0,17400.0,14800,20000,4960.0,4960.0,2,3.75,Lahore,Punjab,Bagarian,House,3.5,4.0,sale_derived
31.425944,74.295998,17112.5,14800.0,7200,34000,5143.43,5060.0,16,3.48,Lahore,Punjab,Bagarian,House,2.81,2.62,sale_derived
31.42599,73.048217,11000.0,11000.0,11000,11000,3666.67,3666.67,1,3.0,Faisalabad,Punjab,Raza Abad,Lower Portion,2.0,1.0,rental
31.426172,74.34242,16400.0,16400.0,16400,16400,6560.0,6560.0,1,2.5,Lahore,Punjab,Sherwani Town Housing Scheme,House,3.0,3.0,sale_derived
31.426173,74.342422,35200.0,35200.0,30400,40000,7546.67,7600.0,3,4.67,Lahore,Punjab,Sherwani Town Housing Scheme,House,3.33,4.33,sale_derived
31.4263,74.28958,21400.0,21400.0,20400,22400,7133.33,7133.33,2,3.0,Lahore,Punjab,Sheraz Town,House,1.5,1.5,sale_derived
31.42630005,74.2895813,26000.0,26000.0,26000,26000,8666.67,8666.67,1,3.0,Lahore,Punjab,Sheraz Town,House,3.0,3.0,sale_derived
31.426301,74.28958,21300.0,18000.0,8400,80000,7105.39,7333.33,24,3.11,Lahore,Punjab,Sheraz Town,House,2.75,2.29,sale_derived
31.426603,74.251413,66666.67,68000.0,64000,68000,9142.86,9714.29,3,7.33,Lahore,Punjab,Dream Villas,House,4.0,3.0,sale_derived
31.426685,74.284645,100000.0,100000.0,100000,100000,5000.0,5000.0,1,20.0,Lahore,Punjab,Gul-e-Damin,House,6.0,6.0,sale_derived
31.426686,74.284644,74888.89,64000.0,50000,104000,6531.08,6956.52,9,12.38,Lahore,Punjab,Gul-e-Damin,House,4.0,3.0,sale_derived
31.426869,74.253674,56000.0,52000.0,46000,74000,9350.0,9800.0,4,6.25,Lahore,Punjab,Gulshan-e-Lahore,House,4.25,6.0,sale_derived
31.426905,74.240541,62400.0,46000.0,34000,140000,8181.11,8650.0,10,8.12,Lahore,Punjab,Punjab University Employees Society,House,4.1,4.2,sale_derived
31.426905,74.341689,48900.0,41000.0,27200,108000,8430.0,8200.0,8,5.62,Lahore,Punjab,Pak Arab Housing Society,House,3.38,1.75,sale_derived
31.42691776,74.2515277,64000.0,64000.0,64000,64000,8000.0,8000.0,1,8.0,Lahore,Punjab,Dream Villas,House,3.0,3.0,sale_derived
31.426924,74.34233,112000.0,112000.0,112000,112000,22400.0,22400.0,1,5.0,Lahore,Punjab,Pak Arab Housing Society,House,3.0,3.0,sale_derived
31.426924,74.342333,52704.76,48000.0,40000,107200,10030.48,9600.0,21,5.24,Lahore,Punjab,Pak Arab Housing Society,House,3.48,2.33,sale_derived
31.427272,73.135886,39955.56,35000.0,15000,90000,5258.22,5800.0,90,8.86,Faisalabad,Punjab,Khayaban Colony,House,0.44,0.39,rental
31.427306,74.339075,29200.0,28000.0,26000,34000,5840.0,5600.0,5,5.0,Lahore,Punjab,Pak Arab Housing Society,House,2.6,2.6,sale_derived
31.427351,74.239685,51000.0,51000.0,50000,52000,7186.51,7186.51,2,7.1,Lahore,Punjab,Punjab University Employees Society,House,4.5,5.5,sale_derived
31.427359,74.38441,8800.0,8800.0,8800,8800,4400.0,4400.0,1,2.0,Lahore,Punjab,Ashiana-e-Quaid Housing Scheme,House,2.0,2.0,sale_derived
31.427387,74.288086,30000.0,30000.0,30000,30000,7500.0,7500.0,1,4.0,Lahore,Punjab,PCSIR Staff Colony,House,6.0,6.0,sale_derived
31.427388,74.288086,24000.0,24000.0,24000,24000,9600.0,9600.0,1,2.5,Lahore,Punjab,Siddiqia Society (College Road),House,2.0,2.0,sale_derived
31.427565,74.262328,180666.67,190000.0,132000,220000,9033.33,9500.0,3,20.0,Lahore,Punjab,Wapda Town,House,6.67,7.33,sale_derived
31.427578,74.246667,36000.0,36000.0,36000,36000,7200.0,7200.0,1,5.0,Lahore,Punjab,Jamal Homes,House,3.0,4.0,sale_derived
31.42758284,74.38569188,9800.0,9800.0,9800,9800,4900.0,4900.0,1,2.0,Lahore,Punjab,Ashiana-e-Quaid Housing Scheme,House,2.0,2.0,sale_derived
31.427601,73.13118,36377.78,35000.0,18000,80000,4377.99,4000.0,45,9.23,Faisalabad,Punjab,Khayaban Colony 2,House,1.13,0.96,rental
31.427708,74.246722,25952.94,26000.0,15200,32000,6896.37,6400.0,17,3.84,Lahore,Punjab,Prime Homes 1,House,3.12,3.18,sale_derived
31.427857,74.213576,266666.67,260000.0,220000,320000,8333.33,8125.0,3,32.0,Lahore,Punjab,EME Society,House,5.0,5.33,sale_derived
31.427857,74.256749,138000.0,138000.0,136000,140000,6900.0,6900.0,2,20.0,Lahore,Punjab,Wapda Town,House,6.5,7.0,sale_derived
31.427946,74.343731,26400.0,26400.0,26400,26400,8800.0,8800.0,1,3.0,Lahore,Punjab,Vital Homes Housing Scheme,House,3.0,3.0,sale_derived
31.427948,74.191847,145000.0,145000.0,80000,210000,6166.67,6166.67,2,22.5,Lahore,Punjab,P & D Housing Society,House,1.0,1.5,sale_derived
31.427965,74.287249,19200.0,19200.0,19200,19200,6400.0,6400.0,1,3.0,Lahore,Punjab,Aman Town,House,2.0,2.0,sale_derived
31.42805099,74.37967682,16800.0,16800.0,16800,16800,3360.0,3360.0,1,5.0,Lahore,Punjab,Aashiana Road,House,2.0,2.0,sale_derived
31.428051,74.379676,18929.87,16000.0,8000,160000,6044.89,5866.67,77,3.12,Lahore,Punjab,Aashiana Road,House,2.64,2.61,sale_derived
31.428051,74.37968,20114.29,15200.0,10600,44000,5606.67,5300.0,7,3.5,Lahore,Punjab,Aashiana Road,House,2.57,2.43,sale_derived
31.42810287,74.27043908,180000.0,180000.0,180000,180000,9000.0,9000.0,1,20.0,Lahore,Punjab,Wapda Town,House,7.0,8.0,sale_derived
31.42837,74.268594,282400.0,300000.0,220000,310000,7475.08,7500.0,15,38.93,Lahore,Punjab,Wapda Town,House,5.73,3.8,sale_derived
31.428384,74.281335,72000.0,72000.0,72000,72000,4500.0,4500.0,1,16.0,Lahore,Punjab,PCSIR Staff Colony,House,5.0,5.0,sale_derived
31.428688,74.346021,40046.0,40046.0,92,80000,8009.2,8009.2,2,5.0,Lahore,Punjab,Ferozepur Road,House,1.5,1.5,sale_derived
31.42881,74.253917,80869.57,70000.0,52000,160000,7592.77,7000.0,23,10.57,Lahore,Punjab,Wapda Town,House,4.39,4.74,sale_derived
31.429021,73.130914,45000.0,45000.0,30000,60000,2125.0,2125.0,2,22.0,Faisalabad,Punjab,Imran Road,Lower Portion,2.0,2.5,rental
31.429122,74.369925,25733.33,24000.0,22000,31200,7100.0,7800.0,3,3.67,Lahore,Punjab,Atari Saroba,House,3.67,3.33,sale_derived
31.429139,74.200244,157500.0,160000.0,150000,160000,7693.18,7750.0,4,20.5,Lahore,Punjab,Judicial Colony,House,6.0,6.0,sale_derived
31.42924881,74.23078156,40000.0,40000.0,40000,40000,8000.0,8000.0,1,5.0,Lahore,Punjab,Raiwind Road,House,3.0,4.0,sale_derived
31.429249,74.23078,37520.0,35600.0,20000,56000,6864.0,7000.0,5,5.4,Lahore,Punjab,Raiwind Road,House,4.2,4.0,sale_derived
31.429249,74.230785,54414.77,38400.0,4400,330000,6136.48,6000.0,65,10.28,Lahore,Punjab,Raiwind Road,House,3.15,2.66,sale_derived
31.42927801,74.2442894,36000.0,36000.0,36000,36000,7200.0,7200.0,1,5.0,Lahore,Punjab,Heaven Homes,House,3.0,2.0,sale_derived
31.429305,73.124569,38000.0,40000.0,30000,42000,3039.42,3076.92,8,12.5,Faisalabad,Punjab,Saeed Colony,Upper Portion,1.0,1.12,rental
31.429436,74.24382,50000.0,50000.0,50000,50000,8333.33,8333.33,3,6.0,Lahore,Punjab,Tariq Ismail Road,House,3.33,3.33,sale_derived
31.429527,73.155624,26333.33,23000.0,21000,35000,5266.67,4600.0,3,5.0,Faisalabad,Punjab,Canal Road,House,2.67,3.67,rental
31.429527,73.155627,33841.12,35000.0,17000,70000,6221.97,6600.0,107,5.8,Faisalabad,Punjab,Canal Road,House,1.45,1.46,rental
31.429589,73.142782,43568.18,35000.0,15000,90000,4092.19,3611.11,44,11.18,Faisalabad,Punjab,Officers Colony,House,0.73,0.8,rental
31.429599,74.23669,42533.33,44000.0,26000,50000,8885.05,8800.0,15,4.79,Lahore,Punjab,Punjab University Employees Society,House,4.0,4.0,sale_derived
31.42959976,74.23668671,41600.0,41600.0,41600,41600,8320.0,8320.0,1,5.0,Lahore,Punjab,Punjab University Employees Society,House,5.0,5.0,sale_derived
31.429796,73.151892,11000.0,11000.0,7000,15000,5645.83,5500.0,6,1.93,Faisalabad,Punjab,Makkah Commercial Market,Flat,1.33,0.67,rental
31.429907,74.239902,50466.67,48000.0,34000,72000,8878.62,9266.67,18,5.72,Lahore,Punjab,Punjab University Employees Society,House,4.22,3.94,sale_derived
31.429918,73.11408,20000.0,20000.0,20000,20000,3333.33,3333.33,1,6.0,Faisalabad,Punjab,Mansoorabad,Upper Portion,4.0,3.0,rental
31.42994118,73.11408234,20000.0,20000.0,20000,20000,3333.33,3333.33,1,6.0,Faisalabad,Punjab,Mansoorabad,Upper Portion,4.0,3.0,rental
31.430123,74.235138,118666.67,96000.0,90000,170000,9033.33,9000.0,3,13.33,Lahore,Punjab,Punjab University Employees Society,House,5.67,0.0,sale_derived
31.43025604,74.35038328,52000.0,52000.0,52000,52000,10400.0,10400.0,1,5.0,Lahore,Punjab,Pak Arab Housing Society,House,3.0,3.0,sale_derived
31.430292,73.148848,13500.0,13500.0,10000,17000,4200.0,4200.0,2,3.5,Faisalabad,Punjab,Chak 208 Road,Flat,2.0,1.0,rental
31.430299,74.435989,58000.0,58000.0,58000,58000,11600.0,11600.0,1,5.0,Lahore,Punjab,DHA Defence,House,3.0,3.0,sale_derived
31.430421,74.267721,113180.12,92000.0,38000,316000,8826.69,9000.0,161,13.72,Lahore,Punjab,Wapda Town,House,4.37,4.82,sale_derived
31.430422,74.26772,106666.67,124000.0,56000,140000,8133.33,7000.0,3,15.0,Lahore,Punjab,Wapda Town,House,6.33,5.67,sale_derived
31.43044285,73.13947823,25000.0,25000.0,25000,25000,2500.0,2500.0,1,10.0,Faisalabad,Punjab,Khayaban Colony,Upper Portion,3.0,0.0,rental
31.430567,74.342659,70000.0,70000.0,46000,94000,8516.67,8516.67,2,8.5,Lahore,Punjab,Pak Arab Housing Society,House,2.5,3.0,sale_derived
31.430903,73.027994,18666.67,18000.0,18000,20000,6222.22,6000.0,6,3.0,Faisalabad,Punjab,Garden Town,House,0.0,0.0,rental
31.431007,74.210658,158000.0,145000.0,116000,260000,9968.27,8600.0,26,17.54,Lahore,Punjab,EME Society,House,4.38,4.35,sale_derived
31.431007,74.285574,68800.0,52000.0,26000,140000,6954.88,7000.0,11,10.51,Lahore,Punjab,PCSIR Staff Colony,House,4.64,5.0,sale_derived
31.431007,74.285576,87000.0,87000.0,84000,90000,5437.5,5437.5,2,16.0,Lahore,Punjab,PCSIR Staff Colony,House,7.0,6.0,sale_derived
31.431025,74.350019,74781.82,91000.0,26000,108000,9809.37,9700.0,22,7.64,Lahore,Punjab,Pak Arab Housing Society,House,4.45,3.0,sale_derived
31.431025,74.35002,86000.0,86000.0,60000,112000,11600.0,11600.0,2,7.5,Lahore,Punjab,Pak Arab Housing Society,House,4.5,5.5,sale_derived
31.431054,74.291125,80500.0,68000.0,56000,130000,4325.0,3750.0,4,18.5,Lahore,Punjab,PCSIR Staff Colony,House,6.25,3.25,sale_derived
31.4313,73.103356,20000.0,20000.0,20000,20000,2352.94,2352.94,1,8.5,Faisalabad,Punjab,Mahmoodabad,House,5.0,3.0,rental
31.431307,74.286279,140000.0,140000.0,140000,140000,8750.0,8750.0,1,16.0,Lahore,Punjab,PCSIR Staff Colony,House,5.0,7.0,sale_derived
31.431346,74.220125,18600.0,18600.0,11200,26000,6200.0,6200.0,2,3.0,Lahore,Punjab,Al Jannat Housing Scheme,House,1.0,1.0,sale_derived
31.431347,74.22012,18000.0,18000.0,18000,18000,3600.0,3600.0,1,5.0,Lahore,Punjab,Al Jannat Housing Scheme,House,2.0,2.0,sale_derived
31.431487,73.150227,32500.0,30000.0,20000,45000,5726.19,6428.57,6,6.17,Faisalabad,Punjab,Hassan Villas,House,0.33,0.33,rental
31.431519,74.255719,44757.89,42000.0,36000,64000,8951.58,8400.0,19,5.0,Lahore,Punjab,Wapda Town,House,3.53,4.26,sale_derived
31.43159294,74.17997742,26200.0,28000.0,6600,44000,7000.0,5600.0,3,3.5,Lahore,Punjab,Multan Road,House,2.67,1.33,sale_derived
31.431593,74.179974,35587.83,27400.0,8000,160000,7571.1,7047.62,115,4.95,Lahore,Punjab,Multan Road,House,3.3,1.92,sale_derived
31.431593,74.17998,87000.0,87000.0,14000,160000,6333.33,6333.33,2,11.5,Lahore,Punjab,Multan Road,House,2.5,2.5,sale_derived
31.431593,74.244118,40400.0,40000.0,39200,42000,8080.0,8000.0,3,5.0,Lahore,Punjab,Heaven Homes,House,3.0,2.67,sale_derived
31.431648,73.121885,42727.27,40000.0,10000,90000,6329.69,6742.42,22,7.83,Faisalabad,Punjab,Canal Road,House,3.0,3.27,rental
31.431716,74.218227,178560.0,140000.0,52800,300000,8178.67,7500.0,5,23.4,Lahore,Punjab,EME Society,House,4.0,3.6,sale_derived
31.431739,74.261127,55894.12,54000.0,38000,106000,10340.59,10400.0,34,5.74,Lahore,Punjab,Wapda Town,House,3.53,3.76,sale_derived
31.431801,74.462467,17200.0,17200.0,17200,17200,3440.0,3440.0,1,5.0,Lahore,Punjab,DHA Defence,Flat,0.0,0.0,sale_derived
31.431858,73.054833,9000.0,9000.0,9000,9000,4500.0,4500.0,1,2.0,Faisalabad,Punjab,Gulshan Colony,Room,1.0,1.0,rental
31.431932,74.282063,105000.0,105000.0,70000,140000,5687.5,5687.5,2,18.0,Lahore,Punjab,PCSIR Staff Colony,House,3.0,4.0,sale_derived
31.431999,73.187339,45000.0,45000.0,45000,45000,2250.0,2250.0,1,20.0,Faisalabad,Punjab,Lawyers Housing Society,Upper Portion,3.0,2.0,rental
31.43205949,74.34195042,50000.0,50000.0,50000,50000,10000.0,10000.0,1,5.0,Lahore,Punjab,Pak Arab Housing Society,House,4.0,4.0,sale_derived
31.432104,74.26696,300000.0,300000.0,300000,300000,15000.0,15000.0,1,20.0,Lahore,Punjab,Wapda Town,House,0.0,0.0,sale_derived
31.432104,74.34911,40300.0,39600.0,22000,60000,8551.67,8000.0,8,4.69,Lahore,Punjab,Pak Arab Housing Society,House,2.62,3.38,sale_derived
31.43210411,74.34911346,96000.0,96000.0,96000,96000,9600.0,9600.0,2,10.0,Lahore,Punjab,Pak Arab Housing Society,House,6.5,3.0,sale_derived
31.432105,74.266963,125500.0,108000.0,72000,190000,8387.5,8850.0,8,15.0,Lahore,Punjab,Wapda Town,House,4.88,3.25,sale_derived
31.432105,74.349117,55327.59,53200.0,100,110000,10031.88,10200.0,261,5.52,Lahore,Punjab,Pak Arab Housing Society,House,3.46,3.31,sale_derived
31.432197,74.326072,92000.0,92000.0,92000,92000,4600.0,4600.0,1,20.0,Lahore,Punjab,Irrigation Cooperative Housing Society,House,4.0,5.0,sale_derived
31.432198,74.32607,7600.0,7600.0,7600,7600,3800.0,3800.0,1,2.0,Lahore,Punjab,Irrigation Cooperative Housing Society,House,0.0,0.0,sale_derived
31.43226089,74.25811328,52000.0,52000.0,52000,52000,10400.0,10400.0,1,5.0,Lahore,Punjab,Wapda Town,House,3.0,3.0,sale_derived
31.432343,74.346453,47341.18,50000.0,27200,56000,9923.14,10000.0,17,4.76,Lahore,Punjab,Pak Arab Housing Society,House,2.71,1.94,sale_derived
31.432398,74.24928,92666.67,90000.0,80000,108000,5724.24,5400.0,3,17.0,Lahore,Punjab,Nasheman-e-Iqbal,House,4.33,4.0,sale_derived
31.432398,74.249282,77780.0,72000.0,36000,192000,7130.0,7200.0,20,12.2,Lahore,Punjab,Nasheman-e-Iqbal,House,3.8,3.75,sale_derived
31.432563,74.350533,88000.0,74000.0,30000,160000,8022.22,7400.0,3,12.33,Lahore,Punjab,Pak Arab Housing Society,House,3.67,2.67,sale_derived
31.432764,74.25941,58123.08,54400.0,36000,104000,9986.15,10400.0,26,9.23,Lahore,Punjab,Wapda Town,House,3.23,3.38,sale_derived
31.432864,74.470113,320000.0,320000.0,320000,320000,4000.0,4000.0,2,80.0,Lahore,Punjab,Country Homes,Farm House,6.0,6.0,sale_derived
31.43303901,74.46800351,180000.0,180000.0,180000,180000,1800.0,1800.0,1,100.0,Lahore,Punjab,Bedian Road,Farm House,3.0,3.0,sale_derived
31.43305732,74.44926023,50000.0,50000.0,50000,50000,10000.0,10000.0,1,5.0,Lahore,Punjab,DHA Defence,House,3.0,4.0,sale_derived
31.4331296,74.36926445,32000.0,32000.0,32000,32000,6400.0,6400.0,1,5.0,Lahore,Punjab,Aashiana Road,House,3.0,3.0,sale_derived
31.43335,74.257865,51381.82,48000.0,44000,78000,9921.82,9600.0,22,5.23,Lahore,Punjab,Wapda Town,House,3.32,3.45,sale_derived
31.43335,74.257866,46000.0,46000.0,46000,46000,9200.0,9200.0,1,5.0,Lahore,Punjab,Wapda Town,House,3.0,4.0,sale_derived
31.433497,74.248853,71303.45,70600.0,30000,140000,7654.11,7200.0,58,10.43,Lahore,Punjab,Nasheman-e-Iqbal,House,4.45,4.66,sale_derived
31.433607,74.344912,61107.69,57000.0,16800,108000,9056.41,9000.0,26,6.77,Lahore,Punjab,Pak Arab Housing Society,House,3.42,1.19,sale_derived
31.43379,74.268479,231600.0,210000.0,168000,320000,10461.54,10500.0,5,22.0,Lahore,Punjab,Wapda Town,House,6.6,7.6,sale_derived
31.433918,74.36248,19400.0,19400.0,12000,26800,5537.14,5537.14,2,3.55,Lahore,Punjab,Ferozepur Road,House,0.5,1.0,sale_derived
31.433918,74.362481,18866.67,18800.0,7800,30000,6044.96,6000.0,24,3.28,Lahore,Punjab,Ferozepur Road,House,2.83,2.21,sale_derived
31.434046,74.440606,62200.0,63600.0,54000,70000,12440.0,12720.0,12,5.0,Lahore,Punjab,DHA Defence,House,3.5,2.25,sale_derived
31.434094,74.353151,56000.0,58000.0,50000,60000,4955.56,5000.0,3,11.67,Lahore,Punjab,Saroba Gardens Housing Society,House,2.67,2.33,sale_derived
31.434156,74.27211,156000.0,156000.0,156000,156000,7800.0,7800.0,1,20.0,Lahore,Punjab,Wapda Town,House,5.0,6.0,sale_derived
31.434156,74.272113,156583.33,156000.0,112000,196000,7747.44,7400.0,24,20.25,Lahore,Punjab,Wapda Town,House,4.46,4.08,sale_derived
31.43429,74.278426,143333.33,110000.0,100000,220000,5333.33,5500.0,3,26.67,Lahore,Punjab,Main Canal Bank Road,House,4.33,5.33,sale_derived
31.434522,74.266148,95724.86,76000.0,34000,316000,8927.07,8800.0,181,11.37,Lahore,Punjab,Wapda Town,House,3.94,4.08,sale_derived
31.43452263,74.26615143,112000.0,112000.0,112000,112000,5600.0,5600.0,1,20.0,Lahore,Punjab,Wapda Town,House,6.0,0.0,sale_derived
31.434523,74.26615,75250.0,78000.0,48000,94000,8800.0,9100.0,8,8.75,Lahore,Punjab,Wapda Town,House,4.5,4.5,sale_derived
31.434668,74.214005,198138.95,220000.0,41200,250000,10723.58,11000.0,95,18.58,Lahore,Punjab,EME Society,House,4.71,4.31,sale_derived
31.434742,74.304726,34000.0,34000.0,30000,38000,7347.22,7347.22,2,4.65,Lahore,Punjab,Green Town,House,2.5,2.0,sale_derived
31.434742,74.304729,25064.2,22000.0,7200,80000,6610.94,6400.0,81,4.03,Lahore,Punjab,Green Town,House,2.95,2.49,sale_derived
31.434888,73.10267,12000.0,12000.0,10000,14000,3333.33,3333.33,2,4.0,Faisalabad,Punjab,Chibban,House,3.0,2.0,rental
31.434925,73.129199,32505.26,30000.0,10000,90000,7375.75,5000.0,95,9.3,Faisalabad,Punjab,Saeed Colony,Upper Portion,0.38,0.25,rental
31.43492508,73.12919617,70000.0,70000.0,70000,70000,5833.33,5833.33,1,12.0,Faisalabad,Punjab,Saeed Colony,House,0.0,0.0,rental
31.435035,74.264131,87884.21,89000.0,64000,110000,8807.72,8900.0,38,9.97,Lahore,Punjab,Wapda Town,House,4.74,4.79,sale_derived
31.435036,74.26413,77333.33,80000.0,72000,80000,7733.33,8000.0,3,10.0,Lahore,Punjab,Wapda Town,House,5.0,5.67,sale_derived
31.435316,74.287781,118000.0,118000.0,118000,118000,5900.0,5900.0,1,20.0,Lahore,Punjab,Main Canal Bank Road,House,5.0,4.0,sale_derived
31.435347,74.47317,234000.0,234000.0,234000,234000,2925.0,2925.0,1,80.0,Lahore,Punjab,Bedian Road,Farm House,5.0,5.0,sale_derived
31.435401,74.195094,220000.0,220000.0,220000,220000,11000.0,11000.0,1,20.0,Lahore,Punjab,Green Fort,House,5.0,5.0,sale_derived
31.435547,74.34876,55840.0,68000.0,24000,86000,8293.33,8600.0,5,7.1,Lahore,Punjab,Venus Housing Scheme,House,4.4,5.2,sale_derived
31.435584,73.085039,5500.0,5500.0,5500,5500,8511.9,8511.9,2,0.65,Faisalabad,Punjab,Civil Lines,Room,1.0,1.0,rental
31.435657,73.118598,17500.0,20000.0,10000,20000,3916.67,3666.67,4,4.5,Faisalabad,Punjab,Mansoorabad,House,2.75,2.0,rental
31.435705,74.358505,13600.0,13600.0,13600,13600,6800.0,6800.0,1,2.0,Lahore,Punjab,Ferozepur Road,House,2.0,2.0,sale_derived
31.43598868,74.34752405,16800.0,16800.0,16800,16800,5600.0,5600.0,1,3.0,Lahore,Punjab,Defence Road,House,3.0,3.0,sale_derived
31.436061,73.154585,40903.1,40000.0,7000,95000,6853.06,7800.0,129,6.26,Faisalabad,Punjab,Eden Valley,House,1.47,1.33,rental
31.436133,74.280939,200000.0,200000.0,200000,200000,5000.0,5000.0,1,40.0,Lahore,Punjab,Main Canal Bank Road,House,7.0,0.0,sale_derived
31.436153,74.31717,15200.0,15200.0,15200,15200,3040.0,3040.0,1,5.0,Lahore,Punjab,Kacha Road,House,0.0,0.0,sale_derived
31.4364749,74.26094055,50973.6,46000.0,14068,116000,6846.8,7034.0,5,8.2,Lahore,Punjab,Khayaban-e-Jinnah Road,House,3.0,3.4,sale_derived
31.436499,74.283028,64000.0,64000.0,64000,64000,6400.0,6400.0,1,10.0,Lahore,Punjab,Main Canal Bank Road,House,5.0,0.0,sale_derived
31.436499,74.28303,140000.0,140000.0,140000,140000,7000.0,7000.0,1,20.0,Lahore,Punjab,Main Canal Bank Road,House,4.0,5.0,sale_derived
31.43654,74.192546,87000.0,87000.0,70000,104000,8700.0,8700.0,2,10.0,Lahore,Punjab,Pine Villas,House,5.0,4.0,sale_derived
31.436646,74.267135,80789.0,76000.0,92,190000,7450.33,7600.0,28,10.71,Lahore,Punjab,Wapda Town,House,4.29,4.04,sale_derived
31.436719,74.24911,80338.46,84000.0,48000,96000,8349.93,9000.0,13,9.69,Lahore,Punjab,Wapda Town,House,4.77,5.46,sale_derived
31.436792,74.251428,80000.0,80000.0,80000,80000,7636.36,7636.36,2,10.5,Lahore,Punjab,Wapda Town,House,5.0,5.5,sale_derived
31.43703024,74.35927112,56000.0,56000.0,56000,56000,5600.0,5600.0,1,10.0,Lahore,Punjab,Aashiana Road,House,4.0,2.0,sale_derived
31.437103,74.482945,67692.31,70000.0,36000,98000,6411.92,7000.0,13,11.46,Lahore,Punjab,Acro Green - Bankers Avenue,House,3.85,3.0,sale_derived
31.437268,74.303319,30266.67,35000.0,16800,40000,7173.33,7000.0,6,4.17,Lahore,Punjab,Township,House,2.0,1.17,sale_derived
31.43765259,74.25875854,112000.0,112000.0,112000,112000,14000.0,14000.0,1,8.0,Lahore,Punjab,Wapda Town,House,6.0,7.0,sale_derived
31.437744,74.21349,171000.0,160000.0,126000,260000,8550.0,8000.0,6,20.0,Lahore,Punjab,EME Society,House,6.0,5.5,sale_derived
31.438037,74.434512,60880.0,58000.0,43200,116000,11741.26,11600.0,95,5.18,Lahore,Punjab,DHA Defence,House,3.13,3.39,sale_derived
31.438038,74.43451,58000.0,58000.0,54000,62000,11600.0,11600.0,2,5.0,Lahore,Punjab,DHA Defence,House,3.0,4.0,sale_derived
31.438074,74.250197,86000.0,86000.0,84000,88000,8600.0,8600.0,4,10.0,Lahore,Punjab,Wapda Town,House,5.0,2.75,sale_derived
31.438257,74.275374,171000.0,160000.0,120000,230000,8230.56,8000.0,12,20.67,Lahore,Punjab,Wapda Town,House,5.33,3.42,sale_derived
31.438452,73.139683,34250.0,33500.0,25000,45000,3469.64,2683.33,4,11.0,Faisalabad,Punjab,Chak 208 Road,Upper Portion,2.25,2.25,rental
31.438667,74.495138,48000.0,48000.0,40000,56000,1375.0,1375.0,2,36.0,Lahore,Punjab,Karbath,Farm House,2.5,2.0,sale_derived
31.43875484,74.30925965,34000.0,34000.0,34000,34000,6800.0,6800.0,1,5.0,Lahore,Punjab,Township,House,4.0,3.0,sale_derived
31.43886219,74.2843008,278000.0,278000.0,278000,278000,6950.0,6950.0,1,40.0,Lahore,Punjab,Punjab Govt Employees Society,House,5.0,7.0,sale_derived
31.438915,74.211555,166000.0,166000.0,132000,200000,8300.0,8300.0,2,20.0,Lahore,Punjab,EME Society,House,2.5,3.0,sale_derived
31.438916,74.211559,171946.67,160000.0,52000,340000,9863.68,10200.0,60,18.33,Lahore,Punjab,EME Society,House,4.7,4.87,sale_derived
31.438989,74.404049,93714.29,90000.0,90000,104000,9371.43,9000.0,7,10.0,Lahore,Punjab,State Life Housing Society,House,4.0,2.29,sale_derived
31.439,74.46659,25980.0,30600.0,10720,32000,5043.33,5100.0,4,5.0,Lahore,Punjab,Bedian Road,House,2.25,2.75,sale_derived
31.439026,74.295,38400.0,38400.0,38400,38400,7680.0,7680.0,1,5.0,Lahore,Punjab,Township,House,5.0,6.0,sale_derived
31.439026,74.295001,51840.0,56000.0,16000,100000,6605.33,6400.0,25,8.52,Lahore,Punjab,Township,House,3.48,2.32,sale_derived
31.43922671,74.43425475,62000.0,62000.0,62000,62000,837.84,837.84,1,74.0,Lahore,Punjab,DHA Defence,House,3.0,4.0,sale_derived
31.43928124,74.26124007,100000.0,100000.0,100000,100000,5000.0,5000.0,1,20.0,Lahore,Punjab,Architects Engineers Housing Society,House,4.0,4.0,sale_derived
31.4393004,74.40555096,88000.0,88000.0,88000,88000,8800.0,8800.0,1,10.0,Lahore,Punjab,State Life Housing Society,House,4.0,5.0,sale_derived
31.43939623,74.35304806,26800.0,26800.0,26800,26800,5360.0,5360.0,1,5.0,Lahore,Punjab,Chungi Amar Sadhu,House,2.0,3.0,sale_derived
31.439484,74.364392,43000.0,43000.0,26000,60000,5750.0,5750.0,2,8.0,Lahore,Punjab,Defence Garden,House,1.0,1.0,sale_derived
31.43963,73.104996,20000.0,20000.0,20000,20000,4000.0,4000.0,1,5.0,Faisalabad,Punjab,Akbar Chowk,Upper Portion,3.0,2.0,rental
31.439959,74.260408,90666.67,89000.0,56000,120000,6769.05,5857.14,6,14.0,Lahore,Punjab,Architects Engineers Housing Society,House,5.83,4.17,sale_derived
31.439978,74.209685,207600.0,225000.0,130000,242000,10380.0,11250.0,10,20.0,Lahore,Punjab,EME Society,House,5.6,4.0,sale_derived
31.440014,73.022161,22500.0,22500.0,10000,35000,5238.1,5238.1,2,3.95,Faisalabad,Punjab,Narwala Road,House,3.0,2.0,rental
31.44017601,74.35377502,18000.0,18000.0,18000,18000,7200.0,7200.0,1,2.5,Lahore,Punjab,Chungi Amar Sadhu,House,3.0,3.0,sale_derived
31.44027213,74.35514253,32000.0,32000.0,32000,32000,5333.33,5333.33,1,6.0,Lahore,Punjab,Chungi Amar Sadhu,House,6.0,5.0,sale_derived
31.440381,74.255977,130000.0,130000.0,130000,130000,6500.0,6500.0,1,20.0,Lahore,Punjab,Wapda Town,House,5.0,7.0,sale_derived
31.44051,74.198222,23400.0,23400.0,20000,26800,4680.0,4680.0,2,5.0,Lahore,Punjab,Mohlanwal Road,House,2.0,2.5,sale_derived
31.440527,74.27142,96000.0,96000.0,96000,96000,9600.0,9600.0,1,10.0,Lahore,Punjab,Wapda Town,House,6.0,6.0,sale_derived
31.440527,74.271426,87485.71,85000.0,64800,116000,8296.62,8200.0,14,10.86,Lahore,Punjab,Wapda Town,House,4.86,3.36,sale_derived
31.44066962,74.35843518,23200.0,23200.0,23200,23200,4640.0,4640.0,1,5.0,Lahore,Punjab,Chungi Amar Sadhu,House,2.0,2.0,sale_derived
31.440746,74.39847,88000.0,88000.0,88000,88000,8800.0,8800.0,1,10.0,Lahore,Punjab,State Life Housing Society,House,4.0,5.0,sale_derived
31.440747,74.39847,71935.48,76000.0,42000,96000,8171.61,8400.0,31,8.97,Lahore,Punjab,State Life Housing Society,House,3.77,3.61,sale_derived
31.44082,73.043532,55000.0,55000.0,55000,55000,2750.0,2750.0,1,20.0,Faisalabad,Punjab,Ghulam Mohammad Abad,House,4.0,2.0,rental
31.44082,74.438589,59648.0,58000.0,560,112000,11526.66,11600.0,120,5.95,Lahore,Punjab,DHA Defence,House,3.08,3.48,sale_derived
31.44082,74.43859,60666.67,60000.0,58000,64000,12133.33,12000.0,3,5.0,Lahore,Punjab,DHA Defence,House,3.33,3.67,sale_derived
31.44111252,74.25801086,140000.0,140000.0,140000,140000,7000.0,7000.0,2,20.0,Lahore,Punjab,Architects Engineers Housing Society,House,6.0,7.0,sale_derived
31.441113,74.239683,62480.0,59400.0,36000,112000,6798.78,6800.0,10,9.25,Lahore,Punjab,Eden,House,3.2,3.7,sale_derived
31.441113,74.258008,75500.0,78000.0,34000,140000,7044.36,7000.0,12,10.78,Lahore,Punjab,Architects Engineers Housing Society,House,4.83,5.42,sale_derived
31.441113,74.25801,84000.0,84000.0,84000,84000,8400.0,8400.0,1,10.0,Lahore,Punjab,Architects Engineers Housing Society,House,5.0,5.0,sale_derived
31.44113642,74.26505219,76000.0,76000.0,76000,76000,7600.0,7600.0,1,10.0,Lahore,Punjab,Architects Engineers Housing Society,House,5.0,5.0,sale_derived
31.441186,73.09237,16000.0,16000.0,16000,16000,4000.0,4000.0,1,4.0,Faisalabad,Punjab,Taj Colony,Lower Portion,3.0,1.0,rental
31.441186,74.443352,58066.67,58800.0,46000,68800,11613.33,11760.0,18,5.0,Lahore,Punjab,DHA Defence,House,3.11,3.61,sale_derived
31.441296,74.24474,159000.0,159000.0,98000,220000,5200.0,5200.0,2,30.0,Lahore,Punjab,River View Coop Housing Society,House,7.0,7.0,sale_derived
31.441479,73.142581,68000.0,75000.0,35000,80000,3791.67,3750.0,5,18.4,Faisalabad,Punjab,Zia Colony,House,2.2,1.8,rental
31.441625,74.224648,133000.0,133000.0,66000,200000,9680.56,9680.56,2,13.0,Lahore,Punjab,Agrics Town,House,5.0,6.5,sale_derived
31.44164374,74.20201421,60000.0,60000.0,60000,60000,8219.18,8219.18,1,7.3,Lahore,Punjab,Rail Town (Canal City),House,5.0,7.0,sale_derived
31.441735,73.100789,52500.0,52500.0,25000,80000,8166.67,8166.67,2,6.5,Faisalabad,Punjab,Gulistan Colony No 1,House,4.5,5.0,rental
31.441918,74.564727,90000.0,90000.0,90000,90000,1363.64,1363.64,1,66.0,Lahore,Punjab,Hudiara,Farm House,1.0,1.0,sale_derived
31.44195496,74.20235753,52800.0,52800.0,52800,52800,7542.86,7542.86,1,7.0,Lahore,Punjab,Rail Town (Canal City),House,5.0,5.0,sale_derived
31.441956,73.09611,30000.0,30000.0,30000,30000,4285.71,4285.71,1,7.0,Faisalabad,Punjab,Gulistan Colony No 1,House,0.0,0.0,rental
31.441992,74.291389,33970.37,31200.0,17200,70000,7307.95,7333.33,27,4.8,Lahore,Punjab,Mateen Avenue,House,3.22,3.15,sale_derived
31.442025,74.317221,220000.0,220000.0,220000,220000,11000.0,11000.0,1,20.0,Lahore,Punjab,Madar-e-Millat Road,House,5.0,7.0,sale_derived
31.442138,74.308505,59200.0,37000.0,6000,240000,6693.85,6276.92,14,8.29,Lahore,Punjab,Township,House,3.86,2.93,sale_derived
31.442139,74.3085,48000.0,48000.0,32000,64000,6400.0,6400.0,2,7.5,Lahore,Punjab,Township,House,3.5,4.0,sale_derived
31.442248,74.402375,85319.15,88000.0,42000,100000,8637.2,8800.0,47,9.87,Lahore,Punjab,State Life Housing Society,House,4.13,4.64,sale_derived
31.442321,73.128126,38214.29,30000.0,10000,70000,5746.39,6000.0,7,7.41,Faisalabad,Punjab,Amin Town,House,2.57,2.71,rental
31.44234856,74.27667618,86000.0,86000.0,86000,86000,4300.0,4300.0,1,20.0,Lahore,Punjab,PIA Housing Scheme,House,2.0,2.0,sale_derived
31.44241,74.272908,180000.0,180000.0,180000,180000,9000.0,9000.0,1,20.0,Lahore,Punjab,PIA Housing Scheme,House,0.0,0.0,sale_derived
31.44243,74.205605,50000.0,50000.0,50000,50000,7142.86,7142.86,1,7.0,Lahore,Punjab,Rail Town (Canal City),House,4.0,4.0,sale_derived
31.4424305,74.20560455,80000.0,80000.0,80000,80000,8000.0,8000.0,1,10.0,Lahore,Punjab,Rail Town (Canal City),House,6.0,6.0,sale_derived
31.442431,74.205608,77466.67,68000.0,50000,164000,8336.37,8285.71,9,9.41,Lahore,Punjab,Rail Town (Canal City),House,4.67,4.56,sale_derived
31.442541,74.263072,151666.67,145000.0,90000,210000,8888.89,9166.67,6,17.0,Lahore,Punjab,Architects Engineers Housing Society,House,5.67,6.0,sale_derived
31.442797,74.253488,83800.0,86000.0,65200,96000,8337.58,8600.0,18,10.06,Lahore,Punjab,Wapda Town,House,4.94,4.17,sale_derived
31.442857,74.396421,52367.57,48000.0,28800,140000,8685.77,9000.0,37,6.24,Lahore,Punjab,State Life Housing Society,House,3.24,2.95,sale_derived
31.44306386,74.36197892,28000.0,28000.0,28000,28000,4666.67,4666.67,1,6.0,Lahore,Punjab,Ferozepur Road,House,3.0,4.0,sale_derived
31.443218,74.266394,102105.26,88600.0,8000,312000,7974.56,7950.0,38,12.83,Lahore,Punjab,Airline Housing Society,House,4.45,3.74,sale_derived
31.443273,74.214878,220000.0,220000.0,220000,220000,11000.0,11000.0,1,20.0,Lahore,Punjab,EME Society,House,5.0,5.0,sale_derived
31.443346,74.25976,68500.0,72000.0,28000,100000,7668.71,7600.0,8,9.88,Lahore,Punjab,Architects Engineers Housing Society,House,5.38,4.62,sale_derived
31.443382,74.28632,81333.33,84000.0,70000,90000,8487.18,9000.0,3,10.0,Lahore,Punjab,Punjab Govt Employees Society,House,0.0,0.0,sale_derived
31.44338226,74.28632355,174000.0,174000.0,174000,174000,8700.0,8700.0,1,20.0,Lahore,Punjab,Punjab Govt Employees Society,House,6.0,6.0,sale_derived
31.443383,74.286324,99704.62,92000.0,42000,180000,8578.25,8500.0,65,11.97,Lahore,Punjab,Punjab Govt Employees Society,House,4.85,4.18,sale_derived
31.443383,74.286325,108656.41,92000.0,38000,320000,8053.08,8000.0,39,13.64,Lahore,Punjab,Punjab Govt Employees Society,House,4.56,4.59,sale_derived
31.443456,74.25632,93200.0,76000.0,56000,130000,7586.67,6500.0,5,13.4,Lahore,Punjab,Architects Engineers Housing Society,House,4.8,5.2,sale_derived
31.44359342,74.26576495,9600.0,9600.0,9600,9600,5333.33,5333.33,1,1.8,Lahore,Punjab,Airline Housing Society,Flat,2.0,1.0,sale_derived
31.443685,74.205662,119133.33,86000.0,6800,320000,6883.33,7250.0,6,16.83,Lahore,Punjab,Aabpara Coop Housing Society,House,3.5,2.83,sale_derived
31.44369411,74.36095119,12000.0,12000.0,12000,12000,4800.0,4800.0,1,2.5,Lahore,Punjab,Chungi Amar Sadhu,House,3.0,2.0,sale_derived
31.443748,74.259155,55000.0,55000.0,32000,78000,7900.0,7900.0,2,7.0,Lahore,Punjab,Architects Engineers Housing Society,House,4.5,4.5,sale_derived
31.443749,74.259152,81838.81,76000.0,30000,240000,7630.49,7600.0,67,13.73,Lahore,Punjab,Architects Engineers Housing Society,House,4.9,4.88,sale_derived
31.443859,74.44052,56966.67,58000.0,44000,64000,11393.33,11600.0,36,5.0,Lahore,Punjab,DHA Defence,House,3.14,3.33,sale_derived
31.443895,74.279716,92181.82,84000.0,50000,170000,7863.64,8400.0,11,12.27,Lahore,Punjab,PIA Housing Scheme,House,4.09,3.91,sale_derived
31.443932,73.101604,21000.0,21000.0,21000,21000,6000.0,6000.0,1,3.5,Faisalabad,Punjab,Gulistan Colony No 1,House,4.0,3.0,rental
31.44396699,74.27482244,110000.0,110000.0,110000,110000,7333.33,7333.33,1,15.0,Lahore,Punjab,PIA Housing Scheme,House,6.0,6.0,sale_derived
31.444042,73.088565,23478.26,20000.0,3000,60000,3994.03,3500.0,23,6.73,Faisalabad,Punjab,Sargodha Road,Upper Portion,1.7,0.87,rental
31.444078,74.40633,140000.0,140000.0,140000,140000,6363.64,6363.64,1,22.0,Lahore,Punjab,State Life Housing Society,House,5.0,5.0,sale_derived
31.444079,74.406323,131431.58,132000.0,108000,150000,6751.11,6800.0,19,19.53,Lahore,Punjab,State Life Housing Society,House,4.58,5.05,sale_derived
31.44425704,74.29168046,42000.0,42000.0,42000,42000,7000.0,7000.0,1,6.0,Lahore,Punjab,College Road,House,4.0,5.0,sale_derived
31.444298,74.259288,80000.0,74000.0,54800,152000,7407.46,7400.0,13,10.78,Lahore,Punjab,Architects Engineers Housing Society,House,4.46,4.92,sale_derived
31.444334,74.304698,89642.11,69000.0,38000,240000,6090.59,5603.74,38,15.65,Lahore,Punjab,Township,House,4.08,2.32,sale_derived
31.44435,73.09769813,35000.0,35000.0,35000,35000,2333.33,2333.33,1,15.0,Faisalabad,Punjab,Gulistan Colony No 2,Upper Portion,6.0,3.0,rental
31.444651,74.281611,66000.0,56000.0,52000,90000,6833.33,5600.0,3,11.67,Lahore,Punjab,Khayaban-e-Zohra,House,3.33,4.0,sale_derived
31.444754,73.12891,55000.0,55000.0,55000,55000,2750.0,2750.0,1,20.0,Faisalabad,Punjab,Amin Town,Lower Portion,0.0,0.0,rental
31.444798,74.3935,44000.0,44000.0,44000,44000,8800.0,8800.0,1,5.0,Lahore,Punjab,State Life Housing Society,House,3.0,4.0,sale_derived
31.44482397,74.39430278,50000.0,50000.0,50000,50000,10000.0,10000.0,1,5.0,Lahore,Punjab,State Life Housing Society,House,3.0,3.0,sale_derived
31.444847,74.276024,100000.0,100000.0,100000,100000,6666.67,6666.67,1,15.0,Lahore,Punjab,PIA Housing Scheme,House,6.0,6.0,sale_derived
31.444847,74.276025,79333.33,88000.0,54000,96000,6866.67,6400.0,3,11.67,Lahore,Punjab,PIA Housing Scheme,House,3.67,5.0,sale_derived
31.444911,74.425355,40266.67,37000.0,26000,64000,7200.0,7533.33,6,6.5,Lahore,Punjab,Formanites Housing Scheme,House,3.17,2.33,sale_derived
31.44499902,74.30148628,120000.0,120000.0,120000,120000,8000.0,8000.0,1,15.0,Lahore,Punjab,Township,House,2.0,3.0,sale_derived
31.445021,73.071737,13500.0,13500.0,12000,15000,3700.0,3700.0,2,4.0,Faisalabad,Punjab,Green View Colony,House,3.5,3.5,rental
31.445067,74.27079,127036.36,105000.0,92000,320000,8590.0,9300.0,22,15.91,Lahore,Punjab,Iqbal Avenue,House,4.82,4.82,sale_derived
31.445154,74.416134,40000.0,40000.0,40000,40000,8000.0,8000.0,1,5.0,Lahore,Punjab,Formanites Housing Scheme,House,3.0,4.0,sale_derived
31.445177,74.254832,48000.0,48000.0,48000,48000,8000.0,8000.0,1,6.0,Lahore,Punjab,Architects Engineers Housing Society,House,4.0,5.0,sale_derived
31.44525,74.29276,36000.0,36000.0,36000,36000,7200.0,7200.0,1,5.0,Lahore,Punjab,Ahmad Avenue,House,3.0,2.0,sale_derived
31.44525,74.292762,31750.0,38000.0,16000,40000,7795.83,7600.0,8,4.06,Lahore,Punjab,Ahmad Avenue,House,3.5,3.75,sale_derived
31.445323,73.059014,6500.0,6500.0,6500,6500,108.33,108.33,1,60.0,Faisalabad,Punjab,Jameel Town,House,0.0,1.0,rental
31.445417,74.417494,38000.0,38000.0,38000,38000,7600.0,7600.0,1,5.0,Lahore,Punjab,Formanites Housing Scheme,House,3.0,4.0,sale_derived
31.445433,73.109622,25000.0,25000.0,25000,25000,5000.0,5000.0,1,5.0,Faisalabad,Punjab,Ahmadabad,House,3.0,3.0,rental
31.44557953,74.4012146,74000.0,74000.0,48800,99200,9840.0,9840.0,2,7.5,Lahore,Punjab,State Life Housing Society,House,4.0,4.5,sale_derived
31.44558,74.401215,78500.0,75000.0,46000,118000,7199.24,7131.82,4,11.5,Lahore,Punjab,State Life Housing Society,House,3.75,4.5,sale_derived
31.44558,74.401217,90770.31,88000.0,34000,182000,8395.42,8400.0,229,11.42,Lahore,Punjab,State Life Housing Society,House,3.94,4.31,sale_derived
31.445799,74.270668,150000.0,112000.0,62000,322000,8092.86,8525.0,14,19.29,Lahore,Punjab,Iqbal Avenue,House,4.36,2.79,sale_derived
31.445799,74.27067,120000.0,120000.0,120000,120000,6000.0,6000.0,1,20.0,Lahore,Punjab,Iqbal Avenue,House,7.0,8.0,sale_derived
31.44610288,74.34196185,24000.0,24000.0,24000,24000,8000.0,8000.0,1,3.0,Lahore,Punjab,Kacha Jail Road,House,4.0,3.0,sale_derived
31.446129,74.278984,92000.0,92000.0,92000,92000,9200.0,9200.0,1,10.0,Lahore,Punjab,PIA Housing Scheme,House,6.0,0.0,sale_derived
31.446129,74.278986,91491.67,92000.0,66000,114000,8911.67,9000.0,48,10.42,Lahore,Punjab,PIA Housing Scheme,House,4.94,4.83,sale_derived
31.446239,74.252808,49007.41,50000.0,38000,64000,9442.71,9818.18,27,5.19,Lahore,Punjab,Sunfort Gardens,House,3.56,2.78,sale_derived
31.446303,74.41778,54000.0,54000.0,54000,54000,5400.0,5400.0,1,10.0,Lahore,Punjab,Formanites Housing Scheme,House,4.0,5.0,sale_derived
31.446369,73.127801,24350.0,25000.0,15000,55000,3163.75,3125.0,20,8.0,Faisalabad,Punjab,Kashmir Road,Upper Portion,0.5,0.5,rental
31.44652502,74.27709829,96000.0,96000.0,96000,96000,9600.0,9600.0,1,10.0,Lahore,Punjab,PIA Main Boulevard,House,5.0,0.0,sale_derived
31.446532,73.115973,10000.0,10000.0,10000,10000,3333.33,3333.33,1,3.0,Faisalabad,Punjab,Ahmadabad,Upper Portion,1.0,1.0,rental
31.44667288,74.27777226,98000.0,98000.0,98000,98000,9800.0,9800.0,1,10.0,Lahore,Punjab,PIA Housing Scheme,House,5.0,6.0,sale_derived
31.446678,74.21736,115428.57,136000.0,64000,140000,13371.43,13600.0,7,8.57,Lahore,Punjab,EME Society,House,3.71,3.43,sale_derived
31.446823,74.40474,130400.0,130400.0,88800,172000,8740.0,8740.0,2,15.0,Lahore,Punjab,State Life Housing Society,House,4.5,5.0,sale_derived
31.44682312,74.40473938,88000.0,88000.0,88000,88000,8800.0,8800.0,1,10.0,Lahore,Punjab,State Life Housing Society,House,4.0,5.0,sale_derived
31.446824,74.404736,91510.86,88000.0,24800,188000,7576.03,7600.0,350,16.44,Lahore,Punjab,State Life Housing Society,House,4.19,5.06,sale_derived
31.447008,74.400702,121354.84,128000.0,84000,160000,7685.92,7600.0,31,16.48,Lahore,Punjab,State Life Housing Society,House,5.0,5.74,sale_derived
31.447044,74.211094,145400.0,140000.0,130000,200000,12890.0,14000.0,10,12.0,Lahore,Punjab,EME Society,House,4.1,4.4,sale_derived
31.44708,74.39675,51000.0,51000.0,50000,52000,10200.0,10200.0,2,5.0,Lahore,Punjab,State Life Housing Society,House,3.0,3.5,sale_derived
31.447081,74.396753,67255.81,48000.0,34000,172000,8277.0,8400.0,43,8.72,Lahore,Punjab,State Life Housing Society,House,3.4,3.84,sale_derived
31.447394,74.425359,46666.67,38000.0,38000,64000,7200.0,7600.0,3,6.67,Lahore,Punjab,Formanites Housing Scheme,House,3.33,4.67,sale_derived
31.44751097,74.29265141,39200.0,39200.0,39200,39200,9800.0,9800.0,1,4.0,Lahore,Punjab,Revenue Society,House,4.0,5.0,sale_derived
31.447557,74.405637,134500.0,135000.0,124000,144000,6725.0,6750.0,4,20.0,Lahore,Punjab,State Life Housing Society,House,5.75,5.75,sale_derived
31.447702,74.278206,68000.0,68000.0,68000,68000,6800.0,6800.0,1,10.0,Lahore,Punjab,PIA Housing Scheme,House,2.0,2.0,sale_derived
31.447702,74.40931,34000.0,34000.0,28000,40000,5400.0,5400.0,2,7.5,Lahore,Punjab,Formanites Housing Scheme,House,2.5,3.5,sale_derived
31.44770241,74.40930939,36000.0,36000.0,36000,36000,7200.0,7200.0,1,5.0,Lahore,Punjab,Formanites Housing Scheme,House,3.0,4.0,sale_derived
31.447703,74.253495,41100.0,35200.0,30000,64000,6618.71,5677.42,4,6.98,Lahore,Punjab,Jaffar Town,House,2.25,3.0,sale_derived
31.447703,74.278207,108181.82,110000.0,88000,130000,6754.55,5866.67,11,16.91,Lahore,Punjab,PIA Housing Scheme,House,4.64,3.27,sale_derived
31.447703,74.409313,39900.0,38600.0,22000,64000,7247.78,7600.0,24,5.92,Lahore,Punjab,Formanites Housing Scheme,House,3.38,3.79,sale_derived
31.44784927,74.27820587,90000.0,90000.0,90000,90000,6000.0,6000.0,1,15.0,Lahore,Punjab,PIA Housing Scheme,House,3.0,4.0,sale_derived
31.44785,74.278206,103733.33,80000.0,71200,160000,7706.67,8000.0,3,13.33,Lahore,Punjab,PIA Housing Scheme,House,6.0,6.33,sale_derived
31.44785,74.278207,103172.17,96000.0,22080,180000,8092.49,8000.0,69,19.99,Lahore,Punjab,PIA Housing Scheme,House,5.3,4.81,sale_derived
31.44788475,74.38734264,35200.0,35200.0,35200,35200,7040.0,7040.0,1,5.0,Lahore,Punjab,Aashiana Road,House,4.0,4.0,sale_derived
31.44791542,74.29347921,46000.0,46000.0,46000,46000,9200.0,9200.0,1,5.0,Lahore,Punjab,Revenue Society,House,0.0,0.0,sale_derived
31.448106,74.257057,48640.0,38000.0,35200,82000,7580.65,7040.0,5,7.0,Lahore,Punjab,Al Hamra Town,House,3.6,4.4,sale_derived
31.448371,74.391315,58133.33,48000.0,44000,90000,9131.01,8800.0,15,6.33,Lahore,Punjab,Bankers Town,House,3.6,3.53,sale_derived
31.448435,74.35632,40000.0,40000.0,30000,50000,5476.19,5476.19,2,7.2,Lahore,Punjab,Sitara Colony,House,4.5,3.5,sale_derived
31.448435,74.356327,18000.0,18000.0,18000,18000,6000.0,6000.0,1,3.0,Lahore,Punjab,Sitara Colony,House,6.0,6.0,sale_derived
31.448466,74.253313,40000.0,40000.0,32000,48000,8000.0,8000.0,2,5.0,Lahore,Punjab,Jan Muhammad Road,House,4.0,1.5,sale_derived
31.448582,74.214005,225750.0,236000.0,180000,236000,11287.5,11800.0,8,20.0,Lahore,Punjab,EME Society,House,4.38,4.5,sale_derived
31.448654,74.30963,102000.0,102000.0,102000,102000,5100.0,5100.0,1,20.0,Lahore,Punjab,Township,House,4.0,5.0,sale_derived
31.44865417,74.30963135,170000.0,170000.0,170000,170000,6538.46,6538.46,1,26.0,Lahore,Punjab,Township,House,6.0,5.0,sale_derived
31.448655,74.309635,180000.0,180000.0,180000,180000,9000.0,9000.0,1,20.0,Lahore,Punjab,Township,House,7.0,5.0,sale_derived
31.448707,74.283357,62000.0,60000.0,36000,90000,10333.33,10000.0,3,6.33,Lahore,Punjab,PIA Main Boulevard,House,5.67,7.0,sale_derived
31.448755,74.395,66000.0,66000.0,66000,66000,6600.0,6600.0,1,10.0,Lahore,Punjab,Bankers Co-operative Housing Society,House,4.0,6.0,sale_derived
31.448756,74.394994,63066.67,56000.0,38000,96000,8594.07,8333.33,15,7.4,Lahore,Punjab,Bankers Co-operative Housing Society,House,3.13,3.8,sale_derived
31.448765,74.291824,116000.0,116000.0,116000,116000,6444.44,6444.44,1,18.0,Lahore,Punjab,Revenue Society,House,5.0,6.0,sale_derived
31.448765,74.291825,113940.74,120000.0,34000,260000,8261.64,7862.86,27,14.81,Lahore,Punjab,Revenue Society,House,4.04,3.7,sale_derived
31.448802,74.273844,54418.18,54000.0,46000,64000,10883.64,10800.0,22,5.0,Lahore,Punjab,Johar Town,House,4.45,4.32,sale_derived
31.448875,74.33209,30000.0,30000.0,24000,36000,4571.43,4571.43,2,6.5,Lahore,Punjab,Kot Lakhpat,House,6.0,3.0,sale_derived
31.448875,74.332094,47517.65,27600.0,11200,200000,7381.36,7058.82,17,5.94,Lahore,Punjab,Kot Lakhpat,House,4.29,3.06,sale_derived
31.448965,74.292206,130000.0,130000.0,130000,130000,7222.22,7222.22,1,18.0,Lahore,Punjab,Revenue Society,House,5.0,6.0,sale_derived
31.448966,74.292209,79870.97,68000.0,34000,140000,7412.34,7000.0,31,11.58,Lahore,Punjab,Revenue Society,House,4.32,4.13,sale_derived
31.449026,73.168873,72777.78,80000.0,40000,90000,6963.97,8000.0,9,11.44,Faisalabad,Punjab,Canal Road,House,2.44,2.78,rental
31.44912,73.10726,21000.0,21000.0,21000,21000,3818.18,3818.18,1,5.5,Faisalabad,Punjab,Gulshan-e-Habib,Upper Portion,3.0,3.0,rental
31.44935989,74.31187439,20000.0,20000.0,20000,20000,2000.0,2000.0,1,10.0,Lahore,Punjab,Township,House,5.0,6.0,sale_derived
31.449607,74.402375,89200.0,90000.0,76000,96000,8920.0,9000.0,5,10.0,Lahore,Punjab,State Life Housing Society,House,4.0,5.0,sale_derived
31.4499,74.210572,72000.0,72000.0,32000,112000,8800.0,8800.0,2,7.5,Lahore,Punjab,DHA City,House,3.0,3.0,sale_derived
31.45020193,74.43351579,58000.0,58000.0,58000,58000,5800.0,5800.0,1,10.0,Lahore,Punjab,Askari,Flat,3.0,4.0,sale_derived
31.450229,74.28174,116000.0,120000.0,70000,152000,6977.01,6666.67,29,17.07,Lahore,Punjab,PIA Housing Scheme,House,5.38,4.69,sale_derived
31.45023,74.28174,46000.0,46000.0,46000,46000,9200.0,9200.0,1,5.0,Lahore,Punjab,PIA Housing Scheme,House,4.0,4.0,sale_derived
31.450248,74.200931,50355.56,44000.0,36000,86000,8224.68,8700.0,18,6.28,Lahore,Punjab,Park View Villas,House,3.89,3.39,sale_derived
31.450249,74.20093,41800.0,41800.0,39600,44000,8360.0,8360.0,2,5.0,Lahore,Punjab,Park View Villas,House,3.5,3.0,sale_derived
31.450266,74.285502,54571.43,44000.0,38000,90000,7647.62,8444.44,7,7.64,Lahore,Punjab,PIA Housing Scheme,House,3.43,2.43,sale_derived
31.45028142,74.35178091,12800.0,12800.0,12800,12800,6400.0,6400.0,1,2.0,Lahore,Punjab,Makki Complex,House,1.0,1.0,sale_derived
31.450339,74.214363,110000.0,110000.0,110000,110000,5500.0,5500.0,1,20.0,Lahore,Punjab,Rajpoot Town,House,6.0,6.0,sale_derived
31.450521,74.394554,44000.0,44000.0,44000,44000,8800.0,8800.0,1,5.0,Lahore,Punjab,Bankers Co-operative Housing Society,House,3.0,4.0,sale_derived
31.450522,74.394553,59958.97,51600.0,30000,112000,8718.16,8800.0,39,7.2,Lahore,Punjab,Bankers Co-operative Housing Society,House,3.54,2.92,sale_derived
31.450522,74.394554,69600.0,70800.0,41200,96000,8673.33,8820.0,6,7.83,Lahore,Punjab,Bankers Co-operative Housing Society,House,2.83,3.5,sale_derived
31.450559,74.215729,100000.0,100000.0,100000,100000,5000.0,5000.0,1,20.0,Lahore,Punjab,Rajpoot Town,House,3.0,4.0,sale_derived
31.450779,74.278042,89600.0,80000.0,78000,130000,8526.67,8000.0,5,10.4,Lahore,Punjab,PIA Housing Scheme,House,5.2,2.6,sale_derived
31.450925,74.354287,26375.51,16000.0,8800,200000,5964.73,5600.0,49,4.01,Lahore,Punjab,Chungi Amar Sadhu,House,3.0,2.61,sale_derived
31.45092583,74.35428619,11400.0,11400.0,11400,11400,3800.0,3800.0,1,3.0,Lahore,Punjab,Chungi Amar Sadhu,House,2.0,2.0,sale_derived
31.450926,74.35429,19575.0,19700.0,14000,28000,4829.74,4666.67,8,4.21,Lahore,Punjab,Chungi Amar Sadhu,House,1.88,1.12,sale_derived
31.451364,74.215121,72000.0,72000.0,72000,72000,7200.0,7200.0,1,10.0,Lahore,Punjab,Rajpoot Town,House,4.0,4.0,sale_derived
31.451365,74.21512,36000.0,36000.0,36000,36000,6872.73,6872.73,2,5.25,Lahore,Punjab,Rajpoot Town,House,5.0,5.5,sale_derived
31.451373,74.290519,54000.0,54000.0,40000,68000,11800.0,11800.0,2,4.5,Lahore,Punjab,Gulshan-E-Mustafa Housing Society,House,4.0,1.5,sale_derived
31.451424,74.34446,24400.0,23000.0,14000,36000,7220.0,7200.0,10,3.55,Lahore,Punjab,Kacha Jail Road,House,3.4,3.4,sale_derived
31.451508,74.29587,34800.0,34800.0,34800,34800,11600.0,11600.0,1,3.0,Lahore,Punjab,UMT Society,House,3.0,5.0,sale_derived
31.45156,74.377321,15925.0,11400.0,10000,44000,5500.18,5366.67,8,2.84,Lahore,Punjab,Bahadurabad,House,2.75,3.12,sale_derived
31.451584,74.223247,78000.0,78000.0,44000,112000,8400.0,8400.0,2,9.5,Lahore,Punjab,Mohafiz Town,House,5.5,5.0,sale_derived
31.45173,73.117089,21000.0,21000.0,20000,22000,4619.05,4619.05,2,4.6,Faisalabad,Punjab,Nishatabad,House,3.0,3.0,rental
31.451803,74.31043,45500.0,44000.0,34000,60000,7600.0,7200.0,4,6.25,Lahore,Punjab,Township,House,4.75,5.0,sale_derived
31.451804,74.310436,67375.0,52000.0,14000,280000,7551.71,6900.0,96,9.85,Lahore,Punjab,Township,House,3.57,2.59,sale_derived
31.451813,73.161905,18000.0,18000.0,18000,18000,3600.0,3600.0,2,5.0,Faisalabad,Punjab,Raza Garden,Upper Portion,0.0,0.0,rental
31.45184023,74.34309572,21000.0,21000.0,21000,21000,5250.0,5250.0,1,4.0,Lahore,Punjab,Kacha Jail Road,House,1.0,1.0,sale_derived
31.451913,74.202154,69600.0,76000.0,44000,88000,7840.0,8000.0,5,9.0,Lahore,Punjab,Park View Villas,House,4.4,2.6,sale_derived
31.45191383,74.21199799,236000.0,236000.0,236000,236000,11800.0,11800.0,1,20.0,Lahore,Punjab,EME Society,House,5.0,6.0,sale_derived
31.452023,74.21818,50000.0,50000.0,50000,50000,10000.0,10000.0,1,5.0,Lahore,Punjab,Mohafiz Town,House,4.0,4.0,sale_derived
31.452023,74.218181,127000.0,125000.0,68000,190000,7200.0,7150.0,4,17.5,Lahore,Punjab,Mohafiz Town,House,5.5,5.25,sale_derived
31.452023,74.218183,112000.0,112000.0,112000,112000,5600.0,5600.0,1,20.0,Lahore,Punjab,Mohafiz Town,House,6.0,7.0,sale_derived
31.452023,74.26255,141386.67,150000.0,10800,240000,10193.74,10000.0,105,14.5,Lahore,Punjab,PCSIR Housing Scheme,House,4.61,4.51,sale_derived
31.452115,74.200435,35460.0,35200.0,32800,38000,6436.0,7040.0,5,6.0,Lahore,Punjab,Park View Villas,House,2.4,2.6,sale_derived
31.45217,74.401774,180000.0,180000.0,180000,180000,9000.0,9000.0,1,20.0,Lahore,Punjab,Sui Gas Housing Society,House,5.0,0.0,sale_derived
31.45217,74.489794,72000.0,72000.0,48000,96000,3600.0,3600.0,2,20.0,Lahore,Punjab,DHA Defence,House,2.5,2.5,sale_derived
31.452243,74.274702,58164.71,60000.0,37600,108000,11632.94,12000.0,17,5.0,Lahore,Punjab,Johar Town,House,3.88,2.94,sale_derived
31.452353,74.21977,100000.0,100000.0,100000,100000,5000.0,5000.0,1,20.0,Lahore,Punjab,Mohafiz Town,House,6.0,6.0,sale_derived
31.452423,74.34157,11600.0,11600.0,11600,11600,5800.0,5800.0,1,2.0,Lahore,Punjab,Kacha Jail Road,House,2.0,2.0,sale_derived
31.45243595,74.39304042,60000.0,60000.0,60000,60000,9677.42,9677.42,1,6.2,Lahore,Punjab,DHA Defence,House,3.0,4.0,sale_derived
31.452515,73.09865,9000.0,9000.0,9000,9000,3000.0,3000.0,1,3.0,Faisalabad,Punjab,Millat Road,House,3.0,1.0,rental
31.45255441,74.37100109,14400.0,14400.0,14400,14400,5760.0,5760.0,1,2.5,Lahore,Punjab,Shanghai Road,House,0.0,0.0,sale_derived
31.452568,74.352486,50000.0,50000.0,50000,50000,10000.0,10000.0,1,5.0,Lahore,Punjab,Ferozepur Road,House,0.0,0.0,sale_derived
31.452572,74.293304,40800.0,38000.0,34400,50000,9688.89,10000.0,3,4.33,Lahore,Punjab,UMT Society,House,4.0,3.67,sale_derived
31.452609,74.249039,54717.86,54000.0,19800,128000,6901.84,6485.71,56,8.64,Lahore,Punjab,Nawab Town,House,4.04,3.11,sale_derived
31.452682,74.292595,42400.0,42400.0,42400,42400,8153.85,8153.85,1,5.2,Lahore,Punjab,Johar Town,House,3.0,4.0,sale_derived
31.452682,74.292598,77200.0,60400.0,38000,150000,8548.33,8280.0,4,9.38,Lahore,Punjab,Johar Town,House,4.25,4.75,sale_derived
31.452755,74.258437,74690.91,64000.0,32000,120000,8913.94,8800.0,11,8.55,Lahore,Punjab,Sunny Park,House,4.55,4.0,sale_derived
31.452755,74.25844,20000.0,20000.0,20000,20000,6451.61,6451.61,1,3.1,Lahore,Punjab,Fateh Garh,House,3.0,1.0,sale_derived
31.452937,74.352108,34000.0,34000.0,34000,34000,6800.0,6800.0,1,5.0,Lahore,Punjab,Makki Complex,House,5.0,4.0,sale_derived
31.45326801,74.26630408,86000.0,86000.0,86000,86000,8600.0,8600.0,1,10.0,Lahore,Punjab,PCSIR Housing Scheme,House,5.0,4.0,sale_derived
31.453292,74.445068,58750.0,62000.0,38000,68000,6836.11,6533.33,8,8.62,Lahore,Punjab,Bedian Road,House,3.88,3.88,sale_derived
31.453293,74.44507,60000.0,60000.0,60000,60000,6666.67,6666.67,1,9.0,Lahore,Punjab,Bedian Road,House,4.0,5.0,sale_derived
31.453297,74.22296,96000.0,96000.0,96000,96000,9600.0,9600.0,1,10.0,Lahore,Punjab,PASSCO Housing Society,House,7.0,0.0,sale_derived
31.45334053,74.20376587,46000.0,46000.0,46000,46000,9200.0,9200.0,1,5.0,Lahore,Punjab,Park View Villas,House,3.0,3.0,sale_derived
31.453341,74.203763,40400.0,38000.0,34400,48800,8080.0,7600.0,3,5.0,Lahore,Punjab,Park View Villas,House,3.33,2.33,sale_derived
31.453341,74.39465,172000.0,172000.0,172000,172000,8600.0,8600.0,1,20.0,Lahore,Punjab,Sui Gas Housing Society,House,5.0,0.0,sale_derived
31.453378,74.289808,52636.36,50000.0,32000,92000,9154.55,9350.0,22,5.95,Lahore,Punjab,Johar Town,House,4.64,3.86,sale_derived
31.453414,74.202003,45364.44,44000.0,35000,104000,8596.32,8800.0,45,5.27,Lahore,Punjab,Park View Villas,House,3.0,3.09,sale_derived
31.453414,74.31623,41489.23,36000.0,12000,234000,7886.84,7200.0,65,5.18,Lahore,Punjab,Township,House,3.43,2.83,sale_derived
31.453415,74.202,44000.0,44000.0,44000,44000,8800.0,8800.0,1,5.0,Lahore,Punjab,Park View Villas,House,3.0,4.0,sale_derived
31.453415,74.31623,70666.67,72000.0,58000,82000,7895.24,8200.0,3,9.0,Lahore,Punjab,Township,House,4.0,3.33,sale_derived
31.453451,74.243934,220000.0,220000.0,220000,220000,11000.0,11000.0,1,20.0,Lahore,Punjab,Green Fort,House,4.0,4.0,sale_derived
31.453561,74.398513,158160.0,164000.0,23200,246000,7549.23,8166.67,35,46.71,Lahore,Punjab,Sui Gas Housing Society,House,4.91,5.86,sale_derived
31.453634,74.391518,60676.92,60000.0,52000,72000,9711.23,9000.0,13,6.43,Lahore,Punjab,DHA Defence,House,3.0,3.54,sale_derived
31.453707,74.228239,81500.0,87000.0,52000,100000,5906.25,6250.0,4,14.0,Lahore,Punjab,Gulbahar Park,House,6.5,6.0,sale_derived
31.453817,74.22153,76666.67,76000.0,74000,80000,7666.67,7600.0,3,10.0,Lahore,Punjab,PASSCO Housing Society,House,4.33,5.33,sale_derived
31.45384692,74.44513725,54000.0,54000.0,54000,54000,6000.0,6000.0,1,9.0,Lahore,Punjab,Bedian Road,House,4.0,5.0,sale_derived
31.45387665,74.19578612,42000.0,42000.0,42000,42000,8400.0,8400.0,1,5.0,Lahore,Punjab,Park View Villas,House,3.0,3.0,sale_derived
31.45406838,74.43572082,60000.0,60000.0,60000,60000,6000.0,6000.0,1,10.0,Lahore,Punjab,Askari,Flat,3.0,3.0,sale_derived
31.454073,74.356456,46666.67,48000.0,36000,56000,7244.44,6400.0,3,6.5,Lahore,Punjab,Gulistan Colony,House,4.67,3.33,sale_derived
31.454132,74.228056,70000.0,70000.0,48000,92000,6875.0,6875.0,2,11.0,Lahore,Punjab,Lahore Canal Bank Cooperative Housing Society,House,2.5,3.0,sale_derived
31.454181,74.281004,85546.67,83000.0,44000,144000,9228.49,9571.43,30,9.53,Lahore,Punjab,Revenue Society,House,4.27,3.9,sale_derived
31.454285,74.378877,34315.0,38430.0,16800,43600,7384.9,7609.8,4,4.53,Lahore,Punjab,Shanghai Road,Flat,1.5,1.75,sale_derived
31.45433,74.269502,190000.0,210000.0,124000,236000,10074.36,10673.08,6,18.83,Lahore,Punjab,Abdalians Cooperative Housing Society,House,4.83,4.83,sale_derived
31.454618,74.368249,17784.0,18000.0,8000,36000,5122.47,5000.0,25,3.54,Lahore,Punjab,Kamahan Road,House,2.6,2.28,sale_derived
31.454618,74.36825,11400.0,11400.0,11400,11400,4560.0,4560.0,1,2.5,Lahore,Punjab,Kamahan Road,House,2.0,3.0,sale_derived
31.45461845,74.36824799,15600.0,15600.0,15600,15600,5200.0,5200.0,1,3.0,Lahore,Punjab,Kamahan Road,House,2.0,3.0,sale_derived
31.45469578,74.2722559,156000.0,156000.0,156000,156000,7800.0,7800.0,1,20.0,Lahore,Punjab,Abdalians Cooperative Housing Society,House,6.0,6.0,sale_derived
31.454696,74.28719,59478.26,46000.0,24000,170000,8334.99,8000.0,23,7.07,Lahore,Punjab,Johar Town,House,4.48,4.65,sale_derived
31.454697,74.28719,130000.0,130000.0,130000,130000,10833.33,10833.33,1,12.0,Lahore,Punjab,Johar Town,House,5.0,6.0,sale_derived
31.454912,74.35767956,15200.0,15200.0,15200,15200,6080.0,6080.0,1,2.5,Lahore,Punjab,Ferozepur Road,House,0.0,0.0,sale_derived
31.454915,74.254189,30666.67,28000.0,20000,44000,5644.44,5600.0,3,5.33,Lahore,Punjab,Nasirabad,House,4.0,3.33,sale_derived
31.4549165,74.21600819,190000.0,190000.0,190000,190000,9500.0,9500.0,1,20.0,Lahore,Punjab,Mohafiz Town,House,5.0,4.0,sale_derived
31.455025,74.361649,20000.0,20000.0,20000,20000,6666.67,6666.67,1,3.0,Lahore,Punjab,Gul Colony,House,4.0,4.0,sale_derived
31.45508933,74.23686147,62000.0,62000.0,62000,62000,6078.43,6078.43,1,10.2,Lahore,Punjab,Abdul Sattar Edhi Road,House,4.0,5.0,sale_derived
31.455098,74.402976,25200.0,25200.0,25200,25200,6300.0,6300.0,1,4.0,Lahore,Punjab,Sui Gas Housing Society,Flat,0.0,0.0,sale_derived
31.455135,74.399414,166000.0,170000.0,130000,180000,8300.0,8500.0,5,20.0,Lahore,Punjab,Sui Gas Housing Society,House,5.0,4.0,sale_derived
31.45513509,74.34555531,32000.0,32000.0,32000,32000,6400.0,6400.0,1,5.0,Lahore,Punjab,Cantt,House,3.0,3.0,sale_derived
31.455172,74.20245,60000.0,60000.0,60000,60000,6000.0,6000.0,1,10.0,Lahore,Punjab,Park View Villas,House,4.0,4.0,sale_derived
31.455172,74.202454,47477.78,40000.0,36000,80000,8117.78,8000.0,18,6.06,Lahore,Punjab,Park View Villas,House,3.11,3.06,sale_derived
31.45533,74.197359,37066.67,38000.0,30000,43200,7413.33,7600.0,3,5.0,Lahore,Punjab,Park View Villas,House,3.0,2.0,sale_derived
31.455364,73.171658,50000.0,50000.0,50000,50000,5000.0,5000.0,1,10.0,Faisalabad,Punjab,Canal Road,House,4.0,0.0,rental
31.45539,74.29242,60000.0,60000.0,60000,60000,8571.43,8571.43,1,7.0,Lahore,Punjab,Highcourt Society,House,0.0,0.0,sale_derived
31.455391,74.292419,83600.0,96000.0,46000,112000,7271.11,6400.0,5,14.5,Lahore,Punjab,Highcourt Society,House,4.6,5.2,sale_derived
31.455427,74.28681,92000.0,92000.0,92000,92000,7666.67,7666.67,1,12.0,Lahore,Punjab,Johar Town,House,5.0,6.0,sale_derived
31.455428,74.411001,260000.0,260000.0,260000,260000,6500.0,6500.0,1,40.0,Lahore,Punjab,HBFC Housing Society,House,5.0,6.0,sale_derived
31.455431,74.227133,62500.0,58000.0,34000,100000,7735.67,7546.34,4,8.55,Lahore,Punjab,Lahore Canal Bank Cooperative Housing Society,House,4.25,4.0,sale_derived
31.455465,74.295859,74800.0,40000.0,32000,180000,9616.67,10666.67,5,7.8,Lahore,Punjab,Johar Town,House,6.0,6.2,sale_derived
31.455465,74.399142,162666.67,157000.0,124000,260000,8115.1,8150.0,18,20.06,Lahore,Punjab,Sui Gas Housing Society,House,4.72,4.61,sale_derived
31.455522,74.465523,159600.0,159600.0,159600,159600,7980.0,7980.0,1,20.0,Lahore,Punjab,DHA Defence,House,5.0,6.0,sale_derived
31.455574,74.421276,224000.0,224000.0,224000,224000,11200.0,11200.0,1,20.0,Lahore,Punjab,DHA Defence,House,0.0,0.0,sale_derived
31.45563074,74.2210485,172000.0,172000.0,172000,172000,8600.0,8600.0,1,20.0,Lahore,Punjab,PASSCO Housing Society,House,0.0,0.0,sale_derived
31.455684,74.406953,176120.0,144000.0,88000,310000,6837.15,7128.95,10,25.4,Lahore,Punjab,HBFC Housing Society,House,4.5,5.7,sale_derived
31.45572,74.236336,50000.0,50000.0,50000,50000,7142.86,7142.86,1,7.0,Lahore,Punjab,Excise & Taxation Housing Scheme,House,2.0,2.0,sale_derived
31.455721,74.236336,138000.0,138000.0,64000,212000,9888.89,9888.89,2,13.0,Lahore,Punjab,Excise & Taxation Housing Scheme,House,2.0,3.0,sale_derived
31.455721,74.386368,163372.55,150000.0,90000,264000,10595.04,10800.0,51,22.63,Lahore,Punjab,DHA Defence,House,4.65,5.37,sale_derived
31.455794,74.265604,122000.0,98000.0,72000,312000,9985.71,9800.0,8,12.12,Lahore,Punjab,Abdalians Cooperative Housing Society,House,4.75,4.5,sale_derived
31.455831,74.366541,32349.33,31000.0,96,64000,6908.17,7392.59,6,4.9,Lahore,Punjab,Punjab Coop Housing Society,House,2.67,3.0,sale_derived
31.455867,74.274273,50737.5,49000.0,32000,78000,11631.56,11600.0,64,4.42,Lahore,Punjab,Johar Town,House,4.09,3.38,sale_derived
31.455868,74.27428,50000.0,50000.0,50000,50000,10000.0,10000.0,1,5.0,Lahore,Punjab,Johar Town,House,3.0,4.0,sale_derived
31.45590616,74.29302424,40000.0,40000.0,40000,40000,5000.0,5000.0,1,8.0,Lahore,Punjab,Highcourt Society,House,2.0,2.0,sale_derived
31.455949,74.370964,14700.0,14700.0,14400,15000,4900.0,4900.0,2,3.0,Lahore,Punjab,Shanghai Road,House,3.0,3.0,sale_derived
31.456123,74.26882,177066.67,215200.0,100000,216000,7825.0,6750.0,3,24.67,Lahore,Punjab,Abdalians Cooperative Housing Society,House,4.0,5.0,sale_derived
31.456124,74.268823,162523.81,170000.0,68000,232000,9408.95,9823.08,42,17.43,Lahore,Punjab,Abdalians Cooperative Housing Society,House,4.67,4.17,sale_derived
31.45621704,74.25105974,26000.0,26000.0,26000,26000,8666.67,8666.67,1,3.0,Lahore,Punjab,Nawab Town,House,2.0,4.0,sale_derived
31.45646,74.236846,85333.33,92000.0,24000,140000,7406.5,7000.0,3,11.4,Lahore,Punjab,Abdul Sattar Edhi Road,House,4.0,5.67,sale_derived
31.45655367,74.3538487,26000.0,26000.0,26000,26000,10400.0,10400.0,1,2.5,Lahore,Punjab,Ferozepur Road,House,3.0,4.0,sale_derived
31.45659978,73.1407037,23000.0,23000.0,23000,23000,2555.56,2555.56,1,9.0,Faisalabad,Punjab,Manawala,House,3.0,4.0,rental
31.456673,74.268816,215600.0,220000.0,182000,240000,10601.82,11000.0,5,20.4,Lahore,Punjab,Abdalians Cooperative Housing Society,House,5.2,3.6,sale_derived
31.45672706,74.2538671,80000.0,80000.0,80000,80000,4000.0,4000.0,1,20.0,Lahore,Punjab,Aitchison Society,House,3.0,4.0,sale_derived
31.456732,74.258442,31733.33,32800.0,28000,34400,9333.33,10933.33,3,3.67,Lahore,Punjab,Expo Avenue Society,House,2.67,2.67,sale_derived
31.456892,74.392118,184300.0,195000.0,124000,220000,9215.0,9750.0,20,20.0,Lahore,Punjab,DHA Defence,House,5.0,6.0,sale_derived
31.456928,74.30593,64000.0,64000.0,64000,64000,12800.0,12800.0,1,5.0,Lahore,Punjab,Township,House,4.0,4.0,sale_derived
31.456929,74.30593,45582.22,36000.0,15200,200000,8381.41,8000.0,45,5.23,Lahore,Punjab,Township,House,3.2,2.42,sale_derived
31.457079,74.191032,36000.0,36000.0,36000,36000,7200.0,7200.0,1,5.0,Lahore,Punjab,Park View Villas,House,3.0,4.0,sale_derived
31.457149,74.415379,222571.43,220000.0,80000,340000,11860.19,11000.0,28,18.73,Lahore,Punjab,DHA Defence,House,4.79,4.75,sale_derived
31.457167,74.374419,78666.67,76000.0,70000,92000,7183.77,7400.0,6,11.52,Lahore,Punjab,Punjab Coop Housing Society,House,4.67,5.33,sale_derived
31.457371,74.372419,58200.0,46000.0,40000,128000,8440.0,8920.0,6,7.5,Lahore,Punjab,Punjab Coop Housing Society,House,3.33,4.17,sale_derived
31.45752,74.227997,53428.57,52000.0,46000,74000,9626.19,9333.33,7,5.57,Lahore,Punjab,Bahria Town,House,3.43,3.57,sale_derived
31.457624,74.284823,132000.0,140000.0,48000,200000,7833.33,8333.33,11,17.64,Lahore,Punjab,Johar Town,House,5.73,3.36,sale_derived
31.457771,73.071649,70000.0,70000.0,70000,70000,4458.6,4458.6,1,15.7,Faisalabad,Punjab,Lasani Garden,House,5.0,6.0,rental
31.457807,74.253159,35800.0,32000.0,20000,72000,7200.0,6400.0,8,5.0,Lahore,Punjab,Aitchison Society,House,2.25,1.62,sale_derived
31.457808,74.25316,144000.0,144000.0,144000,144000,7200.0,7200.0,1,20.0,Lahore,Punjab,Aitchison Society,House,4.0,6.0,sale_derived
31.45797539,74.32028198,110000.0,110000.0,110000,110000,5500.0,5500.0,1,20.0,Lahore,Punjab,Township,House,6.0,6.0,sale_derived
31.457976,74.32028,154896.55,150000.0,26000,340000,7432.57,6500.0,29,21.57,Lahore,Punjab,Township,House,4.79,3.52,sale_derived
31.457991,74.411817,136857.14,134000.0,126000,150000,6842.86,6700.0,7,20.0,Lahore,Punjab,HBFC Housing Society,House,5.0,4.86,sale_derived
31.458035,74.33581,36000.0,36000.0,36000,36000,9000.0,9000.0,1,4.0,Lahore,Punjab,Kot Lakhpat,House,5.0,3.0,sale_derived
31.45812892,74.30605632,48000.0,48000.0,48000,48000,9600.0,9600.0,1,5.0,Lahore,Punjab,Township,House,6.0,5.0,sale_derived
31.45817358,74.32049274,139333.33,140000.0,56000,222000,6050.0,5600.0,3,23.33,Lahore,Punjab,Government Employees Cooperative Housing Society (GECHS),House,3.67,4.33,sale_derived
31.45845728,74.43673968,104000.0,104000.0,104000,104000,10400.0,10400.0,1,10.0,Lahore,Punjab,Askari,House,5.0,5.0,sale_derived
31.458466,74.292161,62753.85,59000.0,20800,180000,7875.13,8133.33,26,8.56,Lahore,Punjab,Johar Town,House,3.0,2.58,sale_derived
31.458466,74.300144,52457.14,53200.0,16000,90000,8738.1,8866.67,7,6.14,Lahore,Punjab,Johar Town,House,4.57,2.86,sale_derived
31.45849847,74.2977456,46000.0,46000.0,46000,46000,9200.0,9200.0,1,5.0,Lahore,Punjab,Johar Town,House,5.0,5.0,sale_derived
31.458503,74.37036,74142.86,74000.0,60000,92000,7414.29,7400.0,14,10.0,Lahore,Punjab,Punjab Coop Housing Society,House,4.14,4.93,sale_derived
31.45852089,74.36039734,34000.0,34000.0,34000,34000,11333.33,11333.33,1,3.0,Lahore,Punjab,Cantt,House,3.0,4.0,sale_derived
31.458576,73.160355,55833.33,52500.0,35000,90000,5014.43,4541.67,6,12.17,Faisalabad,Punjab,Faisal Town,House,4.33,5.0,rental
31.458629,73.163454,35000.0,35000.0,35000,35000,1458.33,1458.33,1,24.0,Faisalabad,Punjab,Faisal Valley,Upper Portion,3.0,3.0,rental
31.458647,74.440962,39866.67,24000.0,19600,76000,8996.83,9600.0,3,4.17,Lahore,Punjab,Bedian Road,House,3.0,2.33,sale_derived
31.458686,74.359331,31936.84,30000.0,14400,51200,8512.27,8500.0,19,4.03,Lahore,Punjab,Shoukat Town,House,3.58,3.68,sale_derived
31.458686,74.406624,248460.87,248400.0,170000,344000,12282.6,12300.0,46,20.26,Lahore,Punjab,DHA Defence,House,4.89,5.35,sale_derived
31.458687,74.35933,15600.0,15600.0,15600,15600,7800.0,7800.0,1,2.0,Lahore,Punjab,Shoukat Town,House,3.0,2.0,sale_derived
31.458838,74.33375,35200.0,35200.0,35200,35200,6400.0,6400.0,1,5.5,Lahore,Punjab,Kot Lakhpat,House,3.0,3.0,sale_derived
31.45892583,74.25528511,48800.0,48800.0,48800,48800,6971.43,6971.43,1,7.0,Lahore,Punjab,Aitchison Society,House,4.0,6.0,sale_derived
31.458942,74.23114,112000.0,112000.0,112000,112000,7466.67,7466.67,1,15.0,Lahore,Punjab,Eden,House,4.0,6.0,sale_derived
31.458942,74.231143,75877.78,50000.0,36600,180000,8182.96,8000.0,18,9.17,Lahore,Punjab,Eden,House,3.33,3.28,sale_derived
31.45894236,74.43601024,90000.0,90000.0,90000,90000,8181.82,8181.82,1,11.0,Lahore,Punjab,Askari,House,3.0,3.0,sale_derived
31.45895606,74.3623513,18800.0,18800.0,18800,18800,7520.0,7520.0,1,2.5,Lahore,Punjab,Airport Road,House,4.0,2.0,sale_derived
31.458979,74.373565,68264.71,64000.0,11600,170000,7941.25,8000.0,204,9.35,Lahore,Punjab,Punjab Coop Housing Society,House,3.56,2.82,sale_derived
31.458979,74.373566,90600.0,90600.0,71200,110000,6310.0,6310.0,2,15.0,Lahore,Punjab,Punjab Coop Housing Society,House,7.5,6.5,sale_derived
31.459016,74.480303,137600.0,153600.0,83200,160000,7920.0,7950.0,4,17.5,Lahore,Punjab,DHA Defence,House,4.75,5.5,sale_derived
31.459042,74.537575,106400.0,106400.0,106400,106400,760.0,760.0,1,140.0,Lahore,Punjab,Cantt,Farm House,0.0,0.0,sale_derived
31.459125,73.131852,10000.0,10000.0,10000,10000,2000.0,2000.0,1,5.0,Faisalabad,Punjab,Manawala,Lower Portion,0.0,0.0,rental
31.459134,73.182456,32666.67,35000.0,23000,40000,5766.67,7000.0,3,6.67,Faisalabad,Punjab,Amir Town,House,3.33,3.33,rental
31.459162,74.271569,64758.62,60000.0,40000,108000,10625.29,10400.0,29,6.21,Lahore,Punjab,Johar Town,House,4.21,1.93,sale_derived
31.459198,73.0803,28000.0,28000.0,28000,28000,1400.0,1400.0,1,20.0,Faisalabad,Punjab,Muslim Town,Upper Portion,4.0,0.0,rental
31.459491,74.395294,171075.56,152000.0,94000,340000,12937.15,12800.0,45,13.58,Lahore,Punjab,DHA Defence,House,4.64,5.49,sale_derived
31.459546,73.176701,16000.0,16000.0,16000,16000,12307.69,12307.69,1,1.3,Faisalabad,Punjab,Canal Road,Room,1.0,1.0,rental
31.459646,73.172034,45000.0,45000.0,40000,50000,6083.33,6083.33,2,8.5,Faisalabad,Punjab,Canal Garden,House,3.0,4.0,rental
31.459646,73.172035,45000.0,45000.0,45000,45000,6428.57,6428.57,1,7.0,Faisalabad,Punjab,Canal Garden,House,4.0,5.0,rental
31.45978355,74.45795441,216000.0,216000.0,216000,216000,10800.0,10800.0,1,20.0,Lahore,Punjab,DHA Defence,House,5.0,6.0,sale_derived
31.459784,74.457951,177538.46,170000.0,80000,260000,13513.89,8500.0,65,19.6,Lahore,Punjab,DHA Defence,House,5.08,5.46,sale_derived
31.45978745,73.08057088,55000.0,55000.0,55000,55000,6111.11,6111.11,1,9.0,Faisalabad,Punjab,Muslim Town,House,4.0,5.0,rental
31.45983006,74.36044157,32000.0,32000.0,32000,32000,10322.58,10322.58,1,3.1,Lahore,Punjab,Cantt,House,3.0,4.0,sale_derived
31.460187,74.432459,72419.84,64000.0,5600,170000,6612.69,5833.33,504,11.42,Lahore,Punjab,Askari,Flat,3.38,3.51,sale_derived
31.46018791,74.43245697,53066.67,52800.0,52000,54400,5306.67,5280.0,3,10.0,Lahore,Punjab,Askari,Flat,3.0,3.0,sale_derived
31.460188,74.43246,67750.0,62400.0,44000,108000,6416.67,5706.67,8,10.5,Lahore,Punjab,Askari,Flat,2.88,3.12,sale_derived
31.46019,74.376557,105100.0,119000.0,60000,140000,6380.0,6400.0,8,17.0,Lahore,Punjab,Punjab Coop Housing Society,House,3.88,4.38,sale_derived
31.46020833,74.39991295,124000.0,124000.0,124000,124000,12400.0,12400.0,1,10.0,Lahore,Punjab,DHA Defence,House,4.0,5.0,sale_derived
31.460224,74.417911,264676.92,278000.0,160000,303600,13233.85,13900.0,26,20.0,Lahore,Punjab,DHA Defence,House,4.81,5.5,sale_derived
31.460255,74.365033,34000.0,34000.0,34000,34000,8500.0,8500.0,1,4.0,Lahore,Punjab,Defence Fort,House,3.0,3.0,sale_derived
31.46027827,74.34003296,32000.0,32000.0,32000,32000,6400.0,6400.0,1,5.0,Lahore,Punjab,Kot Lakhpat,House,2.0,1.0,sale_derived
31.460297,74.240441,72618.18,34000.0,30000,150000,8972.01,10000.0,11,9.41,Lahore,Punjab,Sultan Town,House,3.91,2.55,sale_derived
31.46082047,74.22981293,36000.0,36000.0,36000,36000,7200.0,7200.0,1,5.0,Lahore,Punjab,Eden Villas,House,4.0,5.0,sale_derived
31.460918,74.41083,216000.0,216000.0,216000,216000,10800.0,10800.0,1,20.0,Lahore,Punjab,DHA Defence,House,5.0,6.0,sale_derived
31.460919,74.41083,230163.64,220000.0,120000,340000,11988.35,11350.0,22,19.18,Lahore,Punjab,DHA Defence,House,4.95,6.0,sale_derived
31.460956,74.289122,58800.0,46000.0,26000,180000,9241.27,9200.0,15,6.37,Lahore,Punjab,Johar Town,House,3.6,2.87,sale_derived
31.461066,74.278815,148888.89,160000.0,96000,182000,9081.48,9000.0,9,16.89,Lahore,Punjab,Johar Town,House,4.89,4.11,sale_derived
31.461066,74.363873,22000.0,22000.0,18000,26000,8833.33,8833.33,2,2.5,Lahore,Punjab,Javed Colony - Ghazi Road,House,3.5,4.0,sale_derived
31.461139,74.233675,68666.67,68000.0,56000,90000,6567.72,6514.29,6,10.5,Lahore,Punjab,Doctors Housing Society,House,3.0,2.33,sale_derived
31.46113968,74.2336731,68000.0,68000.0,68000,68000,6800.0,6800.0,1,10.0,Lahore,Punjab,Doctors Housing Society,House,5.0,6.0,sale_derived
31.46114,74.23367,120000.0,120000.0,120000,120000,6000.0,6000.0,1,20.0,Lahore,Punjab,Doctors Housing Society,House,6.0,7.0,sale_derived
31.461285,74.301002,79000.0,66000.0,39600,140000,8348.57,7960.0,14,10.29,Lahore,Punjab,Johar Town,House,4.21,2.36,sale_derived
31.461395,74.41566825,113200.0,113200.0,113200,113200,15943.66,15943.66,1,7.1,Lahore,Punjab,DHA Defence,Flat,3.0,0.0,sale_derived
31.461468,74.389973,153516.0,150000.0,500,254000,12127.23,7500.0,35,19.46,Lahore,Punjab,DHA Defence,House,4.66,4.94,sale_derived
31.461468,74.415529,103440.0,96000.0,42000,154000,15704.0,15510.2,15,6.93,Lahore,Punjab,DHA Defence,Flat,2.27,2.47,sale_derived
31.46154,73.086586,40000.0,40000.0,30000,50000,3715.28,3715.28,2,12.5,Faisalabad,Punjab,Muslim Town,House,1.5,1.5,rental
31.461541,73.086584,43379.31,40000.0,10000,95000,4073.75,3750.0,29,11.16,Faisalabad,Punjab,Muslim Town,House,3.9,1.31,rental
31.46154142,74.3301487,28000.0,28000.0,28000,28000,4666.67,4666.67,1,6.0,Lahore,Punjab,Peco Road,House,5.0,3.0,sale_derived
31.461569,73.063812,46111.11,45000.0,35000,55000,8833.33,9000.0,9,5.56,Faisalabad,Punjab,Sitara Sapna City,House,0.22,0.22,rental
31.461578,74.270024,58605.63,58000.0,200,118000,11455.15,11600.0,71,5.09,Lahore,Punjab,Johar Town,House,4.54,3.7,sale_derived
31.461578,74.27003,46000.0,46000.0,46000,46000,13142.86,13142.86,1,3.5,Lahore,Punjab,Johar Town,House,4.0,4.0,sale_derived
31.461761,74.36834,194666.67,224000.0,100000,260000,11400.0,11200.0,3,16.67,Lahore,Punjab,DHA Defence,House,4.67,5.67,sale_derived
31.461761,74.368343,146329.41,132000.0,80000,220000,8634.12,9000.0,17,17.18,Lahore,Punjab,DHA Defence,House,4.71,5.82,sale_derived
31.461834,74.488678,106000.0,106000.0,106000,106000,2650.0,2650.0,1,40.0,Lahore,Punjab,DHA Defence,House,0.0,0.0,sale_derived
31.46193723,74.33022112,28000.0,28000.0,28000,28000,5600.0,5600.0,1,5.0,Lahore,Punjab,Kot Lakhpat,House,4.0,2.0,sale_derived
31.462053,74.29019,50000.0,50000.0,50000,50000,10000.0,10000.0,1,5.0,Lahore,Punjab,Johar Town,House,0.0,0.0,sale_derived
31.46212712,73.08122635,50000.0,50000.0,50000,50000,2500.0,2500.0,1,20.0,Faisalabad,Punjab,Muslim Town,Upper Portion,4.0,4.0,rental
31.462164,74.414327,16000.0,16000.0,16000,16000,1509.43,1509.43,1,10.6,Lahore,Punjab,DHA Defence,Flat,3.0,3.0,sale_derived
31.46216831,74.33715194,16000.0,16000.0,16000,16000,6400.0,6400.0,1,2.5,Lahore,Punjab,Kot Lakhpat,House,4.0,2.0,sale_derived
31.462347,74.29364,98742.86,64000.0,37200,188000,8681.9,8533.33,7,11.79,Lahore,Punjab,Johar Town,House,4.29,4.57,sale_derived
31.462347,74.293642,77057.45,60000.0,200,290000,9351.74,9306.67,282,8.66,Lahore,Punjab,Johar Town,House,3.98,3.7,sale_derived
31.46234703,74.29364014,90000.0,90000.0,90000,90000,10000.0,10000.0,1,9.0,Lahore,Punjab,Johar Town,House,5.0,4.0,sale_derived
31.46235591,74.29505467,100000.0,100000.0,100000,100000,8333.33,8333.33,1,12.0,Lahore,Punjab,Johar Town,House,5.0,5.0,sale_derived
31.462434,73.172588,50000.0,50000.0,50000,50000,8333.33,8333.33,1,6.0,Faisalabad,Punjab,Faisal Gardens,House,5.0,5.0,rental
31.462493,74.409342,190198.32,184000.0,760,340000,14609.23,12000.0,976,19.98,Lahore,Punjab,DHA Defence,House,4.61,5.24,sale_derived
31.462493,74.452372,134488.89,124000.0,50000,260000,11357.31,11600.0,324,12.57,Lahore,Punjab,DHA Defence,House,4.1,4.65,sale_derived
31.4624939,74.4093399,240000.0,240000.0,240000,240000,12000.0,12000.0,1,20.0,Lahore,Punjab,DHA Defence,House,4.0,3.0,sale_derived
31.462494,74.40934,272000.0,272000.0,272000,272000,13600.0,13600.0,1,20.0,Lahore,Punjab,DHA Defence,House,7.0,7.0,sale_derived
31.462494,74.45237,87000.0,87000.0,86000,88000,12428.57,12428.57,2,7.0,Lahore,Punjab,DHA Defence,House,3.5,1.5,sale_derived
31.46278146,74.43301141,28000.0,28000.0,28000,28000,4666.67,4666.67,1,6.0,Lahore,Punjab,Askari,Flat,2.0,2.0,sale_derived
31.463006,73.087957,22500.0,22500.0,10000,35000,1125.0,1125.0,2,20.0,Faisalabad,Punjab,Muslim Town,Room,6.5,6.0,rental
31.463041,74.25387,63333.33,72000.0,40000,78000,6980.95,7800.0,3,9.67,Lahore,Punjab,Judicial Colony,House,3.67,5.0,sale_derived
31.463042,74.253867,54800.0,44000.0,24000,118000,6631.11,5666.67,15,8.67,Lahore,Punjab,Judicial Colony,House,3.4,2.07,sale_derived
31.463074,74.321506,46320.0,44000.0,14000,80000,7576.59,7000.0,15,6.27,Lahore,Punjab,Habib Homes,House,3.4,3.4,sale_derived
31.463152,73.173137,57500.0,60000.0,35000,75000,4979.17,5375.0,4,11.5,Faisalabad,Punjab,Faisal Gardens,House,1.5,1.25,rental
31.463189,74.373879,172024.62,154000.0,320,260000,8602.46,7700.0,13,19.23,Lahore,Punjab,DHA Defence,House,4.46,4.15,sale_derived
31.463225,74.201696,18133.33,14400.0,14000,26000,4297.78,4333.33,3,4.5,Lahore,Punjab,Shahpur Kanjra,House,2.67,2.0,sale_derived
31.463244,73.16133,21500.0,22000.0,12000,30000,4575.0,4950.0,4,4.75,Faisalabad,Punjab,Lahore - Sheikhupura - Faisalabad Road,House,3.5,2.5,rental
31.46328,73.09718,35000.0,35000.0,35000,35000,1944.44,1944.44,1,18.0,Faisalabad,Punjab,Green Town,Upper Portion,3.0,3.0,rental
31.46328,73.097187,17571.43,14000.0,12000,35000,3722.45,2800.0,7,4.79,Faisalabad,Punjab,Green Town,House,1.14,1.57,rental
31.463335,74.29714,84952.38,76000.0,48000,150000,8163.81,8000.0,21,10.71,Lahore,Punjab,Johar Town,House,4.52,3.95,sale_derived
31.463393,73.158198,22000.0,22000.0,22000,22000,2200.0,2200.0,1,10.0,Faisalabad,Punjab,Naveed Garden,Upper Portion,5.0,4.0,rental
31.463563,74.245571,83292.31,74000.0,26000,140000,7713.37,7555.56,13,10.94,Lahore,Punjab,Ali Town,House,5.23,3.46,sale_derived
31.463665,74.400616,170323.4,160000.0,104000,294000,13991.91,14600.0,47,12.55,Lahore,Punjab,DHA Defence,House,4.15,4.55,sale_derived
31.463848,73.124306,22000.0,21000.0,18000,25000,2794.29,2500.0,10,8.1,Faisalabad,Punjab,Rehman Town,Upper Portion,0.2,0.0,rental
31.46388106,74.32297245,48000.0,48000.0,48000,48000,5052.63,5052.63,1,9.5,Lahore,Punjab,Township,House,6.0,4.0,sale_derived
31.463884,74.271269,59460.0,56000.0,48000,84000,11332.0,10920.0,40,5.31,Lahore,Punjab,Johar Town,House,4.62,3.72,sale_derived
31.463957,74.30995,55745.45,48000.0,26000,260000,10587.51,10400.0,33,5.28,Lahore,Punjab,Township,House,4.15,2.27,sale_derived
31.463994,74.379544,167066.67,168000.0,130000,210000,8307.58,8400.0,15,20.13,Lahore,Punjab,DHA Defence,House,4.47,4.4,sale_derived
31.46425,73.085768,35000.0,35000.0,35000,35000,1944.44,1944.44,1,18.0,Faisalabad,Punjab,Muslim Town,Upper Portion,0.0,0.0,rental
31.46462712,74.25048165,42000.0,42000.0,42000,42000,8400.0,8400.0,1,5.0,Lahore,Punjab,Judicial Colony,House,4.0,5.0,sale_derived
31.464663,74.2361,220000.0,220000.0,220000,220000,5500.0,5500.0,1,40.0,Lahore,Punjab,West Wood Housing Society,House,7.0,6.0,sale_derived
31.464725,74.448296,180000.0,180000.0,180000,180000,9000.0,9000.0,1,20.0,Lahore,Punjab,DHA Defence,House,5.0,6.0,sale_derived
31.46481163,74.29661049,46000.0,46000.0,46000,46000,9200.0,9200.0,1,5.0,Lahore,Punjab,Johar Town,House,4.0,4.0,sale_derived
31.465055,74.478035,93000.0,93000.0,90000,96000,4650.0,4650.0,2,20.0,Lahore,Punjab,DHA Defence,House,3.0,4.0,sale_derived
31.46527481,74.29190063,92000.0,92000.0,92000,92000,9200.0,9200.0,1,10.0,Lahore,Punjab,Johar Town,House,5.0,6.0,sale_derived
31.465275,74.28405,115022.22,110000.0,46000,178000,8954.61,9200.0,27,13.98,Lahore,Punjab,Johar Town,House,5.3,5.0,sale_derived
31.465275,74.291897,101928.97,96000.0,20000,220000,8843.55,8750.0,107,12.11,Lahore,Punjab,Johar Town,House,4.54,5.03,sale_derived
31.465275,74.2919,63500.0,44400.0,39200,126000,8150.0,8320.0,4,8.25,Lahore,Punjab,Johar Town,House,2.75,3.0,sale_derived
31.465311,74.30358,88000.0,88000.0,88000,88000,7333.33,7333.33,1,12.0,Lahore,Punjab,Johar Town,House,4.0,3.0,sale_derived
31.465312,74.303584,73052.63,56000.0,42000,200000,9431.58,10000.0,19,8.47,Lahore,Punjab,Johar Town,House,4.05,3.16,sale_derived
31.465422,74.385309,159908.13,154000.0,80,324000,10034.38,9700.0,342,17.97,Lahore,Punjab,DHA Defence,House,4.53,5.15,sale_derived
31.465495,74.276676,64000.0,64000.0,62000,66000,12800.0,12800.0,3,5.0,Lahore,Punjab,Johar Town,House,5.0,5.0,sale_derived
31.465641,74.34112,22000.0,22000.0,10000,34000,5066.67,5066.67,2,4.0,Lahore,Punjab,Peco Road,House,1.5,0.0,sale_derived
31.465641,74.341121,42020.0,28400.0,10400,198400,7177.62,7000.0,20,6.22,Lahore,Punjab,Peco Road,House,3.05,1.85,sale_derived
31.46578789,74.23788452,39000.0,39000.0,34000,44000,5600.0,5600.0,2,7.5,Lahore,Punjab,West Wood Housing Society,House,2.5,2.5,sale_derived
31.465788,74.237881,148061.54,150000.0,60000,220000,5679.63,5500.0,13,27.23,Lahore,Punjab,West Wood Housing Society,House,4.54,2.85,sale_derived
31.465788,74.237885,71200.0,71200.0,71200,71200,7120.0,7120.0,1,10.0,Lahore,Punjab,West Wood Housing Society,House,4.0,6.0,sale_derived
31.46589748,74.31920528,149200.0,150000.0,134000,160000,7460.0,7500.0,5,20.0,Lahore,Punjab,Government Employees Cooperative Housing Society (GECHS),House,4.8,4.8,sale_derived
31.466007,74.448338,184870.92,192000.0,68000,320000,9714.07,9700.0,141,19.16,Lahore,Punjab,DHA Defence,House,5.01,5.52,sale_derived
31.46606,73.071941,23071.43,23000.0,22000,25000,4614.29,4600.0,14,5.0,Faisalabad,Punjab,Eden Gardens,Upper Portion,0.0,0.0,rental
31.466154,74.29641,71709.09,66000.0,42000,150000,10263.87,10080.0,33,7.41,Lahore,Punjab,Johar Town,House,3.97,3.39,sale_derived
31.466167,74.244961,28448.98,28000.0,9200,80000,9081.2,9142.86,98,3.2,Lahore,Punjab,Lalazar,House,2.93,2.7,sale_derived
31.46622692,74.32010651,158000.0,164000.0,66000,260000,7731.67,8125.0,5,20.2,Lahore,Punjab,Government Employees Cooperative Housing Society (GECHS),House,5.4,5.8,sale_derived
31.466227,74.427137,210344.83,188000.0,106000,344000,11666.01,11050.0,58,19.09,Lahore,Punjab,DHA Defence,House,4.6,5.16,sale_derived
31.466227,74.42714,233000.0,233000.0,230000,236000,11650.0,11650.0,2,20.0,Lahore,Punjab,DHA Defence,House,5.0,6.0,sale_derived
31.466227,74.440012,180280.7,174000.0,72000,260000,10785.96,11000.0,57,17.3,Lahore,Punjab,DHA Defence,House,4.96,5.46,sale_derived
31.46624151,74.43157509,30800.0,30800.0,30800,30800,6160.0,6160.0,1,5.0,Lahore,Punjab,Alfalah Town,House,4.0,3.0,sale_derived
31.466337,74.256892,96521.74,68000.0,44000,228000,12256.52,13200.0,23,8.04,Lahore,Punjab,Johar Town,House,4.91,4.0,sale_derived
31.466373,74.315983,121238.1,140000.0,24000,340000,8116.01,8000.0,21,15.6,Lahore,Punjab,Model Town,House,4.9,4.86,sale_derived
31.466373,74.31599,48000.0,48000.0,48000,48000,9600.0,9600.0,1,5.0,Lahore,Punjab,Model Town,House,0.0,0.0,sale_derived
31.46641,74.383621,186556.52,168000.0,94000,326000,10063.26,9790.0,46,22.17,Lahore,Punjab,DHA Defence,House,4.8,4.93,sale_derived
31.466447,74.408984,272000.0,260000.0,232000,332000,13600.0,13000.0,6,20.0,Lahore,Punjab,DHA Defence,House,4.83,4.83,sale_derived
31.46652,74.30053,91750.0,82000.0,46000,160000,9402.57,9266.67,32,10.23,Lahore,Punjab,Johar Town,House,4.53,4.25,sale_derived
31.466557,74.25498,48800.0,48800.0,48800,48800,9760.0,9760.0,1,5.0,Lahore,Punjab,Johar Town,House,3.0,4.0,sale_derived
31.466619,73.186781,20000.0,20000.0,20000,20000,2000.0,2000.0,1,10.0,Faisalabad,Punjab,Gulshan-e-Rehman,Upper Portion,0.0,0.0,rental
31.466705,73.177666,17500.0,17500.0,17500,17500,3500.0,3500.0,1,5.0,Faisalabad,Punjab,Latif Garden,House,2.0,3.0,rental
31.466749,73.191842,10000.0,10000.0,10000,10000,2000.0,2000.0,1,5.0,Faisalabad,Punjab,Gatwala Chowk,House,3.0,2.0,rental
31.466814,74.381748,80050.0,67600.0,46000,142800,16424.4,16732.8,8,4.99,Lahore,Punjab,DHA Defence,Flat,1.5,1.88,sale_derived
31.466922,74.26981,60583.11,50000.0,640,200000,10212.11,10000.0,45,5.98,Lahore,Punjab,Johar Town,House,3.93,3.11,sale_derived
31.467069,74.416108,156848.48,120000.0,58000,330000,12164.62,12000.0,66,13.24,Lahore,Punjab,DHA Defence,House,3.98,4.7,sale_derived
31.467105,74.459581,175740.69,175600.0,560,240000,8787.03,8780.0,58,20.0,Lahore,Punjab,DHA Defence,House,4.91,5.69,sale_derived
31.467252,73.17525,24500.0,24500.0,21000,28000,3645.83,3645.83,2,7.0,Faisalabad,Punjab,Sitara Valley,Upper Portion,2.5,2.0,rental
31.46754468,74.31572914,155000.0,155000.0,130000,180000,7750.0,7750.0,2,20.0,Lahore,Punjab,Government Employees Cooperative Housing Society (GECHS),House,5.0,2.5,sale_derived
31.467545,74.247236,118888.89,110000.0,50000,180000,7835.45,8000.0,9,14.89,Lahore,Punjab,Judicial Colony,House,3.56,3.78,sale_derived
31.467545,74.4207,161378.57,176000.0,52800,330000,42081.5,12320.0,112,13.52,Lahore,Punjab,DHA Defence,House,4.22,5.17,sale_derived
31.46766406,74.21587265,80000.0,80000.0,80000,80000,6666.67,6666.67,1,12.0,Lahore,Punjab,Eden,House,4.0,5.0,sale_derived
31.467838,74.39126,104947.0,101000.0,92,156000,9427.7,9700.0,36,11.53,Lahore,Punjab,DHA Defence,House,4.06,4.75,sale_derived
31.46813,74.369545,185777.05,160000.0,108000,340000,8996.84,7800.0,61,20.79,Lahore,Punjab,DHA Defence,House,4.7,5.05,sale_derived
31.468277,74.248095,160000.0,160000.0,160000,160000,8000.0,8000.0,1,20.0,Lahore,Punjab,Judicial Colony,House,6.0,6.0,sale_derived
31.46835,74.401603,205786.27,196000.0,700,330000,10255.0,9780.0,51,20.08,Lahore,Punjab,DHA Defence,House,5.16,6.02,sale_derived
31.468405,74.256424,50000.0,50000.0,50000,50000,10000.0,10000.0,1,5.0,Lahore,Punjab,Johar Town,House,4.0,4.0,sale_derived
31.468496,74.243803,180000.0,180000.0,180000,180000,9000.0,9000.0,1,20.0,Lahore,Punjab,Judicial Colony,House,5.0,5.0,sale_derived
31.468716,74.319849,22711.11,22000.0,19200,26000,7638.52,7333.33,9,3.06,Lahore,Punjab,Bhatti Colony,House,2.56,1.33,sale_derived
31.468716,74.31985,44000.0,44000.0,44000,44000,8800.0,8800.0,1,5.0,Lahore,Punjab,Bhatti Colony,House,7.0,7.0,sale_derived
31.468826,74.273973,56545.45,58000.0,42000,84000,10545.45,10800.0,11,5.45,Lahore,Punjab,Johar Town,House,3.55,2.55,sale_derived
31.468862,74.463358,184811.76,194000.0,130000,312000,9240.59,9700.0,34,20.0,Lahore,Punjab,DHA Defence,House,5.03,5.88,sale_derived
31.469009,74.246535,89600.0,80000.0,44000,160000,8617.14,8571.43,5,10.6,Lahore,Punjab,Judicial Colony,House,4.2,1.4,sale_derived
31.469009,74.309456,67466.67,60000.0,46000,100000,9698.25,9400.0,21,7.14,Lahore,Punjab,Faisal Town,House,3.43,2.52,sale_derived
31.46908188,74.26615143,82000.0,82000.0,64000,100000,12650.0,12650.0,2,6.5,Lahore,Punjab,Johar Town,House,5.0,6.0,sale_derived
31.469082,74.256546,102000.0,102000.0,44000,160000,8400.0,8400.0,2,12.5,Lahore,Punjab,Johar Town,House,4.0,4.5,sale_derived
31.469082,74.256549,68250.0,52000.0,42400,340000,10642.34,10000.0,64,6.31,Lahore,Punjab,Johar Town,House,4.11,3.56,sale_derived
31.469082,74.266148,70739.52,59000.0,112,280000,10588.43,10400.0,142,6.79,Lahore,Punjab,Johar Town,House,4.26,4.74,sale_derived
31.469082,74.26615,60200.0,55600.0,52000,80000,11284.44,10840.0,6,5.5,Lahore,Punjab,Johar Town,House,3.67,4.5,sale_derived
31.469154,74.47055,100000.0,100000.0,100000,100000,8333.33,8333.33,1,12.0,Lahore,Punjab,DHA Defence,House,4.0,5.0,sale_derived
31.469155,74.470553,155348.97,132000.0,14000,344000,9906.31,8600.0,145,17.35,Lahore,Punjab,DHA Defence,House,4.22,2.81,sale_derived
31.46919071,73.08642966,35000.0,35000.0,35000,35000,7000.0,7000.0,1,5.0,Faisalabad,Punjab,Lasani Town,House,3.0,0.0,rental
31.469192,74.42919,100000.0,100000.0,100000,100000,10000.0,10000.0,1,10.0,Lahore,Punjab,Sultan Colony,House,5.0,5.0,sale_derived
31.46920735,73.08651372,15000.0,15000.0,15000,15000,5000.0,5000.0,1,3.0,Faisalabad,Punjab,Lasani Town,Lower Portion,0.0,0.0,rental
31.46920786,74.31965858,44000.0,44000.0,44000,44000,8800.0,8800.0,1,5.0,Lahore,Punjab,Model Town,House,6.0,5.0,sale_derived
31.469448,74.301903,88618.18,68000.0,39600,210000,8805.45,8800.0,22,10.18,Lahore,Punjab,Johar Town,House,3.82,3.18,sale_derived
31.469521,74.363322,131547.37,97000.0,54000,340000,10655.52,11125.0,76,13.54,Lahore,Punjab,DHA Defence,House,4.0,4.61,sale_derived
31.46955788,74.47277784,70000.0,70000.0,70000,70000,7000.0,7000.0,1,10.0,Lahore,Punjab,DHA Defence,House,5.0,6.0,sale_derived
31.469558,74.28139,101401.94,94000.0,50000,240000,10462.29,9750.0,103,9.93,Lahore,Punjab,Johar Town,House,4.88,3.8,sale_derived
31.46955817,74.27289158,60000.0,60000.0,60000,60000,12000.0,12000.0,1,5.0,Lahore,Punjab,Johar Town,House,4.0,4.0,sale_derived
31.46955872,74.28138733,90000.0,90000.0,90000,90000,9000.0,9000.0,1,10.0,Lahore,Punjab,Johar Town,House,5.0,6.0,sale_derived
31.469686,74.426104,150000.0,150000.0,150000,150000,15000.0,15000.0,1,10.0,Lahore,Punjab,DHA Defence,House,4.0,4.0,sale_derived
31.4697083,74.37176015,200000.0,200000.0,200000,200000,10000.0,10000.0,1,20.0,Lahore,Punjab,DHA Defence,House,5.0,7.0,sale_derived
31.469924,74.267278,49283.33,44000.0,12000,104000,9849.86,8800.0,24,5.13,Lahore,Punjab,Johar Town,House,3.12,2.25,sale_derived
31.470028,74.321749,23528.57,15800.0,7400,60000,4794.1,4266.67,14,4.84,Lahore,Punjab,Eden Villas,House,1.5,1.21,sale_derived
31.470038,74.260022,53360.0,56000.0,44800,60000,10672.0,11200.0,5,5.0,Lahore,Punjab,Johar Town,House,3.8,4.4,sale_derived
31.470082,73.068243,45000.0,45000.0,45000,45000,8181.82,8181.82,12,5.5,Faisalabad,Punjab,Daewoo Road,Upper Portion,0.0,0.0,rental
31.470089,73.131566,40000.0,40000.0,40000,40000,4000.0,4000.0,1,10.0,Faisalabad,Punjab,Jhumra Road,House,0.0,0.0,rental
31.470144,74.296281,80514.29,44000.0,32000,240000,8491.62,8400.0,21,9.93,Lahore,Punjab,Johar Town,House,4.1,3.38,sale_derived
31.470253,74.214306,35754.1,32800.0,12800,84000,7216.81,7085.71,61,5.13,Lahore,Punjab,Eden,House,2.84,2.41,sale_derived
31.470253,74.21431,36266.67,34000.0,32800,42000,6607.18,6560.0,3,5.5,Lahore,Punjab,Eden,House,4.33,2.67,sale_derived
31.470693,74.241357,48177.0,34000.0,9580,150000,6151.18,6316.67,20,7.53,Lahore,Punjab,Thokar Niaz Baig,House,3.6,2.3,sale_derived
31.47069359,74.2413559,36000.0,36000.0,36000,36000,7200.0,7200.0,1,5.0,Lahore,Punjab,Thokar Niaz Baig,House,4.0,4.0,sale_derived
31.470694,74.241356,20000.0,14800.0,8800,40000,5391.11,4933.33,5,3.76,Lahore,Punjab,Thokar Niaz Baig,House,4.4,2.8,sale_derived
31.47069818,74.30396183,98000.0,98000.0,98000,98000,9800.0,9800.0,1,10.0,Lahore,Punjab,Faisal Town,House,5.0,6.0,sale_derived
31.47074,74.340206,69142.86,56000.0,18000,100000,7726.51,6588.24,7,8.71,Lahore,Punjab,Bahar Colony,House,4.43,3.71,sale_derived
31.47084,74.322365,100000.0,100000.0,100000,100000,10000.0,10000.0,1,10.0,Lahore,Punjab,Model Town,House,4.0,4.0,sale_derived
31.470949,74.375038,215657.14,220000.0,40000,330000,9461.43,8250.0,7,25.71,Lahore,Punjab,DHA Defence,House,5.0,6.14,sale_derived
31.471094,74.27236,140000.0,140000.0,140000,140000,7000.0,7000.0,1,20.0,Lahore,Punjab,Johar Town,House,6.0,6.0,sale_derived
31.471132,74.445162,225898.04,230000.0,160000,320000,11226.36,11450.0,102,20.22,Lahore,Punjab,DHA Defence,House,5.08,5.62,sale_derived
31.471138,73.087558,36000.0,36000.0,36000,36000,4235.29,4235.29,1,8.5,Faisalabad,Punjab,Mian Zulfiqar Ali Shahid Road,House,3.0,4.0,rental
31.47126669,74.28025736,94000.0,94000.0,94000,94000,7833.33,7833.33,1,12.0,Lahore,Punjab,Johar Town,House,4.0,4.0,sale_derived
31.471323,74.334115,85714.29,78000.0,56000,130000,8246.75,7800.0,7,10.29,Lahore,Punjab,Model Town,House,3.43,3.29,sale_derived
31.471351,74.261484,38498.64,12800.0,6400,260000,7226.48,7000.0,109,4.54,Lahore,Punjab,Johar Town,Flat,2.06,2.07,sale_derived
31.47138023,74.2966156,54000.0,54000.0,54000,54000,7200.0,7200.0,1,7.5,Lahore,Punjab,Johar Town,House,4.0,4.0,sale_derived
31.471406,74.253759,100444.44,100000.0,32000,140000,7948.15,8400.0,9,12.89,Lahore,Punjab,Sunflower Housing Society,House,5.44,5.0,sale_derived
31.471498,74.252515,105600.0,64000.0,56800,196000,11320.0,11360.0,3,10.0,Lahore,Punjab,Johar Town,House,5.0,6.0,sale_derived
31.471498,74.306667,92548.15,92000.0,56000,140000,9580.57,9200.0,54,9.67,Lahore,Punjab,Faisal Town,House,4.22,2.83,sale_derived
31.47157097,74.44590759,180000.0,180000.0,180000,180000,9000.0,9000.0,1,20.0,Lahore,Punjab,DHA Defence,House,5.0,6.0,sale_derived
31.471571,74.445906,166599.12,172000.0,1200,330000,10523.13,9800.0,1370,17.38,Lahore,Punjab,DHA Defence,House,4.64,5.45,sale_derived
31.471571,74.44591,170000.0,170000.0,160000,180000,8500.0,8500.0,2,20.0,Lahore,Punjab,DHA Defence,House,5.5,6.5,sale_derived
31.471608,74.265733,73277.93,68000.0,660,230000,10351.08,11200.0,29,7.81,Lahore,Punjab,Johar Town,House,4.52,3.9,sale_derived
31.471644,74.351084,49850.0,43000.0,28800,110000,8603.39,8000.0,8,6.12,Lahore,Punjab,Gulshan Colony,House,3.5,4.0,sale_derived
31.47169915,74.29906726,31600.0,31600.0,31600,31600,10533.33,10533.33,1,3.0,Lahore,Punjab,Johar Town,House,4.0,3.0,sale_derived
31.471826,74.102574,56200.0,43000.0,8800,130000,4366.67,4666.67,4,12.5,Lahore,Punjab,Sheikhupura Road,House,4.75,4.75,sale_derived
31.471827,74.10258,12000.0,12000.0,12000,12000,4000.0,4000.0,1,3.0,Lahore,Punjab,Sheikhupura Road,House,3.0,2.0,sale_derived
31.471827,74.292462,56652.17,44000.0,36000,144000,8274.64,8400.0,46,7.15,Lahore,Punjab,Johar Town,House,3.76,3.33,sale_derived
31.471864,74.391146,150965.0,143000.0,36000,340000,11253.46,11450.0,80,13.92,Lahore,Punjab,DHA Defence,House,4.14,4.88,sale_derived
31.471865,74.39114,130000.0,130000.0,130000,130000,6500.0,6500.0,1,20.0,Lahore,Punjab,DHA Defence,House,4.0,5.0,sale_derived
31.47201,74.425628,62914.29,39600.0,39600,180000,8700.0,6600.0,7,7.43,Lahore,Punjab,Sadaat Town,House,4.0,2.29,sale_derived
31.47229651,74.28688567,32000.0,32000.0,32000,32000,9142.86,9142.86,1,3.5,Lahore,Punjab,Johar Town,House,2.0,4.0,sale_derived
31.472303,74.314,190000.0,190000.0,190000,190000,9500.0,9500.0,1,20.0,Lahore,Punjab,Model Town,House,5.0,6.0,sale_derived
31.472303,74.314005,179384.62,180000.0,140000,224000,8665.38,9000.0,13,20.92,Lahore,Punjab,Model Town,House,5.15,5.08,sale_derived
31.472303,74.403319,150800.0,148000.0,130000,220000,7540.0,7400.0,10,20.0,Lahore,Punjab,DHA Defence,House,5.2,6.2,sale_derived
31.47230339,74.31400299,184000.0,184000.0,184000,184000,9200.0,9200.0,1,20.0,Lahore,Punjab,Model Town,House,4.0,5.0,sale_derived
31.472547,74.30147,138000.0,138000.0,130000,146000,6900.0,6900.0,2,20.0,Lahore,Punjab,Saman Berg,House,3.5,4.0,sale_derived
31.472548,74.30147,110000.0,110000.0,110000,110000,11000.0,11000.0,1,10.0,Lahore,Punjab,Saman Berg,House,5.0,6.0,sale_derived
31.472596,74.257278,96444.44,67000.0,48000,200000,10924.8,10900.0,18,9.25,Lahore,Punjab,Johar Town,House,4.67,3.83,sale_derived
31.472596,74.274187,197411.76,184000.0,88000,320000,9717.65,9000.0,17,20.59,Lahore,Punjab,Johar Town,House,4.71,3.06,sale_derived
31.472706,74.326665,71472.73,74000.0,6000,180000,8097.34,8500.0,22,8.32,Lahore,Punjab,Model Town,House,3.77,3.32,sale_derived
31.472706,74.32667,95600.0,95600.0,95600,95600,9560.0,9560.0,1,10.0,Lahore,Punjab,Model Town,House,4.0,4.0,sale_derived
31.47274696,74.52391097,100.0,100.0,100,100,0.56,0.56,1,180.0,Lahore,Punjab,Cantt,Farm House,1.0,1.0,sale_derived
31.47280636,74.2863214,38000.0,38000.0,38000,38000,9500.0,9500.0,1,4.0,Lahore,Punjab,Johar Town,House,3.0,3.0,sale_derived
31.472813,73.086697,17818.18,15000.0,14000,35000,4548.48,4666.67,11,4.09,Faisalabad,Punjab,Mian Zulfiqar Ali Shahid Road,Lower Portion,1.55,0.0,rental
31.47294448,74.30206664,10000.0,10000.0,10000,10000,7692.31,7692.31,1,1.3,Lahore,Punjab,Maulana Shaukat Ali Road,Flat,0.0,0.0,sale_derived
31.473072,74.28611,80063.16,84000.0,28000,170000,8374.94,8666.67,57,10.22,Lahore,Punjab,Johar Town,House,4.32,4.19,sale_derived
31.47307205,74.28610992,64000.0,64000.0,64000,64000,8000.0,8000.0,1,8.0,Lahore,Punjab,Johar Town,House,5.0,5.0,sale_derived
31.473125,74.413574,42000.0,42000.0,42000,42000,9333.33,9333.33,1,4.5,Lahore,Punjab,UBL Housing Society,House,4.0,4.0,sale_derived
31.473126,74.413572,48000.0,33000.0,26000,100000,6966.67,6850.0,4,9.0,Lahore,Punjab,UBL Housing Society,House,2.75,3.25,sale_derived
31.473263,73.077405,27300.0,27500.0,15000,35000,5760.0,6000.0,10,4.75,Faisalabad,Punjab,Ideal Town,House,0.6,0.8,rental
31.473328,73.089108,38333.33,38000.0,23000,50000,3098.73,3454.55,9,13.44,Faisalabad,Punjab,Khayaban Gardens,House,1.78,1.33,rental
31.473328,74.483185,120000.0,120000.0,120000,120000,6000.0,6000.0,1,20.0,Lahore,Punjab,DHA Defence,House,5.0,5.0,sale_derived
31.473386,74.435946,90000.0,90000.0,90000,90000,9000.0,9000.0,1,10.0,Lahore,Punjab,DHA Defence,House,0.0,0.0,sale_derived
31.473392,74.297295,42000.0,42000.0,42000,42000,8400.0,8400.0,1,5.0,Lahore,Punjab,Rehman Housing Society,House,3.0,3.0,sale_derived
31.473401,74.457264,190400.0,184000.0,150000,252000,9444.64,9186.36,38,20.16,Lahore,Punjab,DHA Defence,House,5.08,5.79,sale_derived
31.473474,74.429569,106193.96,72000.0,8800,320000,3710.12,2250.0,149,71.07,Lahore,Punjab,Bedian Road,Farm House,1.87,1.77,sale_derived
31.473475,74.429565,98500.0,61000.0,12000,260000,4634.94,5000.0,4,85.2,Lahore,Punjab,Bedian Road,House,3.0,3.0,sale_derived
31.473596,74.393917,28214.63,22000.0,11400,80000,6756.33,6933.33,41,4.38,Lahore,Punjab,Cantt,House,3.41,3.05,sale_derived
31.47359657,74.39391327,16000.0,16000.0,16000,16000,8000.0,8000.0,1,2.0,Lahore,Punjab,Cantt,House,3.0,3.0,sale_derived
31.473657,74.333961,79428.57,66000.0,48000,160000,9309.52,9600.0,14,9.0,Lahore,Punjab,Model Town,House,3.21,1.57,sale_derived
31.47384,74.39399,20000.0,20000.0,20000,20000,6666.67,6666.67,1,3.0,Lahore,Punjab,Cantt,House,3.0,4.0,sale_derived
31.473877,74.39817,181525.93,150000.0,68000,320000,7980.0,7500.0,27,23.7,Lahore,Punjab,DHA Defence,House,5.19,5.04,sale_derived
31.47388388,74.32908019,32000.0,32000.0,32000,32000,10666.67,10666.67,1,3.0,Lahore,Punjab,Model Town,House,2.0,3.0,sale_derived
31.473987,74.283028,91750.0,75000.0,22000,240000,8179.33,8000.0,32,11.66,Lahore,Punjab,Johar Town,House,4.12,3.47,sale_derived
31.47398758,74.28302765,96000.0,96000.0,96000,96000,9600.0,9600.0,1,10.0,Lahore,Punjab,Johar Town,House,5.0,6.0,sale_derived
31.474097,74.263802,116257.14,65400.0,34000,272000,11322.18,12166.67,14,9.64,Lahore,Punjab,Johar Town,House,4.64,4.86,sale_derived
31.47428,74.380918,144828.57,130000.0,54000,320000,10458.3,9868.89,42,14.43,Lahore,Punjab,DHA Defence,House,4.26,5.19,sale_derived
31.47436193,74.29915309,31200.0,31200.0,31200,31200,10400.0,10400.0,1,3.0,Lahore,Punjab,Johar Town,House,0.0,0.0,sale_derived
31.474388,74.26912,36000.0,36000.0,36000,36000,9000.0,9000.0,1,4.0,Lahore,Punjab,Johar Town,House,3.0,3.0,sale_derived
31.474389,74.269123,56334.69,47200.0,16000,260000,9893.88,10000.0,49,5.95,Lahore,Punjab,Johar Town,House,3.22,2.39,sale_derived
31.47449817,74.34016845,100000.0,100000.0,100000,100000,10000.0,10000.0,1,10.0,Lahore,Punjab,Bahar Colony,House,6.0,6.0,sale_derived
31.474503,74.231476,25400.0,25000.0,16000,36000,8000.0,8000.0,8,3.38,Lahore,Punjab,Katar Bund Road,House,3.25,1.0,sale_derived
31.474636,74.424378,52666.67,30000.0,22000,106000,8246.03,8571.43,3,6.17,Lahore,Punjab,Saqib Town,House,3.33,3.0,sale_derived
31.474766,74.358574,74000.0,74000.0,74000,74000,7400.0,7400.0,1,10.0,Lahore,Punjab,Walton Road,House,3.0,3.0,sale_derived
31.474865,74.450741,202336.36,196800.0,164000,260000,10116.82,9840.0,44,20.0,Lahore,Punjab,DHA Defence,House,4.98,5.59,sale_derived
31.474865,74.450745,300000.0,300000.0,300000,300000,13636.36,13636.36,1,22.0,Lahore,Punjab,DHA Defence,House,6.0,6.0,sale_derived
31.474938,74.407053,241600.0,265000.0,140000,320000,8455.0,7500.0,10,30.0,Lahore,Punjab,DHA Defence,House,4.3,4.5,sale_derived
31.475158,74.393277,157969.23,140000.0,119600,280000,8335.38,7000.0,13,20.77,Lahore,Punjab,DHA Defence,House,4.0,3.77,sale_derived
31.47521291,74.28261995,98000.0,98000.0,98000,98000,8166.67,8166.67,1,12.0,Lahore,Punjab,Johar Town,House,5.0,6.0,sale_derived
31.475227,74.25342,260000.0,260000.0,260000,260000,6500.0,6500.0,1,40.0,Lahore,Punjab,Canal View,House,5.0,5.0,sale_derived
31.475231,74.359496,68160.0,30000.0,24000,138000,8086.92,7263.16,5,9.7,Lahore,Punjab,Al Noor Town,House,3.6,3.4,sale_derived
31.475302,74.244671,69111.11,65000.0,50000,112000,8154.86,8666.67,18,9.33,Lahore,Punjab,Canal Burg,House,3.89,2.94,sale_derived
31.475302,74.244675,70000.0,70000.0,70000,70000,10000.0,10000.0,1,7.0,Lahore,Punjab,Canal Burg,House,4.0,4.0,sale_derived
31.475378,74.373808,168831.0,154000.0,360,340000,10116.77,9666.67,231,19.47,Lahore,Punjab,DHA Defence,House,4.39,5.04,sale_derived
31.475378,74.37381,184000.0,184000.0,184000,184000,9200.0,9200.0,1,20.0,Lahore,Punjab,DHA Defence,House,5.0,6.0,sale_derived
31.475414,74.308519,122666.67,88000.0,24000,236000,12666.67,8800.0,6,9.17,Lahore,Punjab,Faisal Town,House,3.0,1.17,sale_derived
31.47544967,74.29468051,52000.0,52000.0,52000,52000,5200.0,5200.0,1,10.0,Lahore,Punjab,Shah Di Khoi,House,5.0,5.0,sale_derived
31.47570652,74.35822623,44000.0,44000.0,44000,44000,12571.43,12571.43,1,3.5,Lahore,Punjab,Al Noor Town,House,4.0,5.0,sale_derived
31.47585343,74.40069079,280000.0,280000.0,280000,280000,7000.0,7000.0,1,40.0,Lahore,Punjab,DHA Defence,House,5.0,7.0,sale_derived
31.476146,74.271569,177000.0,177000.0,136000,218000,11116.67,11116.67,2,16.0,Lahore,Punjab,Johar Town,House,6.0,7.0,sale_derived
31.476146,74.312203,152363.64,154000.0,18000,200000,8772.73,9200.0,11,17.45,Lahore,Punjab,Model Town,House,4.45,2.73,sale_derived
31.476147,74.27157,8700.0,8700.0,8700,8700,3107.14,3107.14,1,2.8,Lahore,Punjab,Johar Town,Flat,0.0,0.0,sale_derived
31.476364,74.393074,32000.0,32000.0,32000,32000,4923.08,4923.08,1,6.5,Lahore,Punjab,Jinnah Colony,House,0.0,0.0,sale_derived
31.476512,74.418805,45952.94,41600.0,18000,110000,7280.07,6857.14,51,7.0,Lahore,Punjab,Punjab Small Industries Colony,House,3.57,3.69,sale_derived
31.476585,74.274352,27309.09,28000.0,14000,44000,7486.54,7600.0,11,3.75,Lahore,Punjab,Wafaqi Colony,House,2.82,2.64,sale_derived
31.476597,74.2563,260000.0,260000.0,260000,260000,6500.0,6500.0,1,40.0,Lahore,Punjab,Canal View,House,4.0,5.0,sale_derived
31.47668,73.063024,31166.67,30000.0,17000,45000,3654.04,4250.0,6,9.17,Faisalabad,Punjab,Riaz ul Jannah,Upper Portion,2.33,2.0,rental
31.47669553,74.29428522,20400.0,20400.0,20400,20400,10200.0,10200.0,1,2.0,Lahore,Punjab,Johar Town,House,3.0,3.0,sale_derived
31.4767,74.30144,32800.0,32800.0,32800,32800,4685.71,4685.71,1,7.0,Lahore,Punjab,Shah Di Khoi,House,6.0,4.0,sale_derived
31.476915,74.246936,80000.0,80000.0,80000,80000,8000.0,8000.0,1,10.0,Lahore,Punjab,Canalberg Housing Society,House,5.0,5.0,sale_derived
31.476915,74.324641,213155.56,190000.0,123200,320000,10452.94,9500.0,27,20.59,Lahore,Punjab,Model Town,House,4.74,2.63,sale_derived
31.477045,74.36765,30000.0,30000.0,30000,30000,6000.0,6000.0,1,5.0,Lahore,Punjab,Peer Colony,House,5.0,5.0,sale_derived
31.477098,74.35727,77500.0,78000.0,44000,110000,5971.43,6809.52,4,15.5,Lahore,Punjab,Walton Road,House,4.25,3.5,sale_derived
31.477098,74.357271,38635.01,32000.0,9800,140000,8363.83,8000.0,89,5.07,Lahore,Punjab,Walton Road,House,3.16,2.9,sale_derived
31.4771619,74.24627066,28000.0,28000.0,28000,28000,9333.33,9333.33,1,3.0,Lahore,Punjab,Canalberg Housing Society,House,2.0,2.0,sale_derived
31.477207,74.2784,240000.0,240000.0,240000,240000,10909.09,10909.09,1,22.0,Lahore,Punjab,Johar Town,House,0.0,0.0,sale_derived
31.477208,74.278393,111333.33,100000.0,8000,220000,8307.79,8166.67,15,13.99,Lahore,Punjab,Johar Town,House,4.27,3.27,sale_derived
31.47739,74.31315,10200.0,10200.0,10000,10400,4580.0,4580.0,2,2.25,Lahore,Punjab,Model Town,Flat,1.0,0.5,sale_derived
31.47739029,74.3131485,136000.0,136000.0,136000,136000,6800.0,6800.0,1,20.0,Lahore,Punjab,Model Town,House,4.0,4.0,sale_derived
31.477391,74.313147,138400.0,142000.0,18000,192000,7675.45,7400.0,10,17.8,Lahore,Punjab,Model Town,House,3.5,3.4,sale_derived
31.477537,74.410486,114666.67,94000.0,54000,340000,8406.06,8500.0,9,14.0,Lahore,Punjab,DHA Defence,House,4.22,5.0,sale_derived
31.47763255,74.30286091,60000.0,60000.0,60000,60000,8571.43,8571.43,1,7.0,Lahore,Punjab,Faisal Town,House,3.0,5.0,sale_derived
31.477812,74.357766,41000.0,52000.0,22000,56000,9950.99,10600.0,16,4.06,Lahore,Punjab,Ghausia Colony,House,4.0,3.81,sale_derived
31.47783,74.403319,250909.09,280000.0,118000,320000,6863.64,7000.0,11,36.36,Lahore,Punjab,DHA Defence,House,6.09,4.82,sale_derived
31.47788932,74.27396379,54000.0,54000.0,54000,54000,7500.0,7500.0,1,7.2,Lahore,Punjab,Wafaqi Colony,Flat,3.0,0.0,sale_derived
31.47794,74.391947,148800.0,154000.0,66000,200000,8100.0,7700.0,5,18.0,Lahore,Punjab,DHA Defence,House,4.4,4.2,sale_derived
31.478012,74.30428,89733.33,83200.0,64000,122000,9887.62,9142.86,3,9.0,Lahore,Punjab,Faisal Town,House,4.33,4.67,sale_derived
31.478013,74.304285,100311.11,89000.0,18000,340000,9150.13,9000.0,36,10.58,Lahore,Punjab,Faisal Town,House,4.11,4.42,sale_derived
31.478048,74.36121,30000.0,30000.0,30000,30000,7500.0,7500.0,1,4.0,Lahore,Punjab,Farooq Colony,House,4.0,5.0,sale_derived
31.478049,74.361212,33150.0,32000.0,24600,44000,6937.5,6400.0,4,4.75,Lahore,Punjab,Farooq Colony,House,1.75,1.25,sale_derived
31.47810006,74.3712502,94000.0,94000.0,94000,94000,9400.0,9400.0,1,10.0,Lahore,Punjab,Pak Arab Housing Society,House,5.0,6.0,sale_derived
31.478159,74.254017,154987.67,144000.0,140,340000,6599.58,6591.67,86,24.55,Lahore,Punjab,Canal View,House,4.37,4.15,sale_derived
31.478379,74.319921,211391.3,220000.0,64000,300000,10908.16,11000.0,23,19.37,Lahore,Punjab,Model Town,House,3.87,2.35,sale_derived
31.478452,74.296846,56633.66,36000.0,26000,170000,10043.38,10000.0,101,5.82,Lahore,Punjab,BOR - Board of Revenue Housing Society,House,3.72,3.14,sale_derived
31.478453,74.296844,46000.0,46000.0,46000,46000,8363.64,8363.64,1,5.5,Lahore,Punjab,BOR - Board of Revenue Housing Society,House,5.0,6.0,sale_derived
31.478672,74.375424,207235.29,186000.0,130000,346000,9238.73,8500.0,34,22.94,Lahore,Punjab,DHA Defence,House,4.82,5.44,sale_derived
31.478672,74.473186,165000.0,170000.0,90000,200000,8250.0,8500.0,12,20.0,Lahore,Punjab,DHA Defence,House,4.42,4.58,sale_derived
31.478745,74.407969,172665.23,148000.0,380,340000,8327.69,7700.0,107,21.63,Lahore,Punjab,DHA Defence,House,4.8,5.69,sale_derived
31.478891,74.329346,123333.33,20000.0,10000,340000,4888.89,5000.0,3,22.33,Lahore,Punjab,Model Town,Flat,4.67,3.0,sale_derived
31.478891,74.329348,180047.16,190000.0,120,340000,10705.37,10833.33,95,16.59,Lahore,Punjab,Model Town,House,4.49,4.37,sale_derived
31.478928,74.253373,125900.0,137000.0,70000,159600,7170.0,7100.0,4,17.5,Lahore,Punjab,Canal View,House,5.75,6.75,sale_derived
31.479016,73.212276,12000.0,12000.0,12000,12000,3000.0,3000.0,1,4.0,Faisalabad,Punjab,Gatwala Park Road,Upper Portion,2.0,1.0,rental
31.479076,74.26877,248000.0,248000.0,248000,248000,6200.0,6200.0,1,40.0,Lahore,Punjab,Canal View,House,8.0,6.0,sale_derived
31.479211,74.295078,38000.0,38000.0,34000,42000,11666.67,11666.67,2,3.25,Lahore,Punjab,Shah Di Khoi,House,4.5,5.0,sale_derived
31.47927554,74.36081171,40000.0,40000.0,40000,40000,8000.0,8000.0,1,5.0,Lahore,Punjab,Farooq Colony,House,4.0,4.0,sale_derived
31.479404,74.30397,101825.64,88000.0,54000,260000,9522.85,9428.57,39,10.95,Lahore,Punjab,Faisal Town,House,4.23,3.64,sale_derived
31.479477,74.333482,283200.0,280000.0,240000,320000,12554.29,14000.0,5,23.6,Lahore,Punjab,Model Town,House,3.8,3.2,sale_derived
31.47982,74.47693,146000.0,146000.0,146000,146000,7300.0,7300.0,1,20.0,Lahore,Punjab,DHA Defence,House,5.0,5.0,sale_derived
31.48012361,74.32177987,34000.0,34000.0,34000,34000,6800.0,6800.0,1,5.0,Lahore,Punjab,Township,House,5.0,4.0,sale_derived
31.480575,74.296239,58666.67,58000.0,58000,60000,11733.33,11600.0,3,5.0,Lahore,Punjab,Al Rahim Homes,House,4.0,2.67,sale_derived
31.480609,74.42101,43200.0,34600.0,28000,70000,7148.18,6981.82,8,6.25,Lahore,Punjab,Al-Amin Housing Society,House,4.0,4.75,sale_derived
31.481014,74.389286,124666.67,138000.0,96000,140000,7833.33,7000.0,3,16.67,Lahore,Punjab,DHA Defence,House,4.67,3.67,sale_derived
31.481087,74.270754,103200.0,56000.0,34000,220000,8733.33,11000.0,5,12.6,Lahore,Punjab,PCSIR Housing Scheme,House,3.6,3.2,sale_derived
31.481087,74.274952,188142.86,155000.0,120000,320000,9083.32,9331.25,14,21.07,Lahore,Punjab,PCSIR Housing Scheme,House,5.14,4.64,sale_derived
31.48116,74.456792,152868.97,168000.0,80000,264000,11423.0,11500.0,87,14.37,Lahore,Punjab,DHA Defence,House,4.21,4.3,sale_derived
31.48116,74.456795,74000.0,74000.0,74000,74000,10571.43,10571.43,1,7.0,Lahore,Punjab,DHA Defence,House,4.0,5.0,sale_derived
31.481237,74.25145,132000.0,132000.0,132000,132000,6600.0,6600.0,1,20.0,Lahore,Punjab,Canal View,House,6.0,7.0,sale_derived
31.48138,74.38478,190000.0,190000.0,140000,240000,6500.0,6500.0,2,30.0,Lahore,Punjab,DHA Defence,House,5.5,6.0,sale_derived
31.481417,74.409156,164500.0,125000.0,94000,314000,7437.5,7175.0,4,22.5,Lahore,Punjab,DHA Defence,House,4.25,5.0,sale_derived
31.48150716,74.2941607,26000.0,26000.0,26000,26000,8666.67,8666.67,1,3.0,Lahore,Punjab,Johar Town,House,3.0,2.0,sale_derived
31.481526,74.398813,149200.0,130000.0,123600,280000,6585.0,6500.0,8,22.5,Lahore,Punjab,DHA Defence,House,5.88,5.88,sale_derived
31.4817048,74.29414406,34000.0,34000.0,34000,34000,8500.0,8500.0,1,4.0,Lahore,Punjab,Johar Town,House,4.0,3.0,sale_derived
31.481783,74.4625,197865.12,196000.0,108000,270000,10401.4,10400.0,86,19.19,Lahore,Punjab,DHA Defence,House,4.99,5.55,sale_derived
31.481966,74.313834,253870.97,260000.0,80000,320000,11839.39,12800.0,31,23.82,Lahore,Punjab,Model Town,House,4.32,3.39,sale_derived
31.482368,74.31075,108000.0,108000.0,108000,108000,10800.0,10800.0,1,10.0,Lahore,Punjab,Model Town,House,0.0,0.0,sale_derived
31.482368,74.310751,105235.09,100000.0,6000,340000,9835.1,10000.0,57,10.79,Lahore,Punjab,Model Town,House,4.14,3.53,sale_derived
31.48236847,74.31075287,104000.0,104000.0,104000,104000,10400.0,10400.0,1,10.0,Lahore,Punjab,Model Town,House,4.0,5.0,sale_derived
31.482377,74.295437,38000.0,38000.0,38000,38000,3800.0,3800.0,1,10.0,Lahore,Punjab,Saadat Avenue,House,2.0,3.0,sale_derived
31.482441,74.394951,158000.0,158000.0,158000,158000,7900.0,7900.0,1,20.0,Lahore,Punjab,DHA Defence,House,5.0,6.0,sale_derived
31.482661,74.393485,60750.0,55000.0,34000,90000,9795.35,9833.33,8,6.38,Lahore,Punjab,DHA Defence,House,3.12,2.5,sale_derived
31.482881,74.418933,41530.43,32000.0,10000,120000,7496.62,7557.14,46,6.12,Lahore,Punjab,Alfalah Town,House,3.65,3.24,sale_derived
31.48288155,74.41893005,100000.0,100000.0,100000,100000,5000.0,5000.0,1,20.0,Lahore,Punjab,Alfalah Town,House,7.0,8.0,sale_derived
31.482882,74.41893,12800.0,12800.0,12800,12800,6400.0,6400.0,1,2.0,Lahore,Punjab,Alfalah Town,House,0.0,0.0,sale_derived
31.482893,74.342255,8000.0,8000.0,8000,8000,8000.0,8000.0,1,1.0,Lahore,Punjab,Ferozepur Road,Flat,0.0,0.0,sale_derived
31.483173,74.412546,48400.0,47000.0,39600,60000,9680.0,9400.0,4,5.0,Lahore,Punjab,Shah Khawar Town,House,3.0,4.25,sale_derived
31.483282,74.39572,315000.0,315000.0,310000,320000,11750.0,11750.0,2,30.0,Lahore,Punjab,DHA Defence,House,6.0,5.5,sale_derived
31.483283,74.335728,253000.0,260000.0,192000,300000,11400.0,11500.0,4,22.5,Lahore,Punjab,Model Town,House,3.75,2.5,sale_derived
31.483283,74.395723,155263.69,140000.0,200,344000,7664.44,7200.0,179,22.96,Lahore,Punjab,DHA Defence,House,4.69,5.36,sale_derived
31.483367,74.455471,60000.0,60000.0,60000,60000,12000.0,12000.0,1,5.0,Lahore,Punjab,DHA Defence,House,3.0,0.0,sale_derived
31.483429,74.488935,58000.0,58000.0,58000,58000,11600.0,11600.0,2,5.0,Lahore,Punjab,DHA Defence,House,4.0,4.5,sale_derived
31.483649,74.38272,220500.0,246000.0,130000,260000,6054.17,6150.0,4,36.0,Lahore,Punjab,DHA Defence,House,5.25,6.25,sale_derived
31.483722,74.281054,200000.0,200000.0,200000,200000,12500.0,12500.0,1,16.0,Lahore,Punjab,TECH Society,House,0.0,0.0,sale_derived
31.483722,74.300008,135866.67,148000.0,44000,200000,9224.23,8333.33,15,15.28,Lahore,Punjab,Faisal Town,House,4.73,3.8,sale_derived
31.48372269,74.28105164,170000.0,170000.0,170000,170000,8500.0,8500.0,1,20.0,Lahore,Punjab,TECH Society,House,5.0,6.0,sale_derived
31.48375829,74.29150209,86000.0,86000.0,86000,86000,8600.0,8600.0,1,10.0,Lahore,Punjab,Architects Engineers Housing Society,House,5.0,6.0,sale_derived
31.4837723,74.42445952,20000.0,20000.0,20000,20000,8000.0,8000.0,1,2.5,Lahore,Punjab,Haji Park Housing Scheme,House,4.0,2.0,sale_derived
31.483795,74.364896,46000.0,46000.0,32000,60000,10685.71,10685.71,2,4.75,Lahore,Punjab,Peer Colony,House,1.5,1.5,sale_derived
31.483795,74.3649,48000.0,48000.0,48000,48000,9600.0,9600.0,1,5.0,Lahore,Punjab,Peer Colony,House,2.0,2.0,sale_derived
31.48398272,74.41556811,59000.0,59000.0,48000,70000,5900.0,5900.0,2,10.0,Lahore,Punjab,Cantt View Society,House,2.0,2.0,sale_derived
31.48412173,74.26508904,156000.0,156000.0,156000,156000,7800.0,7800.0,1,20.0,Lahore,Punjab,Gosha-e-Ahbab,House,6.0,8.0,sale_derived
31.484161,74.277577,30758.97,26000.0,12000,60000,7743.72,7600.0,39,4.69,Lahore,Punjab,Gosha-e-Ahbab,House,3.31,2.31,sale_derived
31.484214,74.373223,62000.0,60000.0,60000,66000,6200.0,6000.0,3,10.0,Lahore,Punjab,Eden,House,2.67,2.67,sale_derived
31.484295,73.076408,29000.0,29000.0,29000,29000,3536.59,3536.59,1,8.2,Faisalabad,Punjab,Umair Town,House,3.0,4.0,rental
31.48434,74.475296,100000.0,100000.0,100000,100000,5000.0,5000.0,1,20.0,Lahore,Punjab,DHA Defence,House,5.0,6.0,sale_derived
31.484453,74.48387,160000.0,160000.0,160000,160000,8000.0,8000.0,1,20.0,Lahore,Punjab,DHA Defence,House,5.0,6.0,sale_derived
31.484454,74.483871,148000.0,154000.0,132000,158000,7143.33,7000.0,5,20.8,Lahore,Punjab,DHA Defence,House,5.4,3.8,sale_derived
31.484528,73.085066,35000.0,35000.0,35000,35000,1750.0,1750.0,3,20.0,Faisalabad,Punjab,Eden Orchard,House,0.0,0.0,rental
31.484617,74.26632,36000.0,36000.0,36000,36000,10285.71,10285.71,1,3.5,Lahore,Punjab,Mansoorah,House,4.0,3.0,sale_derived
31.48466723,74.25082605,34000.0,34000.0,34000,34000,6800.0,6800.0,1,5.0,Lahore,Punjab,Ahbab Colony,House,4.0,4.0,sale_derived
31.484747,74.401517,238363.64,240000.0,130000,340000,7231.82,7000.0,11,32.73,Lahore,Punjab,DHA Defence,House,5.18,4.91,sale_derived
31.484804,74.37056,16000.0,16000.0,16000,16000,8000.0,8000.0,1,2.0,Lahore,Punjab,Walton Road,House,2.0,2.0,sale_derived
31.48481941,74.36746979,16000.0,16000.0,16000,16000,6400.0,6400.0,1,2.5,Lahore,Punjab,Qadri Colony,House,3.0,3.0,sale_derived
31.48482,74.36747,17600.0,17600.0,17600,17600,7040.0,7040.0,1,2.5,Lahore,Punjab,Qadri Colony,House,3.0,3.0,sale_derived
31.48482,74.367471,26400.0,29000.0,12800,34800,6240.0,6400.0,4,4.25,Lahore,Punjab,Qadri Colony,House,4.0,2.0,sale_derived
31.484893,74.472342,147080.85,152000.0,22000,300000,7436.76,7540.0,47,29.68,Lahore,Punjab,DHA Defence,House,4.72,5.32,sale_derived
31.484894,74.47234,150000.0,150000.0,150000,150000,7500.0,7500.0,1,20.0,Lahore,Punjab,DHA Defence,House,6.0,6.0,sale_derived
31.48493,74.391754,188000.0,188000.0,188000,188000,9400.0,9400.0,1,20.0,Lahore,Punjab,DHA Defence,House,5.0,5.0,sale_derived
31.48493,74.398034,240000.0,240000.0,140000,340000,10583.33,10583.33,2,22.0,Lahore,Punjab,Lahore Cantt Coop Housing,House,1.5,0.0,sale_derived
31.484966,74.4104,40800.0,40800.0,40800,40800,6800.0,6800.0,1,6.0,Lahore,Punjab,Rehman Villas,House,4.0,4.0,sale_derived
31.484967,74.248996,34000.0,34000.0,34000,34000,6800.0,6800.0,1,5.0,Lahore,Punjab,Canal View,House,4.0,5.0,sale_derived
31.484967,74.373958,62714.29,58000.0,44000,104000,6956.3,6857.14,14,9.18,Lahore,Punjab,Eden,House,2.43,1.0,sale_derived
31.484967,74.4104,41200.0,46000.0,22000,52000,8471.97,8363.64,5,4.84,Lahore,Punjab,Rehman Villas,House,3.0,4.0,sale_derived
31.48499746,74.25933972,34000.0,34000.0,34000,34000,8500.0,8500.0,1,4.0,Lahore,Punjab,Samsani Road,House,3.0,3.0,sale_derived
31.485113,74.281898,232000.0,220000.0,200000,300000,12750.0,13750.0,5,18.8,Lahore,Punjab,TECH Society,House,4.2,3.6,sale_derived
31.48515872,74.26362991,42000.0,42000.0,42000,42000,8400.0,8400.0,1,5.0,Lahore,Punjab,Mansoorah,House,4.0,5.0,sale_derived
31.48545149,74.30831015,70000.0,70000.0,70000,70000,10000.0,10000.0,1,7.0,Lahore,Punjab,Model Town,House,5.0,5.0,sale_derived
31.485479,74.250062,33000.0,31000.0,22000,48000,6933.33,7666.67,4,4.75,Lahore,Punjab,Ahbab Colony,House,4.5,4.5,sale_derived
31.48547935,74.25006104,16000.0,16000.0,16000,16000,8000.0,8000.0,1,2.0,Lahore,Punjab,Ahbab Colony,House,0.0,0.0,sale_derived
31.485552,74.475288,169000.0,188000.0,18000,220000,7488.1,8428.57,6,22.67,Lahore,Punjab,DHA Defence,House,6.0,7.0,sale_derived
31.485625,74.342165,156000.0,148000.0,140000,180000,7261.54,7400.0,3,22.0,Lahore,Punjab,Gulberg,House,2.0,1.0,sale_derived
31.485627,74.121572,15365.52,9960.0,9160,38000,4390.23,3320.0,29,3.38,Lahore,Punjab,Sharaqpur Road,House,2.72,2.55,sale_derived
31.485678,73.213162,30000.0,30000.0,25000,35000,3312.5,3312.5,2,9.0,Faisalabad,Punjab,Canal Road,House,1.0,1.5,rental
31.48569852,74.47360396,186000.0,186000.0,186000,186000,6642.86,6642.86,1,28.0,Lahore,Punjab,DHA Defence,House,6.0,7.0,sale_derived
31.48575401,74.47341156,186000.0,186000.0,186000,186000,6642.86,6642.86,1,28.0,Lahore,Punjab,DHA Defence,House,6.0,7.0,sale_derived
31.48575628,74.37692139,50000.0,50000.0,50000,50000,8333.33,8333.33,1,6.0,Lahore,Punjab,Iqbal Park,House,3.0,5.0,sale_derived
31.485859,74.376971,44666.67,42000.0,42000,50000,8933.33,8400.0,3,5.0,Lahore,Punjab,Gulshan View Residence Society,House,4.67,4.67,sale_derived
31.485991,74.388685,150700.0,124000.0,76000,300000,7727.73,7500.0,20,20.15,Lahore,Punjab,DHA Defence,House,4.95,5.25,sale_derived
31.48601326,74.3803312,58000.0,58000.0,58000,58000,9666.67,9666.67,1,6.0,Lahore,Punjab,Iqbal Park,House,4.0,4.0,sale_derived
31.486064,74.378071,80654.55,71200.0,34000,160000,8959.09,8900.0,11,9.18,Lahore,Punjab,Fort Villas,House,3.64,1.45,sale_derived
31.486065,74.378075,98000.0,98000.0,98000,98000,9800.0,9800.0,1,10.0,Lahore,Punjab,Fort Villas,House,4.0,5.0,sale_derived
31.486266,74.356027,60000.0,60000.0,46000,74000,8300.0,8300.0,2,7.5,Lahore,Punjab,Railway Officers Colony,House,6.0,5.5,sale_derived
31.48642131,74.36835408,24000.0,24000.0,24000,24000,6857.14,6857.14,1,3.5,Lahore,Punjab,Walton Road,House,3.0,2.0,sale_derived
31.48642172,74.36923884,54000.0,54000.0,54000,54000,6750.0,6750.0,1,8.0,Lahore,Punjab,Cantt,House,4.0,6.0,sale_derived
31.4865036,74.40477753,76000.0,76000.0,76000,76000,7600.0,7600.0,1,10.0,Lahore,Punjab,DHA Defence,House,4.0,4.0,sale_derived
31.486504,74.316745,226000.0,188000.0,170000,320000,11300.0,9400.0,6,20.0,Lahore,Punjab,Model Town,House,5.17,4.33,sale_derived
31.486504,74.404778,88870.83,84000.0,5400,152000,7556.89,7700.0,48,11.99,Lahore,Punjab,DHA Defence,House,3.73,4.02,sale_derived
31.486723,74.284694,58000.0,58000.0,58000,58000,11600.0,11600.0,1,5.0,Lahore,Punjab,Alpha Society,House,3.0,4.0,sale_derived
31.48675728,74.40013123,124000.0,124000.0,124000,124000,6200.0,6200.0,1,20.0,Lahore,Punjab,DHA Defence,House,8.0,7.0,sale_derived
31.486823,74.255145,40000.0,40000.0,40000,40000,6666.67,6666.67,1,6.0,Lahore,Punjab,Hanjarwal,House,3.0,3.0,sale_derived
31.48685074,74.40814972,32000.0,32000.0,32000,32000,6400.0,6400.0,1,5.0,Lahore,Punjab,Al Rehman Garden,House,5.0,5.0,sale_derived
31.486851,74.408146,39657.14,38600.0,30000,64000,5324.3,4442.86,14,7.89,Lahore,Punjab,Rehman Gardens,Flat,3.36,2.86,sale_derived
31.486906,74.385896,223015.38,250000.0,123200,280000,7102.0,6500.0,13,32.77,Lahore,Punjab,DHA Defence,House,5.15,5.92,sale_derived
31.48697956,74.36946969,38000.0,38000.0,38000,38000,7600.0,7600.0,1,5.0,Lahore,Punjab,Walton Road,House,5.0,5.0,sale_derived
31.487345,74.39538,141200.0,121000.0,110000,280000,6360.0,6050.0,10,22.0,Lahore,Punjab,DHA Defence,House,5.1,6.1,sale_derived
31.487419,74.265132,66464.0,51600.0,16000,140000,8523.46,8648.65,25,9.43,Lahore,Punjab,Azam Gardens,House,3.4,2.96,sale_derived
31.48744,74.41206,6400.0,6400.0,6400,6400,6400.0,6400.0,1,1.0,Lahore,Punjab,Bhatta Chowk,Flat,1.0,1.0,sale_derived
31.48744011,74.4120636,5800.0,5800.0,5800,5800,5272.73,5272.73,1,1.1,Lahore,Punjab,Bhatta Chowk,Flat,1.0,1.0,sale_derived
31.487441,74.41206,31646.15,28000.0,6600,72000,7535.24,7200.0,13,4.24,Lahore,Punjab,Bhatta Chowk,House,3.23,2.54,sale_derived
31.487455,74.468894,168025.64,165000.0,116000,230000,10691.03,8250.0,78,19.76,Lahore,Punjab,DHA Defence,House,4.85,5.67,sale_derived
31.487663,74.36345,27200.0,27200.0,27200,27200,9066.67,9066.67,1,3.0,Lahore,Punjab,Madina Colony,House,4.0,5.0,sale_derived
31.48774564,74.24141318,8880.0,8880.0,8880,8880,2690.91,2690.91,1,3.3,Lahore,Punjab,Thokar Niaz Baig,House,2.0,1.0,sale_derived
31.487894,74.355984,47520.0,50000.0,38800,56000,6600.0,6466.67,5,7.8,Lahore,Punjab,Walton Railway Officers Colony,House,4.6,5.0,sale_derived
31.488004,74.408813,40000.0,40000.0,40000,40000,8000.0,8000.0,1,5.0,Lahore,Punjab,Real Cottages,House,2.0,2.0,sale_derived
31.48803711,74.2332077,26000.0,26000.0,26000,26000,5200.0,5200.0,1,5.0,Lahore,Punjab,Munir Garden,House,2.0,3.0,sale_derived
31.488165,74.419307,35840.0,34000.0,30000,43200,8130.91,8000.0,5,4.5,Lahore,Punjab,Green Park Society,House,2.4,3.0,sale_derived
31.48822139,74.37907755,58909.09,50000.0,36000,110000,8447.19,8800.0,11,7.45,Lahore,Punjab,Cantt,House,3.27,3.55,sale_derived
31.48822368,74.36729193,20800.0,20800.0,20800,20800,6933.33,6933.33,1,3.0,Lahore,Punjab,Walton Road,House,2.0,1.0,sale_derived
31.48823283,74.35585767,66000.0,66000.0,66000,66000,6600.0,6600.0,1,10.0,Lahore,Punjab,Walton Railway Officers Colony,House,7.0,6.0,sale_derived
31.488279,73.211578,30000.0,30000.0,20000,40000,2000.0,2000.0,2,15.0,Faisalabad,Punjab,Judicial Employees Coop Housing Society,House,1.5,1.0,rental
31.48832918,74.36708137,60000.0,60000.0,60000,60000,7500.0,7500.0,1,8.0,Lahore,Punjab,Walton Road,House,3.0,4.0,sale_derived
31.48836863,74.37067185,76000.0,76000.0,76000,76000,7600.0,7600.0,1,10.0,Lahore,Punjab,Walton Road,House,0.0,0.0,sale_derived
31.48837,74.308476,152833.33,119000.0,94000,260000,10465.28,11000.0,12,15.17,Lahore,Punjab,Model Town,House,4.08,4.67,sale_derived
31.488407,74.24135,14000.0,14000.0,14000,14000,4666.67,4666.67,1,3.0,Lahore,Punjab,Hanjarwal,House,3.0,1.0,sale_derived
31.48859307,74.26941276,34000.0,34000.0,34000,34000,8500.0,8500.0,1,4.0,Lahore,Punjab,Mustafa Town,House,0.0,0.0,sale_derived
31.488626,74.284816,340000.0,340000.0,340000,340000,10625.0,10625.0,1,32.0,Lahore,Punjab,TECH Society,House,5.0,5.0,sale_derived
31.488773,74.484901,118000.0,118000.0,118000,118000,5900.0,5900.0,1,20.0,Lahore,Punjab,DHA Defence,House,0.0,0.0,sale_derived
31.488846,74.370232,72000.0,72000.0,72000,72000,7200.0,7200.0,1,10.0,Lahore,Punjab,Shahtaj Colony,House,4.0,5.0,sale_derived
31.488992,74.271133,32000.0,32000.0,32000,32000,10666.67,10666.67,1,3.0,Lahore,Punjab,Mustafa Town,House,3.0,3.0,sale_derived
31.489185,74.249303,33333.33,22000.0,10000,68000,5400.0,5000.0,3,5.67,Lahore,Punjab,Amina Park,House,4.0,2.33,sale_derived
31.489277,74.376471,93760.0,50000.0,44000,260000,9314.67,10000.0,5,9.7,Lahore,Punjab,Rifle Range Road,House,3.8,3.0,sale_derived
31.489322,74.406844,49876.92,48000.0,24000,74000,8494.65,8000.0,13,6.15,Lahore,Punjab,Ali View Garden,House,3.31,3.08,sale_derived
31.489323,74.406845,66000.0,66000.0,66000,66000,9428.57,9428.57,1,7.0,Lahore,Punjab,Ali View Garden,House,5.0,6.0,sale_derived
31.48934544,74.36846782,60000.0,60000.0,60000,60000,6666.67,6666.67,1,9.0,Lahore,Punjab,Walton Road,House,4.0,5.0,sale_derived
31.48939674,74.41727355,64000.0,64000.0,64000,64000,4571.43,4571.43,1,14.0,Lahore,Punjab,Cantt,House,0.0,0.0,sale_derived
31.489513,74.4363,176666.67,180000.0,170000,180000,8833.33,9000.0,3,20.0,Lahore,Punjab,DHA Defence,House,7.0,8.67,sale_derived
31.489565,73.109773,20000.0,20000.0,20000,20000,4000.0,4000.0,1,5.0,Faisalabad,Punjab,Millat Road,Lower Portion,2.0,3.0,rental
31.489617,74.247793,29485.71,26400.0,12800,60000,5419.22,5280.0,7,5.43,Lahore,Punjab,Ahmad Housing Society,House,1.29,1.71,sale_derived
31.48972006,74.26327109,96000.0,96000.0,96000,96000,6000.0,6000.0,1,16.0,Lahore,Punjab,Multan Road,House,8.0,6.0,sale_derived
31.4899391,74.26741719,14000.0,14000.0,14000,14000,4666.67,4666.67,1,3.0,Lahore,Punjab,Azam Gardens,House,0.0,0.0,sale_derived
31.489944,74.318633,224086.67,230000.0,340,312000,11406.95,12000.0,27,20.0,Lahore,Punjab,Model Town,House,4.41,4.3,sale_derived
31.489949,74.422213,34000.0,34000.0,34000,34000,4857.14,4857.14,1,7.0,Lahore,Punjab,Cantt,House,4.0,4.0,sale_derived
31.490127,74.418805,47541.18,48000.0,16000,100000,8243.7,8342.86,68,6.24,Lahore,Punjab,Cantt,House,3.41,3.72,sale_derived
31.49012756,74.41880798,55000.0,55000.0,24000,86000,8300.0,8300.0,2,6.5,Lahore,Punjab,Cantt,House,3.5,4.0,sale_derived
31.490128,74.41881,26000.0,26000.0,26000,26000,8666.67,8666.67,1,3.0,Lahore,Punjab,Cantt,House,3.0,3.0,sale_derived
31.490163,74.385595,35200.0,35200.0,30400,40000,6876.92,6876.92,2,5.25,Lahore,Punjab,Nayyab Villas,House,3.0,4.0,sale_derived
31.490494,74.26993,48000.0,48000.0,48000,48000,9600.0,9600.0,1,5.0,Lahore,Punjab,Mustafa Town,House,4.0,4.0,sale_derived
31.490612,73.10647,25000.0,25000.0,25000,25000,3571.43,3571.43,1,7.0,Faisalabad,Punjab,Millat Town,Upper Portion,2.0,2.0,rental
31.490828,74.259939,20000.0,20000.0,20000,20000,5263.16,5263.16,1,3.8,Lahore,Punjab,Multan Road,House,2.0,0.0,sale_derived
31.490915,74.387413,53142.86,60000.0,34000,68000,10137.66,12000.0,7,5.5,Lahore,Punjab,Civil Defence,House,3.71,2.29,sale_derived
31.491115,74.332538,212428.57,220000.0,152000,300000,9907.14,10000.0,14,21.43,Lahore,Punjab,Model Town,House,4.86,4.64,sale_derived
31.49126,74.41563,42600.0,42600.0,39200,46000,6795.0,6795.0,2,6.5,Lahore,Punjab,Airport Road,House,2.5,3.0,sale_derived
31.491261,74.341564,260000.0,300000.0,180000,300000,7772.73,7500.0,3,34.67,Lahore,Punjab,Gulberg,House,3.67,2.0,sale_derived
31.491261,74.415629,47188.57,34000.0,14000,140000,7292.24,7800.0,35,6.64,Lahore,Punjab,Airport Road,House,3.14,2.97,sale_derived
31.491334,74.361305,36155.56,30600.0,13200,90000,7365.9,6773.33,18,5.08,Lahore,Punjab,Madina Colony,House,3.67,3.11,sale_derived
31.49133492,74.36130524,26000.0,26000.0,26000,26000,8666.67,8666.67,1,3.0,Lahore,Punjab,Madina Colony,House,4.0,0.0,sale_derived
31.491335,74.361305,22000.0,22000.0,22000,22000,6285.71,6285.71,1,3.5,Lahore,Punjab,Madina Colony,House,4.0,2.0,sale_derived
31.49138003,74.25089478,12800.0,12800.0,12800,12800,4266.67,4266.67,1,3.0,Lahore,Punjab,Ahmad Housing Society,House,6.0,3.0,sale_derived
31.49151182,74.26203568,24000.0,24000.0,24000,24000,7500.0,7500.0,1,3.2,Lahore,Punjab,Mansoorah,House,5.0,5.0,sale_derived
31.49184661,74.36253905,44000.0,44000.0,44000,44000,8800.0,8800.0,1,5.0,Lahore,Punjab,Madina Colony,House,5.0,6.0,sale_derived
31.492212,74.251015,63400.0,63400.0,42000,84800,6320.0,6320.0,2,12.5,Lahore,Punjab,Ittifaq Town,House,6.0,5.5,sale_derived
31.492213,74.251013,44826.67,39200.0,13200,100000,6858.94,7000.0,15,7.01,Lahore,Punjab,Ittifaq Town,House,4.47,3.93,sale_derived
31.49229,74.367165,35600.0,35600.0,35600,35600,8900.0,8900.0,1,4.0,Lahore,Punjab,Islam Nagar,House,3.0,2.0,sale_derived
31.492432,74.427974,16700.0,16000.0,10800,24000,5216.67,5100.0,4,3.25,Lahore,Punjab,Gohawa,House,2.5,2.25,sale_derived
31.49245899,74.37877849,60000.0,60000.0,60000,60000,8571.43,8571.43,1,7.0,Lahore,Punjab,New Super Town,House,3.0,3.0,sale_derived
31.492578,74.373529,54502.86,54000.0,36000,110000,11233.05,11600.0,35,5.16,Lahore,Punjab,Super Town,House,3.14,2.54,sale_derived
31.492615,74.265647,50560.0,38000.0,14000,140000,7590.86,7200.0,25,6.86,Lahore,Punjab,Mansoorah,House,3.28,3.68,sale_derived
31.492615,74.26565,65000.0,65000.0,50000,80000,6944.44,6944.44,2,9.5,Lahore,Punjab,Mansoorah,House,5.5,5.0,sale_derived
31.492682,74.42323,48000.0,48000.0,48000,48000,12000.0,12000.0,1,4.0,Lahore,Punjab,Cantt,House,4.0,5.0,sale_derived
31.49270497,74.36709334,50000.0,50000.0,50000,50000,10000.0,10000.0,1,5.0,Lahore,Punjab,Cavalry Ground,House,3.0,3.0,sale_derived
31.49278882,74.26662332,22000.0,22000.0,22000,22000,7333.33,7333.33,1,3.0,Lahore,Punjab,Mansoorah,House,3.0,3.0,sale_derived
31.49287033,74.38546753,160000.0,160000.0,160000,160000,8000.0,8000.0,1,20.0,Lahore,Punjab,Askari,House,4.0,5.0,sale_derived
31.492871,74.328074,234285.71,245000.0,160000,260000,11714.29,12250.0,14,20.0,Lahore,Punjab,Model Town,House,4.64,4.43,sale_derived
31.49287125,74.38546658,111000.0,95000.0,84000,170000,8975.0,8750.0,4,12.5,Lahore,Punjab,Askari,House,3.25,3.5,sale_derived
31.492908,74.259142,20320.0,18000.0,15200,26800,8247.52,7090.91,5,2.54,Lahore,Punjab,Gulshan-e-Ahbab,House,2.2,1.0,sale_derived
31.492981,74.312468,103893.33,86000.0,44000,340000,9597.14,9200.0,15,11.2,Lahore,Punjab,Garden Town,House,3.33,3.47,sale_derived
31.492981,74.388034,79000.0,79000.0,78000,80000,7900.0,7900.0,2,10.0,Lahore,Punjab,Eden,House,4.0,2.0,sale_derived
31.49303192,74.26192202,32000.0,32000.0,32000,32000,8000.0,8000.0,1,4.0,Lahore,Punjab,Mansoorah,House,4.0,4.0,sale_derived
31.49303592,74.34211671,120000.0,120000.0,120000,120000,10000.0,10000.0,1,12.0,Lahore,Punjab,Askari,House,3.0,3.0,sale_derived
31.49310911,74.42373633,40000.0,40000.0,40000,40000,5714.29,5714.29,1,7.0,Lahore,Punjab,Cantt,House,3.0,3.0,sale_derived
31.493155,74.370301,46480.0,40000.0,28000,114000,10262.5,10000.0,25,4.64,Lahore,Punjab,Islam Nagar,House,2.76,0.48,sale_derived
31.493164,73.102634,19250.0,15000.0,12000,35000,4003.69,3214.29,4,4.82,Faisalabad,Punjab,Millat Town,House,2.5,3.0,rental
31.493297,74.247151,28400.0,22000.0,8800,98000,6919.91,6500.0,11,5.09,Lahore,Punjab,Khayaban-e-Quaid,House,3.18,3.18,sale_derived
31.493298,74.247154,48000.0,48000.0,48000,48000,4800.0,4800.0,1,10.0,Lahore,Punjab,Khayaban-e-Quaid,House,6.0,6.0,sale_derived
31.49332639,74.262321,100000.0,100000.0,100000,100000,10000.0,10000.0,1,10.0,Lahore,Punjab,Mansoorah,House,4.0,4.0,sale_derived
31.493338,74.416925,70400.0,70000.0,66000,80000,7677.78,8750.0,5,9.4,Lahore,Punjab,Divine Homes,House,3.2,3.6,sale_derived
31.493355,73.109049,16500.0,16500.0,16500,16500,4125.0,4125.0,1,4.0,Faisalabad,Punjab,New Green Town,House,0.0,0.0,rental
31.4935025,74.27807093,26000.0,26000.0,26000,26000,8666.67,8666.67,1,3.0,Lahore,Punjab,Mustafa Town,House,3.0,3.0,sale_derived
31.493699,74.417302,68000.0,68000.0,68000,68000,5913.04,5913.04,1,11.5,Lahore,Punjab,Ring Road,House,5.0,6.0,sale_derived
31.49389474,74.37879894,40000.0,40000.0,40000,40000,10000.0,10000.0,1,4.0,Lahore,Punjab,New Super Town,House,3.0,4.0,sale_derived
31.493941,74.363204,61440.0,67600.0,32000,104000,9393.33,9000.0,5,6.6,Lahore,Punjab,Shiraz Villas,House,3.6,5.2,sale_derived
31.4939502,74.25932866,120000.0,120000.0,120000,120000,12000.0,12000.0,1,10.0,Lahore,Punjab,Ittifaq Town,House,5.0,4.0,sale_derived
31.49401,74.25717,22000.0,22000.0,22000,22000,8800.0,8800.0,1,2.5,Lahore,Punjab,Ittifaq Town,House,3.0,3.0,sale_derived
31.494064,74.245,30000.0,30000.0,30000,30000,6000.0,6000.0,1,5.0,Lahore,Punjab,Khayaban-e-Quaid,House,4.0,3.0,sale_derived
31.494143,74.37046,17400.0,17400.0,17400,17400,9666.67,9666.67,1,1.8,Lahore,Punjab,Walton Road,Flat,2.0,2.0,sale_derived
31.494189,74.277184,84000.0,84000.0,84000,84000,8400.0,8400.0,1,10.0,Lahore,Punjab,Mustafa Town,House,3.0,3.0,sale_derived
31.494262,74.400187,48257.45,49600.0,64,76000,8262.66,9000.0,22,6.01,Lahore,Punjab,Ali View Park,House,3.27,3.27,sale_derived
31.494263,74.400185,40000.0,40000.0,40000,40000,6250.0,6250.0,1,6.4,Lahore,Punjab,Ali View Park,House,4.0,5.0,sale_derived
31.494298,73.21151,35000.0,35000.0,35000,35000,2333.33,2333.33,1,15.0,Faisalabad,Punjab,Wapda City,Upper Portion,0.0,0.0,rental
31.494335,74.26878,87360.0,70000.0,52800,126000,6940.0,6400.0,5,13.2,Lahore,Punjab,Education Town,House,4.8,3.6,sale_derived
31.494408,74.437666,118365.96,108000.0,30000,340000,9397.87,9450.0,188,12.99,Lahore,Punjab,DHA Defence,House,4.28,4.82,sale_derived
31.494408,74.43767,130000.0,130000.0,130000,130000,6500.0,6500.0,1,20.0,Lahore,Punjab,DHA Defence,House,0.0,0.0,sale_derived
31.494432,74.41326,18000.0,18000.0,18000,18000,7200.0,7200.0,1,2.5,Lahore,Punjab,Cantt,House,4.0,5.0,sale_derived
31.49451797,74.37776864,88000.0,88000.0,88000,88000,8000.0,8000.0,1,11.0,Lahore,Punjab,New Super Town,House,5.0,6.0,sale_derived
31.494564,74.25138,10400.0,10400.0,10400,10400,2600.0,2600.0,1,4.0,Lahore,Punjab,Khayaban-e-Quaid,House,4.0,3.0,sale_derived
31.494628,74.414849,36742.86,38000.0,25200,48000,7792.58,7500.0,14,4.91,Lahore,Punjab,Cantt,House,2.86,3.0,sale_derived
31.49476498,74.42501307,74000.0,74000.0,74000,74000,7400.0,7400.0,1,10.0,Lahore,Punjab,Airport Road,House,5.0,6.0,sale_derived
31.494774,74.31723,121000.0,121000.0,76000,166000,9578.57,9578.57,2,13.5,Lahore,Punjab,Garden Town,House,4.5,5.0,sale_derived
31.494774,74.317231,143764.71,164000.0,76000,200000,9429.0,9500.0,17,16.06,Lahore,Punjab,Garden Town,House,4.18,3.88,sale_derived
31.49489763,74.36886907,80000.0,80000.0,80000,80000,8000.0,8000.0,1,10.0,Lahore,Punjab,Cavalry Ground,House,0.0,0.0,sale_derived
31.494993,74.27294,76000.0,76000.0,76000,76000,7600.0,7600.0,1,10.0,Lahore,Punjab,Mustafa Town,House,5.0,4.0,sale_derived
31.49499321,74.27294159,88000.0,88000.0,88000,88000,8800.0,8800.0,1,10.0,Lahore,Punjab,Mustafa Town,House,5.0,4.0,sale_derived
31.494994,74.272943,92700.0,91400.0,68000,120000,9270.0,9140.0,4,10.0,Lahore,Punjab,Mustafa Town,House,3.5,3.75,sale_derived
31.495099,74.24091,12000.0,12000.0,12000,12000,4000.0,4000.0,6,3.0,Lahore,Punjab,Abdullah Town,House,2.0,2.0,sale_derived
31.49511337,74.36480713,134000.0,134000.0,134000,134000,6700.0,6700.0,1,20.0,Lahore,Punjab,Cavalry Ground,House,3.0,4.0,sale_derived
31.495177,74.37139,67720.0,62000.0,22000,140000,9802.43,9952.38,10,7.9,Lahore,Punjab,Zaman Colony,House,3.7,3.5,sale_derived
31.49518809,74.3630641,70000.0,70000.0,70000,70000,7000.0,7000.0,1,10.0,Lahore,Punjab,Cavalry Ground,House,4.0,5.0,sale_derived
31.495241,74.374466,74000.0,58000.0,24000,140000,8700.0,7500.0,3,9.4,Lahore,Punjab,DHA Defence,House,4.0,4.67,sale_derived
31.49535047,74.3535912,156000.0,156000.0,156000,156000,11142.86,11142.86,1,14.0,Lahore,Punjab,Gulberg,House,4.0,4.0,sale_derived
31.495427,74.423858,44300.0,30000.0,30000,140000,7194.23,7500.0,16,6.94,Lahore,Punjab,Cricketer Villas,House,3.19,4.19,sale_derived
31.495469,74.266505,24200.0,24200.0,24000,24400,8066.67,8066.67,2,3.0,Lahore,Punjab,Waris Colony,House,3.0,3.5,sale_derived
31.49553,74.42381,128000.0,128000.0,128000,128000,6400.0,6400.0,1,20.0,Lahore,Punjab,Sui Gas Housing Society,House,0.0,0.0,sale_derived
31.49557877,74.27338409,80000.0,80000.0,80000,80000,10000.0,10000.0,1,8.0,Lahore,Punjab,Azam Gardens,House,6.0,6.0,sale_derived
31.495579,74.273384,76000.0,76000.0,76000,76000,10857.14,10857.14,1,7.0,Lahore,Punjab,Mustafa Town,House,0.0,0.0,sale_derived
31.495579,74.273386,57977.78,50400.0,17400,92000,9250.8,9200.0,27,6.23,Lahore,Punjab,Mustafa Town,House,3.37,3.85,sale_derived
31.495707,73.335301,11000.0,11000.0,11000,11000,3666.67,3666.67,1,3.0,Faisalabad,Punjab,Haji Abad,Upper Portion,2.0,2.0,rental
31.495734,74.426671,46000.0,46000.0,46000,46000,9200.0,9200.0,1,5.0,Lahore,Punjab,AR Cottages,House,3.0,4.0,sale_derived
31.495909,74.350569,194016.24,212000.0,134000,320000,11004.71,11000.0,197,17.56,Lahore,Punjab,Gulberg,House,4.43,4.12,sale_derived
31.495945,74.37718,82666.67,80000.0,80000,88000,8266.67,8000.0,3,10.0,Lahore,Punjab,New Super Town,House,3.33,3.33,sale_derived
31.495945,74.377184,59636.36,48000.0,34000,200000,12025.0,12333.33,22,6.2,Lahore,Punjab,New Super Town,House,3.45,2.91,sale_derived
31.49597205,74.26026828,72000.0,72000.0,72000,72000,4800.0,4800.0,1,15.0,Lahore,Punjab,Multan Road,House,5.0,4.0,sale_derived
31.496091,74.393234,24837.5,18200.0,7000,100000,6139.93,5466.67,48,4.18,Lahore,Punjab,Nishat Colony,House,2.85,1.75,sale_derived
31.496091,74.406009,66060.0,42000.0,10800,336000,8055.5,7106.67,20,8.06,Lahore,Punjab,Cantt,House,3.75,3.05,sale_derived
31.496092,74.393234,12800.0,8800.0,7400,22000,4806.67,4300.0,5,2.6,Lahore,Punjab,Nishat Colony,House,2.6,1.8,sale_derived
31.496092,74.406006,29400.0,29400.0,29400,29400,7350.0,7350.0,1,4.0,Lahore,Punjab,Cantt,House,3.0,4.0,sale_derived
31.49610572,74.36124164,103600.0,103600.0,103600,103600,10360.0,10360.0,1,10.0,Lahore,Punjab,Cavalry Ground,House,7.0,7.0,sale_derived
31.496231,74.25779,52000.0,52000.0,52000,52000,5200.0,5200.0,1,10.0,Lahore,Punjab,Ittifaq Town,House,3.0,4.0,sale_derived
31.496274,74.315636,148000.0,148000.0,148000,148000,5692.31,5692.31,1,26.0,Lahore,Punjab,Garden Town,House,7.0,8.0,sale_derived
31.496275,74.315636,160000.0,160000.0,160000,160000,6153.85,6153.85,1,26.0,Lahore,Punjab,Garden Town,House,3.0,3.0,sale_derived
31.49632,74.382237,38000.0,38000.0,38000,38000,9500.0,9500.0,1,4.0,Lahore,Punjab,Faisal Ghuman Road,House,5.0,6.0,sale_derived
31.496485,74.40588,50000.0,50000.0,50000,50000,10000.0,10000.0,1,5.0,Lahore,Punjab,Cantt,House,4.0,7.0,sale_derived
31.496567,74.273372,80000.0,80000.0,80000,80000,11047.62,11047.62,2,7.25,Lahore,Punjab,Mustafa Town,House,5.0,5.0,sale_derived
31.49657633,74.36567187,44000.0,44000.0,44000,44000,8000.0,8000.0,1,5.5,Lahore,Punjab,Cavalry Ground,House,2.0,2.0,sale_derived
31.49680064,74.36200776,64000.0,64000.0,64000,64000,12800.0,12800.0,1,5.0,Lahore,Punjab,Cavalry Ground,House,3.0,3.0,sale_derived
31.497037,73.271091,12000.0,12000.0,12000,12000,4000.0,4000.0,1,3.0,Faisalabad,Punjab,Khurianwala,House,1.0,2.0,rental
31.497116,74.321516,180000.0,170000.0,90000,340000,9472.22,9083.33,6,19.67,Lahore,Punjab,Garden Town,House,5.17,5.33,sale_derived
31.497116,74.32152,160000.0,160000.0,160000,160000,8000.0,8000.0,1,20.0,Lahore,Punjab,Garden Town,House,3.0,3.0,sale_derived
31.497116,74.398295,75800.0,75800.0,39600,112000,7607.69,7607.69,2,9.5,Lahore,Punjab,Askari,House,4.0,4.5,sale_derived
31.49716181,74.41377997,48000.0,48000.0,48000,48000,9600.0,9600.0,1,5.0,Lahore,Punjab,Cantt,House,3.0,4.0,sale_derived
31.497217,74.36174667,54000.0,54000.0,54000,54000,13500.0,13500.0,1,4.0,Lahore,Punjab,Cavalry Ground,House,3.0,4.0,sale_derived
31.49725101,74.24705654,31200.0,31200.0,31200,31200,4160.0,4160.0,1,7.5,Lahore,Punjab,Multan Road,House,4.0,5.0,sale_derived
31.497267,74.259941,32666.67,32000.0,32000,34000,7633.33,8000.0,3,4.33,Lahore,Punjab,Gulzar E Ahbab Society,House,4.0,1.33,sale_derived
31.497848,74.476147,151520.0,148000.0,139600,170000,7576.0,7400.0,5,20.0,Lahore,Punjab,DHA Defence,House,5.2,6.4,sale_derived
31.497921,74.32919,236666.67,260000.0,190000,260000,11833.33,13000.0,3,20.0,Lahore,Punjab,Model Town,House,5.0,5.33,sale_derived
31.49797599,74.34614539,230000.0,230000.0,230000,230000,11500.0,11500.0,1,20.0,Lahore,Punjab,Gulberg,House,5.0,5.0,sale_derived
31.498177,74.428847,34000.0,30000.0,26800,57200,9109.84,8571.43,6,3.67,Lahore,Punjab,Cantt,House,2.5,3.17,sale_derived
31.498177,74.42885,28000.0,28000.0,28000,28000,9333.33,9333.33,1,3.0,Lahore,Punjab,Cantt,House,3.0,4.0,sale_derived
31.498214,73.053575,29000.0,29000.0,25000,33000,3435.71,3435.71,2,8.5,Faisalabad,Punjab,Punjab Small Industries Estate,House,3.5,0.0,rental
31.49830561,74.37429417,34000.0,34000.0,34000,34000,11333.33,11333.33,1,3.0,Lahore,Punjab,Cavalry Ground,House,4.0,4.0,sale_derived
31.498433,73.211339,40000.0,38000.0,32000,50000,2666.67,2533.33,3,15.0,Faisalabad,Punjab,Wapda City,House,1.67,2.33,rental
31.498507,74.339025,86916.13,73000.0,48000,220000,7279.81,7300.0,62,11.6,Lahore,Punjab,Askari,Flat,3.08,3.26,sale_derived
31.498507,74.33903,68800.0,68800.0,58000,79600,6880.0,6880.0,2,10.0,Lahore,Punjab,Askari,Flat,3.0,3.5,sale_derived
31.49858,74.40927,42957.14,40000.0,18000,100000,8707.44,8800.0,56,5.11,Lahore,Punjab,Cantt,House,3.27,3.43,sale_derived
31.498883,74.24263,17771.43,16800.0,14000,22000,5641.9,5600.0,7,3.29,Lahore,Punjab,Pak Park,House,2.43,2.57,sale_derived
31.499019,74.263151,24000.0,24000.0,24000,24000,8000.0,8000.0,2,3.0,Lahore,Punjab,Crescent Town,House,3.0,0.0,sale_derived
31.499052,74.31836,120000.0,120000.0,120000,120000,6000.0,6000.0,1,20.0,Lahore,Punjab,Garden Town,House,3.0,3.0,sale_derived
31.499052,74.318363,170000.0,170000.0,170000,170000,8500.0,8500.0,1,20.0,Lahore,Punjab,Garden Town,House,4.0,5.0,sale_derived
31.49910143,74.40814347,22000.0,22000.0,22000,22000,11000.0,11000.0,1,2.0,Lahore,Punjab,Cantt,House,2.0,3.0,sale_derived
31.49921097,74.27351117,76000.0,76000.0,76000,76000,7600.0,7600.0,1,10.0,Lahore,Punjab,Allama Iqbal Town,House,3.0,4.0,sale_derived
31.499216,74.349013,41333.33,43000.0,22000,58000,8701.59,8583.33,6,5.0,Lahore,Punjab,Model Colony,House,4.33,2.33,sale_derived
31.499238,73.204644,40500.0,40500.0,36000,45000,8250.0,8250.0,2,6.5,Faisalabad,Punjab,Wapda City,Flat,2.0,3.0,rental
31.499348,74.416959,63963.64,66000.0,38000,86000,6657.43,6708.33,22,9.64,Lahore,Punjab,Eden,House,3.27,3.23,sale_derived
31.499385,74.248524,44740.0,50000.0,17200,68000,7403.33,7400.0,10,6.6,Lahore,Punjab,Marghzar Officers Colony,House,3.8,3.1,sale_derived
31.499386,74.24853,48400.0,48400.0,36800,60000,6680.0,6680.0,2,7.5,Lahore,Punjab,Marghzar Officers Colony,House,4.0,5.0,sale_derived
31.499458,74.417818,40850.0,27300.0,8800,100000,6188.33,5910.0,4,5.5,Lahore,Punjab,Eden,House,3.0,2.5,sale_derived
31.499481,74.418277,77833.33,77000.0,64000,94000,7875.13,7833.33,24,9.9,Lahore,Punjab,Eden Avenue Extension,House,3.5,3.12,sale_derived
31.49975,74.355125,21200.0,21200.0,21200,21200,10600.0,10600.0,1,2.0,Lahore,Punjab,Makkah Colony,House,3.0,2.0,sale_derived
31.499751,74.355125,34320.0,36200.0,16000,50000,10689.85,9550.0,10,3.37,Lahore,Punjab,Makkah Colony,House,2.8,2.6,sale_derived
31.499874,74.26253,33422.22,36000.0,20000,48000,9309.63,8800.0,9,3.72,Lahore,Punjab,Nadeem Town,House,3.44,1.89,sale_derived
31.500007,74.324734,179333.33,150000.0,36000,340000,7594.95,8000.0,9,23.17,Lahore,Punjab,Garden Town,House,4.11,4.22,sale_derived
31.500117,74.359753,48500.0,50000.0,38000,56000,8041.67,6750.0,4,6.75,Lahore,Punjab,Gulbahar Colony,House,5.0,5.5,sale_derived
31.50019,74.414685,68675.0,70000.0,48800,80000,8287.92,8500.0,16,8.41,Lahore,Punjab,Divine Gardens,House,3.38,4.19,sale_derived
31.500336,74.412789,73157.89,64000.0,50000,230000,7441.23,7500.0,19,9.53,Lahore,Punjab,Divine Gardens,House,3.53,2.63,sale_derived
31.500556,74.367728,111787.72,72000.0,19400,330000,9716.87,9466.67,114,12.14,Lahore,Punjab,Cavalry Ground,House,3.9,3.46,sale_derived
31.500557,74.36773,151714.29,180000.0,66000,270000,9097.62,9000.0,7,18.43,Lahore,Punjab,Cavalry Ground,House,4.43,4.14,sale_derived
31.50055871,74.25994354,68000.0,68000.0,68000,68000,6800.0,6800.0,1,10.0,Lahore,Punjab,Awan Town,House,2.0,2.0,sale_derived
31.500775,74.330184,222000.0,168000.0,168000,330000,8100.0,8400.0,3,28.0,Lahore,Punjab,Garden Town,House,2.33,2.0,sale_derived
31.500775,74.344354,163500.0,162000.0,100000,230000,8270.83,8111.11,4,23.75,Lahore,Punjab,Gulberg,House,3.25,2.25,sale_derived
31.500848,74.272971,77114.29,77000.0,48800,122000,8149.76,7857.14,14,9.36,Lahore,Punjab,Allama Iqbal Town,House,4.5,3.79,sale_derived
31.500849,74.27297,74000.0,74000.0,74000,74000,7400.0,7400.0,1,10.0,Lahore,Punjab,Allama Iqbal Town,House,4.0,4.0,sale_derived
31.501095,74.336111,47970.0,47970.0,29540,66400,15494.61,15494.61,2,3.1,Lahore,Punjab,Gulberg,Flat,1.5,1.5,sale_derived
31.501141,73.213956,75666.67,95000.0,35000,97000,6533.33,4850.0,3,14.5,Faisalabad,Punjab,Wapda City,House,1.67,1.67,rental
31.50116803,74.24307816,100000.0,100000.0,100000,100000,5000.0,5000.0,1,20.0,Lahore,Punjab,Marghzar Officers Colony,House,7.0,9.0,sale_derived
31.501178,74.355125,180000.0,180000.0,180000,180000,9000.0,9000.0,1,20.0,Lahore,Punjab,Gulberg,House,3.0,4.0,sale_derived
31.501178,74.447132,26400.0,33600.0,800,34000,4602.67,4250.0,5,7.0,Lahore,Punjab,DHA Defence,Flat,1.8,1.8,sale_derived
31.501179,74.44713,58000.0,58000.0,58000,58000,6444.44,6444.44,1,9.0,Lahore,Punjab,DHA Defence,Flat,3.0,0.0,sale_derived
31.501214,74.254832,94000.0,89000.0,78000,120000,7900.0,8300.0,4,12.5,Lahore,Punjab,Marghzar Officers Colony,House,5.75,5.5,sale_derived
31.501251,74.257576,33000.0,33000.0,24000,42000,6600.0,6600.0,2,5.0,Lahore,Punjab,Al-Hamd Park,House,3.0,3.0,sale_derived
31.501252,74.257575,27942.86,26000.0,14000,60000,9007.31,9333.33,21,3.1,Lahore,Punjab,Al-Hamd Park,House,2.57,2.14,sale_derived
31.501397,74.250927,64000.0,64000.0,28000,100000,6500.0,6500.0,2,11.75,Lahore,Punjab,Marghzar Officers Colony,House,5.0,0.0,sale_derived
31.50143,74.36781,34800.0,34800.0,34800,34800,8700.0,8700.0,1,4.0,Lahore,Punjab,Shiraz Villas,House,5.0,5.0,sale_derived
31.50147,74.24796,20000.0,20000.0,20000,20000,8000.0,8000.0,1,2.5,Lahore,Punjab,Marghzar Officers Colony,House,3.0,3.0,sale_derived
31.50147,74.247966,56000.0,64600.0,24800,70000,7920.91,6681.82,4,8.25,Lahore,Punjab,Marghzar Officers Colony,House,4.75,4.5,sale_derived
31.50147,74.259735,47200.0,48400.0,30000,62000,6340.0,6200.0,4,7.5,Lahore,Punjab,Awan Town,House,4.25,3.5,sale_derived
31.501681,74.261656,58000.0,62000.0,50000,62000,6911.11,6200.0,3,8.67,Lahore,Punjab,Awan Town,House,5.33,3.0,sale_derived
31.5017086,74.27506384,90000.0,90000.0,90000,90000,8181.82,8181.82,1,11.0,Lahore,Punjab,Allama Iqbal Town,House,5.0,6.0,sale_derived
31.5019736,74.24734354,36000.0,36000.0,36000,36000,7200.0,7200.0,1,5.0,Lahore,Punjab,Marghzar Officers Colony,House,3.0,3.0,sale_derived
31.501983,74.415457,113111.11,110000.0,88000,140000,8650.79,9000.0,9,13.11,Lahore,Punjab,Divine Gardens,House,4.22,2.67,sale_derived
31.50203363,74.27276216,84000.0,84000.0,84000,84000,8400.0,8400.0,1,10.0,Lahore,Punjab,Allama Iqbal Town,House,0.0,0.0,sale_derived
31.502093,74.320693,122800.0,130000.0,14000,260000,9071.43,10000.0,5,12.58,Lahore,Punjab,Garden Town,House,2.6,2.6,sale_derived
31.502166,74.333439,25344.16,18000.0,4000,210000,5933.0,5840.0,97,12.53,Lahore,Punjab,Ferozepur Road,House,2.78,2.52,sale_derived
31.502167,74.33344,27120.0,18800.0,10000,54000,7393.33,6266.67,5,3.6,Lahore,Punjab,Ferozepur Road,House,1.8,1.6,sale_derived
31.502182,74.335214,45466.67,41200.0,31000,66800,15703.37,15500.0,6,2.88,Lahore,Punjab,Gulberg,Flat,1.33,1.33,sale_derived
31.502374,74.44698,48571.43,36000.0,26000,90000,7506.11,6500.0,7,6.3,Lahore,Punjab,DHA Defence,Flat,2.14,2.43,sale_derived
31.502385,74.414506,72655.86,68000.0,40000,226000,7670.65,7500.0,111,9.47,Lahore,Punjab,Divine Gardens,House,3.65,1.92,sale_derived
31.502422,74.317138,149000.0,140000.0,140000,176000,7450.0,7000.0,4,20.0,Lahore,Punjab,Garden Town,House,3.25,3.25,sale_derived
31.502531,74.256935,80000.0,80000.0,80000,80000,5333.33,5333.33,1,15.0,Lahore,Punjab,Marghzar Officers Colony,House,6.0,7.0,sale_derived
31.502532,74.256935,26000.0,26000.0,26000,26000,4333.33,4333.33,1,6.0,Lahore,Punjab,Marghzar Officers Colony,House,2.0,2.0,sale_derived
31.502644,74.26131,100000.0,100000.0,100000,100000,5000.0,5000.0,1,20.0,Lahore,Punjab,Awan Town,House,6.0,6.0,sale_derived
31.502733,74.442862,117866.67,124000.0,94000,128000,11786.67,12400.0,15,10.0,Lahore,Punjab,DHA Defence,House,4.13,4.4,sale_derived
31.502824,73.21435,40687.5,37500.0,25000,65000,6038.54,5000.0,16,9.19,Faisalabad,Punjab,Wapda City,House,1.25,1.31,rental
31.502898,74.254789,75440.0,66000.0,59200,120000,6344.0,6400.0,5,12.0,Lahore,Punjab,Marghzar Officers Colony,House,5.0,5.0,sale_derived
31.502917,74.442928,112285.71,112000.0,104000,130000,11228.57,11200.0,7,10.0,Lahore,Punjab,DHA Defence,House,4.0,4.57,sale_derived
31.50303655,74.36722541,180000.0,180000.0,180000,180000,11842.11,11842.11,1,15.2,Lahore,Punjab,Cavalry Ground,House,4.0,4.0,sale_derived
31.50308,74.412864,80769.23,78000.0,62000,96000,7614.1,7500.0,13,10.62,Lahore,Punjab,Divine Gardens,House,3.62,3.31,sale_derived
31.503117,73.211339,45000.0,45000.0,45000,45000,2250.0,2250.0,1,20.0,Faisalabad,Punjab,Wapda City,Upper Portion,0.0,0.0,rental
31.503117,74.34842,38400.0,38400.0,38400,38400,7680.0,7680.0,1,5.0,Lahore,Punjab,Gulberg,House,0.0,0.0,sale_derived
31.503117,74.348423,41333.33,44000.0,28000,52000,11392.59,10400.0,3,3.83,Lahore,Punjab,Gulberg,House,4.67,3.67,sale_derived
31.503134,74.369437,38400.0,32000.0,9200,74000,8612.7,10571.43,3,4.0,Lahore,Punjab,Officer Colony,House,2.33,1.67,sale_derived
31.50319,74.269953,74000.0,68000.0,58000,160000,7182.04,6800.0,18,10.32,Lahore,Punjab,Allama Iqbal Town,House,4.56,3.72,sale_derived
31.503227,74.324734,240000.0,240000.0,240000,240000,20000.0,20000.0,1,12.0,Lahore,Punjab,Garden Town,House,5.0,3.0,sale_derived
31.50326514,74.25346797,68000.0,68000.0,68000,68000,6800.0,6800.0,1,10.0,Lahore,Punjab,Marghzar Officers Colony,House,5.0,5.0,sale_derived
31.503393,74.445932,54533.33,33600.0,30000,100000,8044.44,7466.67,3,6.33,Lahore,Punjab,DHA Defence,Flat,2.33,2.0,sale_derived
31.50341,74.382491,35800.0,35200.0,24400,50000,9442.86,9400.0,6,4.17,Lahore,Punjab,Cantt,House,3.5,2.17,sale_derived
31.503483,74.252172,122857.14,120000.0,100000,152000,6914.29,6000.0,7,18.57,Lahore,Punjab,Marghzar Officers Colony,House,6.0,6.29,sale_derived
31.50352,74.410057,46571.43,46000.0,42000,50000,9076.19,8800.0,7,5.14,Lahore,Punjab,Divine Gardens,House,3.0,2.86,sale_derived
31.503763,74.243489,35490.91,40000.0,16800,60000,6946.31,6857.14,11,9.03,Lahore,Punjab,Green Park,House,3.0,0.64,sale_derived
31.503776,74.247222,53375.51,52000.0,10000,160000,6668.63,6366.67,98,8.81,Lahore,Punjab,Marghzar Officers Colony,House,3.65,2.1,sale_derived
31.503777,74.24722,80000.0,80000.0,80000,80000,8000.0,8000.0,1,10.0,Lahore,Punjab,Marghzar Officers Colony,House,5.0,6.0,sale_derived
31.503831,74.259778,80000.0,80000.0,80000,80000,8000.0,8000.0,1,10.0,Lahore,Punjab,Awan Town,House,5.0,6.0,sale_derived
31.50385999,74.25681945,120000.0,120000.0,120000,120000,6000.0,6000.0,1,20.0,Lahore,Punjab,Awan Town,House,0.0,0.0,sale_derived
31.503922,74.260068,50369.23,40800.0,15200,108000,7530.34,7682.35,26,7.27,Lahore,Punjab,Awan Town,House,4.12,3.73,sale_derived
31.503922,74.26007,35200.0,35200.0,35200,35200,7040.0,7040.0,1,5.0,Lahore,Punjab,Awan Town,House,6.0,4.0,sale_derived
31.503922,74.323135,250000.0,250000.0,240000,260000,12500.0,12500.0,2,20.0,Lahore,Punjab,Garden Town,House,6.0,6.5,sale_derived
31.503922,74.323139,129600.0,100000.0,16800,320000,11746.29,9200.0,68,13.9,Lahore,Punjab,Garden Town,House,3.87,3.0,sale_derived
31.50394,74.38404,36000.0,36000.0,36000,36000,10285.71,10285.71,1,3.5,Lahore,Punjab,Cantt,House,4.0,3.0,sale_derived
31.504068,74.277176,84000.0,84000.0,84000,84000,8400.0,8400.0,1,10.0,Lahore,Punjab,Allama Iqbal Town,House,5.0,6.0,sale_derived
31.504068,74.277177,83488.37,84000.0,16000,160000,10557.54,9000.0,43,9.5,Lahore,Punjab,Allama Iqbal Town,House,4.58,3.28,sale_derived
31.504142,73.218112,65666.67,55000.0,45000,97000,3200.0,2500.0,3,20.67,Faisalabad,Punjab,Wapda City,Upper Portion,1.33,1.33,rental
31.504198,74.283195,158000.0,158000.0,158000,158000,7900.0,7900.0,1,20.0,Lahore,Punjab,Allama Iqbal Town,House,6.0,6.0,sale_derived
31.50420388,74.3836135,60000.0,60000.0,60000,60000,8571.43,8571.43,1,7.0,Lahore,Punjab,Cantt,House,5.0,6.0,sale_derived
31.504331,74.331499,134000.0,180000.0,42000,180000,10250.0,10500.0,3,13.33,Lahore,Punjab,Kalma Chowk,House,2.0,2.0,sale_derived
31.5047,74.262482,35000.0,35000.0,28000,42000,8866.67,8866.67,2,4.0,Lahore,Punjab,Awan Town,House,3.5,3.5,sale_derived
31.504873,74.259596,16000.0,16000.0,16000,16000,8000.0,8000.0,1,2.0,Lahore,Punjab,Awan Town,House,2.0,3.0,sale_derived
31.505093,74.244576,48770.48,32800.0,10400,140000,6574.41,7000.0,21,8.48,Lahore,Punjab,Marghzar Officers Colony,House,3.19,2.76,sale_derived
31.505166,74.281983,100290.91,100000.0,82000,120000,9936.53,10000.0,11,10.09,Lahore,Punjab,Allama Iqbal Town,House,5.0,3.45,sale_derived
31.505276,74.252944,64000.0,64000.0,64000,64000,7111.11,7111.11,1,9.0,Lahore,Punjab,Marghzar Officers Colony,House,2.0,2.0,sale_derived
31.505386,74.35534,63000.0,63000.0,60000,66000,12600.0,12600.0,2,5.0,Lahore,Punjab,Gulberg,House,5.5,6.0,sale_derived
31.505496,74.476938,320000.0,320000.0,320000,320000,1600.0,1600.0,1,200.0,Lahore,Punjab,DHA Defence,Farm House,0.0,0.0,sale_derived
31.50550452,74.28477645,88000.0,88000.0,88000,88000,8800.0,8800.0,1,10.0,Lahore,Punjab,Allama Iqbal Town,House,5.0,5.0,sale_derived
31.505514,74.265089,34747.37,30000.0,12400,100000,8157.47,8000.0,38,4.5,Lahore,Punjab,Hassan Town,House,3.71,3.11,sale_derived
31.505514,74.26509,42000.0,42000.0,42000,42000,8400.0,8400.0,1,5.0,Lahore,Punjab,Hassan Town,House,6.0,6.0,sale_derived
31.50551414,74.26509094,60000.0,60000.0,60000,60000,7500.0,7500.0,1,8.0,Lahore,Punjab,Hassan Town,House,5.0,6.0,sale_derived
31.505678,74.348202,137645.33,137000.0,192,320000,10383.66,10076.92,66,14.36,Lahore,Punjab,Gulberg,House,4.03,3.18,sale_derived
31.505678,74.348206,43333.33,24000.0,6000,100000,7908.83,8000.0,3,4.43,Lahore,Punjab,Gulberg,House,2.33,2.0,sale_derived
31.50567818,74.34820557,132000.0,132000.0,132000,132000,9428.57,9428.57,1,14.0,Lahore,Punjab,Gulberg,House,4.0,4.0,sale_derived
31.505806,74.263532,30000.0,30000.0,30000,30000,6000.0,6000.0,1,5.0,Lahore,Punjab,Meraj Park,House,2.0,0.0,sale_derived
31.50595617,74.24393445,20000.0,20000.0,20000,20000,6666.67,6666.67,1,3.0,Lahore,Punjab,Pak Park,House,2.0,2.0,sale_derived
31.506008,74.293156,43744.83,30000.0,16000,200000,9387.24,10000.0,29,5.01,Lahore,Punjab,Wahdat Road,House,3.55,3.03,sale_derived
31.506008,74.29316,36000.0,36000.0,36000,36000,10285.71,10285.71,1,3.5,Lahore,Punjab,Wahdat Road,House,3.0,4.0,sale_derived
31.506117,74.344007,180000.0,180000.0,180000,180000,9000.0,9000.0,1,20.0,Lahore,Punjab,DHA Defence,House,5.0,6.0,sale_derived
31.506264,74.441271,116466.67,104000.0,34000,210000,10418.33,10000.0,30,11.6,Lahore,Punjab,DHA Defence,House,4.07,4.47,sale_derived
31.506264,74.444708,146750.0,162000.0,106000,174000,9437.5,8600.0,8,16.25,Lahore,Punjab,DHA Defence,House,4.75,4.12,sale_derived
31.506337,74.250283,14000.0,14000.0,14000,14000,7000.0,7000.0,1,2.0,Lahore,Punjab,Marghzar Officers Colony,House,3.0,2.0,sale_derived
31.50641,74.247537,75000.0,75000.0,64000,86000,7668.42,7668.42,2,9.75,Lahore,Punjab,Marghzar Officers Colony,House,4.5,4.5,sale_derived
31.50641,74.272628,74336.84,68000.0,44000,150000,7747.12,7400.0,38,9.7,Lahore,Punjab,Allama Iqbal Town,House,4.32,3.34,sale_derived
31.50641,74.27263,150000.0,150000.0,150000,150000,11111.11,11111.11,1,13.5,Lahore,Punjab,Allama Iqbal Town,House,0.0,0.0,sale_derived
31.506483,74.286017,95926.32,88000.0,72000,224000,9241.44,8800.0,38,10.34,Lahore,Punjab,Allama Iqbal Town,House,4.26,3.71,sale_derived
31.506483,74.28602,158000.0,158000.0,88000,228000,9581.82,9581.82,2,16.0,Lahore,Punjab,Allama Iqbal Town,House,7.0,4.0,sale_derived
31.50648308,74.28601837,152000.0,152000.0,152000,152000,15200.0,15200.0,1,10.0,Lahore,Punjab,Allama Iqbal Town,House,5.0,5.0,sale_derived
31.506612,74.440696,93300.0,94000.0,69200,116000,9330.0,9400.0,4,10.0,Lahore,Punjab,DHA Defence,House,4.0,5.0,sale_derived
31.50666107,74.26826309,28800.0,28800.0,28800,28800,5760.0,5760.0,1,5.0,Lahore,Punjab,Hassan Town,House,5.0,3.0,sale_derived
31.50676346,74.24655151,30000.0,30000.0,30000,30000,5000.0,5000.0,1,6.0,Lahore,Punjab,Sarwar Town,House,2.0,3.0,sale_derived
31.506764,74.246554,13600.0,12000.0,12000,19200,3176.19,2000.0,12,4.88,Lahore,Punjab,Sarwar Town,House,2.0,1.5,sale_derived
31.506922,74.32765,30000.0,30000.0,30000,30000,8571.43,8571.43,1,3.5,Lahore,Punjab,Garden Town,House,4.0,2.0,sale_derived
31.506922,74.327652,196333.33,185000.0,40000,340000,8788.89,8000.0,6,24.5,Lahore,Punjab,Garden Town,House,4.33,4.0,sale_derived
31.507069,73.22309,53333.33,50000.0,50000,60000,5333.33,5000.0,3,10.0,Faisalabad,Punjab,Wapda City,House,1.33,1.67,rental
31.507142,74.24715,36000.0,36000.0,22000,50000,5750.0,5750.0,2,7.5,Lahore,Punjab,Marghzar Officers Colony,House,2.5,2.0,sale_derived
31.507215,74.264848,15825.0,15650.0,10000,22000,7608.44,8100.0,4,2.28,Lahore,Punjab,Kharak,House,2.5,2.5,sale_derived
31.507215,74.26485,28000.0,28000.0,28000,28000,10370.37,10370.37,1,2.7,Lahore,Punjab,Kharak,House,3.0,2.0,sale_derived
31.507215,74.439705,116000.0,116000.0,116000,116000,11600.0,11600.0,1,10.0,Lahore,Punjab,DHA Defence,House,4.0,6.0,sale_derived
31.507215,74.439708,107846.15,108000.0,72000,176000,10558.97,10800.0,39,10.26,Lahore,Punjab,DHA Defence,House,3.95,4.36,sale_derived
31.507252,74.338903,216000.0,216000.0,216000,216000,10800.0,10800.0,1,20.0,Lahore,Punjab,Gulberg,House,5.0,5.0,sale_derived
31.507418,74.264401,52000.0,52000.0,52000,52000,8666.67,8666.67,2,6.0,Lahore,Punjab,Multan Road,House,3.0,0.0,sale_derived
31.5078,74.318733,242200.0,270000.0,90000,340000,11184.18,11728.57,10,23.3,Lahore,Punjab,Garden Town,House,4.1,4.5,sale_derived
31.507837,74.355896,260000.0,260000.0,260000,260000,6500.0,6500.0,1,40.0,Lahore,Punjab,Gulberg,House,7.0,6.0,sale_derived
31.507837,74.355898,180000.0,180000.0,160000,200000,8444.44,8333.33,3,21.33,Lahore,Punjab,Gulberg,House,3.67,1.67,sale_derived
31.508276,74.255176,19200.0,19200.0,19200,19200,6400.0,6400.0,1,3.0,Lahore,Punjab,Meharpura,House,0.0,0.0,sale_derived
31.508298,73.067842,39500.0,35000.0,18000,90000,5524.54,6461.54,12,7.17,Faisalabad,Punjab,Makkah Garden,House,2.33,2.0,rental
31.508442,74.4437,170000.0,170000.0,160000,180000,8500.0,8500.0,2,20.0,Lahore,Punjab,DHA Defence,House,5.0,6.0,sale_derived
31.50844419,74.24990103,31200.0,31200.0,31200,31200,5200.0,5200.0,1,6.0,Lahore,Punjab,Al-Hafiz Town,House,2.0,3.0,sale_derived
31.508534,74.252643,14800.0,14800.0,14800,14800,5920.0,5920.0,1,2.5,Lahore,Punjab,Samanzar Colony,House,2.0,0.0,sale_derived
31.508595,74.24912,29400.0,29400.0,28800,30000,7800.0,7800.0,2,4.0,Lahore,Punjab,Al-Hafiz Town,House,2.5,3.0,sale_derived
31.508595,74.249121,22693.33,20000.0,10400,50000,8033.78,8000.0,15,2.84,Lahore,Punjab,Al-Hafiz Town,House,2.67,2.47,sale_derived
31.508679,74.437326,100000.0,97000.0,84000,130000,10000.0,9700.0,36,10.0,Lahore,Punjab,DHA Defence,House,4.03,4.58,sale_derived
31.508696,74.309866,260000.0,260000.0,260000,260000,13000.0,13000.0,1,20.0,Lahore,Punjab,New Muslim Town,House,5.0,8.0,sale_derived
31.508753,74.36066,58000.0,58000.0,58000,58000,9666.67,9666.67,1,6.0,Lahore,Punjab,Cantt,House,4.0,7.0,sale_derived
31.508898,74.283356,76000.0,76000.0,76000,76000,7600.0,7600.0,1,10.0,Lahore,Punjab,Allama Iqbal Town,House,4.0,4.0,sale_derived
31.508898,74.283357,99354.84,92000.0,56000,200000,9362.81,9100.0,62,10.66,Lahore,Punjab,Allama Iqbal Town,House,4.81,3.55,sale_derived
31.50906453,74.24930876,15600.0,15600.0,15600,15600,7800.0,7800.0,1,2.0,Lahore,Punjab,Marghzar Officers Colony,House,2.0,2.0,sale_derived
31.509067,74.246771,27591.95,26000.0,5200,50000,10118.16,10666.67,174,2.9,Lahore,Punjab,Lalazaar Garden,House,2.78,2.7,sale_derived
31.509068,74.24677,25400.0,25400.0,22800,28000,8042.42,8042.42,2,3.15,Lahore,Punjab,Lalazaar Garden,House,3.0,4.0,sale_derived
31.509378,74.343787,76400.0,76400.0,32800,120000,9280.0,9280.0,2,7.5,Lahore,Punjab,Noor Jahan Road,House,4.5,6.0,sale_derived
31.50940704,74.31420135,290000.0,290000.0,290000,290000,7250.0,7250.0,1,40.0,Lahore,Punjab,New Muslim Town,House,0.0,0.0,sale_derived
31.50942405,74.2498402,26000.0,26000.0,26000,26000,8666.67,8666.67,1,3.0,Lahore,Punjab,Lalazaar Garden,House,3.0,4.0,sale_derived
31.50943,74.437263,88215.38,90000.0,72000,100000,8729.23,9000.0,13,10.15,Lahore,Punjab,DHA Defence,House,3.0,2.92,sale_derived
31.509557,74.288936,58695.24,45000.0,32000,116000,9067.62,8800.0,42,6.43,Lahore,Punjab,Allama Iqbal Town,House,4.26,3.0,sale_derived
31.50977135,74.24963379,26000.0,26000.0,26000,26000,8666.67,8666.67,1,3.0,Lahore,Punjab,Lalazaar Garden,House,3.0,4.0,sale_derived
31.510259,74.343649,120000.0,120000.0,120000,120000,12000.0,12000.0,1,10.0,Lahore,Punjab,Gulberg,Flat,2.0,2.0,sale_derived
31.510288,74.29872,176000.0,176000.0,172000,180000,8800.0,8800.0,2,20.0,Lahore,Punjab,Allama Iqbal Town,House,5.0,5.0,sale_derived
31.510471,74.350526,201942.0,250000.0,31652,280000,13603.14,13500.0,6,15.95,Lahore,Punjab,Gulberg,House,5.33,5.0,sale_derived
31.5108076,74.28202127,70000.0,70000.0,70000,70000,7000.0,7000.0,1,10.0,Lahore,Punjab,Allama Iqbal Town,House,3.0,3.0,sale_derived
31.510874,74.27679,92000.0,92000.0,92000,92000,9200.0,9200.0,1,10.0,Lahore,Punjab,Allama Iqbal Town,House,5.0,4.0,sale_derived
31.510947,73.220086,38666.67,32250.0,20500,60000,3866.67,3225.0,6,10.0,Faisalabad,Punjab,Wapda City,House,2.5,3.5,rental
31.510965,74.312483,287111.11,300000.0,142000,340000,7496.83,7500.0,9,38.22,Lahore,Punjab,New Muslim Town,House,4.56,3.11,sale_derived
31.511679,74.31252,320000.0,320000.0,320000,320000,8000.0,8000.0,1,40.0,Lahore,Punjab,New Muslim Town,House,0.0,0.0,sale_derived
31.511679,74.312525,213600.0,240000.0,13200,340000,9892.5,8500.0,17,23.25,Lahore,Punjab,New Muslim Town,House,4.29,4.29,sale_derived
31.511751,74.27829,140000.0,140000.0,140000,140000,14000.0,14000.0,1,10.0,Lahore,Punjab,Allama Iqbal Town,House,4.0,4.0,sale_derived
31.511752,74.278293,84023.53,84000.0,30000,200000,8664.84,8640.0,51,9.75,Lahore,Punjab,Allama Iqbal Town,House,4.39,3.27,sale_derived
31.51177021,74.28667545,74000.0,74000.0,74000,74000,7400.0,7400.0,1,10.0,Lahore,Punjab,Allama Iqbal Town,House,5.0,6.0,sale_derived
31.51183338,74.26023323,12800.0,12800.0,12800,12800,8533.33,8533.33,1,1.5,Lahore,Punjab,Dubban Pura,House,2.0,2.0,sale_derived
31.511935,74.433575,109200.0,99000.0,24000,170000,7723.75,7812.5,20,14.35,Lahore,Punjab,Eden,House,4.8,5.1,sale_derived
31.51193714,74.26952541,60000.0,60000.0,60000,60000,8571.43,8571.43,1,7.0,Lahore,Punjab,Sabzazar Scheme,House,5.0,6.0,sale_derived
31.512174,74.438893,160000.0,160000.0,160000,160000,8000.0,8000.0,1,20.0,Lahore,Punjab,DHA Defence,House,5.0,7.0,sale_derived
31.512228,74.325078,230450.0,240000.0,140000,280000,11543.33,10916.67,8,19.88,Lahore,Punjab,Garden Town,House,4.5,4.62,sale_derived
31.512264,74.438206,144200.0,150000.0,98000,180000,9920.0,9400.0,10,15.0,Lahore,Punjab,DHA Defence,House,4.1,5.0,sale_derived
31.51279,74.35424,58000.0,58000.0,58000,58000,11600.0,11600.0,1,5.0,Lahore,Punjab,Gulberg,House,4.0,5.0,sale_derived
31.513081,73.064791,16466.67,12000.0,10000,28000,3608.25,3500.0,30,4.8,Faisalabad,Punjab,Yousaf Town,House,0.23,0.2,rental
31.513142,74.436994,114680.0,100000.0,84000,160000,8324.99,8400.0,50,14.48,Lahore,Punjab,Eden,House,4.56,2.22,sale_derived
31.513289,74.293585,109000.0,110000.0,96000,120000,10900.0,11000.0,4,10.0,Lahore,Punjab,Allama Iqbal Town,House,4.75,4.0,sale_derived
31.513708,74.315445,215000.0,215000.0,170000,260000,10750.0,10750.0,2,20.0,Lahore,Punjab,New Muslim Town,House,6.0,2.5,sale_derived
31.513709,74.315445,165333.33,160000.0,156000,180000,8266.67,8000.0,3,20.0,Lahore,Punjab,New Muslim Town,House,5.0,4.67,sale_derived
31.514011,74.355228,124000.0,136000.0,96000,140000,12894.7,13084.11,3,9.57,Lahore,Punjab,Gulberg,House,3.67,4.67,sale_derived
31.514093,73.222404,35000.0,35000.0,35000,35000,7000.0,7000.0,4,5.0,Faisalabad,Punjab,Wapda City,House,1.75,0.75,rental
31.514342,74.3436,32000.0,32000.0,30000,34000,14038.46,14038.46,2,2.3,Lahore,Punjab,Gulberg,Flat,1.0,2.0,sale_derived
31.514971,74.444042,147200.0,147000.0,140000,156000,7289.09,7300.0,10,20.2,Lahore,Punjab,Eden,House,5.4,5.6,sale_derived
31.515118,74.344826,148000.0,148000.0,148000,148000,10647.48,10647.48,1,13.9,Lahore,Punjab,Gulberg,House,4.0,4.0,sale_derived
31.515264,74.356713,139000.0,158000.0,60000,180000,15400.0,15800.0,4,8.75,Lahore,Punjab,Gulberg,House,6.0,6.25,sale_derived
31.51526451,74.35671234,20000.0,20000.0,20000,20000,10000.0,10000.0,1,2.0,Lahore,Punjab,Gulberg,House,2.0,2.0,sale_derived
31.515337,74.264045,45472.0,46000.0,12000,150000,10108.18,10000.0,50,4.53,Lahore,Punjab,Sabzazar Scheme,House,3.7,2.46,sale_derived
31.515411,74.258294,83750.0,84000.0,60000,130000,9727.27,8900.0,8,8.88,Lahore,Punjab,Sabzazar Scheme,House,4.62,4.38,sale_derived
31.51563,74.286747,34000.0,34000.0,34000,34000,11333.33,11333.33,1,3.0,Lahore,Punjab,Allama Iqbal Town,House,3.0,3.0,sale_derived
31.51563,74.28675,70857.14,40000.0,6000,180000,7730.79,7272.73,7,8.66,Lahore,Punjab,Allama Iqbal Town,House,3.71,3.43,sale_derived
31.515703,74.28447,260000.0,260000.0,260000,260000,6500.0,6500.0,1,40.0,Lahore,Punjab,Allama Iqbal Town,House,6.0,7.0,sale_derived
31.515703,74.284472,204416.67,210000.0,90000,300000,9397.92,9500.0,24,22.5,Lahore,Punjab,Allama Iqbal Town,House,5.0,2.88,sale_derived
31.515703,74.307303,41800.0,28000.0,20800,140000,7942.28,7250.0,12,5.68,Lahore,Punjab,Wahdat Colony,House,4.83,3.33,sale_derived
31.515703,74.307304,58000.0,58000.0,58000,58000,11372.55,11372.55,1,5.1,Lahore,Punjab,Wahdat Colony,House,4.0,5.0,sale_derived
31.51574,74.348989,130000.0,130000.0,130000,130000,9285.71,9285.71,1,14.0,Lahore,Punjab,Gulberg,House,4.0,5.0,sale_derived
31.51585,73.070791,20000.0,20000.0,20000,20000,4000.0,4000.0,1,5.0,Faisalabad,Punjab,Motorway City,House,2.0,3.0,rental
31.51585,74.368329,128000.0,100000.0,88000,196000,12373.02,14285.71,3,12.33,Lahore,Punjab,Cantt,House,3.33,3.0,sale_derived
31.51595587,74.25329871,29200.0,29200.0,29200,29200,8342.86,8342.86,1,3.5,Lahore,Punjab,Sabzazar Scheme,House,0.0,0.0,sale_derived
31.515996,74.299664,71504.76,70000.0,27600,160000,9398.49,9000.0,21,9.35,Lahore,Punjab,Allama Iqbal Town,House,3.9,3.24,sale_derived
31.516069,74.281726,53980.95,50000.0,38000,78000,10478.73,10000.0,63,5.24,Lahore,Punjab,Allama Iqbal Town,House,3.94,2.3,sale_derived
31.516069,74.293485,108000.0,106000.0,90000,160000,10329.41,10000.0,17,10.59,Lahore,Punjab,Allama Iqbal Town,House,4.82,3.47,sale_derived
31.51607,74.28172,50000.0,50000.0,50000,50000,10000.0,10000.0,1,5.0,Lahore,Punjab,Allama Iqbal Town,House,3.0,4.0,sale_derived
31.51607,74.29349,112000.0,112000.0,112000,112000,11200.0,11200.0,1,10.0,Lahore,Punjab,Allama Iqbal Town,House,5.0,6.0,sale_derived
31.516142,74.271598,46933.33,47000.0,27200,60000,10127.78,10900.0,12,4.83,Lahore,Punjab,Sabzazar Scheme,House,3.5,2.42,sale_derived
31.516142,74.2716,50000.0,50000.0,50000,50000,10000.0,10000.0,1,5.0,Lahore,Punjab,Sabzazar Scheme,House,5.0,5.0,sale_derived
31.516215,74.440309,117454.55,90000.0,90000,250000,8084.42,9000.0,11,15.27,Lahore,Punjab,Eden,House,4.73,5.18,sale_derived
31.516277,74.41347,40000.0,40000.0,40000,40000,8000.0,8000.0,1,5.0,Lahore,Punjab,Cantt,House,5.0,5.0,sale_derived
31.516289,74.353194,250000.0,250000.0,240000,260000,12500.0,12500.0,2,20.0,Lahore,Punjab,Gulberg,House,5.0,5.0,sale_derived
31.516821,74.35217,60000.0,60000.0,60000,60000,27272.73,27272.73,1,2.2,Lahore,Punjab,Gulberg,Flat,0.0,0.0,sale_derived
31.516947,74.278808,55037.5,47000.0,24000,120000,8381.86,8088.89,32,6.92,Lahore,Punjab,Allama Iqbal Town,House,3.94,2.62,sale_derived
31.517282,74.28282,34000.0,34000.0,34000,34000,9444.44,9444.44,1,3.6,Lahore,Punjab,Allama Iqbal Town,House,3.0,3.0,sale_derived
31.51728249,74.28282166,100000.0,100000.0,100000,100000,10000.0,10000.0,1,10.0,Lahore,Punjab,Allama Iqbal Town,House,5.0,3.0,sale_derived
31.517283,74.282823,70925.74,62000.0,5400,300000,9488.91,9400.0,202,7.3,Lahore,Punjab,Allama Iqbal Town,House,3.93,2.98,sale_derived
31.517532,74.260182,47138.46,46000.0,38000,59200,9427.69,9200.0,13,5.0,Lahore,Punjab,Sabzazar Scheme,House,3.77,3.77,sale_derived
31.51768793,74.30047274,62000.0,62000.0,62000,62000,12156.86,12156.86,1,5.1,Lahore,Punjab,Wahdat Road,House,0.0,0.0,sale_derived
31.51769879,74.32039116,24000.0,24000.0,24000,24000,4800.0,4800.0,1,5.0,Lahore,Punjab,Muslim Town,Flat,3.0,2.0,sale_derived
31.517754,74.338866,240000.0,240000.0,240000,240000,12000.0,12000.0,1,20.0,Lahore,Punjab,Gulberg,House,6.0,6.0,sale_derived
31.517971,74.255118,38120.0,38000.0,24000,56000,7837.33,7960.0,15,4.87,Lahore,Punjab,Sabzazar Scheme,House,3.6,2.4,sale_derived
31.517971,74.25512,48000.0,48000.0,48000,48000,9600.0,9600.0,1,5.0,Lahore,Punjab,Sabzazar Scheme,House,5.0,6.0,sale_derived
31.518026,74.292652,70000.0,70000.0,54000,86000,14000.0,14000.0,2,5.0,Lahore,Punjab,Allama Iqbal Town,House,4.0,1.0,sale_derived
31.518118,74.288764,91862.07,94000.0,30000,200000,9711.3,9555.56,29,9.88,Lahore,Punjab,Allama Iqbal Town,House,4.52,3.45,sale_derived
31.518118,74.288765,48000.0,48000.0,48000,48000,16000.0,16000.0,1,3.0,Lahore,Punjab,Allama Iqbal Town,House,4.0,3.0,sale_derived
31.518301,73.084781,16000.0,16000.0,16000,16000,2580.65,2580.65,1,6.2,Faisalabad,Punjab,FDA City,House,2.0,3.0,rental
31.518337,74.29786,70000.0,70000.0,70000,70000,10769.23,10769.23,1,6.5,Lahore,Punjab,Allama Iqbal Town,House,5.0,5.0,sale_derived
31.518337,74.297862,101703.23,84000.0,22000,240000,9037.8,8666.67,31,12.18,Lahore,Punjab,Allama Iqbal Town,House,3.55,2.71,sale_derived
31.518511,74.462038,86800.0,72000.0,66000,136000,7820.82,7578.95,5,11.4,Lahore,Punjab,Green City,House,3.6,4.8,sale_derived
31.518538,74.274252,17977.78,19200.0,9000,26000,8130.94,9000.0,9,2.24,Lahore,Punjab,Dubban Pura,House,2.89,2.67,sale_derived
31.518649,74.427306,112000.0,112000.0,112000,112000,11200.0,11200.0,1,10.0,Lahore,Punjab,DHA Defence,House,4.0,0.0,sale_derived
31.518848,74.263016,48000.0,48000.0,48000,48000,9600.0,9600.0,1,5.0,Lahore,Punjab,Sabzazar Scheme,House,4.0,4.0,sale_derived
31.518849,74.263015,49600.0,49600.0,37200,62000,9920.0,9920.0,2,5.0,Lahore,Punjab,Sabzazar Scheme,House,3.5,1.0,sale_derived
31.518877,74.275795,21350.0,19600.0,13200,38000,5721.9,5754.29,8,4.06,Lahore,Punjab,Saidpur,House,3.5,1.62,sale_derived
31.519248,74.445901,83700.0,81000.0,76000,99600,8370.0,8100.0,8,10.0,Lahore,Punjab,DHA Defence,House,3.88,4.88,sale_derived
31.519307,74.459388,109333.33,116000.0,96000,116000,7066.67,5800.0,3,16.67,Lahore,Punjab,Green City,House,4.67,5.33,sale_derived
31.519398,74.270024,29714.29,30000.0,22000,34000,8428.57,7500.0,7,3.57,Lahore,Punjab,Jamil Town,House,3.29,1.71,sale_derived
31.519435,74.345548,24800.0,24800.0,24800,24800,14588.24,14588.24,1,1.7,Lahore,Punjab,Gulberg,Flat,2.0,1.0,sale_derived
31.519558,74.310112,27000.0,26000.0,26000,30000,11450.0,11200.0,4,2.38,Lahore,Punjab,Shuja Road,House,4.0,4.0,sale_derived
31.519674,74.433186,181333.33,190000.0,130000,224000,9066.67,9500.0,3,20.0,Lahore,Punjab,DHA Defence,House,4.33,3.0,sale_derived
31.519709,74.32281,89392.86,70000.0,4600,320000,9694.25,9114.29,28,10.22,Lahore,Punjab,Muslim Town,House,4.75,4.21,sale_derived
31.519727,74.45996,79200.0,85000.0,44000,160000,9223.85,9600.0,26,8.71,Lahore,Punjab,Green City,House,3.5,4.35,sale_derived
31.519747,74.443056,160960.0,180000.0,92000,242800,8743.64,9000.0,5,20.8,Lahore,Punjab,DHA Defence,House,5.2,6.0,sale_derived
31.519947,74.441214,180000.0,180000.0,180000,180000,9000.0,9000.0,1,20.0,Lahore,Punjab,DHA Defence,House,5.0,6.0,sale_derived
31.52024,74.433231,212000.0,212000.0,200000,224000,10600.0,10600.0,2,20.0,Lahore,Punjab,DHA Defence,House,7.0,7.5,sale_derived
31.520264,74.29601,190000.0,190000.0,190000,190000,9500.0,9500.0,1,20.0,Lahore,Punjab,Allama Iqbal Town,House,7.0,8.0,sale_derived
31.520386,74.2946,51000.0,27000.0,16000,120000,7511.11,6666.67,6,5.83,Lahore,Punjab,Allama Iqbal Town,Flat,2.67,1.0,sale_derived
31.520605,74.261212,66285.71,70000.0,48000,96000,8342.86,8000.0,14,8.21,Lahore,Punjab,Sabzazar Scheme,House,4.14,1.93,sale_derived
31.520824,74.30242,43200.0,43200.0,22400,64000,7507.69,7507.69,2,6.3,Lahore,Punjab,Clifton Colony,House,4.5,4.0,sale_derived
31.520825,74.302425,32027.27,28800.0,14400,70000,8979.22,9577.78,44,4.02,Lahore,Punjab,Clifton Colony,House,3.34,2.52,sale_derived
31.520841,74.292334,12000.0,12000.0,10000,14000,3333.33,3333.33,2,4.0,Lahore,Punjab,Allama Iqbal Town,Flat,2.0,1.5,sale_derived
31.52089758,74.27270986,42000.0,42000.0,42000,42000,8400.0,8400.0,1,5.0,Lahore,Punjab,Sabzazar Scheme,House,7.0,5.0,sale_derived
31.520898,74.42379,28228.57,24000.0,20800,44000,6236.05,6285.71,7,4.57,Lahore,Punjab,Ring Road,House,3.0,2.86,sale_derived
31.520971,74.283185,41892.86,35600.0,26400,74000,9182.47,9200.0,28,5.05,Lahore,Punjab,Allama Iqbal Town,House,3.04,1.71,sale_derived
31.52127679,74.28398252,76000.0,76000.0,76000,76000,7600.0,7600.0,1,10.0,Lahore,Punjab,Allama Iqbal Town,House,5.0,5.0,sale_derived
31.521482,74.4068,90000.0,90000.0,90000,90000,9000.0,9000.0,1,10.0,Lahore,Punjab,Allama Iqbal Intl Airport,House,4.0,6.0,sale_derived
31.521483,74.406796,47733.33,46000.0,34000,63200,7965.08,9028.57,3,6.0,Lahore,Punjab,Allama Iqbal Intl Airport,House,2.33,3.0,sale_derived
31.52155685,74.26100922,98000.0,98000.0,98000,98000,8166.67,8166.67,1,12.0,Lahore,Punjab,Sabzazar Scheme,House,5.0,7.0,sale_derived
31.521557,74.26101,70000.0,70000.0,70000,70000,8750.0,8750.0,1,8.0,Lahore,Punjab,Sabzazar Scheme,House,2.0,2.0,sale_derived
31.521557,74.261012,83657.14,44000.0,16000,320000,9763.79,8800.0,21,7.8,Lahore,Punjab,Sabzazar Scheme,House,3.29,2.43,sale_derived
31.521703,74.298978,42728.65,39000.0,7920,86000,8883.66,8480.0,74,4.84,Lahore,Punjab,Allama Iqbal Town,House,3.84,2.54,sale_derived
31.52171213,74.32235688,70000.0,70000.0,70000,70000,7000.0,7000.0,1,10.0,Lahore,Punjab,Rehmanpura (Ferozpur Road),House,3.0,3.0,sale_derived
31.521776,74.31983,47000.0,47000.0,38000,56000,15100.0,15100.0,2,3.5,Lahore,Punjab,Rehmanpura (Ferozpur Road),House,2.0,2.0,sale_derived
31.521776,74.319835,56025.81,44000.0,34000,150000,11419.33,11333.33,31,5.21,Lahore,Punjab,Rehmanpura (Ferozpur Road),House,3.68,1.84,sale_derived
31.521776,74.343538,210000.0,230000.0,140000,240000,12250.0,12000.0,4,17.5,Lahore,Punjab,Gulberg,House,4.5,4.0,sale_derived
31.521909,74.43748,223000.0,220000.0,112000,340000,8800.0,8750.0,4,27.5,Lahore,Punjab,DHA Defence,House,5.75,6.75,sale_derived
31.521922,74.462242,56909.09,48800.0,47200,94000,9590.08,9520.0,11,5.95,Lahore,Punjab,Green City,House,3.09,4.0,sale_derived
31.521923,74.26544,104000.0,104000.0,104000,104000,5200.0,5200.0,1,20.0,Lahore,Punjab,Sabzazar Scheme,House,6.0,5.0,sale_derived
31.522069,74.346113,66000.0,66000.0,66000,66000,9428.57,9428.57,1,7.0,Lahore,Punjab,Gulberg,House,5.0,5.0,sale_derived
31.522124,74.377052,240000.0,210000.0,180000,330000,10142.86,7500.0,3,25.33,Lahore,Punjab,Cantt,House,4.33,5.33,sale_derived
31.522208,74.278973,10600.0,12400.0,6600,12800,7066.67,8266.67,3,1.5,Lahore,Punjab,Multan Road,House,1.67,0.0,sale_derived
31.522287,74.25718,64000.0,64000.0,64000,64000,8000.0,8000.0,1,8.0,Lahore,Punjab,Sabzazar Scheme,House,4.0,4.0,sale_derived
31.522288,74.257178,53333.33,52000.0,36000,72000,9066.67,9600.0,3,5.83,Lahore,Punjab,Sabzazar Scheme,House,4.0,3.0,sale_derived
31.522288,74.287734,33800.0,32000.0,15200,64000,9428.63,10133.33,28,3.91,Lahore,Punjab,Allama Iqbal Town,House,3.18,1.68,sale_derived
31.522361,74.347172,132531.58,130000.0,9200,346000,10983.06,10645.83,76,11.7,Lahore,Punjab,Gulberg,House,4.03,3.26,sale_derived
31.522361,74.347173,119105.81,106000.0,280,310000,10773.33,10400.0,31,11.32,Lahore,Punjab,Gulberg,House,3.81,3.16,sale_derived
31.522362,74.347176,160000.0,160000.0,60000,260000,15875.0,15875.0,2,11.6,Lahore,Punjab,Gulberg,House,5.0,5.0,sale_derived
31.522627,74.30465,28593.94,26000.0,10000,56000,8087.12,8000.0,33,3.72,Lahore,Punjab,Al-Hamad Colony (AIT),House,3.15,1.3,sale_derived
31.5228,74.293313,52581.82,49000.0,43200,86000,9461.1,9600.0,22,5.63,Lahore,Punjab,Allama Iqbal Town,House,3.73,3.18,sale_derived
31.52291,74.46516,47200.0,47200.0,47200,47200,9440.0,9440.0,1,5.0,Lahore,Punjab,Green City,House,3.0,4.0,sale_derived
31.52299,74.298093,38065.71,39200.0,7160,62000,10111.9,9333.33,7,3.57,Lahore,Punjab,Nadeem Shaheed Road,House,2.29,1.86,sale_derived
31.52302,74.426107,163000.0,163000.0,156000,170000,8150.0,8150.0,2,20.0,Lahore,Punjab,DHA Defence,House,5.0,5.5,sale_derived
31.52304053,74.27616924,70000.0,70000.0,70000,70000,8750.0,8750.0,1,8.0,Lahore,Punjab,Sabzazar Scheme,House,4.0,4.0,sale_derived
31.523349,74.337573,240000.0,240000.0,240000,240000,12000.0,12000.0,1,20.0,Lahore,Punjab,Gulberg,House,4.0,4.0,sale_derived
31.52335127,74.28681565,36000.0,36000.0,36000,36000,12000.0,12000.0,1,3.0,Lahore,Punjab,Allama Iqbal Town,House,3.0,4.0,sale_derived
31.523458,74.36272,78000.0,78000.0,78000,78000,7800.0,7800.0,1,10.0,Lahore,Punjab,Askari,Flat,3.0,0.0,sale_derived
31.523459,74.265332,132000.0,137000.0,76000,180000,6479.17,7100.0,12,24.17,Lahore,Punjab,Sabzazar Scheme,House,4.83,3.0,sale_derived
31.523532,74.263744,44542.36,36000.0,7200,208000,9366.64,9200.0,229,5.02,Lahore,Punjab,Sabzazar Scheme,House,3.49,2.79,sale_derived
31.523533,74.26374,60666.67,52000.0,30000,100000,10133.33,10000.0,3,6.0,Lahore,Punjab,Sabzazar Scheme,House,3.0,3.67,sale_derived
31.523954,74.427907,222500.0,230000.0,170000,260000,7541.67,7500.0,4,31.0,Lahore,Punjab,DHA Defence,House,7.5,6.75,sale_derived
31.524191,74.259582,98000.0,80000.0,80000,134000,7566.67,8000.0,3,13.33,Lahore,Punjab,Sabzazar Scheme,House,5.67,6.67,sale_derived
31.524191,74.453995,72257.14,79000.0,20000,204000,7833.44,7600.0,84,9.0,Lahore,Punjab,Paragon City,House,3.75,2.95,sale_derived
31.524244,74.34611,34400.0,26000.0,9200,68000,9916.67,10400.0,3,3.03,Lahore,Punjab,Gulberg,House,1.33,1.33,sale_derived
31.524245,74.34611,80666.67,12800.0,9200,220000,7605.89,7076.92,3,8.0,Lahore,Punjab,Gulberg,Flat,1.67,1.67,sale_derived
31.524337,74.271426,63571.43,54000.0,30000,108000,8989.12,8978.21,14,7.16,Lahore,Punjab,Sabzazar Scheme,House,2.86,2.5,sale_derived
31.524338,74.27142,35466.67,30400.0,24000,52000,9028.57,8685.71,3,3.83,Lahore,Punjab,Sabzazar Scheme,House,2.67,2.33,sale_derived
31.52441,74.284387,137333.33,130000.0,108000,174000,8075.76,7909.09,3,17.67,Lahore,Punjab,Allama Iqbal Town,House,1.33,0.0,sale_derived
31.524429,74.443314,172000.0,172000.0,172000,172000,8600.0,8600.0,1,20.0,Lahore,Punjab,DHA Defence,House,5.0,6.0,sale_derived
31.524483,74.29872,58260.0,50000.0,22000,130000,9021.24,9000.0,20,6.32,Lahore,Punjab,Allama Iqbal Town,House,4.45,2.3,sale_derived
31.52483991,74.32510614,100000.0,100000.0,100000,100000,10000.0,10000.0,1,10.0,Lahore,Punjab,Shah Jamal,House,6.0,6.0,sale_derived
31.524878,74.31147,36000.0,36000.0,36000,36000,9000.0,9000.0,1,4.0,Lahore,Punjab,New Shah Kamal Colony,House,5.0,3.0,sale_derived
31.524922,74.366026,244000.0,244000.0,220000,268000,12200.0,12200.0,2,20.0,Lahore,Punjab,Cantt,House,2.5,3.0,sale_derived
31.525215,74.290652,57588.57,60000.0,13200,144000,8482.38,8571.43,35,7.14,Lahore,Punjab,Allama Iqbal Town,House,3.6,1.51,sale_derived
31.525568,74.283659,37650.0,37400.0,12000,64000,7476.11,6460.0,8,5.0,Lahore,Punjab,Multan Road,House,3.38,1.25,sale_derived
31.525568,74.28366,43800.0,43800.0,32000,55600,7300.0,7300.0,2,6.0,Lahore,Punjab,Multan Road,House,3.5,3.0,sale_derived
31.525639,74.30565,40000.0,40000.0,40000,40000,7272.73,7272.73,1,5.5,Lahore,Punjab,Shah Kamal Road,House,4.0,5.0,sale_derived
31.525648,74.31198,34000.0,34000.0,34000,34000,8500.0,8500.0,1,4.0,Lahore,Punjab,New Shah Kamal Colony,House,5.0,6.0,sale_derived
31.525649,74.311983,53257.14,36000.0,16000,148000,7195.24,6400.0,7,7.93,Lahore,Punjab,New Shah Kamal Colony,House,3.57,2.43,sale_derived
31.52566299,74.32886124,34000.0,34000.0,34000,34000,17000.0,17000.0,1,2.0,Lahore,Punjab,Shah Jamal,House,3.0,3.0,sale_derived
31.52572286,74.34482574,26800.0,26800.0,26800,26800,7052.63,7052.63,1,3.8,Lahore,Punjab,Gulberg,Flat,2.0,2.0,sale_derived
31.525726,74.32706,76000.0,66000.0,62000,100000,11866.67,12400.0,3,6.67,Lahore,Punjab,Shah Jamal,House,3.67,4.0,sale_derived
31.525727,74.327059,38311.11,20000.0,10000,106000,9933.33,10600.0,9,3.78,Lahore,Punjab,Shah Jamal,House,2.44,2.56,sale_derived
31.525956,74.342206,105250.0,73000.0,44000,180000,11218.58,11225.0,8,9.81,Lahore,Punjab,Gulberg,House,4.88,2.38,sale_derived
31.526003,74.30164,4800.0,4800.0,4800,4800,4800.0,4800.0,1,1.0,Lahore,Punjab,Allama Iqbal Town,Flat,0.0,0.0,sale_derived
31.52602,74.446685,108356.67,90000.0,800,300000,1264.46,928.57,60,124.35,Lahore,Punjab,Cantt,Farm House,1.27,1.02,sale_derived
31.52602005,74.44668579,8400.0,8400.0,8400,8400,2800.0,2800.0,1,3.0,Lahore,Punjab,Cantt,House,0.0,1.0,sale_derived
31.52606964,74.30744934,32000.0,32000.0,32000,32000,9142.86,9142.86,1,3.5,Lahore,Punjab,Shah Kamal Road,House,3.0,3.0,sale_derived
31.52607,74.307452,29680.0,24000.0,15200,82000,8995.13,9000.0,15,3.37,Lahore,Punjab,Shah Kamal Road,House,3.6,2.6,sale_derived
31.526312,74.347959,158000.0,158000.0,158000,158000,15800.0,15800.0,1,10.0,Lahore,Punjab,Gulberg,House,6.0,6.0,sale_derived
31.526751,74.337072,275000.0,275000.0,260000,290000,13159.09,13159.09,2,21.0,Lahore,Punjab,Gulberg,House,2.5,3.0,sale_derived
31.526751,74.345384,186666.67,140000.0,140000,280000,12114.08,13592.23,3,17.43,Lahore,Punjab,Gulberg,House,1.33,1.33,sale_derived
31.52694786,74.36191369,240000.0,240000.0,240000,240000,6000.0,6000.0,1,40.0,Lahore,Punjab,Cantt,House,5.0,6.0,sale_derived
31.527483,74.267478,85040.0,50000.0,27200,208000,9440.0,10000.0,5,8.6,Lahore,Punjab,Sabzazar Scheme,House,3.6,2.6,sale_derived
31.527483,74.26748,240000.0,240000.0,240000,240000,12000.0,12000.0,1,20.0,Lahore,Punjab,Sabzazar Scheme,House,0.0,0.0,sale_derived
31.527593,74.287705,39364.71,32800.0,12800,118000,9218.7,9000.0,17,4.34,Lahore,Punjab,Ittehad Colony,House,3.24,1.47,sale_derived
31.527594,74.287704,20000.0,20000.0,20000,20000,8000.0,8000.0,1,2.5,Lahore,Punjab,Ittehad Colony,House,5.0,3.0,sale_derived
31.527649,74.437906,270000.0,270000.0,270000,270000,6750.0,6750.0,1,40.0,Lahore,Punjab,DHA Defence,House,5.0,5.0,sale_derived
31.52768104,74.45783257,84000.0,84000.0,84000,84000,8400.0,8400.0,1,10.0,Lahore,Punjab,Paragon City,House,4.0,4.0,sale_derived
31.52771,74.292579,27600.0,22000.0,22000,38000,9613.33,8800.0,5,3.0,Lahore,Punjab,Millat Road,House,3.2,2.0,sale_derived
31.52796358,74.34244797,24000.0,24000.0,24000,24000,4800.0,4800.0,1,5.0,Lahore,Punjab,Gulberg,Flat,3.0,2.0,sale_derived
31.528032,74.33006,165000.0,165000.0,90000,240000,11625.0,11625.0,2,14.0,Lahore,Punjab,Shah Jamal,House,5.0,6.0,sale_derived
31.528032,74.330063,79484.21,64000.0,6600,272000,10231.25,10800.0,57,10.47,Lahore,Punjab,Shah Jamal,House,3.95,1.95,sale_derived
31.528068,74.347544,232000.0,232000.0,204000,260000,11600.0,11600.0,2,20.0,Lahore,Punjab,Gulberg,House,4.5,7.5,sale_derived
31.52808704,74.29778215,30000.0,30000.0,30000,30000,8571.43,8571.43,1,3.5,Lahore,Punjab,Islamabad Colony,House,4.0,4.0,sale_derived
31.528141,74.45888,47490.0,44000.0,29200,106000,8608.83,8800.0,40,5.55,Lahore,Punjab,Paragon City,House,3.02,2.48,sale_derived
31.52814363,74.26180065,72000.0,72000.0,72000,72000,7200.0,7200.0,1,10.0,Lahore,Punjab,Sabzazar Scheme,House,4.0,4.0,sale_derived
31.528186,74.297693,15106.67,17600.0,9600,18120,6225.52,6400.0,3,2.5,Lahore,Punjab,Islamabad Colony,House,3.0,2.33,sale_derived
31.528256,74.358815,17200.0,17200.0,17200,17200,8600.0,8600.0,1,2.0,Lahore,Punjab,Millat Colony,House,4.0,4.0,sale_derived
31.528282,74.46314,64400.0,64400.0,48000,80800,8484.44,8484.44,2,7.7,Lahore,Punjab,Paragon City,House,4.0,5.0,sale_derived
31.528283,74.463143,54487.72,46000.0,22000,108000,8775.41,8800.0,114,6.33,Lahore,Punjab,Paragon City,House,3.12,2.82,sale_derived
31.528727,74.262671,81733.33,66000.0,60000,140000,7173.33,6600.0,15,11.67,Lahore,Punjab,Sabzazar Scheme,House,4.2,2.33,sale_derived
31.5288,74.39312,145216.44,130000.0,11600,340000,10432.6,10714.29,73,13.3,Lahore,Punjab,Cantt,House,3.96,3.96,sale_derived
31.528941,74.454131,91000.0,96000.0,22000,190000,8719.16,9200.0,28,10.32,Lahore,Punjab,Paragon City,House,4.32,5.18,sale_derived
31.528983,74.306331,18000.0,18000.0,18000,18000,9000.0,9000.0,1,2.0,Lahore,Punjab,Combo Colony,House,4.0,2.0,sale_derived
31.52902028,74.30826982,26000.0,26000.0,26000,26000,5200.0,5200.0,1,5.0,Lahore,Punjab,Ichhra,House,3.0,2.0,sale_derived
31.529092,74.382048,195333.33,206000.0,140000,240000,11527.78,12000.0,3,18.0,Lahore,Punjab,Cantt,House,3.0,3.33,sale_derived
31.52935077,74.32026476,36000.0,36000.0,36000,36000,9000.0,9000.0,1,4.0,Lahore,Punjab,Ichhra,House,7.0,4.0,sale_derived
31.529458,74.299936,44000.0,44000.0,44000,44000,5866.67,5866.67,1,7.5,Lahore,Punjab,Ghalib Colony,House,7.0,4.0,sale_derived
31.529521,74.378495,176000.0,202000.0,72000,240000,17795.95,17022.13,6,11.2,Lahore,Punjab,Cantt,Flat,2.83,1.83,sale_derived
31.529678,74.449954,88600.0,79400.0,63200,118000,8486.59,9085.71,10,10.8,Lahore,Punjab,Paragon City,House,4.4,4.8,sale_derived
31.529703,74.342052,36000.0,36000.0,36000,36000,12000.0,12000.0,1,3.0,Lahore,Punjab,Rana Shaukat Mehmood Road,House,4.0,0.0,sale_derived
31.529811,74.380775,340000.0,340000.0,340000,340000,13076.92,13076.92,1,26.0,Lahore,Punjab,Cantt,House,6.0,6.0,sale_derived
31.529861,74.303155,30800.0,36000.0,20000,36400,9366.67,9100.0,3,3.33,Lahore,Punjab,Chaudhary Colony,House,3.33,1.0,sale_derived
31.52997,74.376383,230222.22,240000.0,106000,310000,11942.76,11666.67,9,19.11,Lahore,Punjab,Cantt,House,4.78,4.44,sale_derived
31.53009,74.318148,280000.0,280000.0,280000,280000,14000.0,14000.0,1,20.0,Lahore,Punjab,Ferozepur Road,House,5.0,3.0,sale_derived
31.530253,74.368722,73818.18,44000.0,30000,140000,11431.17,11000.0,11,6.41,Lahore,Punjab,Infantry Road,House,3.27,0.73,sale_derived
31.530263,74.288435,30800.0,30800.0,29600,32000,8933.33,8933.33,2,3.5,Lahore,Punjab,Bait-ul-Raza Colony,House,3.0,3.0,sale_derived
31.530462,74.28245,32000.0,32000.0,32000,32000,8000.0,8000.0,1,4.0,Lahore,Punjab,Dholanwal,House,7.0,4.0,sale_derived
31.530463,74.282451,43600.0,32600.0,14000,100000,6580.19,5840.58,6,6.32,Lahore,Punjab,Dholanwal,House,2.83,2.0,sale_derived
31.530739,74.456184,59500.0,58000.0,46000,76000,8300.0,8400.0,4,7.5,Lahore,Punjab,Paragon City,House,4.0,4.5,sale_derived
31.53082081,74.28391814,16800.0,16800.0,16800,16800,7636.36,7636.36,1,2.2,Lahore,Punjab,Dholanwal,House,2.0,2.0,sale_derived
31.530828,74.29431,37800.0,37800.0,36000,39600,6531.43,6531.43,2,6.0,Lahore,Punjab,Shah Faisal Road,House,2.0,1.5,sale_derived
31.530829,74.294312,33828.57,28800.0,25200,70400,7647.62,9000.0,7,4.97,Lahore,Punjab,Shah Faisal Road,House,3.86,1.0,sale_derived
31.531355,74.463057,30066.67,30200.0,25600,34000,7516.67,7550.0,6,4.0,Lahore,Punjab,Paragon City,House,3.0,4.0,sale_derived
31.53138436,74.32215303,54000.0,54000.0,54000,54000,10800.0,10800.0,1,5.0,Lahore,Punjab,Ichhra,House,3.0,3.0,sale_derived
31.531631,74.339775,96000.0,96000.0,96000,96000,15483.87,15483.87,1,6.2,Lahore,Punjab,Gulberg,House,3.0,4.0,sale_derived
31.531721,74.294677,65314.29,52000.0,14400,152000,17558.2,10833.33,7,4.46,Lahore,Punjab,Pakki Thatti,House,2.86,1.71,sale_derived
31.531721,74.29468,45600.0,45600.0,45600,45600,6422.54,6422.54,1,7.1,Lahore,Punjab,Pakki Thatti,House,6.0,5.0,sale_derived
31.532234,74.28735,72000.0,72000.0,72000,72000,9600.0,9600.0,1,7.5,Lahore,Punjab,Multan Road,House,6.0,2.0,sale_derived
31.532235,74.287357,28800.0,18400.0,9200,128000,8100.12,7600.0,29,3.3,Lahore,Punjab,Multan Road,House,2.72,2.03,sale_derived
31.532236,74.290825,34000.0,34000.0,34000,34000,9714.29,9714.29,1,3.5,Lahore,Punjab,Zubaida Park,House,4.0,4.0,sale_derived
31.532236,74.290826,60461.54,64000.0,18000,120000,9669.23,9000.0,13,6.72,Lahore,Punjab,Zubaida Park,House,3.85,2.0,sale_derived
31.53243943,74.29329515,48000.0,48000.0,48000,48000,6000.0,6000.0,1,8.0,Lahore,Punjab,Shah Faisal Road,House,4.0,3.0,sale_derived
31.532544,74.458487,46800.0,38000.0,36000,84000,7866.67,7600.0,5,5.8,Lahore,Punjab,Paragon City,House,3.0,3.2,sale_derived
31.53256517,74.28962857,54000.0,54000.0,54000,54000,6750.0,6750.0,1,8.0,Lahore,Punjab,Pakki Thatti,House,5.0,2.0,sale_derived
31.53292,73.065687,62641.51,60000.0,28000,90000,9692.45,9000.0,53,6.79,Faisalabad,Punjab,Citi Housing Society,House,0.26,0.28,rental
31.53292,73.06569,50000.0,50000.0,50000,50000,5000.0,5000.0,1,10.0,Faisalabad,Punjab,Citi Housing Society,Upper Portion,3.0,3.0,rental
31.53292084,73.06568909,30000.0,30000.0,30000,30000,6000.0,6000.0,1,5.0,Faisalabad,Punjab,Citi Housing Society,House,3.0,3.0,rental
31.533161,74.419481,111058.82,100000.0,86000,174000,9527.45,9400.0,17,11.88,Lahore,Punjab,Askari,House,4.53,5.41,sale_derived
31.53316116,74.41947937,94000.0,94000.0,94000,94000,9400.0,9400.0,1,10.0,Lahore,Punjab,Askari,House,4.0,5.0,sale_derived
31.533226,74.457557,31200.0,31200.0,31200,31200,7800.0,7800.0,1,4.0,Lahore,Punjab,Paragon City,House,3.0,3.0,sale_derived
31.533262,74.316587,38045.45,32600.0,7200,148000,9832.53,9450.0,88,3.85,Lahore,Punjab,Ichhra,House,3.56,2.38,sale_derived
31.533262,74.31659,26000.0,26000.0,26000,26000,8666.67,8666.67,1,3.0,Lahore,Punjab,Ichhra,House,2.0,3.0,sale_derived
31.53327,74.41358,107669.57,94000.0,86000,178000,9123.93,9200.0,23,11.96,Lahore,Punjab,Askari,House,4.39,4.91,sale_derived
31.533372,74.451342,41036.36,35000.0,26000,96000,7900.16,8000.0,22,5.32,Lahore,Punjab,Paragon City,House,3.18,2.14,sale_derived
31.533409,74.265504,73666.67,44000.0,34000,220000,8047.62,8285.71,6,8.58,Lahore,Punjab,Sabzazar Scheme,House,3.5,2.0,sale_derived
31.533573,74.42244,102000.0,102000.0,102000,102000,10200.0,10200.0,1,10.0,Lahore,Punjab,Askari,House,4.0,5.0,sale_derived
31.533849,74.409633,118664.66,144000.0,62000,182000,8179.7,8000.0,133,14.11,Lahore,Punjab,Askari,House,3.76,3.97,sale_derived
31.53384972,74.40962982,142000.0,142000.0,142000,142000,8352.94,8352.94,1,17.0,Lahore,Punjab,Askari,House,4.0,5.0,sale_derived
31.53385,74.40963,155333.33,162000.0,140000,164000,10576.47,9529.41,3,15.67,Lahore,Punjab,Askari,House,4.33,3.33,sale_derived
31.534067,74.45394,75600.0,80000.0,44000,116000,8896.0,9200.0,5,8.5,Lahore,Punjab,Paragon City,House,3.2,3.6,sale_derived
31.534067,74.453945,59674.63,46000.0,22000,290000,8116.64,7880.0,134,7.45,Lahore,Punjab,Paragon City,House,3.49,3.46,sale_derived
31.534227,74.417435,168000.0,168000.0,168000,168000,8400.0,8400.0,1,20.0,Lahore,Punjab,Askari,House,5.0,5.0,sale_derived
31.53425,74.30073,88577.78,95000.0,32000,134000,8032.21,7502.56,36,11.47,Lahore,Punjab,Samanabad,House,3.78,2.36,sale_derived
31.53425026,74.30072784,50000.0,50000.0,50000,50000,14285.71,14285.71,1,3.5,Lahore,Punjab,Samanabad,House,5.0,4.0,sale_derived
31.5343577,74.3113481,31200.0,31200.0,31200,31200,8914.29,8914.29,1,3.5,Lahore,Punjab,Ichhra,House,3.0,2.0,sale_derived
31.534753,74.285189,42022.22,30000.0,8800,130000,9049.21,9700.0,9,4.22,Lahore,Punjab,Sodiwal,House,3.89,2.78,sale_derived
31.534754,74.28519,34000.0,34000.0,26000,42000,8314.81,8314.81,2,4.35,Lahore,Punjab,Sodiwal,House,2.5,2.0,sale_derived
31.534799,74.451327,44775.0,46000.0,20800,80000,8455.0,8800.0,16,5.31,Lahore,Punjab,Paragon City,House,2.94,3.25,sale_derived
31.53496675,74.3064259,12800.0,12800.0,12800,12800,3657.14,3657.14,1,3.5,Lahore,Punjab,Samanabad,Flat,2.0,2.0,sale_derived
31.534984,74.294887,46421.05,42000.0,12000,130000,9405.18,10000.0,19,5.33,Lahore,Punjab,Samanabad,House,3.47,2.0,sale_derived
31.534985,74.29488,30000.0,26000.0,24000,42000,9011.11,8666.67,5,3.54,Lahore,Punjab,Samanabad,House,3.0,2.8,sale_derived
31.535401,74.306508,65000.0,80000.0,12000,88000,8560.98,9756.1,4,6.9,Lahore,Punjab,New Samanabad,House,4.5,0.75,sale_derived
31.535451,74.337407,144333.33,130000.0,50000,300000,12783.73,12250.0,12,11.25,Lahore,Punjab,Shadman 2,House,3.75,1.67,sale_derived
31.53545712,74.27220225,24000.0,24000.0,24000,24000,6000.0,6000.0,1,4.0,Lahore,Punjab,Band Road,House,5.0,2.0,sale_derived
31.536068,74.408666,97219.05,88000.0,82000,174000,8897.16,8800.0,21,10.9,Lahore,Punjab,Askari,House,3.19,3.33,sale_derived
31.536068,74.40867,82000.0,82000.0,82000,82000,8200.0,8200.0,1,10.0,Lahore,Punjab,Askari,House,3.0,4.0,sale_derived
31.536079,74.456638,37400.0,38000.0,31200,40000,7705.0,7720.0,8,4.88,Lahore,Punjab,Paragon City,House,3.0,3.38,sale_derived
31.536209,74.299921,80285.71,100000.0,24000,120000,11435.67,11764.71,7,7.43,Lahore,Punjab,Poonch Road,House,2.86,1.71,sale_derived
31.536335,74.321308,44799.0,32998.0,11200,102000,6986.31,7166.67,4,7.02,Lahore,Punjab,Shershah Colony - Ichra,House,2.25,2.0,sale_derived
31.536407,74.41604,114133.33,96000.0,86400,160000,8746.67,8640.0,3,13.33,Lahore,Punjab,Askari,House,4.33,5.0,sale_derived
31.53640747,74.41603851,162000.0,162000.0,162000,162000,9529.41,9529.41,1,17.0,Lahore,Punjab,Askari,House,5.0,6.0,sale_derived
31.536408,74.416037,107188.57,94000.0,60000,260000,8617.87,9000.0,70,12.39,Lahore,Punjab,Askari,House,3.79,4.17,sale_derived
31.536408,74.416038,95333.33,90000.0,48000,170000,7380.56,7600.0,9,18.22,Lahore,Punjab,Askari,House,2.78,3.0,sale_derived
31.536595,74.30899,36000.0,36000.0,36000,36000,12000.0,12000.0,1,3.0,Lahore,Punjab,Mahmood Road,House,4.0,0.0,sale_derived
31.536741,74.30891,18800.0,18800.0,18800,18800,9400.0,9400.0,1,2.0,Lahore,Punjab,Samanabad,House,3.0,3.0,sale_derived
31.537239,74.420211,119222.22,98000.0,86000,192000,8898.15,9000.0,18,13.56,Lahore,Punjab,Askari,House,4.61,4.78,sale_derived
31.53724,74.42021,156000.0,156000.0,156000,156000,7800.0,7800.0,1,20.0,Lahore,Punjab,Askari,House,6.0,7.0,sale_derived
31.537286,74.273314,24831.35,20000.0,800,52000,7354.49,7500.0,37,3.45,Lahore,Punjab,Band Road,House,3.89,1.32,sale_derived
31.537287,74.273315,54200.0,54200.0,8400,100000,7655.56,7655.56,2,5.5,Lahore,Punjab,Band Road,House,1.5,1.0,sale_derived
31.537313,74.27892,14000.0,14000.0,14000,14000,4666.67,4666.67,1,3.0,Lahore,Punjab,Band Road,House,2.0,1.0,sale_derived
31.537359,74.330707,169561.9,170000.0,16800,290000,11768.37,13000.0,21,13.81,Lahore,Punjab,Shadman 1,House,3.33,2.9,sale_derived
31.53736,74.3307,44000.0,44000.0,44000,44000,7333.33,7333.33,1,6.0,Lahore,Punjab,Shadman 1,Flat,5.0,5.0,sale_derived
31.53745697,74.30770934,56000.0,56000.0,56000,56000,11200.0,11200.0,1,5.0,Lahore,Punjab,Samanabad,House,6.0,6.0,sale_derived
31.537458,74.41332,96000.0,96000.0,92000,100000,9600.0,9600.0,2,10.0,Lahore,Punjab,Askari,House,4.0,5.0,sale_derived
31.537458,74.413323,110666.67,93000.0,72000,170000,8635.19,8900.0,18,13.11,Lahore,Punjab,Askari,House,4.39,4.78,sale_derived
31.537605,74.419,87200.0,87200.0,87200,87200,8720.0,8720.0,1,10.0,Lahore,Punjab,Askari,House,4.0,5.0,sale_derived
31.537866,74.453144,65800.0,69000.0,27200,100000,8404.47,8580.0,64,7.91,Lahore,Punjab,Paragon City,House,3.61,3.0,sale_derived
31.537867,74.45314,44000.0,44000.0,44000,44000,11000.0,11000.0,1,4.0,Lahore,Punjab,Paragon City,House,6.0,6.0,sale_derived
31.538054,74.29891,60000.0,60000.0,60000,60000,6000.0,6000.0,1,10.0,Lahore,Punjab,Samanabad,House,5.0,4.0,sale_derived
31.538164,74.280539,32440.0,24000.0,18000,56000,8876.0,8880.0,5,3.7,Lahore,Punjab,Jaffaria Colony,House,3.6,2.8,sale_derived
31.538164,74.28054,33000.0,33000.0,18000,48000,7000.0,7000.0,2,4.5,Lahore,Punjab,Jaffaria Colony,House,4.5,4.5,sale_derived
31.538182,74.304206,93000.0,93000.0,86000,100000,11027.78,11027.78,2,8.5,Lahore,Punjab,Samanabad,House,4.5,4.5,sale_derived
31.538237,74.358001,65000.0,60000.0,28000,112000,13933.33,12986.67,4,4.5,Lahore,Punjab,Wapda Colony,House,7.25,2.0,sale_derived
31.53833851,74.40894522,90000.0,90000.0,90000,90000,9000.0,9000.0,1,10.0,Lahore,Punjab,Askari,House,3.0,4.0,sale_derived
31.53842,74.352357,170000.0,170000.0,140000,200000,10384.62,10384.62,2,16.5,Lahore,Punjab,Gulberg,House,4.5,5.5,sale_derived
31.538456,74.346857,140000.0,140000.0,120000,160000,13307.69,14000.0,4,10.75,Lahore,Punjab,Gulberg,House,7.0,6.0,sale_derived
31.53920555,74.30551147,29600.0,29600.0,19200,40000,8800.0,8800.0,2,3.5,Lahore,Punjab,Samanabad,House,4.0,3.5,sale_derived
31.539206,74.30551,78200.0,47000.0,18000,240000,8325.0,7266.67,8,9.25,Lahore,Punjab,Samanabad,House,4.38,2.75,sale_derived
31.539206,74.305515,47709.8,36000.0,10000,308000,10050.12,10000.0,455,5.01,Lahore,Punjab,Samanabad,House,3.47,1.73,sale_derived
31.539298,74.314442,32000.0,32000.0,26000,38000,6400.0,6400.0,2,5.0,Lahore,Punjab,Ichhra,Flat,2.0,1.5,sale_derived
31.539334,74.335799,113384.62,70000.0,10000,240000,10777.51,11818.18,13,10.68,Lahore,Punjab,Jail Road,House,3.92,3.62,sale_derived
31.53934997,74.31523662,31600.0,31600.0,31600,31600,6320.0,6320.0,1,5.0,Lahore,Punjab,Ichhra,Flat,4.0,2.0,sale_derived
31.53937,74.312874,26800.0,26800.0,26800,26800,8933.33,8933.33,1,3.0,Lahore,Punjab,Rasool Park,House,0.0,0.0,sale_derived
31.539587,74.31503,32000.0,32000.0,32000,32000,6400.0,6400.0,1,5.0,Lahore,Punjab,Ichhra,Flat,3.0,2.0,sale_derived
31.53989529,74.33064495,27200.0,27200.0,27200,27200,4533.33,4533.33,1,6.0,Lahore,Punjab,Shadman 1,Flat,2.0,3.0,sale_derived
31.539956,74.302018,65066.67,56000.0,31200,108000,9877.1,9391.3,3,6.83,Lahore,Punjab,Samanabad,House,5.67,5.0,sale_derived
31.5403498,74.30977531,92000.0,92000.0,92000,92000,7666.67,7666.67,1,12.0,Lahore,Punjab,Shama Road,House,8.0,7.0,sale_derived
31.540591,74.379937,232666.67,250000.0,148000,300000,11162.7,10571.43,3,20.67,Lahore,Punjab,Cantt,House,3.0,4.0,sale_derived
31.54065704,74.28594971,15200.0,15200.0,15200,15200,8941.18,8941.18,1,1.7,Lahore,Punjab,Samanabad,House,3.0,2.0,sale_derived
31.540747,74.27751,20800.0,20800.0,20800,20800,9454.55,9454.55,1,2.2,Lahore,Punjab,Shera Kot,House,3.0,2.0,sale_derived
31.540747,74.277511,40000.0,46000.0,18000,46000,4971.43,4600.0,6,8.33,Lahore,Punjab,Shera Kot,House,4.33,3.5,sale_derived
31.54079499,74.27782685,16000.0,16000.0,16000,16000,5333.33,5333.33,1,3.0,Lahore,Punjab,Band Road,House,0.0,0.0,sale_derived
31.540855,74.31487,18400.0,18400.0,18400,18400,4181.82,4181.82,1,4.4,Lahore,Punjab,Shama Road,Flat,4.0,0.0,sale_derived
31.540855,74.314871,55136.84,24000.0,12000,220000,10222.81,9333.33,19,5.48,Lahore,Punjab,Shama Road,House,3.05,1.05,sale_derived
31.540874,74.310585,118000.0,118000.0,118000,118000,11800.0,11800.0,1,10.0,Lahore,Punjab,Rasool Park,House,7.0,8.0,sale_derived
31.540874,74.310588,60787.1,36000.0,8000,240000,10021.33,10933.33,31,6.03,Lahore,Punjab,Rasool Park,House,3.71,2.71,sale_derived
31.541101,74.418606,30000.0,30000.0,30000,30000,4615.38,4615.38,1,6.5,Lahore,Punjab,Cantt,House,4.0,3.0,sale_derived
31.541117,74.29629,26000.0,26000.0,26000,26000,5777.78,5777.78,1,4.5,Lahore,Punjab,Samanabad,House,3.0,2.0,sale_derived
31.541227,74.359417,38563.64,31400.0,16000,104000,10551.39,10800.0,22,3.57,Lahore,Punjab,Saiden Shah Colony,House,4.77,0.0,sale_derived
31.541236,74.269202,18100.0,19200.0,8000,26000,4500.0,4800.0,4,3.88,Lahore,Punjab,Babu Sabu,House,3.0,2.75,sale_derived
31.54127276,74.29349899,90000.0,90000.0,90000,90000,12857.14,12857.14,1,7.0,Lahore,Punjab,Multan Road,House,6.0,6.0,sale_derived
31.54140848,74.30484306,58000.0,58000.0,58000,58000,12888.89,12888.89,1,4.5,Lahore,Punjab,Samanabad,House,4.0,4.0,sale_derived
31.541542,74.300415,120000.0,120000.0,120000,120000,9448.82,9448.82,1,12.7,Lahore,Punjab,Samanabad,House,0.0,0.0,sale_derived
31.541664,74.287664,30914.29,20000.0,8000,90000,6755.56,6666.67,7,5.03,Lahore,Punjab,Samanabad,House,3.71,2.29,sale_derived
31.541664,74.28767,18000.0,18000.0,18000,18000,6000.0,6000.0,1,3.0,Lahore,Punjab,Samanabad,House,4.0,2.0,sale_derived
31.541785,74.375124,90000.0,90000.0,90000,90000,7500.0,7500.0,1,12.0,Lahore,Punjab,Cantt,House,3.0,4.0,sale_derived
31.541851,74.297246,48000.0,44000.0,40000,60000,9666.67,10000.0,3,5.0,Lahore,Punjab,Samanabad,House,5.0,4.0,sale_derived
31.542114,74.355896,312000.0,312000.0,312000,312000,7800.0,7800.0,1,40.0,Lahore,Punjab,Upper Mall,House,0.0,0.0,sale_derived
31.542114,74.355898,125141.94,126000.0,7800,340000,10727.21,9500.0,31,13.34,Lahore,Punjab,Upper Mall,House,4.84,1.16,sale_derived
31.542643,74.309937,68750.0,66000.0,28000,130000,11358.33,11833.33,8,7.5,Lahore,Punjab,Kacha Ferozepur Road,House,3.38,3.0,sale_derived
31.542992,74.377956,180000.0,180000.0,180000,180000,9000.0,9000.0,1,20.0,Lahore,Punjab,Askari,House,5.0,6.0,sale_derived
31.54306035,74.30991948,80000.0,80000.0,80000,80000,16000.0,16000.0,1,5.0,Lahore,Punjab,Rasool Park,House,4.0,3.0,sale_derived
31.54324722,74.42018127,77200.0,77200.0,77200,77200,7018.18,7018.18,1,11.0,Lahore,Punjab,Guldasht Town,House,4.0,5.0,sale_derived
31.543248,74.420185,77200.0,77200.0,77200,77200,7018.18,7018.18,1,11.0,Lahore,Punjab,Guldasht Town,House,4.0,5.0,sale_derived
31.543283,74.418465,79200.0,79200.0,79200,79200,7200.0,7200.0,1,11.0,Lahore,Punjab,Guldasht Town,House,4.0,4.0,sale_derived
31.543284,74.418468,79333.33,80000.0,70000,88000,7666.67,8000.0,3,10.33,Lahore,Punjab,Guldasht Town,House,3.33,4.33,sale_derived
31.54338942,74.27963504,20000.0,20000.0,20000,20000,6666.67,6666.67,1,3.0,Lahore,Punjab,Gulshan-e-Ravi,House,4.0,2.0,sale_derived
31.543431,74.344225,305000.0,305000.0,280000,330000,15250.0,15250.0,2,20.0,Lahore,Punjab,GOR,House,5.0,5.0,sale_derived
31.543431,74.344226,18000.0,18000.0,18000,18000,9000.0,9000.0,1,2.0,Lahore,Punjab,GOR,House,2.0,3.0,sale_derived
31.543577,74.361005,21800.0,21400.0,12000,30000,7855.24,8685.71,10,2.85,Lahore,Punjab,Mian Mir Colony,House,3.6,0.4,sale_derived
31.543577,74.36101,18000.0,18000.0,18000,18000,4500.0,4500.0,1,4.0,Lahore,Punjab,Mian Mir Colony,House,3.0,1.0,sale_derived
31.54378269,74.34094191,25000.0,25000.0,25000,25000,5681.82,5681.82,1,4.4,Islamabad,Islamabad Capital,G-13,House,1.0,0.0,rental
31.543979,74.419842,58000.0,58000.0,38000,78000,6823.08,6823.08,2,8.25,Lahore,Punjab,Guldasht Town,House,4.0,2.0,sale_derived
31.544218,74.292494,33577.78,16400.0,15200,180000,9027.6,9300.0,18,3.72,Lahore,Punjab,Rustam Park,House,2.94,1.28,sale_derived
31.544218,74.292496,28400.0,28400.0,22000,34800,9202.13,9202.13,2,3.35,Lahore,Punjab,Rustam Park,House,1.5,1.0,sale_derived
31.544308,74.383832,61148.39,58000.0,36000,134000,6498.92,6600.0,31,9.6,Lahore,Punjab,Askari,Flat,2.87,2.68,sale_derived
31.544308,74.383835,54000.0,54000.0,54000,54000,5400.0,5400.0,1,10.0,Lahore,Punjab,Askari,Flat,3.0,3.0,sale_derived
31.544817,74.280543,46000.0,46000.0,46000,46000,7301.59,7301.59,1,6.3,Lahore,Punjab,Firdous Colony,House,3.0,2.0,sale_derived
31.54529594,74.40524787,52000.0,52000.0,52000,52000,5200.0,5200.0,1,10.0,Lahore,Punjab,Al Faisal Town,House,4.0,4.0,sale_derived
31.54532,74.40368,14000.0,14000.0,14000,14000,5600.0,5600.0,1,2.5,Lahore,Punjab,Bahar Shah Road,House,3.0,2.0,sale_derived
31.545321,74.403682,54000.0,54000.0,54000,54000,5400.0,5400.0,1,10.0,Lahore,Punjab,Bahar Shah Road,House,4.0,4.0,sale_derived
31.54536909,74.33956861,35000.0,35000.0,35000,35000,11290.32,11290.32,1,3.1,Islamabad,Islamabad Capital,E-11,Flat,2.0,2.0,rental
31.54544223,74.34062541,62000.0,62000.0,62000,62000,9253.73,9253.73,1,6.7,Islamabad,Islamabad Capital,G-11,Flat,2.0,2.0,rental
31.545515,74.421387,100000.0,100000.0,100000,100000,10000.0,10000.0,1,10.0,Lahore,Punjab,Guldasht Town,House,5.0,5.0,sale_derived
31.545515,74.42139,32000.0,32000.0,32000,32000,7111.11,7111.11,1,4.5,Lahore,Punjab,Guldasht Town,House,3.0,3.0,sale_derived
31.545518,74.167062,13960.0,13960.0,9960,17960,4653.33,4653.33,2,3.0,Lahore,Punjab,Lahore - Jaranwala Road,House,2.5,2.5,sale_derived
31.5456651,74.30323541,28000.0,28000.0,28000,28000,9333.33,9333.33,1,3.0,Lahore,Punjab,Islamia Park,House,3.0,3.0,sale_derived
31.54577139,74.34132814,61000.0,61000.0,44000,78000,8300.0,8300.0,2,7.5,Lahore,Punjab,"Lahore, Punjab",House,3.5,3.5,sale_derived
31.54581297,74.30403093,240000.0,240000.0,240000,240000,9230.77,9230.77,1,26.0,Lahore,Punjab,Islamia Park,House,8.0,10.0,sale_derived
31.545929,74.361102,100000.0,100000.0,100000,100000,18181.82,18181.82,2,5.5,Lahore,Punjab,Sikandar Road,House,3.0,0.0,sale_derived
31.54604684,74.29310337,102000.0,102000.0,102000,102000,9272.73,9272.73,1,11.0,Lahore,Punjab,Gulfishan Colony,House,6.0,5.0,sale_derived
31.546064,74.425321,35450.0,38900.0,24000,40000,8184.09,8368.18,4,4.38,Lahore,Punjab,Gujjarpura,House,3.75,3.75,sale_derived
31.546262,74.395467,110000.0,110000.0,110000,110000,9166.67,9166.67,1,12.0,Lahore,Punjab,Askari,House,4.0,4.0,sale_derived
31.546503,74.271441,101200.0,100000.0,80000,122000,8718.18,9090.91,5,12.2,Lahore,Punjab,Gulshan-e-Ravi,House,3.8,1.6,sale_derived
31.546692,74.29317,154000.0,154000.0,154000,154000,10266.67,10266.67,1,15.0,Lahore,Punjab,Gulfishan Colony,House,4.0,5.0,sale_derived
31.54696002,74.34051812,22000.0,22000.0,22000,22000,12941.18,12941.18,1,1.7,Islamabad,Islamabad Capital,E-11,Flat,1.0,1.0,rental
31.546961,74.293327,141600.0,141600.0,88000,195200,11507.69,11507.69,2,12.0,Lahore,Punjab,Gulfishan Colony,House,7.5,6.5,sale_derived
31.5469966,74.34062541,36000.0,36000.0,36000,36000,8181.82,8181.82,1,4.4,Islamabad,Islamabad Capital,E-11,Flat,2.0,2.0,rental
31.547266,74.282459,28450.0,27400.0,26000,36000,7532.74,7864.29,8,3.94,Lahore,Punjab,Rehman Park,House,2.88,0.75,sale_derived
31.547381,74.393892,119515.79,94000.0,88000,260000,9420.0,9200.0,19,12.63,Lahore,Punjab,Askari,House,3.26,3.42,sale_derived
31.547454,74.286118,81412.5,96000.0,7800,140000,11079.53,11377.78,16,7.09,Lahore,Punjab,Gulshan-e-Ravi,House,3.94,3.88,sale_derived
31.547563,74.27599,98000.0,96000.0,80000,120000,11538.1,11333.33,4,8.62,Lahore,Punjab,Gulshan-e-Ravi,House,4.25,4.0,sale_derived
31.547564,74.27599,100000.0,100000.0,100000,100000,10000.0,10000.0,1,10.0,Lahore,Punjab,Gulshan-e-Ravi,House,5.0,7.0,sale_derived
31.547727,74.326054,20000.0,20000.0,20000,20000,4000.0,4000.0,1,5.0,Lahore,Punjab,Kacha Lawrence Road,Flat,0.0,0.0,sale_derived
31.547775,74.390475,94000.0,94000.0,92000,96000,9400.0,9400.0,4,10.0,Lahore,Punjab,Askari,House,3.5,3.25,sale_derived
31.547819,74.279809,110153.85,116000.0,52000,160000,11742.66,12000.0,13,9.46,Lahore,Punjab,Gulshan-e-Ravi,House,5.38,4.46,sale_derived
31.54783977,74.38596681,280000.0,280000.0,280000,280000,14000.0,14000.0,1,20.0,Lahore,Punjab,Cantt,House,6.0,6.0,sale_derived
31.548176,74.392675,126800.0,126800.0,81600,172000,8833.33,8833.33,2,14.5,Lahore,Punjab,Askari,House,2.0,2.0,sale_derived
31.548176,74.407166,31200.0,31200.0,31200,31200,5200.0,5200.0,1,6.0,Lahore,Punjab,Cantt,House,4.0,4.0,sale_derived
31.548287,74.407187,20800.0,21600.0,16000,27200,6807.07,7771.43,7,3.17,Lahore,Punjab,Jora Pull,House,2.86,1.71,sale_derived
31.548423,74.319806,144000.0,100000.0,56000,320000,11893.4,7559.52,4,15.88,Lahore,Punjab,Waris Road,House,2.0,2.5,sale_derived
31.548477,74.42206,10000.0,10000.0,10000,10000,5000.0,5000.0,1,2.0,Lahore,Punjab,Dogech,House,4.0,2.0,sale_derived
31.548478,74.422059,26733.33,24000.0,15200,42000,6291.11,6533.33,6,4.5,Lahore,Punjab,Dogech,House,3.17,3.17,sale_derived
31.5487,74.30338,20000.0,20000.0,20000,20000,10000.0,10000.0,1,2.0,Lahore,Punjab,Islamia Park,House,2.0,2.0,sale_derived
31.54870033,74.30338287,22000.0,22000.0,22000,22000,11000.0,11000.0,1,2.0,Lahore,Punjab,Islamia Park,House,3.0,3.0,sale_derived
31.548701,74.303386,71466.67,58000.0,22000,190000,8882.99,8733.33,18,9.37,Lahore,Punjab,Islamia Park,House,4.11,3.28,sale_derived
31.54870637,74.40409184,38000.0,38000.0,38000,38000,6333.33,6333.33,1,6.0,Lahore,Punjab,Jora Pull,House,4.0,5.0,sale_derived
31.548756,74.40076,30000.0,30000.0,30000,30000,10000.0,10000.0,1,3.0,Lahore,Punjab,Cantt,House,3.0,4.0,sale_derived
31.548813,74.31505,11800.0,11800.0,9600,14000,3898.99,3898.99,2,3.0,Lahore,Punjab,Qartaba Chowk,Flat,2.0,1.5,sale_derived
31.54888533,74.28184796,64000.0,64000.0,64000,64000,8533.33,8533.33,1,7.5,Lahore,Punjab,Gulshan-e-Ravi,House,4.0,4.0,sale_derived
31.548932,74.402654,44333.33,36000.0,17600,108000,8835.19,9000.0,9,4.78,Lahore,Punjab,Cantt,House,3.67,3.67,sale_derived
31.54908313,74.29194258,40000.0,40000.0,40000,40000,8000.0,8000.0,1,5.0,Lahore,Punjab,Toheed Park,House,3.0,2.0,sale_derived
31.54913521,74.31511688,26000.0,26000.0,12800,39200,6053.33,6053.33,2,4.0,Lahore,Punjab,Mozang,Flat,4.0,2.5,sale_derived
31.549136,74.315114,57500.0,47000.0,36000,100000,13652.78,14555.56,4,4.88,Lahore,Punjab,Mozang,House,2.75,2.25,sale_derived
31.54916695,74.31801036,210000.0,210000.0,210000,210000,10500.0,10500.0,1,20.0,Lahore,Punjab,Mozang,House,5.0,5.0,sale_derived
31.549223,74.33247,103200.0,116000.0,48000,120000,11760.0,12000.0,5,8.8,Lahore,Punjab,Race Course Road,House,3.6,3.6,sale_derived
31.5496566,74.42247618,7200.0,7200.0,7200,7200,3600.0,3600.0,1,2.0,Lahore,Punjab,Dogech,House,1.0,1.0,sale_derived
31.54977036,74.42726898,22000.0,22000.0,22000,22000,10000.0,10000.0,1,2.2,Lahore,Punjab,Gujjarpura,House,3.0,3.0,sale_derived
31.549781,74.288002,80000.0,76000.0,76000,88000,8562.96,8444.44,3,9.33,Lahore,Punjab,Muqaddas Park,House,5.67,4.0,sale_derived
31.549793,74.29555,111200.0,111200.0,111200,111200,9669.57,9669.57,1,11.5,Lahore,Punjab,New Chauburji Park,House,8.0,6.0,sale_derived
31.549794,74.295545,83217.39,90000.0,20000,136000,10863.29,11333.33,23,8.03,Lahore,Punjab,New Chauburji Park,House,4.35,2.26,sale_derived
31.54994,74.40275,34000.0,34000.0,34000,34000,4857.14,4857.14,1,7.0,Lahore,Punjab,Cantt,House,5.0,3.0,sale_derived
31.550672,74.403963,28859.09,28200.0,8000,90000,7591.84,7500.0,44,3.97,Lahore,Punjab,Al Faisal Town,House,3.82,2.8,sale_derived
31.550673,74.40396,23733.33,28000.0,13200,30000,8436.11,9333.33,3,2.73,Lahore,Punjab,Al Faisal Town,House,4.0,3.33,sale_derived
31.550818,74.37923,57907.69,50000.0,30000,140000,10636.06,9371.43,13,5.93,Lahore,Punjab,Cantt,House,3.85,2.31,sale_derived
31.550818,74.39641,79230.77,78000.0,20000,180000,7157.69,6875.0,13,11.69,Lahore,Punjab,Cantt,House,4.77,3.85,sale_derived
31.55086639,74.29396302,130000.0,130000.0,130000,130000,10833.33,10833.33,1,12.0,Lahore,Punjab,New Chauburji Park,House,6.0,6.0,sale_derived
31.55101455,74.29449962,130000.0,130000.0,130000,130000,9285.71,9285.71,1,14.0,Lahore,Punjab,New Chauburji Park,House,6.0,5.0,sale_derived
31.551046,74.292245,56000.0,55000.0,44000,70000,11964.29,12500.0,4,4.88,Lahore,Punjab,Toheed Park,House,2.75,2.25,sale_derived
31.5511837,74.28405762,68000.0,68000.0,68000,68000,8500.0,8500.0,1,8.0,Lahore,Punjab,Gulshan-e-Ravi,House,4.0,5.0,sale_derived
31.551184,74.284058,69135.29,59600.0,10400,280000,11273.01,11200.0,306,6.34,Lahore,Punjab,Gulshan-e-Ravi,House,3.73,2.22,sale_derived
31.551184,74.28406,85942.86,96000.0,24000,148000,10518.64,9787.23,7,7.99,Lahore,Punjab,Gulshan-e-Ravi,House,4.86,4.0,sale_derived
31.551294,74.391214,22000.0,22000.0,22000,22000,7333.33,7333.33,1,3.0,Lahore,Punjab,Cantt,House,4.0,2.0,sale_derived
31.55166,74.312382,11200.0,11200.0,11200,11200,4480.0,4480.0,1,2.5,Lahore,Punjab,Saadi Park,Flat,1.0,2.0,sale_derived
31.551733,74.352636,260000.0,260000.0,260000,260000,13000.0,13000.0,3,20.0,Lahore,Punjab,Zaman Park,House,5.0,5.0,sale_derived
31.55174874,74.30129886,64000.0,64000.0,64000,64000,12800.0,12800.0,1,5.0,Lahore,Punjab,Chauburji Chowk,House,4.0,4.0,sale_derived
31.551902,74.395579,141333.33,140000.0,84000,200000,8000.0,7000.0,3,17.33,Lahore,Punjab,PAF Colony,House,5.67,0.0,sale_derived
31.552427,74.29951,54000.0,54000.0,54000,54000,6750.0,6750.0,1,8.0,Lahore,Punjab,Chauburji Park Road,House,7.0,3.0,sale_derived
31.552428,74.299507,92571.43,80000.0,60000,144000,10258.37,8888.89,7,9.5,Lahore,Punjab,Chauburji Park Road,House,4.57,4.57,sale_derived
31.552464,74.289894,165000.0,165000.0,140000,190000,9750.0,9750.0,2,17.0,Lahore,Punjab,Gulshan-e-Ravi,House,6.0,7.0,sale_derived
31.552592,74.322788,106000.0,106000.0,52000,160000,11222.22,11222.22,2,11.8,Lahore,Punjab,Mason Road,House,4.0,4.0,sale_derived
31.552647,74.385338,177500.0,190000.0,106000,224000,5311.76,5450.0,4,33.5,Lahore,Punjab,Cantt,House,4.5,3.75,sale_derived
31.55272,74.377098,110000.0,110000.0,110000,110000,9166.67,9166.67,1,12.0,Lahore,Punjab,Cantt,House,4.0,4.0,sale_derived
31.552807,74.32439,100000.0,100000.0,100000,100000,15384.62,15384.62,1,6.5,Lahore,Punjab,Lawrence Road,House,3.0,3.0,sale_derived
31.55283,74.276375,78000.0,78000.0,50000,106000,9818.18,9818.18,2,8.0,Lahore,Punjab,Gulshan-e-Ravi,House,2.0,1.5,sale_derived
31.55283,74.276376,62466.67,53000.0,12800,120000,7037.71,7365.38,6,7.57,Lahore,Punjab,Gulshan-e-Ravi,House,4.17,4.0,sale_derived
31.552866,74.285045,80800.0,89000.0,18800,144000,10855.56,11400.0,6,7.75,Lahore,Punjab,Gulshan-e-Ravi,House,3.17,3.67,sale_derived
31.552877,74.41644,26000.0,26000.0,26000,26000,5200.0,5200.0,1,5.0,Lahore,Punjab,Jora Pull,House,6.0,2.0,sale_derived
31.552949,74.401519,56000.0,56000.0,56000,56000,11200.0,11200.0,1,5.0,Lahore,Punjab,Khawaja Ahmed Hassan Road,House,5.0,0.0,sale_derived
31.55332407,74.39274609,14000.0,14000.0,14000,14000,7000.0,7000.0,1,2.0,Lahore,Punjab,Ghaziabad,House,2.0,1.0,sale_derived
31.553404,74.4142,24000.0,24000.0,24000,24000,8000.0,8000.0,1,3.0,Lahore,Punjab,Garrison Homes,House,2.0,3.0,sale_derived
31.55346,74.42452,14828.57,14000.0,7800,24000,4895.92,5000.0,7,3.01,Lahore,Punjab,Altaf Colony,House,2.57,2.14,sale_derived
31.553473,74.409466,36000.0,36000.0,36000,36000,7200.0,7200.0,1,5.0,Lahore,Punjab,Al-Kareem Premier Housing Scheme,House,3.0,3.0,sale_derived
31.55348121,74.31272909,36000.0,36000.0,36000,36000,6000.0,6000.0,1,6.0,Lahore,Punjab,Lytton Road,House,3.0,2.0,sale_derived
31.55348578,74.36296787,80000.0,80000.0,80000,80000,8888.89,8888.89,1,9.0,Lahore,Punjab,Dharampura,House,0.0,0.0,sale_derived
31.553522,74.37665,80000.0,80000.0,80000,80000,8000.0,8000.0,1,10.0,Lahore,Punjab,Cantt,House,4.0,6.0,sale_derived
31.553671,74.315586,113933.33,79600.0,10200,252000,13892.59,18000.0,3,6.9,Lahore,Punjab,Abid Market,House,3.33,2.0,sale_derived
31.553707,74.40623,30466.67,34000.0,18800,38000,8775.93,8750.0,6,3.48,Lahore,Punjab,Ameer-ud-Din Park,House,1.83,2.0,sale_derived
31.553758,74.405465,26920.0,23200.0,14400,56000,8167.62,7666.67,10,3.25,Lahore,Punjab,Mian Amiruddin Park,House,2.9,3.2,sale_derived
31.5538392,74.28803701,68000.0,68000.0,68000,68000,11333.33,11333.33,1,6.0,Lahore,Punjab,Gulshan-e-Ravi,House,6.0,7.0,sale_derived
31.55389948,74.29908872,60000.0,60000.0,60000,60000,10909.09,10909.09,1,5.5,Lahore,Punjab,Sham Nagar,House,4.0,4.0,sale_derived
31.55393377,74.29521527,52000.0,52000.0,52000,52000,8666.67,8666.67,1,6.0,Lahore,Punjab,Gulshan-e-Ravi,House,0.0,0.0,sale_derived
31.554,74.311302,30000.0,30000.0,24000,36000,8000.0,8000.0,2,3.75,Lahore,Punjab,Lytton Road,House,5.5,3.0,sale_derived
31.554037,74.366612,45173.33,28000.0,11200,160000,8845.74,7840.0,15,4.97,Lahore,Punjab,Dharampura,House,3.87,2.33,sale_derived
31.554037,74.366615,67000.0,64000.0,32000,108000,11457.58,11400.0,4,5.88,Lahore,Punjab,Dharampura,House,5.75,3.5,sale_derived
31.55403709,74.3666153,23200.0,23200.0,23200,23200,7030.3,7030.3,1,3.3,Lahore,Punjab,Dharampura,House,5.0,3.0,sale_derived
31.554108,74.30512,74171.43,50000.0,33200,160000,8577.0,9000.0,7,9.31,Lahore,Punjab,Chauburji Chowk,House,3.57,3.57,sale_derived
31.55432614,74.32043552,210000.0,220000.0,100000,310000,15069.44,16666.67,3,15.33,Lahore,Punjab,Queens Road,House,2.33,2.33,sale_derived
31.554327,74.320435,151000.0,151000.0,62000,240000,15333.33,15333.33,2,13.5,Lahore,Punjab,Queens Road,House,2.0,2.0,sale_derived
31.554329,74.34699,96000.0,96000.0,32000,160000,12088.89,12088.89,2,7.0,Lahore,Punjab,Sunderdas Road,House,4.0,3.0,sale_derived
31.5546,74.3572,8800.0,8800.0,8800,8800,2933.33,2933.33,1,3.0,Lahore,Punjab,Others,Flat,1.0,1.0,sale_derived
31.554636,74.31665,11200.0,11200.0,11200,11200,5600.0,5600.0,1,2.0,Lahore,Punjab,Jail Road,Flat,0.0,0.0,sale_derived
31.55469203,74.29841917,90000.0,90000.0,90000,90000,6923.08,6923.08,1,13.0,Lahore,Punjab,Sham Nagar,House,5.0,5.0,sale_derived
31.55469603,74.3126094,12000.0,12000.0,12000,12000,3000.0,3000.0,1,4.0,Lahore,Punjab,Mozang,Lower Portion,2.0,0.0,sale_derived
31.554712,74.32539,148000.0,108000.0,62000,274000,14640.4,12454.55,3,11.67,Lahore,Punjab,Lawrence Road,House,3.67,4.0,sale_derived
31.554713,74.325394,125181.82,84000.0,26000,340000,13005.41,12363.64,22,10.54,Lahore,Punjab,Lawrence Road,House,2.82,1.95,sale_derived
31.554768,74.277577,44000.0,44000.0,32000,56000,10600.0,10600.0,4,4.1,Lahore,Punjab,Gulshan-e-Ravi,House,4.5,0.0,sale_derived
31.554802,74.400445,23450.0,18600.0,12600,44000,6813.33,6706.67,4,3.25,Lahore,Punjab,Nizamabad,House,2.25,1.75,sale_derived
31.554878,74.286547,52000.0,52000.0,36000,68000,9266.67,9266.67,2,5.5,Lahore,Punjab,Gulshan-e-Ravi,House,5.5,4.0,sale_derived
31.554911,74.30449,101000.0,101000.0,42000,160000,12153.85,12153.85,2,8.25,Lahore,Punjab,Chauburji,House,4.5,4.0,sale_derived
31.554914,74.39199,26000.0,26000.0,26000,26000,8666.67,8666.67,1,3.0,Lahore,Punjab,Ghaziabad,House,4.0,5.0,sale_derived
31.555122,74.2828,90000.0,90000.0,90000,90000,12000.0,12000.0,1,7.5,Lahore,Punjab,Gulshan-e-Ravi,House,3.0,3.0,sale_derived
31.555298,74.31556,58000.0,58000.0,56000,60000,12000.0,12000.0,2,5.0,Lahore,Punjab,Mozang,House,3.0,2.5,sale_derived
31.55529828,74.31555748,86988.89,42000.0,10200,310000,11300.24,9402.6,18,8.01,Lahore,Punjab,Mozang,House,2.83,1.67,sale_derived
31.55546285,74.40068007,24000.0,24000.0,24000,24000,8000.0,8000.0,1,3.0,Lahore,Punjab,Tajpura,House,0.0,0.0,sale_derived
31.55549812,74.41246033,16000.0,16000.0,16000,16000,6400.0,6400.0,1,2.5,Lahore,Punjab,Salli Town,House,2.0,3.0,sale_derived
31.555499,74.41246,55366.67,58000.0,18400,80000,9010.16,8944.44,12,6.42,Lahore,Punjab,Salli Town,House,4.67,2.25,sale_derived
31.555573,74.364181,130000.0,130000.0,130000,130000,10833.33,10833.33,1,12.0,Lahore,Punjab,Dharampura,House,6.0,6.0,sale_derived
31.555603,74.41925,24666.67,22000.0,16000,44000,6828.57,6866.67,6,3.67,Lahore,Punjab,Garrison Homes,House,3.17,2.17,sale_derived
31.555641,74.421618,18200.0,18200.0,16400,20000,6613.33,6613.33,2,2.75,Lahore,Punjab,Yazdani Road,House,4.0,3.5,sale_derived
31.555655,74.316298,58000.0,58000.0,58000,58000,14146.34,14146.34,1,4.1,Lahore,Punjab,Temple Road,House,4.0,2.0,sale_derived
31.555655,74.3163,92000.0,92000.0,92000,92000,10222.22,10222.22,1,9.0,Lahore,Punjab,Temple Road,House,4.0,3.0,sale_derived
31.55567,74.416871,35680.0,28000.0,13200,62000,8696.0,7000.0,5,3.74,Lahore,Punjab,Garrison Homes,House,3.0,2.4,sale_derived
31.555758,74.29734,108000.0,108000.0,108000,108000,9000.0,9000.0,1,12.0,Lahore,Punjab,Sham Nagar,House,7.0,8.0,sale_derived
31.55581856,74.43190002,5200.0,5200.0,5200,5200,1733.33,1733.33,1,3.0,Lahore,Punjab,Ibrahim Colony,House,1.0,1.0,sale_derived
31.555819,74.431898,11200.0,11200.0,8400,14000,5970.59,5970.59,2,1.85,Lahore,Punjab,Ibrahim Colony,House,2.0,1.0,sale_derived
31.555902,74.349239,20800.0,20800.0,20800,20800,8320.0,8320.0,2,2.5,Lahore,Punjab,Mayo Gardens,House,6.0,0.0,sale_derived
31.556199,74.413556,25000.0,25000.0,25000,25000,8333.33,8333.33,1,3.0,Lahore,Punjab,Garrison Homes,House,2.0,3.0,sale_derived
31.55627595,74.29398112,16800.0,16800.0,16800,16800,6222.22,6222.22,1,2.7,Lahore,Punjab,Raj Garh,House,0.0,0.0,sale_derived
31.556322,74.413787,31066.67,36000.0,19200,38000,6213.33,7200.0,3,5.0,Lahore,Punjab,Garrison Homes,House,3.67,3.67,sale_derived
31.55638966,74.34158731,38000.0,38000.0,38000,38000,7600.0,7600.0,1,5.0,Lahore,Punjab,Davis Road,House,3.0,3.0,sale_derived
31.556446,74.41354,38000.0,38000.0,38000,38000,7600.0,7600.0,1,5.0,Lahore,Punjab,Harbanspura Road,House,4.0,4.0,sale_derived
31.556446,74.413542,37000.0,36000.0,26000,66000,8619.49,9000.0,20,4.28,Lahore,Punjab,Harbanspura Road,House,3.85,2.8,sale_derived
31.556596,74.333982,54168.0,47200.0,35304,80000,13829.02,16000.0,3,5.57,Lahore,Punjab,Mall Road,Flat,3.67,1.67,sale_derived
31.556625,74.29438,120000.0,120000.0,120000,120000,10256.41,10256.41,1,11.7,Lahore,Punjab,Sham Nagar,House,4.0,5.0,sale_derived
31.556625,74.294381,43747.83,32000.0,11200,160000,9870.26,10000.0,23,4.57,Lahore,Punjab,Sham Nagar,House,3.74,2.13,sale_derived
31.55662537,74.29438019,72000.0,72000.0,72000,72000,7200.0,7200.0,1,10.0,Lahore,Punjab,Sham Nagar,House,6.0,4.0,sale_derived
31.55667,74.339926,44700.0,49000.0,14800,72000,9215.0,8133.33,8,8.72,Lahore,Punjab,Davis Road,Flat,3.5,2.38,sale_derived
31.557084,74.413786,56000.0,59000.0,26000,80000,9305.56,9277.78,4,6.0,Lahore,Punjab,Sally Town South,House,4.25,0.75,sale_derived
31.55719948,74.30460358,140000.0,140000.0,140000,140000,11570.25,11570.25,1,12.1,Lahore,Punjab,Riwaz Garden,House,5.0,4.0,sale_derived
31.557474,74.395108,19763.64,17600.0,8600,52000,4834.12,4736.84,11,4.5,Lahore,Punjab,Ghaziabad,House,2.91,1.73,sale_derived
31.557474,74.39511,19000.0,19000.0,18000,20000,4099.1,4099.1,2,4.85,Lahore,Punjab,Ghaziabad,House,4.0,2.0,sale_derived
31.557474,74.40143,22200.0,25000.0,12000,28000,7834.57,8333.33,6,2.78,Lahore,Punjab,Tajpura,House,3.0,2.83,sale_derived
31.557474,74.401431,21952.71,18000.0,4800,140000,7193.32,7200.0,203,3.24,Lahore,Punjab,Tajpura,House,2.92,1.8,sale_derived
31.55747414,74.39511108,20000.0,20000.0,20000,20000,5000.0,5000.0,1,4.0,Lahore,Punjab,Nizamabad,House,6.0,4.0,sale_derived
31.558031,74.409584,22000.0,22000.0,22000,22000,8800.0,8800.0,1,2.5,Lahore,Punjab,Tajpura,House,3.0,3.0,sale_derived
31.55858607,74.28668853,38000.0,38000.0,38000,38000,7600.0,7600.0,1,5.0,Lahore,Punjab,Sanda,House,0.0,0.0,sale_derived
31.55861664,74.34378815,130000.0,130000.0,130000,130000,13000.0,13000.0,1,10.0,Lahore,Punjab,Habibullah Road,House,6.0,6.0,sale_derived
31.558617,74.343785,83388.24,82000.0,31200,236000,11571.7,12000.0,34,7.74,Lahore,Punjab,Habibullah Road,House,2.97,0.76,sale_derived
31.558717,74.391603,69000.0,69000.0,22000,116000,18166.67,18166.67,2,3.5,Lahore,Punjab,Ghaziabad,House,2.5,2.0,sale_derived
31.55874252,74.34823608,80000.0,80000.0,80000,80000,13333.33,13333.33,1,6.0,Lahore,Punjab,Habibullah Road,House,3.0,4.0,sale_derived
31.55900175,74.41088118,24000.0,24000.0,24000,24000,8888.89,8888.89,1,2.7,Lahore,Punjab,Tajpura,House,3.0,3.0,sale_derived
31.55901,74.298306,67200.0,50000.0,16400,220000,8268.72,7800.0,12,7.58,Lahore,Punjab,Raj Garh,House,5.42,3.5,sale_derived
31.55913802,74.40180659,120000.0,120000.0,120000,120000,19354.84,19354.84,1,6.2,Lahore,Punjab,Tajpura,House,3.0,4.0,sale_derived
31.559198,74.351165,86257.14,80000.0,12000,320000,11468.83,8090.91,14,7.86,Lahore,Punjab,Allama Iqbal Road,House,3.93,1.93,sale_derived
31.559198,74.351166,30000.0,30000.0,30000,30000,10000.0,10000.0,1,3.0,Lahore,Punjab,Allama Iqbal Road,House,4.0,3.0,sale_derived
31.559229,74.28832,29600.0,24800.0,20000,44000,8355.56,8266.67,3,3.5,Lahore,Punjab,Sanda,House,5.33,3.67,sale_derived
31.559229,74.288321,38866.67,27400.0,8800,116000,8666.37,8774.07,12,4.41,Lahore,Punjab,Sanda,House,3.58,2.25,sale_derived
31.559283,74.184612,20000.0,20000.0,20000,20000,5000.0,5000.0,3,4.0,Lahore,Punjab,Al-Raziq Garden,House,4.0,3.0,sale_derived
31.55956741,74.35078528,38400.0,38400.0,38400,38400,12800.0,12800.0,1,3.0,Lahore,Punjab,Allama Iqbal Road,House,3.0,5.0,sale_derived
31.559585,74.303647,28000.0,28000.0,28000,28000,14000.0,14000.0,1,2.0,Lahore,Punjab,Rewaz Garden,House,2.0,3.0,sale_derived
31.55970483,74.38696861,30400.0,30400.0,30400,30400,6080.0,6080.0,1,5.0,Lahore,Punjab,Mughalpura,House,6.0,5.0,sale_derived
31.559796,74.290162,40500.0,41000.0,28000,52000,8018.7,7866.67,4,5.3,Lahore,Punjab,Sanda,House,4.75,2.75,sale_derived
31.559832,74.301233,64363.64,70000.0,36000,70000,9833.33,10000.0,11,6.64,Lahore,Punjab,Rajgarh Road,House,6.64,5.55,sale_derived
31.559961,74.303176,73200.0,24800.0,6800,186000,9408.21,10400.0,13,6.15,Lahore,Punjab,Riwaz Garden,House,4.08,3.62,sale_derived
31.559961,74.30318,9600.0,9600.0,9600,9600,3840.0,3840.0,1,2.5,Lahore,Punjab,Riwaz Garden,Flat,3.0,1.0,sale_derived
31.56021652,74.31772542,220000.0,220000.0,220000,220000,12222.22,12222.22,1,18.0,Lahore,Punjab,Temple Road,House,0.0,0.0,sale_derived
31.56037219,74.39851284,9200.0,9200.0,9200,9200,4181.82,4181.82,1,2.2,Lahore,Punjab,Tajpura,House,1.0,1.0,sale_derived
31.560697,74.421326,34565.08,24000.0,5200,280000,6734.3,6400.0,63,5.26,Lahore,Punjab,Harbanspura Road,House,2.79,2.0,sale_derived
31.56069756,74.42132568,44000.0,44000.0,44000,44000,7333.33,7333.33,1,6.0,Lahore,Punjab,Harbanspura Road,House,3.0,4.0,sale_derived
31.560705,74.43251,26800.0,26800.0,26800,26800,5360.0,5360.0,1,5.0,Lahore,Punjab,Pir Naseer,House,4.0,6.0,sale_derived
31.560705,74.432512,15933.33,12000.0,11800,24000,4911.11,4800.0,3,3.33,Lahore,Punjab,Pir Naseer,House,1.33,1.33,sale_derived
31.56079272,74.28215861,60000.0,60000.0,60000,60000,12000.0,12000.0,1,5.0,Lahore,Punjab,Sanda Road,House,4.0,5.0,sale_derived
31.560838,74.299722,14000.0,14000.0,14000,14000,8235.29,8235.29,1,1.7,Lahore,Punjab,Prem Nagar,House,1.0,1.0,sale_derived
31.56104869,74.30116743,12800.0,12800.0,12800,12800,5120.0,5120.0,1,2.5,Lahore,Punjab,Sanda Road,House,2.0,3.0,sale_derived
31.561062,74.182079,18800.0,18800.0,18800,18800,5371.43,5371.43,1,3.5,Lahore,Punjab,Lahore - Jaranwala Road,House,3.0,3.0,sale_derived
31.56141408,74.40694805,22000.0,22000.0,22000,22000,8800.0,8800.0,1,2.5,Lahore,Punjab,Tajpura,House,4.0,4.0,sale_derived
31.561497,74.291997,56666.67,45000.0,10800,120000,8444.93,8914.29,12,6.18,Lahore,Punjab,National Town,House,2.5,1.58,sale_derived
31.561512,74.315346,8000.0,8000.0,8000,8000,2962.96,2962.96,1,2.7,Lahore,Punjab,Highcourt Society,Flat,0.0,0.0,sale_derived
31.561526,74.419746,42755.56,34400.0,28000,60000,7577.04,6880.0,9,5.87,Lahore,Punjab,Taj Bagh Scheme,House,4.22,0.0,sale_derived
31.561603,74.426564,11240.0,9400.0,6000,26800,4356.0,4600.0,10,2.5,Lahore,Punjab,Harbanspura Road,House,2.1,2.1,sale_derived
31.561621,74.310942,4800.0,4800.0,4800,4800,4800.0,4800.0,1,1.0,Lahore,Punjab,Farid Court Road,Flat,1.0,1.0,sale_derived
31.5616452,74.39401209,11800.0,11800.0,11800,11800,3933.33,3933.33,1,3.0,Lahore,Punjab,Tajpura,House,2.0,2.0,sale_derived
31.561695,74.412693,66000.0,66000.0,64000,68000,7935.19,8000.0,3,8.33,Lahore,Punjab,Taj Bagh Scheme,House,4.0,0.0,sale_derived
31.56211,74.303696,44000.0,44000.0,44000,44000,9777.78,9777.78,1,4.5,Lahore,Punjab,Sanda Road,House,3.0,4.0,sale_derived
31.56211,74.303699,44914.29,42400.0,18000,90000,8966.53,8666.67,7,5.14,Lahore,Punjab,Sanda Road,House,4.14,3.71,sale_derived
31.56214114,74.40071795,160000.0,160000.0,160000,160000,16000.0,16000.0,1,10.0,Lahore,Punjab,Tajpura,House,3.0,3.0,sale_derived
31.56216812,74.3166275,14000.0,14000.0,14000,14000,7000.0,7000.0,1,2.0,Lahore,Punjab,Mall Road,House,2.0,1.0,sale_derived
31.562301,74.328175,34012.0,33848.0,31028,38852,20499.35,20685.33,5,1.66,Lahore,Punjab,Cooper Road,Flat,1.0,0.8,sale_derived
31.56256937,74.37311064,34000.0,34000.0,34000,34000,11333.33,11333.33,1,3.0,Lahore,Punjab,Dharampura,House,0.0,0.0,sale_derived
31.5626,74.275505,10000.0,10000.0,10000,10000,5000.0,5000.0,1,2.0,Lahore,Punjab,Band Road,House,2.0,1.0,sale_derived
31.563251,74.41388,35200.0,37600.0,18000,44000,7935.24,7920.0,6,4.42,Lahore,Punjab,Taj Bagh Scheme,House,3.83,4.17,sale_derived
31.563252,74.413877,51989.87,50000.0,14000,150000,7723.39,7500.0,79,6.81,Lahore,Punjab,Taj Bagh Scheme,House,3.85,1.9,sale_derived
31.563398,74.3891,37560.98,30000.0,12800,100000,7804.49,8000.0,41,4.89,Lahore,Punjab,Mughalpura,House,3.44,2.51,sale_derived
31.563727,74.302597,37000.0,37000.0,14000,60000,6800.0,6800.0,2,5.0,Lahore,Punjab,Liaquatabad,House,4.5,4.0,sale_derived
31.56376378,74.29594517,48000.0,48000.0,48000,48000,9600.0,9600.0,1,5.0,Lahore,Punjab,Islampura,House,4.0,3.0,sale_derived
31.564107,74.325043,56150.0,56150.0,32300,80000,15808.04,15808.04,2,4.3,Lahore,Punjab,Cooper Road,Flat,2.0,2.0,sale_derived
31.564148,74.321737,103392.0,28176.0,22000,260000,6385.46,6875.0,3,61.93,Lahore,Punjab,Beadon Road,Farm House,1.67,1.33,sale_derived
31.564183,74.421104,25466.67,24000.0,14400,38000,6355.9,6000.0,3,3.9,Lahore,Punjab,Manzoor Colony,House,3.0,3.33,sale_derived
31.564276,74.33962,160000.0,160000.0,160000,160000,10666.67,10666.67,1,15.0,Lahore,Punjab,Garhi Shahu,House,10.0,4.0,sale_derived
31.564276,74.339626,17000.0,17000.0,16000,18000,9625.0,9625.0,2,1.8,Lahore,Punjab,Garhi Shahu,House,3.0,3.0,sale_derived
31.56430212,74.41203117,40000.0,40000.0,40000,40000,10000.0,10000.0,1,4.0,Lahore,Punjab,Taj Bagh Scheme,House,0.0,0.0,sale_derived
31.564477,74.318644,210000.0,210000.0,120000,300000,21375.0,21375.0,2,10.5,Lahore,Punjab,Hall Road,House,6.5,3.0,sale_derived
31.564543,74.347084,26000.0,26000.0,26000,26000,8125.0,8125.0,1,3.2,Lahore,Punjab,Garhi Shahu,House,5.0,5.0,sale_derived
31.564609,74.41422,50000.0,50000.0,50000,50000,8333.33,8333.33,1,6.0,Lahore,Punjab,Taj Bagh Scheme,House,5.0,0.0,sale_derived
31.564922,74.428277,51066.67,51200.0,48000,54000,8511.11,8533.33,3,6.0,Lahore,Punjab,Gul Kali,House,3.67,3.33,sale_derived
31.56505788,74.37323503,130000.0,130000.0,130000,130000,7647.06,7647.06,1,17.0,Lahore,Punjab,Mughalpura,House,8.0,8.0,sale_derived
31.565454,74.283714,44000.0,48000.0,32000,52000,8222.22,8000.0,3,5.33,Lahore,Punjab,Sanda,House,4.0,3.67,sale_derived
31.565455,74.283714,41150.0,37000.0,20000,80000,8464.92,8000.0,16,4.88,Lahore,Punjab,Sanda,House,3.62,2.94,sale_derived
31.56545933,74.29583264,60000.0,60000.0,60000,60000,12000.0,12000.0,1,5.0,Lahore,Punjab,Islampura,House,10.0,7.0,sale_derived
31.565723,74.307428,74000.0,74000.0,74000,74000,14800.0,14800.0,1,5.0,Lahore,Punjab,Nabha Road,House,5.0,2.0,sale_derived
31.56585204,74.29760378,14400.0,14400.0,14400,14400,5760.0,5760.0,1,2.5,Lahore,Punjab,Islampura,Flat,3.0,0.0,sale_derived
31.565908,74.288956,46000.0,46000.0,46000,46000,9200.0,9200.0,1,5.0,Lahore,Punjab,Chohan Road,House,4.0,4.0,sale_derived
31.565908,74.288958,41200.0,40000.0,20000,60000,8162.63,8666.67,5,5.34,Lahore,Punjab,Chohan Road,House,4.4,2.4,sale_derived
31.5659624,74.39271283,56000.0,56000.0,56000,56000,11200.0,11200.0,1,5.0,Lahore,Punjab,Main Canal Bank Road,House,3.0,3.0,sale_derived
31.566031,74.304471,8000.0,8000.0,8000,8000,3200.0,3200.0,1,2.5,Lahore,Punjab,Lower Mall,Flat,3.0,1.0,sale_derived
31.56625,74.344124,28800.0,28800.0,28800,28800,9600.0,9600.0,1,3.0,Lahore,Punjab,Garhi Shahu,House,0.0,0.0,sale_derived
31.56625,74.344125,55466.67,52000.0,20000,140000,8746.68,8000.0,33,7.17,Lahore,Punjab,Garhi Shahu,House,4.64,2.79,sale_derived
31.566286,74.29874,43600.0,48000.0,26000,60000,13023.5,12857.14,5,3.8,Lahore,Punjab,Islampura,House,2.4,1.8,sale_derived
31.566287,74.298735,60047.06,48000.0,14400,280000,11724.47,12000.0,85,5.22,Lahore,Punjab,Islampura,House,3.46,2.34,sale_derived
31.56631425,74.40824389,48000.0,48000.0,48000,48000,9230.77,9230.77,1,5.2,Lahore,Punjab,Fateh Garh,House,4.0,4.0,sale_derived
31.56653364,74.34121013,120000.0,120000.0,120000,120000,10000.0,10000.0,1,12.0,Lahore,Punjab,Garhi Shahu,House,8.0,5.0,sale_derived
31.566764,74.408639,33333.33,34000.0,32000,34000,5155.56,4533.33,3,6.67,Lahore,Punjab,Main Canal Bank Road,House,4.0,0.0,sale_derived
31.566906,74.38699,52000.0,52000.0,52000,52000,10400.0,10400.0,1,5.0,Lahore,Punjab,Mughalpura,House,3.0,3.0,sale_derived
31.566952,74.28811,38000.0,38000.0,38000,38000,7600.0,7600.0,1,5.0,Lahore,Punjab,Chohan Road,House,3.0,2.0,sale_derived
31.56712,74.413107,42047.06,40000.0,20000,152000,7555.5,7960.0,34,5.5,Lahore,Punjab,Sami Town,House,4.06,2.94,sale_derived
31.567128,74.327763,80000.0,80000.0,80000,80000,17777.78,17777.78,1,4.5,Lahore,Punjab,Montgomery Road,House,2.0,2.0,sale_derived
31.56716347,74.32510376,120000.0,120000.0,120000,120000,24000.0,24000.0,1,5.0,Lahore,Punjab,Lakshmi Chowk,House,9.0,3.0,sale_derived
31.56722838,74.28805947,38000.0,38000.0,38000,38000,10857.14,10857.14,1,3.5,Lahore,Punjab,Islampura,House,4.0,4.0,sale_derived
31.567377,74.41558,96000.0,96000.0,92000,100000,9600.0,9600.0,2,10.0,Lahore,Punjab,New Canal Park,House,6.0,6.0,sale_derived
31.567377,74.415584,67200.0,64000.0,38000,104000,8145.64,7461.54,10,8.8,Lahore,Punjab,New Canal Park,House,4.2,2.0,sale_derived
31.56741905,74.29190063,80000.0,80000.0,46000,114000,10966.22,10966.22,2,7.85,Lahore,Punjab,Krishan Nagar,House,4.0,1.5,sale_derived
31.56742,74.291897,90000.0,75000.0,38000,158000,11686.76,12000.0,14,8.64,Lahore,Punjab,Krishan Nagar,House,4.57,1.86,sale_derived
31.56742,74.431257,62000.0,62000.0,60000,64000,6200.0,6200.0,2,10.0,Lahore,Punjab,Jalal Colony,House,3.5,3.0,sale_derived
31.56742,74.43126,42000.0,42000.0,42000,42000,7000.0,7000.0,1,6.0,Lahore,Punjab,Jalal Colony,House,6.0,5.0,sale_derived
31.567776,74.400337,62000.0,62000.0,62000,62000,6200.0,6200.0,1,10.0,Lahore,Punjab,Main Canal Bank Road,House,6.0,0.0,sale_derived
31.567912,74.399192,93280.0,79400.0,22000,180000,8776.67,8600.0,10,9.9,Lahore,Punjab,Chaman Park,House,3.4,2.4,sale_derived
31.56808309,74.42863405,18000.0,18000.0,18000,18000,6000.0,6000.0,1,3.0,Lahore,Punjab,Harbanspura Road,House,2.0,1.0,sale_derived
31.568563,74.392204,38000.0,38000.0,38000,38000,7600.0,7600.0,1,5.0,Lahore,Punjab,Mian Colony,House,3.0,5.0,sale_derived
31.568563,74.392207,44000.0,44000.0,44000,44000,7333.33,7333.33,1,6.0,Lahore,Punjab,Mian Colony,House,4.0,0.0,sale_derived
31.56859,74.33092,240000.0,240000.0,240000,240000,6000.0,6000.0,1,40.0,Lahore,Punjab,Qilla Gujjar Singh,House,0.0,0.0,sale_derived
31.56859,74.330921,102400.0,60000.0,40000,280000,19148.57,17142.86,5,4.7,Lahore,Punjab,Qilla Gujjar Singh,House,4.0,3.2,sale_derived
31.56859042,74.3388176,72000.0,72000.0,72000,72000,14400.0,14400.0,1,5.0,Lahore,Punjab,Islampura,House,3.0,4.0,sale_derived
31.56869954,74.39554833,22000.0,22000.0,22000,22000,8800.0,8800.0,1,2.5,Lahore,Punjab,Fateh Garh,House,0.0,0.0,sale_derived
31.568747,74.29299,40400.0,40400.0,20800,60000,9952.38,9952.38,2,4.05,Lahore,Punjab,Abdali Road,House,1.0,1.0,sale_derived
31.568747,74.292991,100844.44,79600.0,34000,280000,17625.18,10500.0,9,6.33,Lahore,Punjab,Abdali Road,House,3.78,2.22,sale_derived
31.56879,74.40495,34000.0,34000.0,34000,34000,5666.67,5666.67,1,6.0,Lahore,Punjab,Fateh Garh,House,2.0,2.0,sale_derived
31.56898806,74.42265809,42000.0,42000.0,42000,42000,5250.0,5250.0,1,8.0,Lahore,Punjab,Harbanspura,House,4.0,3.0,sale_derived
31.569249,74.328082,84000.0,84000.0,84000,84000,14000.0,14000.0,1,6.0,Lahore,Punjab,McLeod Road,House,5.0,5.0,sale_derived
31.569505,74.295473,46126.32,40000.0,14000,131200,10729.78,10800.0,19,4.42,Lahore,Punjab,Sant Nagar,House,3.63,3.05,sale_derived
31.569506,74.29547,187000.0,187000.0,70000,304000,67530.77,67530.77,2,3.85,Lahore,Punjab,Sant Nagar,House,4.0,3.0,sale_derived
31.569529,74.442856,54000.0,54000.0,54000,54000,6750.0,6750.0,1,8.0,Lahore,Punjab,Harbanspura,House,5.0,4.0,sale_derived
31.569596,74.321026,67600.0,70000.0,40000,100000,12666.67,11666.67,5,5.36,Lahore,Punjab,Nisbat Road,House,3.4,1.8,sale_derived
31.56976,74.335463,52000.0,36000.0,20000,100000,6982.08,6000.0,3,23.17,Lahore,Punjab,Empress Road,House,5.33,4.33,sale_derived
31.56982,74.425133,34280.0,31000.0,13600,60000,6152.19,6200.0,10,5.5,Lahore,Punjab,Madina Town,House,2.9,2.9,sale_derived
31.569904,74.39615,38000.0,38000.0,26000,50000,8850.0,8850.0,2,4.5,Lahore,Punjab,Nabi Pura,House,8.0,5.0,sale_derived
31.570053,74.367828,123200.0,150000.0,19600,200000,9677.78,10000.0,3,11.67,Lahore,Punjab,Mughalpura,House,5.0,5.0,sale_derived
31.570213,74.28147,35200.0,35200.0,35200,35200,11733.33,11733.33,1,3.0,Lahore,Punjab,Al Hamad Colony,House,4.0,5.0,sale_derived
31.570214,74.281473,30783.08,27400.0,10000,64000,7075.87,7200.0,26,4.57,Lahore,Punjab,Al Hamad Colony,House,2.92,1.35,sale_derived
31.57066172,74.28532362,42000.0,42000.0,42000,42000,8076.92,8076.92,1,5.2,Lahore,Punjab,Outfall Road,House,4.0,4.0,sale_derived
31.57069885,74.32969674,128000.0,128000.0,128000,128000,25600.0,25600.0,1,5.0,Lahore,Punjab,McLeod Road,House,0.0,0.0,sale_derived
31.571102,74.41983,36000.0,36000.0,36000,36000,12000.0,12000.0,1,3.0,Lahore,Punjab,Harbanspura,House,3.0,4.0,sale_derived
31.57134,74.394071,31000.0,35000.0,10000,60000,6518.72,6533.33,8,4.42,Lahore,Punjab,Gulshan Park,House,3.25,3.12,sale_derived
31.571397,74.430341,34266.67,29600.0,26000,48000,7211.75,7400.0,6,4.83,Lahore,Punjab,Hanif Park Harbanspura,House,3.17,3.67,sale_derived
31.571479,74.310125,94000.0,95000.0,38000,148000,21685.71,18371.43,4,4.5,Lahore,Punjab,Anarkali,House,6.0,4.0,sale_derived
31.57148,74.31013,14000.0,14000.0,14000,14000,7000.0,7000.0,1,2.0,Lahore,Punjab,Anarkali,House,4.0,1.0,sale_derived
31.571516,74.36708,26000.0,26000.0,26000,26000,6500.0,6500.0,1,4.0,Lahore,Punjab,Mughalpura,House,4.0,2.0,sale_derived
31.571516,74.367084,40492.31,34000.0,8800,130000,7709.27,6857.14,39,5.06,Lahore,Punjab,Mughalpura,House,3.64,1.95,sale_derived
31.57151604,74.36708069,60000.0,60000.0,60000,60000,12000.0,12000.0,1,5.0,Lahore,Punjab,Mughalpura,House,0.0,0.0,sale_derived
31.571589,74.383006,34600.0,20400.0,16800,84000,8144.44,7533.33,6,3.95,Lahore,Punjab,Mughalpura,House,3.17,1.5,sale_derived
31.57181489,74.40450121,25200.0,25200.0,25200,25200,6300.0,6300.0,1,4.0,Lahore,Punjab,Fateh Garh,House,2.0,2.0,sale_derived
31.572261,74.417101,37715.07,28000.0,12800,170000,9271.63,8800.0,73,4.49,Lahore,Punjab,Harbanspura,House,3.55,2.75,sale_derived
31.572262,74.4171,51066.67,39200.0,38000,76000,8614.81,8444.44,3,6.0,Lahore,Punjab,Harbanspura,House,2.33,2.67,sale_derived
31.5724039,74.30893611,120000.0,120000.0,120000,120000,40000.0,40000.0,1,3.0,Lahore,Punjab,Neela Gumbad,House,0.0,0.0,sale_derived
31.572433,74.413,73428.57,68000.0,28000,180000,7977.94,8000.0,7,9.14,Lahore,Punjab,Canal Bank Housing Scheme,House,4.14,4.57,sale_derived
31.57243347,74.41300201,56000.0,56000.0,56000,56000,9333.33,9333.33,1,6.0,Lahore,Punjab,Canal Bank Housing Scheme,House,5.0,5.0,sale_derived
31.572434,74.413002,52809.09,40000.0,14000,240000,9449.13,8800.0,154,6.06,Lahore,Punjab,Canal Bank Housing Scheme,House,3.5,2.98,sale_derived
31.572519,74.442119,21900.0,23600.0,12400,28000,4793.33,4720.0,4,4.5,Lahore,Punjab,Asim Town,House,3.75,3.5,sale_derived
31.57252,74.442116,30000.0,30000.0,30000,30000,5000.0,5000.0,1,6.0,Lahore,Punjab,Asim Town,House,3.0,3.0,sale_derived
31.572523,74.42092,82666.67,24000.0,24000,200000,7695.24,4800.0,3,8.33,Lahore,Punjab,Nai Abadi Harbanspura,House,3.67,4.0,sale_derived
31.572526,74.381002,64340.88,54000.0,4108,280000,10062.75,8528.14,32,6.52,Lahore,Punjab,Shalimar Link Road,House,3.0,2.22,sale_derived
31.572527,74.381004,26900.0,26900.0,23800,30000,6466.67,6466.67,2,4.5,Lahore,Punjab,Shalimar Link Road,House,5.0,4.0,sale_derived
31.5727284,74.38053198,34000.0,34000.0,34000,34000,6800.0,6800.0,1,5.0,Lahore,Punjab,Shalimar Link Road,House,4.0,2.0,sale_derived
31.572885,74.377959,8800.0,8800.0,8800,8800,4888.89,4888.89,2,1.8,Lahore,Punjab,Dars Baray Mian,House,2.0,0.0,sale_derived
31.572905,74.404205,24000.0,24000.0,24000,24000,6857.14,6857.14,1,3.5,Lahore,Punjab,Fateh Garh,House,2.0,3.0,sale_derived
31.572905,74.404206,41196.55,26000.0,10000,280000,9051.31,8000.0,58,4.19,Lahore,Punjab,Fateh Garh,House,3.38,1.79,sale_derived
31.5730329,74.40836191,28000.0,28000.0,28000,28000,5600.0,5600.0,1,5.0,Lahore,Punjab,Fateh Garh,House,3.0,2.0,sale_derived
31.573161,74.448981,47082.35,44000.0,10400,120000,6491.18,7000.0,34,7.34,Lahore,Punjab,Hajvery Housing Scheme,House,3.5,1.32,sale_derived
31.573197,74.325428,36000.0,36000.0,16000,56000,11428.57,10285.71,3,3.83,Lahore,Punjab,Gawalmandi,House,3.0,2.0,sale_derived
31.573791,74.45408,38400.0,34000.0,32000,46000,7680.0,6800.0,5,5.0,Lahore,Punjab,Royal Garden,House,4.0,0.8,sale_derived
31.573847,74.427051,28600.0,31000.0,14400,38000,6200.0,6200.0,4,4.5,Lahore,Punjab,Afzal Park,House,2.5,2.25,sale_derived
31.57391268,74.29807216,60000.0,60000.0,60000,60000,12000.0,12000.0,1,5.0,Lahore,Punjab,Outfall Road,House,6.0,5.0,sale_derived
31.57402,74.385025,36000.0,36000.0,36000,36000,5373.13,5373.13,1,6.7,Lahore,Punjab,Mughalpura,House,5.0,5.0,sale_derived
31.574083,74.42184,39066.67,43200.0,26000,48000,7676.95,7200.0,3,5.23,Lahore,Punjab,Harbanspura,House,3.67,4.0,sale_derived
31.574084,74.421837,42108.33,29400.0,16000,94000,7485.93,7386.36,48,5.78,Lahore,Punjab,Harbanspura,House,3.62,3.27,sale_derived
31.5742,74.294958,55000.0,58000.0,24000,70000,9694.18,9466.67,6,5.82,Lahore,Punjab,Outfall Road,House,5.17,4.17,sale_derived
31.5742,74.29496,60000.0,60000.0,60000,60000,10909.09,10909.09,1,5.5,Lahore,Punjab,Outfall Road,House,5.0,4.0,sale_derived
31.57443055,74.44369633,90000.0,90000.0,90000,90000,9000.0,9000.0,1,10.0,Lahore,Punjab,Askari,House,4.0,5.0,sale_derived
31.5745685,74.38564985,44000.0,44000.0,44000,44000,7333.33,7333.33,1,6.0,Lahore,Punjab,Mughalpura,House,5.0,2.0,sale_derived
31.574629,74.38565,48000.0,48000.0,48000,48000,8000.0,8000.0,1,6.0,Lahore,Punjab,Mughalpura,House,3.0,2.0,sale_derived
31.574736,74.396124,19600.0,19600.0,19200,20000,7173.33,7173.33,2,2.75,Lahore,Punjab,Gulshan Farooq Scheme,House,3.0,3.0,sale_derived
31.574779,74.309623,120000.0,120000.0,120000,120000,24000.0,24000.0,1,5.0,Lahore,Punjab,Urdu Bazar,House,0.0,0.0,sale_derived
31.57494442,74.40887488,36000.0,36000.0,36000,36000,5625.0,5625.0,1,6.4,Lahore,Punjab,Fateh Garh,House,3.0,4.0,sale_derived
31.5755,74.40138,24000.0,24000.0,24000,24000,4800.0,4800.0,1,5.0,Lahore,Punjab,Hameedpura,House,3.0,3.0,sale_derived
31.575501,74.401381,13666.67,12800.0,8400,22000,5320.63,5561.9,6,2.68,Lahore,Punjab,Hameedpura,House,2.17,1.83,sale_derived
31.57568359,74.42360687,43400.0,43400.0,14800,72000,6066.67,6066.67,2,6.5,Lahore,Punjab,Harbanspura,House,2.5,3.5,sale_derived
31.575684,74.423604,29656.61,24400.0,7200,160000,7201.53,6800.0,118,4.14,Lahore,Punjab,Harbanspura,House,3.16,1.59,sale_derived
31.575684,74.42361,78800.0,30000.0,18000,280000,7920.0,7000.0,5,7.6,Lahore,Punjab,Harbanspura,House,3.6,3.2,sale_derived
31.575722,74.459297,56000.0,56000.0,56000,56000,5600.0,5600.0,3,10.0,Lahore,Punjab,Harbanspura,House,5.0,5.0,sale_derived
31.57581505,74.4117767,36800.0,36800.0,36800,36800,7360.0,7360.0,1,5.0,Lahore,Punjab,Canal Bank Housing Scheme,House,0.0,0.0,sale_derived
31.57584,74.444855,57142.86,30000.0,14000,110000,4914.29,5400.0,7,10.79,Lahore,Punjab,Main Canal Bank Road,House,3.43,0.86,sale_derived
31.57592237,74.41526414,84000.0,84000.0,84000,84000,7636.36,7636.36,1,11.0,Lahore,Punjab,Lahore Canal Bank Cooperative Housing Society,House,7.0,9.0,sale_derived
31.576049,74.384294,40000.0,40000.0,40000,40000,6666.67,6666.67,1,6.0,Lahore,Punjab,Mughalpura,House,5.0,4.0,sale_derived
31.57605,74.38429,60000.0,60000.0,60000,60000,8000.0,8000.0,1,7.5,Lahore,Punjab,Mughalpura,House,4.0,1.0,sale_derived
31.57609212,74.42649398,38000.0,38000.0,38000,38000,3800.0,3800.0,1,10.0,Lahore,Punjab,Harbanspura,House,0.0,0.0,sale_derived
31.576197,74.457871,72000.0,72000.0,32000,112000,6794.03,6794.03,2,11.7,Lahore,Punjab,Rehmanpura (Harbanspura),House,3.5,2.5,sale_derived
31.57662255,74.41897843,22000.0,22000.0,22000,22000,7333.33,7333.33,1,3.0,Lahore,Punjab,Harbanspura,House,2.0,1.0,sale_derived
31.576632,74.40516,27866.67,27600.0,22000,34000,7777.78,7333.33,3,3.67,Lahore,Punjab,Mehar Fayaz Colony,House,4.0,4.33,sale_derived
31.576632,74.405162,28588.24,27600.0,13200,66000,7295.41,7333.33,17,3.91,Lahore,Punjab,Mehar Fayaz Colony,House,2.94,2.82,sale_derived
31.576854,74.494257,15512.0,13200.0,4800,36000,3863.37,2823.53,5,3.74,Lahore,Punjab,Jallo,House,2.4,2.6,sale_derived
31.57712383,74.41929325,22000.0,22000.0,22000,22000,7333.33,7333.33,1,3.0,Lahore,Punjab,Harbanspura,House,2.0,1.0,sale_derived
31.57717354,74.41933852,22000.0,22000.0,22000,22000,7333.33,7333.33,1,3.0,Lahore,Punjab,Harbanspura,House,2.0,1.0,sale_derived
31.57734,74.48444,48000.0,48000.0,48000,48000,9600.0,9600.0,1,5.0,Lahore,Punjab,Paragon City,House,3.0,4.0,sale_derived
31.57736434,74.42960769,10800.0,10800.0,10800,10800,7200.0,7200.0,1,1.5,Lahore,Punjab,Harbanspura,House,3.0,2.0,sale_derived
31.577371,74.446327,72428.57,79000.0,38000,120000,7242.86,7900.0,14,10.0,Lahore,Punjab,Sahafi Colony,House,4.36,2.43,sale_derived
31.577437,74.313535,26000.0,20000.0,18000,40000,9000.0,10000.0,3,3.07,Lahore,Punjab,Walled City,House,4.67,2.67,sale_derived
31.577512,74.292684,53333.33,48000.0,22000,90000,8333.33,7500.0,3,6.67,Lahore,Punjab,Malik Park,House,5.0,3.33,sale_derived
31.577513,74.29269,30200.0,30200.0,28800,31600,7433.33,7433.33,2,4.5,Lahore,Punjab,Malik Park,House,6.5,3.5,sale_derived
31.5776574,74.36413821,40000.0,40000.0,40000,40000,8000.0,8000.0,1,5.0,Lahore,Punjab,GT Road,House,6.0,5.0,sale_derived
31.57769681,74.44973499,36000.0,36000.0,36000,36000,7200.0,7200.0,1,5.0,Lahore,Punjab,Lahore Press Club Housing Scheme,House,3.0,4.0,sale_derived
31.578024,74.467807,63120.0,29600.0,14000,180000,11872.12,6727.27,5,5.48,Lahore,Punjab,Nazir Garden Society,House,2.8,3.4,sale_derived
31.578097,74.391603,22000.0,14400.0,11200,48000,6196.87,4945.45,4,3.62,Lahore,Punjab,Kotli Abdur Rahman,House,1.25,1.0,sale_derived
31.578356,74.461773,21600.0,21600.0,19200,24000,5600.0,5600.0,2,4.0,Lahore,Punjab,Main Canal Bank Road,House,3.5,3.0,sale_derived
31.578373,74.30648,36000.0,36000.0,36000,36000,9000.0,9000.0,1,4.0,Lahore,Punjab,Data Darbar Road,House,10.0,4.0,sale_derived
31.578462,74.346285,57200.0,52000.0,34000,88000,9226.67,8800.0,5,6.2,Lahore,Punjab,Swami Nagar,House,3.0,2.0,sale_derived
31.57851189,74.36335748,140000.0,140000.0,140000,140000,6363.64,6363.64,1,22.0,Lahore,Punjab,GT Road,House,4.0,4.0,sale_derived
31.57870452,74.36673939,38000.0,38000.0,38000,38000,12666.67,12666.67,1,3.0,Lahore,Punjab,Singhpura,House,4.0,4.0,sale_derived
31.578746,74.465526,38605.33,22000.0,13816,80000,3721.07,4000.0,3,10.0,Lahore,Punjab,Adan Villas,House,1.33,0.67,sale_derived
31.578747,74.46552,42000.0,42000.0,42000,42000,7000.0,7000.0,1,6.0,Lahore,Punjab,Adan Villas,House,5.0,5.0,sale_derived
31.579015,74.48308,28300.0,29400.0,10000,48800,4040.91,4057.14,8,8.0,Lahore,Punjab,Jallo Park Road,House,3.38,3.38,sale_derived
31.579016,74.48308,16000.0,16000.0,16000,16000,3200.0,3200.0,1,5.0,Lahore,Punjab,Jallo Park Road,House,4.0,3.0,sale_derived
31.579238,74.324399,70000.0,70000.0,40000,100000,31666.67,31666.67,2,2.5,Lahore,Punjab,Walled City,House,3.5,1.5,sale_derived
31.579365,74.25831,17600.0,11600.0,9200,48000,5091.67,4700.0,8,3.25,Lahore,Punjab,Rehman City - Phase 4,House,2.5,3.25,sale_derived
31.579632,74.403275,24000.0,24000.0,24000,24000,6000.0,6000.0,1,4.0,Lahore,Punjab,Hameedpura,House,3.0,3.0,sale_derived
31.579778,74.489665,15800.0,15800.0,13600,18000,4066.67,4066.67,2,4.0,Lahore,Punjab,IBL Housing Scheme,House,3.0,2.5,sale_derived
31.579851,74.47696,14000.0,14000.0,14000,14000,7000.0,7000.0,1,2.0,Lahore,Punjab,Al Rehman Garden,House,2.0,3.0,sale_derived
31.579852,74.476962,29016.67,30000.0,14000,80000,7210.02,7200.0,180,4.1,Lahore,Punjab,Al Rehman Garden,House,3.3,2.25,sale_derived
31.579925,74.308848,46000.0,44000.0,34000,60000,6100.0,6800.0,3,8.0,Lahore,Punjab,Walled City,House,3.33,2.0,sale_derived
31.580144,74.450476,74750.0,76000.0,34000,100000,7716.67,7750.0,8,9.75,Lahore,Punjab,Lahore Press Club Housing Scheme,House,4.38,4.75,sale_derived
31.580583,74.301438,67272.73,48000.0,16000,120000,11573.04,11111.11,11,6.0,Lahore,Punjab,Bilal Gunj,House,4.73,2.73,sale_derived
31.580584,74.30144,30000.0,30000.0,30000,30000,10000.0,10000.0,1,3.0,Lahore,Punjab,Bilal Gunj,House,3.0,3.0,sale_derived
31.580619,74.422631,30311.11,18000.0,15200,90000,6602.65,6400.0,9,4.84,Lahore,Punjab,Harbanspura,House,3.0,2.89,sale_derived
31.58064556,74.32601905,160000.0,160000.0,160000,160000,40000.0,40000.0,1,4.0,Lahore,Punjab,Walled City,House,2.0,2.0,sale_derived
31.58072853,74.36181641,20800.0,20800.0,20800,20800,9454.55,9454.55,1,2.2,Lahore,Punjab,Begampura,House,3.0,2.0,sale_derived
31.580729,74.36182,87333.33,47000.0,22000,320000,9355.56,9400.0,6,10.08,Lahore,Punjab,Begampura,House,3.83,3.0,sale_derived
31.581206,74.459391,28000.0,28000.0,28000,28000,5600.0,5600.0,1,5.0,Lahore,Punjab,Tulspura,House,4.0,4.0,sale_derived
31.581296,74.466212,41466.67,36000.0,18800,74000,7328.57,7200.0,6,5.58,Lahore,Punjab,Lahore Medical Housing Society,House,2.67,2.67,sale_derived
31.58148715,74.40437253,24000.0,24000.0,24000,24000,6000.0,6000.0,1,4.0,Lahore,Punjab,Daroghewala,House,3.0,3.0,sale_derived
31.581524,74.464334,34000.0,34000.0,16800,46000,7497.69,8000.0,7,4.57,Lahore,Punjab,Lahore Medical Housing Society,House,2.57,2.57,sale_derived
31.581615,74.34185,24000.0,24000.0,24000,24000,9600.0,9600.0,1,2.5,Lahore,Punjab,Chah Miran,House,2.0,4.0,sale_derived
31.581615,74.341853,54666.67,63000.0,18000,80000,10665.87,8723.81,6,5.33,Lahore,Punjab,Sultan Pura,House,3.5,3.17,sale_derived
31.581899,74.463515,42472.73,38000.0,16800,140000,7946.79,8000.0,220,5.46,Lahore,Punjab,Lahore Medical Housing Society,House,3.51,3.33,sale_derived
31.5819,74.46352,33466.67,36000.0,16400,48000,6222.22,5466.67,3,6.0,Lahore,Punjab,Ali Alam Garden,House,3.67,4.0,sale_derived
31.58190199,74.49139059,24000.0,24000.0,24000,24000,4800.0,4800.0,1,5.0,Lahore,Punjab,IBL Housing Scheme,House,0.0,0.0,sale_derived
31.58196254,74.39868179,46000.0,46000.0,46000,46000,9200.0,9200.0,1,5.0,Lahore,Punjab,Daroghewala,House,8.0,5.0,sale_derived
31.582118,74.36491,34666.67,26000.0,20000,80000,7355.56,6933.33,6,4.5,Lahore,Punjab,Singhpura,House,3.83,2.5,sale_derived
31.58217251,74.40696321,16800.0,16800.0,16800,16800,5600.0,5600.0,1,3.0,Lahore,Punjab,Daroghewala,House,1.0,2.0,sale_derived
31.582466,74.326029,32000.0,32000.0,32000,32000,13333.33,13333.33,2,2.5,Lahore,Punjab,Walled City,House,3.5,2.0,sale_derived
31.582466,74.32603,60000.0,60000.0,60000,60000,20000.0,20000.0,1,3.0,Lahore,Punjab,Walled City,House,6.0,3.0,sale_derived
31.582484,74.388978,90000.0,90000.0,90000,90000,9000.0,9000.0,1,10.0,Lahore,Punjab,Mushtaq Park - Phase 3,House,4.0,4.0,sale_derived
31.582612,74.416838,36533.33,31600.0,19200,64000,7909.79,8000.0,18,4.72,Lahore,Punjab,Shalimar Housing Scheme,House,3.72,3.5,sale_derived
31.58263,74.337945,55333.33,48000.0,38000,80000,15396.83,12666.67,3,4.33,Lahore,Punjab,Kachupura,House,4.67,4.0,sale_derived
31.58263,74.384136,33755.56,11400.0,10000,94000,6547.28,5000.0,9,4.22,Lahore,Punjab,Angoori Bagh,Flat,1.22,1.11,sale_derived
31.582782,74.302586,66500.0,60000.0,28000,118000,10981.0,10963.64,4,6.18,Lahore,Punjab,Mohni Road,House,7.0,3.75,sale_derived
31.582783,74.30259,98000.0,98000.0,98000,98000,14000.0,14000.0,1,7.0,Lahore,Punjab,Mohni Road,House,0.0,0.0,sale_derived
31.582849,74.417009,26355.56,22000.0,9800,64000,6208.72,5714.29,27,4.2,Lahore,Punjab,Salamatpura,House,2.89,2.52,sale_derived
31.5828495,74.41700745,34000.0,34000.0,34000,34000,6800.0,6800.0,1,5.0,Lahore,Punjab,Salamatpura,House,4.0,4.0,sale_derived
31.58285,74.41701,21066.67,22000.0,11200,30000,4885.02,4400.0,3,4.2,Lahore,Punjab,Salamatpura,House,3.0,2.67,sale_derived
31.583005,74.482402,34000.0,30000.0,6000,170000,7237.07,7100.0,28,4.61,Lahore,Punjab,Main Canal Bank Road,House,3.04,2.29,sale_derived
31.583006,74.4824,29600.0,29600.0,26000,33200,9076.19,9076.19,2,3.25,Lahore,Punjab,Main Canal Bank Road,House,3.0,4.5,sale_derived
31.583141,74.33332,100000.0,100000.0,100000,100000,20000.0,20000.0,1,5.0,Lahore,Punjab,Faiz Bagh,House,3.0,3.0,sale_derived
31.583142,74.333324,33500.0,32000.0,10000,60000,9333.33,6000.0,4,4.12,Lahore,Punjab,Faiz Bagh,House,3.5,2.5,sale_derived
31.583215,74.318558,40000.0,34000.0,26000,60000,9849.21,9714.29,3,4.0,Lahore,Punjab,Rang Mahal,House,3.67,2.67,sale_derived
31.583325,74.292855,47600.0,47600.0,27200,68000,10200.0,10200.0,2,4.5,Lahore,Punjab,Chaudhary Park,House,3.5,3.5,sale_derived
31.583763,74.299972,57000.0,57000.0,24000,90000,11625.0,11625.0,2,5.0,Lahore,Punjab,Malipura,House,5.0,5.5,sale_derived
31.5838,74.339662,46444.44,42000.0,24000,120000,9255.69,7058.82,9,5.58,Lahore,Punjab,Misri Shah,House,3.22,2.67,sale_derived
31.58398,74.461377,42417.39,36000.0,23200,76000,8372.75,8400.0,23,5.11,Lahore,Punjab,Sajid Garden,House,2.83,2.43,sale_derived
31.583992,74.287735,18000.0,18000.0,18000,18000,6000.0,6000.0,1,3.0,Lahore,Punjab,Khokhar Town,House,4.0,2.0,sale_derived
31.583992,74.287738,26000.0,26000.0,26000,26000,1444.44,1444.44,1,18.0,Lahore,Punjab,Khokhar Town,House,2.0,1.0,sale_derived
31.584129,74.31457,136000.0,160000.0,68000,180000,26463.71,34000.0,3,9.43,Lahore,Punjab,Walled City,House,5.33,2.33,sale_derived
31.584385,74.315286,43040.0,48000.0,11200,70000,10270.0,10000.0,5,4.4,Lahore,Punjab,Walled City,House,4.4,3.0,sale_derived
31.584485,74.481428,25700.0,24000.0,14800,50000,5554.76,5508.33,8,4.58,Lahore,Punjab,Garrison Homes,House,3.25,1.0,sale_derived
31.584531,74.372978,32216.9,27200.0,7800,140000,7480.73,7200.0,71,4.38,Lahore,Punjab,Baghbanpura,House,3.49,2.61,sale_derived
31.58453178,74.37297821,22000.0,22000.0,22000,22000,8800.0,8800.0,1,2.5,Lahore,Punjab,Baghbanpura,House,3.0,2.0,sale_derived
31.584532,74.37298,42685.71,34000.0,28000,90000,7602.56,7200.0,7,5.91,Lahore,Punjab,Baghbanpura,House,4.0,3.14,sale_derived
31.584568,74.473779,41819.35,26000.0,15200,124000,7594.35,7466.67,31,5.39,Lahore,Punjab,Rizwan Garden Scheme,House,3.81,2.9,sale_derived
31.584568,74.47378,25066.67,16000.0,15200,44000,4933.33,5066.67,3,5.33,Lahore,Punjab,Rizwan Garden Scheme,House,1.67,3.33,sale_derived
31.584606,74.481766,18000.0,18000.0,18000,18000,6000.0,6000.0,1,3.0,Lahore,Punjab,Ghous Garden,House,3.0,3.0,sale_derived
31.584607,74.481766,19300.0,18000.0,10000,46000,5467.55,5492.86,26,3.6,Lahore,Punjab,Ghous Garden,House,2.46,1.77,sale_derived
31.58481449,74.40830827,68000.0,68000.0,68000,68000,4000.0,4000.0,1,17.0,Lahore,Punjab,Daroghewala,House,8.0,7.0,sale_derived
31.58483734,74.36400723,24000.0,24000.0,24000,24000,4800.0,4800.0,1,5.0,Lahore,Punjab,Baghbanpura,House,3.0,2.0,sale_derived
31.58484628,74.36368185,36000.0,36000.0,36000,36000,8780.49,8780.49,1,4.1,Lahore,Punjab,GT Road,House,5.0,5.0,sale_derived
31.58489804,74.49789033,16000.0,16000.0,16000,16000,2666.67,2666.67,1,6.0,Lahore,Punjab,Khaira,House,3.0,2.0,sale_derived
31.585,74.36736,32000.0,32000.0,32000,32000,6400.0,6400.0,1,5.0,Lahore,Punjab,Bhogiwal Road,House,5.0,4.0,sale_derived
31.58504295,74.42707062,40000.0,40000.0,40000,40000,8000.0,8000.0,1,5.0,Lahore,Punjab,Ring Road,House,8.0,5.0,sale_derived
31.585078,74.484757,29000.0,29000.0,6000,52000,3166.67,3166.67,2,7.5,Lahore,Punjab,Sozo Town,House,2.5,2.0,sale_derived
31.585176,74.499197,32384.42,26000.0,12000,110000,5406.31,6000.0,77,6.54,Lahore,Punjab,Canal Fort II,House,3.22,2.09,sale_derived
31.585176,74.4992,48000.0,48000.0,48000,48000,8000.0,8000.0,1,6.0,Lahore,Punjab,Canal Fort II,House,0.0,0.0,sale_derived
31.58517647,74.49919891,13200.0,13200.0,13200,13200,6600.0,6600.0,1,2.0,Lahore,Punjab,Canal Fort II,House,2.0,0.0,sale_derived
31.58541,74.40901,44800.0,44800.0,44800,44800,8960.0,8960.0,1,5.0,Lahore,Punjab,Zaitoon Colony,House,4.0,3.0,sale_derived
31.58544817,74.40106359,28000.0,28000.0,28000,28000,5600.0,5600.0,1,5.0,Lahore,Punjab,Daroghewala,House,0.0,0.0,sale_derived
31.585937,74.360069,50800.0,50800.0,21600,80000,7600.0,7600.0,2,6.5,Lahore,Punjab,Bhogiwal,House,3.5,3.0,sale_derived
31.58606,74.368887,34285.71,26400.0,16800,92000,6890.48,7500.0,7,4.93,Lahore,Punjab,Bhogiwal Road,House,4.86,3.43,sale_derived
31.58606,74.36889,12000.0,12000.0,12000,12000,6000.0,6000.0,1,2.0,Lahore,Punjab,Bhogiwal Road,House,3.0,2.0,sale_derived
31.586244,74.461219,37409.52,30000.0,9600,118000,7650.73,7466.67,21,5.05,Lahore,Punjab,Ali Alam Garden,House,3.48,3.24,sale_derived
31.586245,74.46122,23000.0,23000.0,16800,29200,5320.0,5320.0,2,4.25,Lahore,Punjab,Ali Alam Garden,House,2.5,2.5,sale_derived
31.586252,74.48906,28800.0,28800.0,28800,28800,7200.0,7200.0,1,4.0,Lahore,Punjab,Palm Villas,House,3.0,4.0,sale_derived
31.586371,74.492236,25725.0,25000.0,20000,34000,6645.83,6800.0,16,3.88,Lahore,Punjab,Al Hafeez Gardens,House,3.06,3.06,sale_derived
31.586469,74.30774,10900.0,10900.0,7800,14000,7400.0,7400.0,2,1.5,Lahore,Punjab,Walled City,House,4.0,1.5,sale_derived
31.586493,74.31207,140000.0,140000.0,140000,140000,21538.46,21538.46,1,6.5,Lahore,Punjab,Walled City,House,8.0,5.0,sale_derived
31.58649635,74.38948822,23200.0,23200.0,23200,23200,5800.0,5800.0,1,4.0,Lahore,Punjab,Shalimar Town,House,3.0,2.0,sale_derived
31.586607,74.31167,60000.0,60000.0,60000,60000,20000.0,20000.0,1,3.0,Lahore,Punjab,Walled City,House,7.0,2.0,sale_derived
31.586813,74.483061,19563.64,18000.0,14000,28000,5662.68,5733.33,11,3.5,Lahore,Punjab,Ghous Garden,House,3.18,2.36,sale_derived
31.586834,74.294829,35760.0,34800.0,18000,68000,8941.12,9500.0,5,3.88,Lahore,Punjab,Ameen Park,House,4.2,3.0,sale_derived
31.586931,74.47206,34000.0,34000.0,28000,40000,7500.0,7500.0,2,4.5,Lahore,Punjab,Al-Hafeez Garden Road,House,4.0,2.0,sale_derived
31.58696226,74.39047694,80000.0,80000.0,80000,80000,10000.0,10000.0,1,8.0,Lahore,Punjab,Baghbanpura,House,9.0,5.0,sale_derived
31.587028,74.495264,23216.25,22300.0,9580,90000,6463.05,6333.33,32,3.39,Lahore,Punjab,Palm Villas,House,2.22,2.22,sale_derived
31.58727264,74.32105255,139866.67,200000.0,19600,200000,33525.25,25000.0,3,4.4,Lahore,Punjab,Walled City,House,7.0,4.67,sale_derived
31.587273,74.32105,46000.0,46000.0,46000,46000,8070.18,8070.18,1,5.7,Lahore,Punjab,Badami Bagh,House,4.0,4.0,sale_derived
31.587474,74.475665,24460.0,24200.0,12800,32000,5802.43,6000.0,30,4.22,Lahore,Punjab,Ghous Garden,House,3.0,2.7,sale_derived
31.587475,74.47566,22933.33,20000.0,18000,30800,5158.1,5714.29,3,4.5,Lahore,Punjab,Ghous Garden,House,1.67,2.67,sale_derived
31.58781141,74.36397386,36000.0,36000.0,36000,36000,7200.0,7200.0,1,5.0,Lahore,Punjab,GT Road,House,5.0,5.0,sale_derived
31.588187,74.41412,26342.86,28800.0,4400,72000,5641.71,6000.0,63,6.95,Lahore,Punjab,GT Road,House,2.83,2.62,sale_derived
31.58824547,74.33502596,60000.0,60000.0,60000,60000,9677.42,9677.42,1,6.2,Lahore,Punjab,Wassanpura,House,5.0,5.0,sale_derived
31.588478,74.400444,25700.0,24000.0,14800,46000,5352.53,5309.52,6,4.78,Lahore,Punjab,Daroghewala,House,3.33,2.17,sale_derived
31.58847809,74.40044403,26000.0,26000.0,26000,26000,4333.33,4333.33,1,6.0,Lahore,Punjab,Daroghewala,House,3.0,3.0,sale_derived
31.588479,74.400444,29521.21,28000.0,9000,180000,6114.16,6000.0,66,4.6,Lahore,Punjab,Daroghewala,House,3.35,2.86,sale_derived
31.588558,74.496808,21333.33,18000.0,18000,28000,5366.67,5600.0,3,4.0,Lahore,Punjab,Mian Aziz Garden,House,1.67,1.67,sale_derived
31.588691,74.453294,24160.0,28800.0,2400,32000,6034.29,7200.0,5,4.04,Lahore,Punjab,Al Kareem Garden,House,2.8,3.0,sale_derived
31.588834,74.471097,24000.0,24000.0,24000,24000,6000.0,6000.0,1,4.0,Lahore,Punjab,Ashraf Garden,House,2.0,3.0,sale_derived
31.58891862,74.33139492,30000.0,30000.0,30000,30000,10000.0,10000.0,1,3.0,Lahore,Punjab,Misri Shah,House,4.0,2.0,sale_derived
31.58944241,74.37231135,20800.0,20800.0,20800,20800,6933.33,6933.33,1,3.0,Lahore,Punjab,Baghbanpura,House,3.0,3.0,sale_derived
31.589506,74.42216,50000.0,50000.0,50000,50000,6250.0,6250.0,1,8.0,Lahore,Punjab,Daroghewala,House,4.0,6.0,sale_derived
31.58951609,74.4532802,18800.0,18800.0,18800,18800,7520.0,7520.0,1,2.5,Lahore,Punjab,Al Kareem Garden,House,3.0,4.0,sale_derived
31.58965346,74.48084995,11200.0,11200.0,11200,11200,4480.0,4480.0,1,2.5,Lahore,Punjab,Manawan,House,1.0,1.0,sale_derived
31.589742,74.451851,31533.33,28600.0,18000,48000,7455.64,7400.0,12,4.23,Lahore,Punjab,Al Kareem Garden,House,2.17,2.67,sale_derived
31.589794,74.3365,60533.33,44000.0,37600,100000,11400.0,12533.33,3,6.1,Lahore,Punjab,Wassanpura,House,2.33,2.33,sale_derived
31.589795,74.3365,69090.91,56000.0,18000,220000,11731.51,10857.14,11,6.34,Lahore,Punjab,Wassanpura,House,4.18,3.64,sale_derived
31.59008789,74.34523773,28000.0,28000.0,28000,28000,7000.0,7000.0,1,4.0,Lahore,Punjab,Chah Miran,House,7.0,5.0,sale_derived
31.590088,74.34524,23200.0,23200.0,12400,34000,7733.33,7733.33,2,3.0,Lahore,Punjab,Chah Miran,House,2.0,2.0,sale_derived
31.590088,74.345241,43563.64,30000.0,20000,100000,9606.06,10000.0,11,4.45,Lahore,Punjab,Chah Miran,House,4.36,3.09,sale_derived
31.59019,74.434495,30000.0,30000.0,30000,30000,5000.0,5000.0,1,6.0,Lahore,Punjab,Ring Road,House,5.0,4.0,sale_derived
31.590208,74.39635,32000.0,32000.0,32000,32000,4571.43,4571.43,1,7.0,Lahore,Punjab,Daroghewala,House,4.0,2.0,sale_derived
31.590234,74.300365,63500.0,43000.0,22000,146000,10893.18,10900.0,4,5.38,Lahore,Punjab,Karim Park,House,4.25,3.0,sale_derived
31.59023476,74.30036163,26000.0,26000.0,26000,26000,11818.18,11818.18,1,2.2,Lahore,Punjab,Karim Park,House,3.0,2.0,sale_derived
31.590235,74.30036,140000.0,140000.0,140000,140000,14736.84,14736.84,1,9.5,Lahore,Punjab,Karim Park,House,0.0,0.0,sale_derived
31.590342,74.242458,34000.0,34000.0,34000,34000,4857.14,4857.14,1,7.0,Lahore,Punjab,Al Rehman Garden,House,0.0,0.0,sale_derived
31.590393,74.46781,27200.0,27200.0,27200,27200,6800.0,6800.0,1,4.0,Lahore,Punjab,Al Hafeez Gardens,House,3.0,3.0,sale_derived
31.590394,74.467811,31161.29,32000.0,14000,70000,7275.93,7200.0,31,4.39,Lahore,Punjab,Al Hafeez Gardens,House,2.58,2.16,sale_derived
31.590489,74.224176,19333.33,20000.0,16000,22000,6444.44,6666.67,3,3.0,Lahore,Punjab,Al Rehman Garden,House,2.0,2.0,sale_derived
31.590553,74.20822,18266.67,16800.0,16000,22000,6088.89,5600.0,3,3.0,Lahore,Punjab,Lahore Garden Housing Scheme,House,2.0,2.0,sale_derived
31.590554,74.208219,28702.33,28800.0,11200,72000,5585.69,5760.0,43,5.26,Lahore,Punjab,Lahore Garden Housing Scheme,House,3.4,3.47,sale_derived
31.59058077,74.32672062,32400.0,32400.0,32400,32400,10800.0,10800.0,1,3.0,Lahore,Punjab,Data Ganj Bakhsh Town,House,3.0,4.0,sale_derived
31.590658,74.473014,26000.0,26000.0,18000,34000,4700.0,4700.0,2,6.5,Lahore,Punjab,Batapur,House,3.0,3.0,sale_derived
31.590709,74.47855,19342.26,16000.0,6800,50000,5237.5,5333.33,53,3.65,Lahore,Punjab,Manawan,House,2.15,2.15,sale_derived
31.59071,74.47855,26800.0,20000.0,16400,44000,6977.78,6666.67,3,3.67,Lahore,Punjab,Manawan,House,3.0,3.0,sale_derived
31.590854,74.235892,56000.0,56000.0,56000,56000,5600.0,5600.0,1,10.0,Lahore,Punjab,Al Rehman Garden,House,4.0,5.0,sale_derived
31.59111,74.35452,22000.0,22000.0,22000,22000,7333.33,7333.33,1,3.0,Lahore,Punjab,Kot Khawaja Saeed,House,5.0,2.0,sale_derived
31.591111,74.354525,25600.0,25600.0,12800,38400,5760.0,5760.0,2,4.75,Lahore,Punjab,Kot Khawaja Saeed,House,5.0,2.5,sale_derived
31.59188556,74.34332178,31600.0,31600.0,31600,31600,9028.57,9028.57,1,3.5,Lahore,Punjab,Wassanpura,House,4.0,5.0,sale_derived
31.59189165,74.21421222,19600.0,19600.0,19600,19600,6533.33,6533.33,1,3.0,Lahore,Punjab,Al Jalil Garden,House,3.0,3.0,sale_derived
31.591964,74.458703,21400.0,21400.0,14000,28800,4630.0,4630.0,2,4.5,Lahore,Punjab,GT Road,House,3.0,2.0,sale_derived
31.591979,74.305332,76000.0,72000.0,66000,90000,12000.0,10285.71,3,6.73,Lahore,Punjab,Azadi Chowk,House,5.33,4.67,sale_derived
31.592084,74.438326,38000.0,38000.0,38000,38000,7600.0,7600.0,1,5.0,Lahore,Punjab,GT Road,House,4.0,4.0,sale_derived
31.59217,74.240784,30600.0,30600.0,27200,34000,6800.0,6800.0,2,4.5,Lahore,Punjab,Al Rehman Garden,House,4.0,3.5,sale_derived
31.592464,74.366198,36000.0,23000.0,18000,80000,6571.43,6571.43,4,5.12,Lahore,Punjab,China Scheme,House,3.5,2.0,sale_derived
31.592657,74.215065,26700.0,24600.0,17600,40000,6233.33,6200.0,4,4.25,Lahore,Punjab,Al Jalil Garden,House,2.75,3.25,sale_derived
31.592658,74.215065,26114.67,30000.0,120,70000,5829.38,6000.0,15,4.4,Lahore,Punjab,Al Jalil Garden,House,2.67,2.8,sale_derived
31.592772,74.209424,18000.0,18000.0,18000,18000,6000.0,6000.0,1,3.0,Lahore,Punjab,Al Jalil Garden,House,2.0,3.0,sale_derived
31.592789,74.458697,18000.0,18000.0,18000,18000,6000.0,6000.0,1,3.0,Lahore,Punjab,GT Road,House,3.0,3.0,sale_derived
31.592828,74.244089,35200.0,34000.0,24000,42000,6526.67,6800.0,10,5.4,Lahore,Punjab,Al Rehman Garden,House,3.8,3.5,sale_derived
31.593004,74.458589,20600.0,20600.0,17200,24000,5866.67,5866.67,2,3.5,Lahore,Punjab,GT Road,House,2.5,1.5,sale_derived
31.593122,74.493004,36400.0,36400.0,36400,36400,2426.67,2426.67,1,15.0,Lahore,Punjab,Batapur,House,3.0,2.0,sale_derived
31.593122,74.493005,31040.0,20000.0,7200,60000,4787.77,5714.29,5,7.3,Lahore,Punjab,Batapur,House,2.6,1.4,sale_derived
31.593289,74.212057,30800.0,30800.0,30800,30800,6160.0,6160.0,1,5.0,Lahore,Punjab,Al Jalil Garden,House,4.0,5.0,sale_derived
31.593305,74.309363,47586.44,52000.0,18000,94000,8639.43,8400.0,59,5.9,Lahore,Punjab,Iqbal Park,House,3.27,2.53,sale_derived
31.593377,74.225249,23847.62,22000.0,14400,34800,5973.33,6240.0,21,4.0,Lahore,Punjab,Al Rehman Garden,House,2.76,3.38,sale_derived
31.593687,74.2405,15200.0,15200.0,15200,15200,5066.67,5066.67,1,3.0,Lahore,Punjab,Al Rehman Garden,House,0.0,0.0,sale_derived
31.593868,74.357405,46240.0,27200.0,20000,80000,12505.29,9066.67,5,3.76,Lahore,Punjab,Sher Shah Road,House,3.8,2.4,sale_derived
31.594039,74.227489,25081.48,24800.0,13200,36000,6793.33,7000.0,27,3.7,Lahore,Punjab,Al Rehman Garden,House,3.04,3.63,sale_derived
31.594076,74.3027,63333.33,56000.0,52000,82000,11331.77,11200.0,3,5.93,Lahore,Punjab,Ravi Road,House,4.67,3.0,sale_derived
31.594077,74.302698,79090.91,52000.0,30000,210000,11673.55,12000.0,11,6.98,Lahore,Punjab,Ravi Road,House,2.55,2.36,sale_derived
31.594217,74.240785,22533.33,22000.0,16000,35200,6737.78,7040.0,9,3.33,Lahore,Punjab,Al Rehman Garden,House,2.67,2.44,sale_derived
31.594246,74.47275,29200.0,29200.0,18800,39600,6433.33,6433.33,2,4.5,Lahore,Punjab,GT Road,House,3.5,4.5,sale_derived
31.594297,74.230978,30800.0,30800.0,30000,32000,6160.0,6160.0,5,5.0,Lahore,Punjab,Al Rehman Garden,House,4.0,5.0,sale_derived
31.594484,74.47489,24800.0,24800.0,24800,24800,6526.32,6526.32,1,3.8,Lahore,Punjab,Manawan,House,3.0,4.0,sale_derived
31.594824,74.386277,35930.43,28000.0,14400,120000,6397.97,6000.0,23,5.98,Lahore,Punjab,Shalimar Town,House,3.74,2.91,sale_derived
31.594824,74.38628,16840.0,14800.0,8000,32000,4753.33,4933.33,5,3.7,Lahore,Punjab,Shalimar Town,House,3.8,2.2,sale_derived
31.59495,74.470518,23440.0,22400.0,16400,36000,8247.62,8666.67,5,3.0,Lahore,Punjab,Qazi Town,House,3.2,2.2,sale_derived
31.59504,74.490379,60000.0,60000.0,60000,60000,3333.33,3333.33,1,18.0,Lahore,Punjab,GT Road,House,8.0,3.0,sale_derived
31.595041,74.48095,24000.0,24000.0,24000,24000,8000.0,8000.0,1,3.0,Lahore,Punjab,Ring Road,House,3.0,4.0,sale_derived
31.595315,74.306502,57920.0,38400.0,27200,100000,11460.44,10971.43,5,5.2,Lahore,Punjab,Ravi Park,House,4.0,3.2,sale_derived
31.595434,74.23201,34240.0,36800.0,22000,38000,7576.89,7360.0,15,4.6,Lahore,Punjab,Al Rehman Garden,House,3.4,3.93,sale_derived
31.595512,74.235439,36880.0,37400.0,34000,38000,7376.0,7480.0,10,5.0,Lahore,Punjab,Al Rehman Garden,House,4.0,4.5,sale_derived
31.595644,74.44995,24800.0,24800.0,17600,32000,5600.0,5600.0,2,4.5,Lahore,Punjab,Al Rehman Garden,House,3.5,4.0,sale_derived
31.595644,74.449954,32342.86,31000.0,8800,70000,6632.86,6900.0,14,4.93,Lahore,Punjab,Al Rehman Garden,House,3.21,2.29,sale_derived
31.595726,74.50145,22000.0,22000.0,8000,36000,1900.0,1900.0,2,12.0,Lahore,Punjab,Jallo,House,1.5,1.5,sale_derived
31.59587695,74.34684813,128000.0,128000.0,128000,128000,12800.0,12800.0,1,10.0,Lahore,Punjab,Kot Khawaja Saeed,House,5.0,4.0,sale_derived
31.5959,74.299164,21400.0,21400.0,18000,24800,12200.0,12200.0,2,1.75,Lahore,Punjab,Qasurpura,House,4.0,2.5,sale_derived
31.595943,74.45416,16000.0,16000.0,16000,16000,4000.0,4000.0,1,4.0,Lahore,Punjab,GT Road,House,5.0,5.0,sale_derived
31.596146,74.34307,32000.0,32000.0,32000,32000,12800.0,12800.0,1,2.5,Lahore,Punjab,Shadbagh,House,4.0,3.0,sale_derived
31.596381,74.456767,24000.0,24000.0,24000,24000,4800.0,4800.0,1,5.0,Lahore,Punjab,GT Road,House,2.0,3.0,sale_derived
31.596448,74.237266,17800.0,17800.0,16800,18800,5933.33,5933.33,2,3.0,Lahore,Punjab,Saggian,House,3.0,3.5,sale_derived
31.596603,74.473724,42666.67,40000.0,38000,50000,7977.78,8000.0,3,5.33,Lahore,Punjab,Al-Raheem Garden,House,3.67,4.33,sale_derived
31.596604,74.473726,36666.67,36000.0,30000,44000,8190.48,8571.43,3,4.5,Lahore,Punjab,Al-Raheem Garden,House,3.67,3.67,sale_derived
31.596796,74.38581,26400.0,30000.0,18000,31200,5580.0,6000.0,3,4.67,Lahore,Punjab,Asif Colony,House,5.67,4.0,sale_derived
31.596965,74.238197,19066.67,16000.0,15200,26000,4235.56,4333.33,3,4.67,Lahore,Punjab,Saggian,House,3.0,2.67,sale_derived
31.59703255,74.36366272,26000.0,26000.0,26000,26000,4333.33,4333.33,1,6.0,Lahore,Punjab,China Scheme,House,6.0,3.0,sale_derived
31.597033,74.36366,15000.0,15000.0,14000,16000,5533.33,5533.33,2,2.75,Lahore,Punjab,China Scheme,House,2.0,1.5,sale_derived
31.597033,74.363666,24000.0,24000.0,18000,30000,6380.95,6000.0,3,3.83,Lahore,Punjab,China Scheme,House,3.67,2.33,sale_derived
31.597198,74.34605,20400.0,20400.0,20400,20400,4857.14,4857.14,1,4.2,Lahore,Punjab,Shadbagh,House,1.0,1.0,sale_derived
31.597234,74.474513,33898.0,33898.0,19796,48000,7299.33,7299.33,2,4.5,Lahore,Punjab,Al-Raheem Garden,House,4.0,2.5,sale_derived
31.59724,74.47459,42000.0,42000.0,24000,60000,6685.71,6685.71,2,6.0,Lahore,Punjab,GT Road,House,4.5,4.5,sale_derived
31.59724114,74.47458297,38188.24,38800.0,22400,66000,8540.69,8400.0,17,4.58,Lahore,Punjab,GT Road,House,3.94,4.24,sale_derived
31.59747102,74.34382495,220000.0,220000.0,220000,220000,8461.54,8461.54,1,26.0,Lahore,Punjab,Shadbagh,House,6.0,6.0,sale_derived
31.59747124,74.46808624,8800.0,8800.0,8800,8800,5866.67,5866.67,1,1.5,Lahore,Punjab,GT Road,House,2.0,2.0,sale_derived
31.59783173,74.4725647,38000.0,38000.0,38000,38000,6333.33,6333.33,1,6.0,Lahore,Punjab,GT Road,House,4.0,5.0,sale_derived
31.59783254,74.47256541,29869.57,28000.0,13600,52000,6392.51,6500.0,23,4.65,Lahore,Punjab,GT Road,House,3.0,2.7,sale_derived
31.597837,74.321394,45333.33,42000.0,34000,60000,7246.03,8500.0,3,6.67,Lahore,Punjab,Badami Bagh,House,2.67,3.0,sale_derived
31.597837,74.321396,60000.0,60000.0,60000,60000,8571.43,8571.43,1,7.0,Lahore,Punjab,Badami Bagh,House,9.0,4.0,sale_derived
31.597982,74.22762,74000.0,74000.0,74000,74000,7400.0,7400.0,1,10.0,Lahore,Punjab,Al Rehman Garden,House,5.0,6.0,sale_derived
31.59800026,74.46803372,10800.0,10800.0,10800,10800,5400.0,5400.0,1,2.0,Lahore,Punjab,Manawan,House,3.0,2.0,sale_derived
31.59802,74.22979,20800.0,20800.0,20800,20800,6933.33,6933.33,1,3.0,Lahore,Punjab,Al Rehman Garden,House,3.0,3.0,sale_derived
31.59802,74.229791,32992.59,30000.0,14000,68000,6849.65,7200.0,27,4.9,Lahore,Punjab,Al Rehman Garden,House,3.7,3.44,sale_derived
31.598277,74.232678,49090.91,56000.0,26000,62000,7127.27,7000.0,11,6.82,Lahore,Punjab,Al Rehman Garden,House,4.27,2.73,sale_derived
31.598278,74.227458,33240.0,26000.0,22000,90000,6600.0,6650.0,10,4.9,Lahore,Punjab,Al Rehman Garden,House,3.2,4.1,sale_derived
31.598287,74.413291,19360.0,14800.0,10000,32000,5586.67,5000.0,5,3.4,Lahore,Punjab,Mominpura Road,House,3.4,2.4,sale_derived
31.598316,74.45148,8000.0,8000.0,8000,8000,3200.0,3200.0,1,2.5,Lahore,Punjab,Ring Road,House,2.0,1.0,sale_derived
31.598317,74.451475,8600.0,8600.0,8000,9200,3173.33,3173.33,2,2.75,Lahore,Punjab,Ring Road,House,2.0,1.0,sale_derived
31.598386,74.480821,34368.99,30400.0,14000,90000,7372.8,7600.0,129,4.72,Lahore,Punjab,Bismillah Housing Scheme,House,3.53,3.6,sale_derived
31.59838676,74.4808197,28466.67,24800.0,22800,37800,7415.24,7560.0,3,3.83,Lahore,Punjab,Bismillah Housing Scheme,House,3.33,4.0,sale_derived
31.598387,74.48082,30971.43,35200.0,20800,38800,7178.23,7040.0,7,4.29,Lahore,Punjab,Bismillah Housing Scheme,House,3.71,3.86,sale_derived
31.598642,74.359374,35500.0,35500.0,19000,52000,5666.67,5666.67,2,6.05,Lahore,Punjab,China Scheme,House,3.5,3.5,sale_derived
31.59875123,74.21989918,9960.0,9960.0,9960,9960,3320.0,3320.0,1,3.0,Lahore,Punjab,Omega Homes,Lower Portion,2.0,2.0,sale_derived
31.598821,74.253584,54160.0,28000.0,10800,180000,4364.85,3600.0,5,14.7,Lahore,Punjab,Saggian Wala Bypass Road,House,2.0,2.4,sale_derived
31.598822,74.253586,9800.0,9800.0,9800,9800,3266.67,3266.67,1,3.0,Lahore,Punjab,Saggian Wala Bypass Road,House,1.0,2.0,sale_derived
31.598824,74.228218,32582.61,32000.0,10000,60800,6886.42,7200.0,253,5.45,Lahore,Punjab,Al Rehman Garden,House,3.61,3.39,sale_derived
31.598824,74.22822,28333.33,28400.0,24800,32000,6330.0,6300.0,6,4.5,Lahore,Punjab,Al Rehman Garden,House,4.0,5.0,sale_derived
31.59912161,74.35315903,42000.0,42000.0,42000,42000,10500.0,10500.0,1,4.0,Lahore,Punjab,Bhagatpura,House,4.0,4.0,sale_derived
31.599153,74.403949,18514.29,16000.0,9600,36000,4353.33,4000.0,7,4.21,Lahore,Punjab,Shadipura,House,2.14,1.43,sale_derived
31.599154,74.403946,10000.0,10000.0,10000,10000,5000.0,5000.0,1,2.0,Lahore,Punjab,Shadipura,House,2.0,2.0,sale_derived
31.600494,74.227673,42000.0,42000.0,8000,76000,4600.0,4600.0,2,7.5,Lahore,Punjab,Jaranwala Road,House,3.0,3.5,sale_derived
31.600584,74.41409,11600.0,11600.0,11600,11600,3866.67,3866.67,1,3.0,Lahore,Punjab,Daroghewala,House,0.0,0.0,sale_derived
31.60067708,74.34116453,80000.0,80000.0,80000,80000,13333.33,13333.33,1,6.0,Lahore,Punjab,Shadbagh,House,5.0,5.0,sale_derived
31.60092609,74.38911438,92000.0,92000.0,92000,92000,7666.67,7666.67,1,12.0,Lahore,Punjab,Shalimar Town,House,3.0,3.0,sale_derived
31.60117373,74.33945619,18000.0,18000.0,18000,18000,7500.0,7500.0,1,2.4,Lahore,Punjab,Shadbagh,House,5.0,2.0,sale_derived
31.6012,74.416051,29000.0,29000.0,20000,38000,5228.57,5228.57,2,6.0,Lahore,Punjab,Mominpur,House,4.0,2.5,sale_derived
31.601493,74.365253,56000.0,56000.0,22000,90000,8900.0,8900.0,2,6.25,Lahore,Punjab,China Scheme,House,5.0,4.5,sale_derived
31.60149384,74.36524963,17200.0,17200.0,17200,17200,6615.38,6615.38,1,2.6,Lahore,Punjab,China Scheme,House,2.0,2.0,sale_derived
31.601648,74.33513,90000.0,90000.0,90000,90000,8571.43,8571.43,1,10.5,Lahore,Punjab,Shadbagh,House,6.0,5.0,sale_derived
31.60206833,74.34241176,48000.0,48000.0,48000,48000,12000.0,12000.0,1,4.0,Lahore,Punjab,Shadbagh,House,2.0,2.0,sale_derived
31.602584,74.246519,19000.0,21000.0,6000,28000,3850.0,3900.0,4,4.75,Lahore,Punjab,Nain Sukh,House,2.5,2.75,sale_derived
31.602644,74.340019,52640.0,45000.0,6200,200000,9950.47,9291.67,60,5.45,Lahore,Punjab,Shadbagh,House,3.13,2.48,sale_derived
31.602644,74.34002,49257.14,52000.0,12800,80000,11673.1,11000.0,7,4.0,Lahore,Punjab,Shadbagh,House,2.57,2.86,sale_derived
31.60285418,74.21941638,16760.0,16760.0,16760,16760,5586.67,5586.67,1,3.0,Lahore,Punjab,Omega Homes,House,2.0,2.0,sale_derived
31.603119,74.360533,68000.0,68000.0,68000,68000,6800.0,6800.0,1,10.0,Lahore,Punjab,China Scheme,House,3.0,3.0,sale_derived
31.60337,74.33013,28000.0,28000.0,28000,28000,4666.67,4666.67,1,6.0,Lahore,Punjab,Siddiqia Colony,House,10.0,4.0,sale_derived
31.60337,74.330133,22000.0,22000.0,22000,22000,5500.0,5500.0,1,4.0,Lahore,Punjab,Siddiqia Colony,House,1.0,1.0,sale_derived
31.603373,74.236305,20000.0,20000.0,20000,20000,3636.36,3636.36,2,5.5,Lahore,Punjab,Lahore - Jaranwala Road,House,4.0,3.0,sale_derived
31.603832,74.32248,28000.0,28000.0,28000,28000,4666.67,4666.67,1,6.0,Lahore,Punjab,Badami Bagh,House,10.0,4.0,sale_derived
31.603832,74.322481,31040.0,30000.0,12800,50000,6766.06,6771.43,10,4.5,Lahore,Punjab,Badami Bagh,House,3.2,2.5,sale_derived
31.60415259,74.33604319,100000.0,100000.0,100000,100000,10000.0,10000.0,1,10.0,Lahore,Punjab,Shadbagh,House,0.0,0.0,sale_derived
31.604417,74.395037,17400.0,14800.0,10000,30000,4966.67,5000.0,4,3.5,Lahore,Punjab,Mehmood Booti,House,2.5,1.25,sale_derived
31.604855,74.351177,26333.33,25000.0,16000,40000,7966.67,8000.0,6,3.5,Lahore,Punjab,Bhagatpura,House,3.5,2.33,sale_derived
31.605075,74.366584,22000.0,22000.0,14000,30000,3500.0,3500.0,2,6.75,Lahore,Punjab,China Scheme,House,1.5,2.0,sale_derived
31.60514316,74.39010143,18400.0,18400.0,18400,18400,3680.0,3680.0,1,5.0,Lahore,Punjab,Mehmood Booti,House,4.0,2.0,sale_derived
31.60557,74.380595,14000.0,14000.0,14000,14000,4666.67,4666.67,1,3.0,Lahore,Punjab,Alia Town,House,3.0,2.0,sale_derived
31.6064955,74.23177332,31600.0,31600.0,31600,31600,3160.0,3160.0,1,10.0,Lahore,Punjab,Jaranwala Road,House,3.0,4.0,sale_derived
31.606573,74.308984,32000.0,32000.0,32000,32000,6400.0,6400.0,1,5.0,Lahore,Punjab,Badami Bagh,House,4.0,4.0,sale_derived
31.607852,74.36285,53333.33,54000.0,50000,56000,5333.33,5400.0,3,10.0,Lahore,Punjab,China Scheme,House,3.33,4.0,sale_derived
31.608236,74.3405,48000.0,48000.0,48000,48000,12000.0,12000.0,1,4.0,Lahore,Punjab,Shadbagh,House,4.0,4.0,sale_derived
31.608854,74.46042,10200.0,10200.0,10000,10400,3400.0,3400.0,2,3.0,Lahore,Punjab,Gulshan-e-Yaseen Housing Society,House,2.0,2.0,sale_derived
31.608855,74.460421,20000.0,20000.0,20000,20000,4000.0,4000.0,1,5.0,Lahore,Punjab,Gulshan-e-Yaseen Housing Society,House,2.0,3.0,sale_derived
31.609241,74.412875,22000.0,22000.0,22000,22000,1833.33,1833.33,1,12.0,Lahore,Punjab,Lakhodher,House,4.0,1.0,sale_derived
31.610662,74.41594,34400.0,34400.0,34400,34400,5733.33,5733.33,1,6.0,Lahore,Punjab,Lakhodher,House,4.0,3.0,sale_derived
31.612461,74.26198,31200.0,31200.0,31200,31200,6240.0,6240.0,1,5.0,Lahore,Punjab,Shahdara,House,2.0,2.0,sale_derived
31.61290859,74.21847291,16760.0,16760.0,16760,16760,5586.67,5586.67,1,3.0,Lahore,Punjab,Omega Homes,House,3.0,3.0,sale_derived
31.613373,74.24849,23520.0,16000.0,10800,48000,5506.29,4571.43,5,4.0,Lahore,Punjab,Al-Hamd Garden,House,2.8,1.6,sale_derived
31.6135443,74.2114715,11856.84,9160.0,7960,24000,3952.28,3053.33,19,3.0,Lahore,Punjab,Lahore - Islamabad Motorway,House,2.47,2.0,sale_derived
31.614294,74.2485,18400.0,18400.0,18400,18400,6133.33,6133.33,1,3.0,Lahore,Punjab,Al-Hamd Garden,House,3.0,4.0,sale_derived
31.61652326,74.26913381,36000.0,36000.0,36000,36000,6000.0,6000.0,1,6.0,Lahore,Punjab,Sheikhupura Road,House,7.0,4.0,sale_derived
31.616926,74.290115,22000.0,22000.0,22000,22000,5500.0,5500.0,1,4.0,Lahore,Punjab,Shahdara,House,2.0,3.0,sale_derived
31.617241,74.243483,38000.0,38000.0,38000,38000,7600.0,7600.0,1,5.0,Lahore,Punjab,Abu Alkhair Road,House,4.0,4.0,sale_derived
31.617325,74.267029,30000.0,30000.0,30000,30000,5000.0,5000.0,1,6.0,Lahore,Punjab,Begum Kot,House,4.0,3.0,sale_derived
31.617847,74.217384,17360.0,17360.0,16760,17960,5786.67,5786.67,2,3.0,Lahore,Punjab,Omega Homes,House,3.0,3.0,sale_derived
31.617847,74.217387,14089.09,17880.0,7960,17960,4567.11,5933.33,44,4.3,Lahore,Punjab,Omega Homes,House,2.27,2.25,sale_derived
31.62066539,74.27003939,22000.0,22000.0,22000,22000,7333.33,7333.33,1,3.0,Lahore,Punjab,Shahdara,House,0.0,0.0,sale_derived
31.62276322,74.25725698,10800.0,10800.0,10800,10800,5400.0,5400.0,1,2.0,Lahore,Punjab,Saggian,House,1.0,2.0,sale_derived
31.625415,74.223201,16000.0,16000.0,16000,16000,4000.0,4000.0,1,4.0,Lahore,Punjab,Al-Wahab Garden - Phase 1,House,1.0,1.0,sale_derived
31.626564,74.28182,37062.0,35000.0,13820,80000,5246.67,5000.0,10,6.75,Lahore,Punjab,Shahdara,House,2.2,2.0,sale_derived
31.626564,74.281826,25748.07,20000.0,5200,132000,5021.71,4666.67,109,5.03,Lahore,Punjab,Shahdara,House,2.96,2.46,sale_derived
31.62656403,74.2818222,9500.0,9500.0,7200,11800,3875.0,3875.0,2,2.75,Lahore,Punjab,Shahdara,House,2.5,2.5,sale_derived
31.628987,74.43975,44800.0,44800.0,10000,79600,4614.81,4614.81,2,8.25,Lahore,Punjab,Bhaini Road,House,1.0,3.5,sale_derived
31.631817,74.206818,26000.0,26000.0,18000,34000,4633.33,4633.33,2,5.5,Lahore,Punjab,Lahore - Islamabad Motorway,House,4.0,4.5,sale_derived
31.6328907,74.28890228,23800.0,23800.0,23800,23800,4760.0,4760.0,1,5.0,Lahore,Punjab,Shahdara,House,3.0,2.0,sale_derived
31.63473,74.212122,14000.0,14000.0,14000,14000,2800.0,2800.0,1,5.0,Lahore,Punjab,Gulfishan Town,House,3.0,2.0,sale_derived
31.640135,74.29132,12000.0,12000.0,12000,12000,2400.0,2400.0,1,5.0,Lahore,Punjab,Shahdara,House,3.0,1.0,sale_derived
31.64056756,74.29191111,34000.0,34000.0,34000,34000,6800.0,6800.0,1,5.0,Lahore,Punjab,Shahdara,House,6.0,3.0,sale_derived
31.64348,74.20988,25400.0,26200.0,14000,36000,4394.29,5142.86,3,5.67,Lahore,Punjab,Lahore Motorway City,House,2.33,2.0,sale_derived
31.643481,74.209875,38223.53,22200.0,2000,248000,3588.01,3786.67,34,34.1,Lahore,Punjab,Lahore Motorway City,House,2.79,2.26,sale_derived
31.644237,74.211656,19800.0,19800.0,19800,19800,3960.0,3960.0,1,5.0,Lahore,Punjab,Lahore Motorway City,House,3.0,3.0,sale_derived
31.645929,74.285002,42000.0,42000.0,42000,42000,8400.0,8400.0,1,5.0,Lahore,Punjab,Al Raheem Town,House,5.0,0.0,sale_derived
31.6503,74.27006,60000.0,60000.0,60000,60000,10000.0,10000.0,1,6.0,Lahore,Punjab,Mateen Garden,House,6.0,6.0,sale_derived
31.650322,74.272183,15200.0,15200.0,15200,15200,6080.0,6080.0,1,2.5,Lahore,Punjab,GT Road,House,4.0,3.0,sale_derived
31.65536091,74.26634699,7400.0,7400.0,7400,7400,3363.64,3363.64,1,2.2,Lahore,Punjab,Shahdara,House,1.0,1.0,sale_derived
31.66362,74.283101,23733.33,19200.0,8000,60000,4272.22,4000.0,6,5.0,Lahore,Punjab,Al Rehman Garden,House,3.0,3.33,sale_derived
31.665791,74.313979,20000.0,20000.0,20000,20000,2857.14,2857.14,1,7.0,Lahore,Punjab,Kala Khatai Road,House,3.0,0.0,sale_derived
31.667356,74.27958,16800.0,16800.0,16800,16800,5600.0,5600.0,1,3.0,Lahore,Punjab,Azeem Garden Shahdara,House,0.0,0.0,sale_derived
31.6673738,74.27955685,18000.0,18000.0,18000,18000,6000.0,6000.0,1,3.0,Lahore,Punjab,Azeem Garden Shahdara,House,2.0,2.0,sale_derived
31.668906,74.255742,16250.0,17300.0,8000,22400,3558.33,3516.67,4,5.0,Lahore,Punjab,Azeem Garden Shahdara,House,2.5,2.5,sale_derived
31.685596,74.271698,18300.0,13400.0,4800,32000,4135.98,3800.0,20,4.66,Lahore,Punjab,Rana Town,House,3.3,3.05,sale_derived
31.685596,74.2717,11600.0,11600.0,7200,16000,3200.0,3200.0,2,3.5,Lahore,Punjab,Rana Town,House,3.5,2.5,sale_derived
31.694905,74.273378,11200.0,11200.0,11200,11200,3294.12,3294.12,1,3.4,Lahore,Punjab,GT Road,House,0.0,0.0,sale_derived
31.71727872,74.45599191,94000.0,94000.0,94000,94000,9400.0,9400.0,1,10.0,Lahore,Punjab,Askari,House,4.0,4.0,sale_derived
31.72374,74.26191,23408.57,21600.0,12000,34000,5862.98,6000.0,14,3.99,Lahore,Punjab,GT Road,House,2.5,3.0,sale_derived
31.723823,74.263794,16600.0,18000.0,12000,18400,5533.33,6000.0,4,3.0,Lahore,Punjab,GT Road,House,2.5,0.25,sale_derived
31.723969,74.261091,22000.0,18000.0,18000,34000,6200.0,6000.0,4,3.5,Lahore,Punjab,GT Road,House,3.0,1.0,sale_derived
31.724188,74.262207,24723.64,21200.0,14400,34000,6099.85,6000.0,11,4.04,Lahore,Punjab,GT Road,House,2.64,2.45,sale_derived
31.72599983,74.26163483,8800.0,8800.0,8800,8800,2933.33,2933.33,1,3.0,Lahore,Punjab,GT Road,House,1.0,2.0,sale_derived
31.726,74.261633,25300.0,22000.0,7200,50000,4650.0,5100.0,4,5.25,Lahore,Punjab,GT Road,House,1.0,0.25,sale_derived
31.731635,74.26397,18000.0,18000.0,18000,18000,3600.0,3600.0,1,5.0,Lahore,Punjab,GT Road,House,0.0,0.0,sale_derived
31.732949,74.26397,17000.0,17000.0,16000,18000,5666.67,5666.67,2,3.0,Lahore,Punjab,GT Road,House,3.5,1.5,sale_derived
31.734482,74.263798,24533.33,16800.0,16800,40000,4320.0,4000.0,3,6.0,Lahore,Punjab,GT Road,House,3.0,1.0,sale_derived
31.734482,74.2638,36000.0,36000.0,36000,36000,3428.57,3428.57,1,10.5,Lahore,Punjab,GT Road,House,3.0,4.0,sale_derived
33.05286067,72.04814706,170000.0,170000.0,170000,170000,7083.33,7083.33,1,24.0,Lahore,Punjab,Sodiwal,House,0.0,0.0,sale_derived
33.314539,72.772368,11000.0,11000.0,11000,11000,2200.0,2200.0,1,5.0,Rawalpindi,Punjab,Kingdom Valley Islamabad,Flat,2.0,2.0,rental
33.356755,72.804736,23500.0,23500.0,12000,35000,5166.67,5166.67,2,4.3,Rawalpindi,Punjab,Capital Awami Villas,Flat,2.0,1.5,rental
33.365367,72.845512,13000.0,13000.0,12000,14000,3075.0,3125.0,4,4.25,Rawalpindi,Punjab,Abdullah City,Lower Portion,0.5,0.0,rental
33.448058,73.125973,45000.0,45000.0,45000,45000,2250.0,2250.0,1,20.0,Islamabad,Islamabad Capital,DHA Defence,Lower Portion,2.0,2.0,rental
33.474215,73.198686,42000.0,42000.0,42000,42000,8400.0,8400.0,1,5.0,Islamabad,Islamabad Capital,Police Foundation Housing Society,House,4.0,4.0,rental
33.474695,73.062758,18735.29,19000.0,11000,23000,3822.69,3900.0,17,4.91,Rawalpindi,Punjab,Bahria Town Rawalpindi,Flat,2.0,0.71,rental
33.475518,73.151852,65000.0,65000.0,65000,65000,1625.0,1625.0,1,40.0,Rawalpindi,Punjab,Takht Pari,Farm House,0.0,0.0,rental
33.475745,73.195159,35000.0,35000.0,35000,35000,7000.0,7000.0,1,5.0,Rawalpindi,Punjab,Chakbeli Road,Upper Portion,4.0,4.0,rental
33.477415,73.095374,20000.0,20000.0,20000,20000,4000.0,4000.0,1,5.0,Rawalpindi,Punjab,Bahria Town Rawalpindi,House,2.0,2.0,rental
33.477773,73.088078,28500.0,30000.0,22000,32000,4016.67,3333.33,4,7.75,Rawalpindi,Punjab,Bahria Town Rawalpindi,Lower Portion,2.0,1.5,rental
33.478847,73.047895,147500.0,147500.0,120000,175000,10291.67,10291.67,2,16.0,Islamabad,Islamabad Capital,DHA Defence,House,4.0,3.0,rental
33.479767,73.096176,27000.0,27000.0,27000,27000,2700.0,2700.0,1,10.0,Rawalpindi,Punjab,Bahria Town Rawalpindi,Upper Portion,3.0,0.0,rental
33.480565,73.088937,18304.88,17000.0,12000,45000,3615.1,3500.0,41,5.19,Rawalpindi,Punjab,Bahria Town Rawalpindi,Flat,2.02,1.1,rental
33.481568,73.066678,45000.0,45000.0,45000,45000,5625.0,5625.0,1,8.0,Rawalpindi,Punjab,Bahria Town Rawalpindi,Upper Portion,2.0,2.0,rental
33.481854,73.084559,19071.43,19750.0,14000,23000,3814.29,3950.0,14,5.0,Rawalpindi,Punjab,Bahria Town Rawalpindi,Flat,2.0,0.14,rental
33.482301,73.1038,37500.0,37500.0,25000,50000,3750.0,3750.0,2,10.0,Rawalpindi,Punjab,Bahria Town Rawalpindi,House,4.0,4.0,rental
33.482319,73.095295,41388.89,35000.0,20000,80000,3495.88,3000.0,18,12.26,Rawalpindi,Punjab,Bahria Town Rawalpindi,Upper Portion,3.33,3.56,rental
33.482606,73.092105,50333.33,57500.0,20000,70000,4541.67,2958.33,6,13.83,Rawalpindi,Punjab,Bahria Town Rawalpindi,Upper Portion,2.83,3.0,rental
33.485576,73.08393,41698.65,35000.0,6500,110000,5267.91,5454.55,297,8.8,Rawalpindi,Punjab,Bahria Town Rawalpindi,House,3.27,3.47,rental
33.48557663,73.08393097,40000.0,40000.0,40000,40000,2000.0,2000.0,1,20.0,Rawalpindi,Punjab,Bahria Town Rawalpindi,Upper Portion,3.0,4.0,rental
33.485577,73.08393,43199.0,45000.0,22000,70000,4864.5,4598.21,10,9.3,Rawalpindi,Punjab,Bahria Town Rawalpindi,House,3.7,4.0,rental
33.486113,73.069382,65000.0,65000.0,65000,65000,6500.0,6500.0,1,10.0,Rawalpindi,Punjab,Bahria Town Rawalpindi,House,5.0,6.0,rental
33.48709313,73.10374752,60000.0,60000.0,60000,60000,8219.18,8219.18,1,7.3,Rawalpindi,Punjab,Bahria Town Rawalpindi,Flat,2.0,3.0,rental
33.48711885,73.10326103,40000.0,40000.0,40000,40000,12121.21,12121.21,1,3.3,Rawalpindi,Punjab,Bahria Town Rawalpindi,Flat,1.0,0.0,rental
33.488368,73.09423,37825.17,43000.0,20000,65000,5242.49,6000.0,143,7.34,Rawalpindi,Punjab,Bahria Town Rawalpindi,House,2.07,2.03,rental
33.488788,73.07699,63909.09,60000.0,28000,95000,3515.15,3000.0,11,19.36,Rawalpindi,Punjab,Bahria Town Rawalpindi,House,3.91,2.64,rental
33.4897,73.1969,25500.0,25500.0,23000,28000,5109.68,5109.68,2,6.55,Rawalpindi,Punjab,Rawat,Flat,2.0,2.5,rental
33.489746,73.07955,30000.0,30000.0,30000,30000,3000.0,3000.0,1,10.0,Rawalpindi,Punjab,Bahria Town Rawalpindi,Lower Portion,3.0,3.0,rental
33.489746,73.079553,41705.88,32000.0,20000,80000,4476.47,3500.0,17,9.41,Rawalpindi,Punjab,Bahria Town Rawalpindi,House,2.71,3.0,rental
33.489836,73.101611,38762.18,42000.0,22000,85000,5579.78,6000.0,124,7.06,Rawalpindi,Punjab,Bahria Town Rawalpindi,House,1.84,1.83,rental
33.490372,73.066657,49000.0,55000.0,25000,75000,4753.03,5500.0,5,10.6,Rawalpindi,Punjab,Bahria Town Rawalpindi,House,4.2,4.2,rental
33.49116,73.093243,37379.46,38500.0,17000,60000,5774.19,6428.57,112,6.64,Rawalpindi,Punjab,Bahria Town Rawalpindi,House,1.83,1.87,rental
33.491403,73.097297,23500.0,20000.0,11000,40000,9183.25,10606.06,10,2.77,Rawalpindi,Punjab,Bahria Town Rawalpindi,Flat,1.6,1.6,rental
33.49247549,73.08209412,27000.0,27000.0,27000,27000,3857.14,3857.14,1,7.0,Rawalpindi,Punjab,Bahria Town Rawalpindi,Upper Portion,2.0,2.0,rental
33.492591,73.301339,26250.0,20000.0,20000,45000,4828.12,4000.0,8,5.38,Islamabad,Islamabad Capital,DHA Defence,House,2.12,2.25,rental
33.49361147,73.12896609,167500.0,190000.0,90000,200000,4187.5,4750.0,4,40.0,Islamabad,Islamabad Capital,Bahria Town,House,5.0,6.0,rental
33.493969,73.099762,45800.0,32000.0,30000,85000,4372.73,3863.64,5,10.8,Rawalpindi,Punjab,Bahria Town Rawalpindi,Lower Portion,3.2,3.6,rental
33.495074,73.196914,32000.0,32000.0,24000,40000,4466.67,4000.0,3,7.67,Rawalpindi,Punjab,GT Road,Upper Portion,2.67,3.0,rental
33.495254,73.124993,167142.86,170000.0,80000,270000,6272.89,5000.0,7,28.0,Islamabad,Islamabad Capital,Bahria Town,House,4.43,5.0,rental
33.495741,73.074703,44444.44,40000.0,25000,80000,4421.97,3950.0,36,10.25,Rawalpindi,Punjab,Bahria Town Rawalpindi,House,3.47,3.64,rental
33.4957428,73.0746994,60000.0,60000.0,60000,60000,6000.0,6000.0,1,10.0,Rawalpindi,Punjab,Bahria Town Rawalpindi,House,5.0,5.0,rental
33.495991,73.100195,36132.84,38000.0,8000,65000,5152.41,5294.12,201,7.09,Rawalpindi,Punjab,Bahria Town Rawalpindi,House,1.92,1.82,rental
33.49606231,73.10477173,26000.0,26000.0,26000,26000,3714.29,3714.29,1,7.0,Islamabad,Islamabad Capital,Bahria Town,Upper Portion,3.0,3.0,rental
33.4966,73.109311,20390.62,20000.0,10000,38000,5101.34,5428.57,64,4.13,Rawalpindi,Punjab,Bahria Town Rawalpindi,House,1.88,1.25,rental
33.497172,73.080883,54642.86,47500.0,32000,85000,5464.14,5812.5,14,10.36,Rawalpindi,Punjab,Bahria Town Rawalpindi,House,3.71,4.14,rental
33.49738938,73.10882628,32000.0,32000.0,32000,32000,2666.67,2666.67,1,12.0,Rawalpindi,Punjab,Bahria Town Rawalpindi,Lower Portion,3.0,2.0,rental
33.498497,73.101182,36145.83,39000.0,12000,60000,5197.63,5669.64,48,7.04,Rawalpindi,Punjab,Bahria Town Rawalpindi,House,3.35,3.79,rental
33.498711,73.104358,32000.0,35000.0,26000,35000,3212.96,3250.0,3,10.33,Rawalpindi,Punjab,Bahria Town Rawalpindi,Lower Portion,1.33,0.67,rental
33.498747,73.100942,20163.27,20000.0,18000,35000,5256.2,5428.57,49,3.92,Rawalpindi,Punjab,Bahria Town Rawalpindi,House,1.8,1.16,rental
33.499095,72.980756,38333.33,50000.0,15000,50000,7666.67,10000.0,3,5.0,Rawalpindi,Punjab,Dhoke Gangal,Lower Portion,0.67,1.0,rental
33.499892,73.05831,60781.25,50000.0,32000,110000,3285.42,2750.0,32,18.97,Rawalpindi,Punjab,Bahria Town Rawalpindi,Upper Portion,1.16,1.16,rental
33.500035,73.093929,63125.0,70000.0,35000,85000,5914.06,7000.0,16,11.88,Rawalpindi,Punjab,Bahria Town Rawalpindi,House,2.94,3.44,rental
33.50009196,73.10604419,40000.0,40000.0,40000,40000,5000.0,5000.0,1,8.0,Rawalpindi,Punjab,Bahria Town Rawalpindi,House,0.0,3.0,rental
33.50029,73.086049,13500.0,13500.0,13500,13500,2700.0,2700.0,1,5.0,Rawalpindi,Punjab,Bahria Town Rawalpindi,Flat,2.0,1.0,rental
33.50063665,73.10278465,18000.0,18000.0,18000,18000,6666.67,6666.67,1,2.7,Rawalpindi,Punjab,Bahria Town Rawalpindi,Flat,2.0,2.0,rental
33.501131,73.111915,40000.0,33000.0,25000,78000,6363.1,5666.67,7,6.14,Rawalpindi,Punjab,Bahria Town Rawalpindi,House,2.86,2.86,rental
33.50136,73.108691,34178.78,35000.0,20000,80000,5414.6,5000.0,344,6.34,Rawalpindi,Punjab,Bahria Town Rawalpindi,House,2.4,2.0,rental
33.50154251,73.07057866,30000.0,30000.0,30000,30000,3000.0,3000.0,1,10.0,Rawalpindi,Punjab,Bahria Town Rawalpindi,Lower Portion,3.0,3.0,rental
33.502004,73.074353,48722.22,50000.0,30000,75000,4374.49,3125.0,18,13.86,Rawalpindi,Punjab,Bahria Town Rawalpindi,Upper Portion,2.33,2.33,rental
33.502648,73.092556,65000.0,65000.0,65000,65000,2166.67,2166.67,1,30.0,Rawalpindi,Punjab,Bahria Town Rawalpindi,Lower Portion,3.0,3.0,rental
33.50297,73.102165,18750.0,18750.0,6500,31000,6350.0,6350.0,2,3.0,Rawalpindi,Punjab,Bahria Town Rawalpindi,Flat,2.0,2.0,rental
33.50297,73.102169,31855.14,35000.0,11000,50000,5196.59,5222.22,107,6.37,Rawalpindi,Punjab,Bahria Town Rawalpindi,House,1.46,1.44,rental
33.505403,73.073587,52833.33,52000.0,31000,75000,4645.24,3835.71,6,12.83,Rawalpindi,Punjab,Bahria Town Rawalpindi,Upper Portion,3.67,3.83,rental
33.505618,73.078866,65000.0,65000.0,60000,70000,3250.0,3250.0,2,20.0,Rawalpindi,Punjab,Bahria Town Rawalpindi,Upper Portion,2.0,2.0,rental
33.505976,73.056765,70000.0,70000.0,45000,95000,3500.0,3500.0,2,20.0,Islamabad,Islamabad Capital,DHA Defence,House,4.0,4.0,rental
33.505978,73.05676,100000.0,100000.0,100000,100000,5000.0,5000.0,1,20.0,Islamabad,Islamabad Capital,DHA Defence,House,6.0,6.0,rental
33.506334,73.078651,32000.0,32000.0,32000,32000,3200.0,3200.0,1,10.0,Rawalpindi,Punjab,Bahria Town Rawalpindi,Lower Portion,2.0,3.0,rental
33.506584,73.08697,56636.36,65000.0,28000,80000,5291.26,6153.85,11,11.18,Rawalpindi,Punjab,Bahria Town Rawalpindi,House,3.09,2.27,rental
33.507336,73.266106,21875.0,20000.0,12000,30000,3432.81,2656.25,8,6.68,Islamabad,Islamabad Capital,DHA Defence,House,2.5,2.5,rental
33.508481,73.091826,66883.33,60000.0,50000,120000,5988.37,5454.55,60,11.26,Islamabad,Islamabad Capital,DHA Defence,House,2.68,3.27,rental
33.508588,73.071785,44666.67,35000.0,30000,68000,4466.67,3500.0,6,10.0,Rawalpindi,Punjab,Bahria Town Rawalpindi,Upper Portion,2.83,2.0,rental
33.508731,73.0777,55000.0,55000.0,55000,55000,2750.0,2750.0,1,20.0,Rawalpindi,Punjab,Bahria Town Rawalpindi,Upper Portion,3.0,4.0,rental
33.509017,73.081219,61428.57,65000.0,40000,80000,4130.95,3750.0,7,17.43,Rawalpindi,Punjab,Bahria Town Rawalpindi,House,2.0,1.14,rental
33.509983,73.087828,73750.0,70000.0,55000,100000,4562.5,4250.0,4,17.5,Rawalpindi,Punjab,Bahria Town Rawalpindi,House,3.0,2.25,rental
33.512165,73.15135,85000.0,85000.0,85000,85000,6071.43,6071.43,1,14.0,Islamabad,Islamabad Capital,Zaraj Housing Scheme,House,6.0,0.0,rental
33.512166,73.15135,30450.0,31500.0,10000,45000,8874.96,5765.4,10,5.5,Islamabad,Islamabad Capital,Zaraj Housing Scheme,Flat,1.8,2.1,rental
33.513454,73.151522,25000.0,25000.0,12000,38000,7583.33,7583.33,2,6.5,Islamabad,Islamabad Capital,Zaraj Housing Scheme,Lower Portion,1.5,2.0,rental
33.516425,75.084804,75000.0,75000.0,75000,75000,12500.0,12500.0,1,6.0,Rawalpindi,Punjab,Bahria Town Rawalpindi,Flat,2.0,2.0,rental
33.516674,73.106543,32444.44,28000.0,17000,50000,6931.2,7000.0,9,5.42,Rawalpindi,Punjab,Bahria Town Rawalpindi,Flat,1.89,1.67,rental
33.516701,73.107553,44000.0,50000.0,22000,60000,7097.83,7096.77,3,6.4,Islamabad,Islamabad Capital,DHA Defence,Flat,2.0,2.0,rental
33.516996,73.107919,22285.71,20000.0,15000,40000,6551.39,6896.55,7,3.64,Rawalpindi,Punjab,Bahria Town Rawalpindi,Flat,1.57,0.86,rental
33.517469,73.046617,17000.0,17000.0,17000,17000,2833.33,2833.33,1,6.0,Rawalpindi,Punjab,Punjab Government Servant Housing Foundation (PGSHF),House,2.0,2.0,rental
33.518034,73.24439,45000.0,45000.0,45000,45000,2250.0,2250.0,1,20.0,Rawalpindi,Punjab,Rawat Industrial Estate,House,6.0,3.0,rental
33.518675,73.091308,45000.0,45000.0,45000,45000,7258.06,7258.06,1,6.2,Islamabad,Islamabad Capital,DHA Defence,Flat,2.0,3.0,rental
33.518929,73.184692,83285.71,80000.0,68000,110000,3907.14,3750.0,7,22.0,Islamabad,Islamabad Capital,Emaar Canyon Views,House,3.71,3.0,rental
33.51963,73.048,18250.0,15000.0,10500,28000,3257.5,2500.0,10,5.8,Rawalpindi,Punjab,Adiala Road,House,2.2,1.6,rental
33.520068,73.158699,24616.67,22850.0,17000,45000,7675.41,7026.52,6,3.3,Islamabad,Islamabad Capital,Zaraj Housing Scheme,Flat,1.33,1.33,rental
33.52014542,73.08931732,45000.0,45000.0,45000,45000,6428.57,6428.57,1,7.0,Rawalpindi,Punjab,Bahria Town Rawalpindi,Flat,2.0,2.0,rental
33.52032852,73.16159821,43000.0,43000.0,43000,43000,2150.0,2150.0,1,20.0,Islamabad,Islamabad Capital,DHA Defence,Upper Portion,3.0,4.0,rental
33.520539,73.09637,46666.67,50000.0,35000,55000,4982.03,5092.59,3,9.43,Rawalpindi,Punjab,Bahria Town Rawalpindi,Flat,2.67,0.67,rental
33.52091247,73.18450268,110000.0,110000.0,110000,110000,5500.0,5500.0,1,20.0,Islamabad,Islamabad Capital,DHA Defence,House,4.0,5.0,rental
33.521004,73.099501,58230.77,60000.0,25000,120000,5260.49,5178.57,26,11.62,Islamabad,Islamabad Capital,DHA Defence,House,2.81,3.04,rental
33.521053,73.107756,20166.67,19500.0,15000,30000,9014.49,9270.83,6,2.37,Rawalpindi,Punjab,Bahria Town Rawalpindi,Flat,1.5,1.17,rental
33.52106989,73.11093111,20000.0,20000.0,20000,20000,5263.16,5263.16,1,3.8,Rawalpindi,Punjab,Bahria Town Rawalpindi,Flat,2.0,2.0,rental
33.521227,73.158043,20000.0,20000.0,20000,20000,4651.16,4651.16,1,4.3,Islamabad,Islamabad Capital,DHA Defence,Flat,1.0,1.0,rental
33.521423,73.109236,19600.0,18000.0,15000,30000,8752.06,9375.0,5,2.28,Rawalpindi,Punjab,Bahria Town Rawalpindi,Flat,1.2,0.4,rental
33.5215568,73.10586805,11000.0,11000.0,11000,11000,6875.0,6875.0,1,1.6,Rawalpindi,Punjab,Bahria Town Rawalpindi,Flat,1.0,1.0,rental
33.522648,73.16981,100000.0,100000.0,100000,100000,5000.0,5000.0,1,20.0,Islamabad,Islamabad Capital,DHA Defence,House,5.0,5.0,rental
33.522649,73.169804,73489.8,60000.0,31000,150000,4019.39,3250.0,49,18.57,Islamabad,Islamabad Capital,DHA Defence,House,3.63,4.02,rental
33.523393,73.047551,17000.0,17000.0,17000,17000,2833.33,2833.33,1,6.0,Rawalpindi,Punjab,Adiala Road,Upper Portion,2.0,2.0,rental
33.523656,73.150159,27625.0,25000.0,16000,60000,4338.82,4132.51,16,6.38,Islamabad,Islamabad Capital,DHA Defence,Flat,1.88,1.88,rental
33.52375521,73.15998539,50000.0,50000.0,50000,50000,2500.0,2500.0,1,20.0,Islamabad,Islamabad Capital,DHA Defence,Lower Portion,3.0,0.0,rental
33.524094,73.111854,15666.67,15000.0,12000,20000,8234.77,8333.33,3,2.17,Rawalpindi,Punjab,Bahria Town Rawalpindi,Flat,1.33,1.0,rental
33.52417,73.14686537,14000.0,14000.0,14000,14000,5185.19,5185.19,1,2.7,Rawalpindi,Punjab,GT Road,Flat,1.0,1.0,rental
33.524224,73.161049,55000.0,50000.0,33000,110000,3481.62,2825.0,34,17.24,Islamabad,Islamabad Capital,DHA Defence,Upper Portion,2.68,2.94,rental
33.524297,73.148072,39625.0,33500.0,14000,85000,5191.82,4540.77,16,7.95,Islamabad,Islamabad Capital,DHA Defence,Flat,2.06,2.12,rental
33.5244025,73.1469834,20853.74,20000.0,11000,40000,4477.36,4444.44,147,4.89,Islamabad,Islamabad Capital,DHA Defence,Flat,1.8,1.97,rental
33.524407,73.146978,28000.0,28000.0,28000,28000,3111.11,3111.11,1,9.0,Islamabad,Islamabad Capital,GT Road,Flat,4.0,4.0,rental
33.52486277,73.10512461,60000.0,60000.0,60000,60000,3000.0,3000.0,1,20.0,Islamabad,Islamabad Capital,DHA Defence,Lower Portion,3.0,3.0,rental
33.52488553,73.15011621,17000.0,17000.0,17000,17000,4250.0,4250.0,1,4.0,Islamabad,Islamabad Capital,DHA Defence,Flat,2.0,2.0,rental
33.525225,73.107147,58200.0,55000.0,30000,120000,2970.0,2750.0,25,19.6,Islamabad,Islamabad Capital,DHA Defence,Upper Portion,3.32,3.44,rental
33.526227,73.152981,72044.44,57000.0,31000,160000,4075.56,3100.0,45,18.0,Islamabad,Islamabad Capital,DHA Defence,House,2.56,2.69,rental
33.526416,72.644958,23500.0,23500.0,22000,25000,2350.0,2350.0,2,10.0,Rawalpindi,Punjab,Dhoke Syedan,House,3.5,5.0,rental
33.526943,73.093743,74000.0,72000.0,60000,90000,3840.66,3214.29,3,22.0,Rawalpindi,Punjab,Bahria Town Rawalpindi,Upper Portion,4.0,4.67,rental
33.527079,73.064508,20000.0,20000.0,15000,25000,2000.0,2000.0,2,10.0,Rawalpindi,Punjab,Clifton Township,House,2.5,3.0,rental
33.527739,73.044534,29333.33,30000.0,16000,35000,3200.0,3100.0,6,9.17,Rawalpindi,Punjab,Samarzar Housing Society,Penthouse,4.5,6.33,rental
33.527943,73.16139,52497.5,39995.0,25000,105000,6937.38,6625.0,4,11.75,Islamabad,Islamabad Capital,DHA Defence,House,3.5,3.5,rental
33.527944,73.161392,61625.27,50000.0,8000,160000,3793.36,3100.0,471,18.04,Islamabad,Islamabad Capital,DHA Defence,House,2.9,3.06,rental
33.528374,73.171864,68555.56,60000.0,30000,200000,3972.75,3250.0,45,17.93,Islamabad,Islamabad Capital,DHA Defence,House,3.36,3.29,rental
33.52872044,73.1754787,145000.0,145000.0,145000,145000,7250.0,7250.0,1,20.0,Islamabad,Islamabad Capital,DHA Defence,House,5.0,5.0,rental
33.52894592,73.14250946,57000.0,57000.0,57000,57000,2850.0,2850.0,1,20.0,Islamabad,Islamabad Capital,DHA Defence,Lower Portion,3.0,5.0,rental
33.528946,73.142509,52064.52,45000.0,15000,120000,3280.08,3000.0,62,16.91,Islamabad,Islamabad Capital,DHA Defence,Upper Portion,2.68,2.73,rental
33.530129,73.165253,30000.0,30000.0,30000,30000,6818.18,6818.18,1,4.4,Rawalpindi,Punjab,Askari 15,Flat,3.0,3.0,rental
33.530556,73.061264,29459.72,25000.0,10000,60000,2468.88,2433.21,72,12.56,Rawalpindi,Punjab,Gulshan Abad,House,2.82,2.1,rental
33.531008,73.159261,45000.0,45000.0,40000,50000,2250.0,2250.0,2,20.0,Islamabad,Islamabad Capital,DHA Defence,Lower Portion,1.5,1.5,rental
33.53128923,73.1327033,45000.0,45000.0,45000,45000,2250.0,2250.0,1,20.0,Islamabad,Islamabad Capital,DHA Defence,Upper Portion,3.0,4.0,rental
33.531951,73.115215,42594.98,38000.0,10000,110000,5584.99,5555.56,279,9.31,Rawalpindi,Punjab,Bahria Town Rawalpindi,Flat,2.25,2.14,rental
33.5319519,73.11521149,35000.0,35000.0,32000,38000,3500.0,3500.0,2,10.0,Rawalpindi,Punjab,Bahria Town Rawalpindi,Lower Portion,2.5,2.5,rental
33.532452,73.104401,86250.0,60000.0,45000,180000,4458.33,3000.0,12,19.5,Islamabad,Islamabad Capital,DHA Defence,Upper Portion,4.0,4.08,rental
33.532523,73.163452,60666.67,57500.0,32000,125000,4415.62,3700.0,48,15.42,Islamabad,Islamabad Capital,DHA Defence,House,3.06,3.1,rental
33.53292,73.15321,50000.0,50000.0,50000,50000,2500.0,2500.0,1,20.0,Islamabad,Islamabad Capital,DHA Defence,Upper Portion,3.0,0.0,rental
33.533668,73.146286,54365.08,45000.0,31000,140000,3152.14,2700.0,63,18.02,Islamabad,Islamabad Capital,DHA Defence,Upper Portion,2.43,2.54,rental
33.53367,73.146286,45000.0,45000.0,45000,45000,2250.0,2250.0,1,20.0,Islamabad,Islamabad Capital,DHA Defence,Upper Portion,3.0,0.0,rental
33.53392749,73.1369935,90000.0,90000.0,90000,90000,4500.0,4500.0,1,20.0,Islamabad,Islamabad Capital,DHA Defence,House,5.0,5.0,rental
33.534569,73.195107,40000.0,40000.0,40000,40000,2000.0,2000.0,1,20.0,Islamabad,Islamabad Capital,DHA Defence,Upper Portion,3.0,4.0,rental
33.53575103,73.17409683,18000.0,18000.0,18000,18000,4500.0,4500.0,1,4.0,Islamabad,Islamabad Capital,DHA Defence,Flat,0.0,0.0,rental
33.53585,73.190825,33750.0,30000.0,30000,45000,1687.5,1500.0,4,20.0,Islamabad,Islamabad Capital,DHA Defence,Upper Portion,3.5,3.5,rental
33.535851,73.056784,13500.0,13500.0,13500,13500,2700.0,2700.0,1,5.0,Islamabad,Islamabad Capital,National Town,Upper Portion,3.0,3.0,rental
33.535887,73.174162,45000.0,45000.0,45000,45000,2250.0,2250.0,1,20.0,Islamabad,Islamabad Capital,DHA Defence,Upper Portion,3.0,0.0,rental
33.536143,72.755002,25000.0,25000.0,25000,25000,3125.0,3125.0,1,8.0,Islamabad,Islamabad Capital,Airport Avenue Housing Society,Upper Portion,2.0,2.0,rental
33.536244,73.092213,59562.5,45000.0,25000,150000,3056.25,2275.0,32,19.38,Islamabad,Islamabad Capital,DHA Defence,Upper Portion,3.19,3.22,rental
33.53630409,73.11065823,13000.0,10000.0,9000,20000,8329.15,9000.0,3,1.67,Rawalpindi,Punjab,Bahria Town Rawalpindi,Flat,1.33,0.67,rental
33.536525,73.172779,17000.0,17000.0,17000,17000,8500.0,8500.0,1,2.0,Islamabad,Islamabad Capital,DHA Defence,Flat,0.0,0.0,rental
33.536816,73.166542,69639.34,55000.0,25000,160000,4089.32,3500.0,61,17.41,Islamabad,Islamabad Capital,DHA Defence,House,3.28,3.43,rental
33.53681607,73.10126781,31761.9,25000.0,8000,100000,4169.05,3500.0,21,17.89,Rawalpindi,Punjab,Defence Road,House,2.33,2.0,rental
33.536959,73.175418,48235.29,46500.0,15000,110000,4387.93,3400.0,34,15.27,Islamabad,Islamabad Capital,DHA Defence,Upper Portion,2.85,2.97,rental
33.536975,72.866518,16000.0,16000.0,16000,16000,4444.44,4444.44,1,3.6,Islamabad,Islamabad Capital,New Airport Town,Flat,2.0,2.0,rental
33.537281,73.107705,64142.86,65000.0,30000,100000,5552.74,5435.61,14,11.57,Rawalpindi,Punjab,Bahria Town Rawalpindi,House,3.36,3.71,rental
33.538087,73.164536,44276.6,45000.0,28000,55000,3842.58,3813.56,47,11.75,Islamabad,Islamabad Capital,DHA Defence,Flat,2.83,2.19,rental
33.538274,73.082598,14500.0,14500.0,9000,20000,2611.11,2611.11,2,6.0,Rawalpindi,Punjab,Army Officers Colony,House,0.5,0.5,rental
33.538284,73.156675,45000.0,45000.0,45000,45000,2250.0,2250.0,1,20.0,Islamabad,Islamabad Capital,DHA Defence,Upper Portion,4.0,4.0,rental
33.53856169,73.07012469,42000.0,42000.0,42000,42000,4200.0,4200.0,1,10.0,Rawalpindi,Punjab,Askari 14,House,3.0,4.0,rental
33.53874769,73.07033792,42000.0,42000.0,42000,42000,4200.0,4200.0,1,10.0,Rawalpindi,Punjab,Askari 14,House,3.0,4.0,rental
33.53903945,73.06558639,50000.0,50000.0,50000,50000,5000.0,5000.0,1,10.0,Rawalpindi,Punjab,Gulshan Abad,House,4.0,6.0,rental
33.539071,73.156333,44689.66,45000.0,35000,55000,3953.61,3906.78,58,11.39,Islamabad,Islamabad Capital,DHA Defence,Flat,2.78,2.5,rental
33.539392,73.096933,44083.33,35000.0,14000,125000,4752.56,3703.98,24,11.95,Islamabad,Islamabad Capital,DHA Defence,Flat,2.75,3.0,rental
33.540109,73.108862,12000.0,12000.0,12000,12000,5714.29,5714.29,1,2.1,Rawalpindi,Punjab,Bahria Town Rawalpindi,Flat,1.0,1.0,rental
33.540751,73.100367,69583.33,50000.0,35000,125000,5066.6,2500.0,24,19.42,Islamabad,Islamabad Capital,DHA Defence,Upper Portion,3.96,4.17,rental
33.54089355,73.09573364,97222.22,100000.0,50000,120000,5750.0,5000.0,9,18.22,Islamabad,Islamabad Capital,DHA Defence,House,4.11,4.78,rental
33.540894,73.09573,94000.0,100000.0,52000,150000,5604.17,5250.0,8,17.5,Islamabad,Islamabad Capital,DHA Defence,House,4.38,4.38,rental
33.540894,73.095732,56926.17,50000.0,25000,125000,3290.35,2500.0,149,20.21,Islamabad,Islamabad Capital,DHA Defence,Upper Portion,3.22,3.58,rental
33.540957,73.146597,90000.0,90000.0,65000,115000,8181.82,8181.82,2,11.0,Islamabad,Islamabad Capital,DHA Defence,House,3.0,4.5,rental
33.54157087,73.15680661,23080.0,23080.0,23080,23080,3297.14,3297.14,1,7.0,Islamabad,Islamabad Capital,Kahuta Triangle Industrial Area,Lower Portion,2.0,2.0,rental
33.541728,73.094103,41500.0,41500.0,41000,42000,2593.75,2593.75,2,16.0,Islamabad,Islamabad Capital,DHA Defence,Upper Portion,2.5,3.0,rental
33.54173,73.0941,42500.0,42500.0,40000,45000,3500.0,3500.0,2,14.5,Islamabad,Islamabad Capital,DHA Defence,Lower Portion,3.0,4.0,rental
33.542039,73.093414,54956.52,45000.0,25000,110000,3212.01,2500.0,23,19.49,Islamabad,Islamabad Capital,DHA Defence,Upper Portion,3.13,3.09,rental
33.543003,73.06757,26000.0,26000.0,26000,26000,2600.0,2600.0,1,10.0,Rawalpindi,Punjab,Defence Road,Upper Portion,3.0,2.0,rental
33.543004,73.067576,51372.88,50000.0,15000,100000,4875.58,5000.0,118,10.65,Rawalpindi,Punjab,Askari 14,House,3.83,3.8,rental
33.543125,72.98946,9500.0,9500.0,4000,15000,2071.43,2071.43,2,4.5,Rawalpindi,Punjab,Chakri Road,Lower Portion,1.5,0.5,rental
33.54330887,73.06573726,42000.0,42000.0,42000,42000,4200.0,4200.0,1,10.0,Rawalpindi,Punjab,Askari 14,House,3.0,3.0,rental
33.543561,73.051014,20000.0,20000.0,20000,20000,3636.36,3636.36,1,5.5,Rawalpindi,Punjab,Adiala Road,House,0.0,0.0,rental
33.543684,73.213234,200000.0,200000.0,200000,200000,11834.32,11834.32,1,16.9,Islamabad,Islamabad Capital,NHA Housing Society,Flat,4.0,4.0,rental
33.544399,73.072507,34333.33,25000.0,9000,100000,4894.05,3660.71,6,7.5,Rawalpindi,Punjab,Morgah,House,4.0,2.67,rental
33.54439926,73.07250977,39000.0,39000.0,39000,39000,6500.0,6500.0,1,6.0,Rawalpindi,Punjab,Morgah,House,5.0,5.0,rental
33.544952,72.997505,14000.0,14000.0,14000,14000,1750.0,1750.0,1,8.0,Rawalpindi,Punjab,Peer Meher Ali Shah Town,Lower Portion,3.0,3.0,rental
33.54495241,73.06781307,47000.0,47000.0,47000,47000,4700.0,4700.0,1,10.0,Rawalpindi,Punjab,Askari 14,House,3.0,4.0,rental
33.545544,73.143704,23000.0,23000.0,23000,23000,3285.71,3285.71,1,7.0,Islamabad,Islamabad Capital,Kahuta Triangle Industrial Area,Lower Portion,2.0,2.0,rental
33.546438,73.061718,15000.0,15000.0,15000,15000,3750.0,3750.0,1,4.0,Rawalpindi,Punjab,Bankers Colony,House,2.0,2.0,rental
33.546818,73.12247,60000.0,60000.0,60000,60000,6000.0,6000.0,1,10.0,Islamabad,Islamabad Capital,Bahria Town,House,4.0,5.0,rental
33.54685313,73.11537644,36000.0,36000.0,36000,36000,3272.73,3272.73,1,11.0,Rawalpindi,Punjab,Bahria Town Rawalpindi,Upper Portion,3.0,3.0,rental
33.547318,73.171323,22000.0,22000.0,22000,22000,2750.0,2750.0,1,8.0,Islamabad,Islamabad Capital,Islamabad Expressway,Lower Portion,2.0,2.0,rental
33.547439,73.134828,75000.0,75000.0,75000,75000,14150.94,14150.94,1,5.3,Rawalpindi,Punjab,Bahria Town Rawalpindi,Flat,2.0,0.0,rental
33.547547,73.11882,75000.0,75000.0,75000,75000,8064.52,8064.52,1,9.3,Rawalpindi,Punjab,Bahria Town Rawalpindi,Flat,2.0,3.0,rental
33.548048,73.128734,36250.0,31500.0,7000,75000,6994.47,5992.42,4,5.6,Rawalpindi,Punjab,Bahria Town Rawalpindi,Flat,1.75,1.5,rental
33.54900284,73.12533755,80000.0,80000.0,80000,80000,15094.34,15094.34,1,5.3,Rawalpindi,Punjab,Bahria Town Rawalpindi,Flat,2.0,2.0,rental
33.54920979,73.06570198,15000.0,15000.0,15000,15000,3000.0,3000.0,1,5.0,Rawalpindi,Punjab,Defence Road,Upper Portion,2.0,2.0,rental
33.549299,73.115945,34000.0,30000.0,28000,50000,2900.0,3000.0,5,12.0,Rawalpindi,Punjab,Bahria Town Rawalpindi,Lower Portion,2.4,2.4,rental
33.549693,73.130536,48037.88,45000.0,5000,110000,6290.15,6000.0,264,10.14,Rawalpindi,Punjab,Bahria Town Rawalpindi,Flat,2.44,1.94,rental
33.549694,73.13054,54400.0,52000.0,35000,90000,4840.0,3500.0,5,12.0,Rawalpindi,Punjab,Bahria Town Rawalpindi,House,4.2,4.2,rental
33.54976273,73.12214661,6500.0,6500.0,6500,6500,2241.38,2241.38,1,2.9,Rawalpindi,Punjab,Bahria Town Rawalpindi,Room,1.0,1.0,rental
33.549847,73.16784,40000.0,40000.0,40000,40000,2000.0,2000.0,1,20.0,Islamabad,Islamabad Capital,River Garden,Lower Portion,4.0,0.0,rental
33.550095,73.12382,55000.0,55000.0,55000,55000,27500.0,27500.0,1,2.0,Rawalpindi,Punjab,Bahria Town Rawalpindi,Flat,2.0,0.0,rental
33.550096,73.123815,33410.0,28000.0,14000,80000,9726.7,8750.0,100,3.65,Rawalpindi,Punjab,Bahria Town Rawalpindi,Flat,1.57,1.28,rental
33.55009651,73.12372678,28000.0,28000.0,28000,28000,6666.67,6666.67,1,4.2,Rawalpindi,Punjab,Bahria Town Rawalpindi,Flat,2.0,2.0,rental
33.55034,73.06701,18000.0,18000.0,18000,18000,3600.0,3600.0,1,5.0,Rawalpindi,Punjab,Adiala Road,Upper Portion,2.0,0.0,rental
33.550407,73.11547,55625.0,52500.0,35000,90000,3656.25,3375.0,8,16.25,Rawalpindi,Punjab,Bahria Town Rawalpindi,Upper Portion,3.25,2.88,rental
33.55040741,73.11547089,50666.67,50000.0,37000,65000,3616.67,2500.0,3,16.67,Rawalpindi,Punjab,Bahria Town Rawalpindi,Upper Portion,4.0,4.33,rental
33.550408,73.115473,51770.44,50000.0,28000,110000,4711.52,3500.0,159,13.11,Rawalpindi,Punjab,Bahria Town Rawalpindi,Upper Portion,2.96,2.87,rental
33.55041479,73.06698382,35000.0,35000.0,35000,35000,7000.0,7000.0,1,5.0,Rawalpindi,Punjab,Adiala Road,House,4.0,5.0,rental
33.55048,73.059784,16000.0,16000.0,16000,16000,3200.0,3200.0,1,5.0,Rawalpindi,Punjab,Munawar Colony,Lower Portion,0.0,0.0,rental
33.55048,73.059787,34400.0,30000.0,25000,60000,2481.82,2500.0,5,14.2,Rawalpindi,Punjab,Munawar Colony,House,3.8,3.6,rental
33.55055,73.112844,40000.0,40000.0,30000,50000,11657.99,11538.46,3,3.7,Rawalpindi,Punjab,Bahria Town Rawalpindi,Flat,1.33,1.33,rental
33.550623,73.123112,45452.55,41000.0,10000,100000,6433.89,5500.0,137,12.98,Rawalpindi,Punjab,Bahria Town Rawalpindi,House,2.48,2.66,rental
33.550623,73.128176,52571.43,48000.0,18000,110000,9358.62,7500.0,7,8.17,Rawalpindi,Punjab,Bahria Town Rawalpindi,Flat,1.43,1.29,rental
33.55062485,73.12311554,52500.0,52500.0,50000,55000,4000.0,4000.0,2,15.0,Rawalpindi,Punjab,Bahria Town Rawalpindi,House,4.0,4.5,rental
33.550625,73.123116,50000.0,50000.0,50000,50000,11904.76,11904.76,1,4.2,Rawalpindi,Punjab,Bahria Town Rawalpindi,Flat,2.0,2.0,rental
33.550752,73.124398,40000.0,40000.0,25000,55000,5541.67,5541.67,2,11.5,Rawalpindi,Punjab,Bahria Town Rawalpindi,Flat,1.5,2.0,rental
33.55083727,73.10628891,57612.5,40000.0,13000,250000,7207.19,6306.82,80,10.38,Islamabad,Islamabad Capital,Bahria Town,Flat,2.64,2.8,rental
33.55083847,73.1062851,120000.0,120000.0,120000,120000,6000.0,6000.0,1,20.0,Islamabad,Islamabad Capital,Bahria Town,House,5.0,6.0,rental
33.55084,73.106285,52250.0,47500.0,34000,80000,6402.24,6104.48,4,10.18,Islamabad,Islamabad Capital,Bahria Town,Flat,1.75,2.0,rental
33.550869,73.056182,22884.21,22000.0,8000,50000,3509.46,3142.86,95,7.44,Rawalpindi,Punjab,Adiala Road,House,2.56,2.18,rental
33.55087,73.05618,25000.0,25000.0,25000,25000,2083.33,2083.33,1,12.0,Rawalpindi,Punjab,Adiala Road,Lower Portion,2.0,2.0,rental
33.551195,73.026159,23166.67,24000.0,18500,27000,4127.78,4500.0,3,5.67,Rawalpindi,Punjab,Gulshan-e-Iqbal,House,3.33,3.33,rental
33.551415,73.124856,80000.0,80000.0,80000,80000,4000.0,4000.0,1,20.0,Rawalpindi,Punjab,Bahria Town Rawalpindi,House,6.0,7.0,rental
33.55169116,73.1390065,35000.0,35000.0,35000,35000,7000.0,7000.0,1,5.0,Rawalpindi,Punjab,Bahria Town Rawalpindi,Flat,2.0,2.0,rental
33.551696,73.166027,23750.0,22000.0,18000,41000,3388.84,3514.29,8,7.0,Islamabad,Islamabad Capital,River Garden,House,2.62,2.5,rental
33.552089,73.139278,43746.27,45000.0,15000,90000,11610.51,11290.32,67,3.93,Rawalpindi,Punjab,Bahria Town Rawalpindi,Flat,1.06,1.52,rental
33.552357,73.06435,15000.0,15000.0,15000,15000,3000.0,3000.0,1,5.0,Rawalpindi,Punjab,Defence Road,Lower Portion,4.0,0.0,rental
33.553087,73.055075,12625.0,12750.0,12000,13000,2928.87,2762.5,4,4.75,Rawalpindi,Punjab,Ali Town,House,2.75,2.25,rental
33.5532514,73.13907623,60000.0,60000.0,60000,60000,3000.0,3000.0,1,20.0,Rawalpindi,Punjab,Bahria Town Rawalpindi,Upper Portion,3.0,4.0,rental
33.55329015,73.13889027,60000.0,60000.0,60000,60000,3000.0,3000.0,1,20.0,Rawalpindi,Punjab,Bahria Town Rawalpindi,Upper Portion,3.0,4.0,rental
33.553583,73.068339,30750.0,32500.0,18000,40000,15059.52,8000.0,4,4.4,Rawalpindi,Punjab,Caltex Road,House,2.0,1.0,rental
33.55416227,73.10725417,25000.0,25000.0,25000,25000,6250.0,6250.0,1,4.0,Rawalpindi,Punjab,Bahria Town Rawalpindi,Flat,0.0,0.0,rental
33.554271,73.155599,35287.5,28000.0,6000,125000,4564.32,3733.33,40,8.27,Islamabad,Islamabad Capital,Soan Garden,House,2.78,2.75,rental
33.555066,73.124753,64608.7,65000.0,30000,85000,6302.64,5833.33,23,11.1,Rawalpindi,Punjab,Bahria Town Rawalpindi,House,2.83,3.39,rental
33.555451,73.138218,44944.44,45000.0,16000,110000,8586.51,10833.33,72,7.27,Rawalpindi,Punjab,Bahria Town Rawalpindi,Flat,2.0,1.88,rental
33.555594,73.133669,48412.79,46500.0,5000,95000,5580.95,4400.0,86,12.2,Rawalpindi,Punjab,Bahria Town Rawalpindi,Upper Portion,2.51,2.33,rental
33.5555954,73.13366699,65000.0,65000.0,65000,65000,6500.0,6500.0,1,10.0,Rawalpindi,Punjab,Bahria Town Rawalpindi,House,3.0,4.0,rental
33.55572328,73.13622878,38000.0,38000.0,38000,38000,3800.0,3800.0,1,10.0,Rawalpindi,Punjab,Bahria Town Rawalpindi,Lower Portion,2.0,3.0,rental
33.555916,73.146372,35000.0,35000.0,35000,35000,1750.0,1750.0,1,20.0,Islamabad,Islamabad Capital,AGHOSH,Lower Portion,3.0,4.0,rental
33.556055,73.092626,40000.0,40000.0,40000,40000,5000.0,5000.0,1,8.0,Rawalpindi,Punjab,Defence Road,House,3.0,5.0,rental
33.55616616,73.15830231,23460.0,23460.0,23460,23460,2346.0,2346.0,1,10.0,Islamabad,Islamabad Capital,Soan Garden,House,3.0,3.0,rental
33.556316,73.136777,27500.0,27500.0,25000,30000,11237.37,11237.37,2,2.45,Rawalpindi,Punjab,Bahria Town Rawalpindi,Flat,1.0,1.0,rental
33.556331,73.141699,40000.0,40000.0,40000,40000,2000.0,2000.0,1,20.0,Islamabad,Islamabad Capital,Soan Garden,Upper Portion,4.0,4.0,rental
33.55643885,73.02466929,27666.67,20000.0,8000,90000,3902.78,3333.33,9,6.44,Rawalpindi,Punjab,Dhamyal Road,House,1.33,0.67,rental
33.556512,73.011289,15000.0,15000.0,15000,15000,1875.0,1875.0,1,8.0,Rawalpindi,Punjab,Ghous-e-Azam Road,House,4.0,3.0,rental
33.556774,73.153496,39900.0,35500.0,10000,85000,2374.17,2200.0,20,17.55,Islamabad,Islamabad Capital,Soan Garden,House,3.35,3.25,rental
33.55677414,73.15349579,48000.0,48000.0,48000,48000,2400.0,2400.0,1,20.0,Islamabad,Islamabad Capital,Soan Garden,Upper Portion,5.0,5.0,rental
33.556935,73.139758,45000.0,55000.0,25000,55000,5773.81,6875.0,3,7.67,Islamabad,Islamabad Capital,CBR Town,House,4.0,5.0,rental
33.55709111,73.09129788,30000.0,30000.0,30000,30000,3333.33,3333.33,1,9.0,Rawalpindi,Punjab,Morgah,Upper Portion,3.0,3.0,rental
33.55832912,73.15687625,25000.0,25000.0,25000,25000,1666.67,1666.67,1,15.0,Islamabad,Islamabad Capital,Soan Garden,House,5.0,5.0,rental
33.558434,73.09978,35000.0,35000.0,35000,35000,1750.0,1750.0,1,20.0,Rawalpindi,Punjab,Eastridge Housing Scheme,Upper Portion,3.0,3.0,rental
33.558435,73.099774,27666.67,26000.0,25000,32000,2157.58,2272.73,3,13.67,Rawalpindi,Punjab,Eastridge Housing Scheme,Upper Portion,3.33,1.67,rental
33.55892,73.118649,49908.26,45000.0,23000,110000,4774.55,3600.0,109,11.73,Rawalpindi,Punjab,Bahria Town Rawalpindi,Upper Portion,2.9,2.4,rental
33.55892,73.11865,42600.0,38000.0,30000,67000,3983.33,3300.0,5,10.8,Rawalpindi,Punjab,Bahria Town Rawalpindi,Lower Portion,2.8,3.2,rental
33.559036,73.151768,25000.0,25000.0,25000,25000,3125.0,3125.0,1,8.0,Islamabad,Islamabad Capital,CBR Town,Lower Portion,2.0,3.0,rental
33.559385,73.141265,34000.0,32000.0,8000,55000,3874.97,3285.71,46,9.44,Islamabad,Islamabad Capital,CBR Town,Upper Portion,2.7,3.02,rental
33.55950928,73.14240265,25000.0,25000.0,25000,25000,3125.0,3125.0,1,8.0,Islamabad,Islamabad Capital,CBR Town,Lower Portion,2.0,3.0,rental
33.55951,73.142402,35437.5,35000.0,25000,65000,3812.96,3125.0,16,10.1,Islamabad,Islamabad Capital,CBR Town,Upper Portion,3.12,3.0,rental
33.559814,73.142939,26850.0,25000.0,8000,50000,3369.89,3428.57,20,8.25,Islamabad,Islamabad Capital,CBR Town,Upper Portion,1.8,2.0,rental
33.560583,73.058993,20000.0,20000.0,20000,20000,2500.0,2500.0,1,8.0,Rawalpindi,Punjab,Mumtaz Colony,Upper Portion,2.0,2.0,rental
33.560886,73.12594,61375.0,59500.0,42500,84000,5114.58,4958.33,4,12.0,Rawalpindi,Punjab,Media Town,House,4.75,4.0,rental
33.560887,73.125937,42598.04,38000.0,25000,90000,3717.36,3250.0,153,11.55,Rawalpindi,Punjab,Media Town,Upper Portion,2.8,2.35,rental
33.56103,73.062276,50250.0,50000.0,35000,65000,4863.89,4916.67,12,10.33,Rawalpindi,Punjab,Askari 7,House,2.67,2.83,rental
33.561043,73.070615,34648.65,30000.0,16000,55000,3982.71,3333.33,37,10.54,Rawalpindi,Punjab,New Lalazar,Upper Portion,2.62,2.22,rental
33.56125507,73.06081787,35000.0,35000.0,35000,35000,3500.0,3500.0,1,10.0,Rawalpindi,Punjab,Askari 7,Flat,3.0,4.0,rental
33.56128,73.148346,25500.0,27500.0,12000,35000,3397.18,3577.7,4,12.42,Islamabad,Islamabad Capital,Soan Garden,Farm House,2.5,2.25,rental
33.56170035,73.15103889,33000.0,33000.0,33000,33000,1650.0,1650.0,1,20.0,Islamabad,Islamabad Capital,Soan Garden,Upper Portion,4.0,3.0,rental
33.561773,72.982199,13000.0,13000.0,13000,13000,3250.0,3250.0,1,4.0,Rawalpindi,Punjab,Garja,Upper Portion,4.0,1.0,rental
33.56179511,73.08097959,32000.0,32000.0,32000,32000,1600.0,1600.0,1,20.0,Rawalpindi,Punjab,New Lalazar,Upper Portion,4.0,2.0,rental
33.5618416,73.08093667,33000.0,33000.0,33000,33000,1650.0,1650.0,1,20.0,Rawalpindi,Punjab,Cantt,Upper Portion,3.0,2.0,rental
33.562418,73.08088,45000.0,45000.0,45000,45000,2250.0,2250.0,1,20.0,Rawalpindi,Punjab,Park View,Upper Portion,3.0,3.0,rental
33.562621,73.15959,20200.0,20000.0,15000,26000,3155.63,3333.33,5,6.48,Islamabad,Islamabad Capital,Soan Garden,House,2.2,2.4,rental
33.5628,73.107144,28676.02,26000.0,8000,70000,4075.35,3600.0,517,8.12,Rawalpindi,Punjab,Gulraiz Housing Scheme,Upper Portion,2.44,1.86,rental
33.562854,73.116503,48125.0,41500.0,33000,70000,6164.6,5150.0,16,8.92,Rawalpindi,Punjab,Bahria Town Rawalpindi,Lower Portion,2.56,1.0,rental
33.562855,73.1165,36000.0,36000.0,32000,40000,2922.08,2909.09,3,12.33,Rawalpindi,Punjab,Bahria Town Rawalpindi,Upper Portion,3.0,3.0,rental
33.563236,73.10212,19000.0,19000.0,19000,19000,2714.29,2714.29,1,7.0,Rawalpindi,Punjab,High Court Road,Upper Portion,3.0,0.0,rental
33.563238,73.102118,16000.0,16000.0,15000,17000,4333.33,4333.33,2,4.0,Rawalpindi,Punjab,High Court Road,Flat,2.0,1.0,rental
33.563506,73.044523,36250.0,28500.0,22000,65000,3261.46,2925.0,8,13.5,Rawalpindi,Punjab,Sher Zaman Colony,House,5.0,4.75,rental
33.563507,73.044525,22000.0,22000.0,22000,22000,4400.0,4400.0,1,5.0,Rawalpindi,Punjab,Sher Zaman Colony,Lower Portion,2.0,2.0,rental
33.564284,73.142681,20000.0,20000.0,19000,21000,2571.43,2714.29,3,8.0,Islamabad,Islamabad Capital,Soan Garden,Lower Portion,2.67,3.0,rental
33.564426,73.157104,19333.33,20000.0,13000,25000,2811.11,2600.0,3,7.0,Islamabad,Islamabad Capital,Soan Garden,Upper Portion,2.0,2.0,rental
33.564427,73.157101,31388.89,26500.0,9000,100000,5543.93,3000.0,180,9.91,Islamabad,Islamabad Capital,Soan Garden,House,2.6,2.68,rental
33.564463,73.021138,19500.0,20000.0,13000,25000,3239.29,3095.24,4,6.0,Rawalpindi,Punjab,Quaid-e-Azam Colony,Lower Portion,2.75,2.75,rental
33.56457726,73.09148002,32000.0,32000.0,32000,32000,1600.0,1600.0,1,20.0,Rawalpindi,Punjab,Gulistan Colony,Upper Portion,3.0,3.0,rental
33.564785,73.157001,48100.0,51000.0,35000,62000,3673.68,2600.0,10,17.36,Islamabad,Islamabad Capital,Swan Garden,House,3.2,2.1,rental
33.564923,72.993558,10333.33,11500.0,5000,14000,2713.28,2833.33,6,9.82,Rawalpindi,Punjab,Girja Road,Upper Portion,2.5,0.33,rental
33.56514674,73.14493954,55000.0,55000.0,55000,55000,5500.0,5500.0,1,10.0,Islamabad,Islamabad Capital,Pakistan Town,House,6.0,6.0,rental
33.56521225,73.12863159,15000.0,15000.0,15000,15000,5357.14,5357.14,1,2.8,Islamabad,Islamabad Capital,PWD Housing Scheme,Flat,2.0,0.0,rental
33.56527,73.1287,18000.0,18000.0,18000,18000,6428.57,6428.57,1,2.8,Islamabad,Islamabad Capital,PWD Housing Scheme,Flat,2.0,0.0,rental
33.56528,73.12874,15000.0,15000.0,15000,15000,10000.0,10000.0,1,1.5,Islamabad,Islamabad Capital,PWD Housing Scheme,Flat,1.0,0.0,rental
33.56535467,73.13313615,28000.0,28000.0,28000,28000,1400.0,1400.0,1,20.0,Islamabad,Islamabad Capital,National Police Foundation O-9,Upper Portion,3.0,4.0,rental
33.565464,73.199236,51000.0,50000.0,50000,55000,2275.0,2500.0,5,24.0,Islamabad,Islamabad Capital,Naval Anchorage,Upper Portion,3.2,0.0,rental
33.565513,72.921335,22000.0,22000.0,22000,22000,3142.86,3142.86,1,7.0,Rawalpindi,Punjab,CBR Town Phase 2,Lower Portion,3.0,3.0,rental
33.565685,73.101525,20000.0,20000.0,15000,25000,2467.53,2467.53,2,9.0,Rawalpindi,Punjab,Bostan Valley,Upper Portion,5.0,3.5,rental
33.56589665,73.16957586,22000.0,22000.0,22000,22000,2750.0,2750.0,1,8.0,Islamabad,Islamabad Capital,FECHS,Lower Portion,2.0,2.0,rental
33.56628418,73.09230804,30000.0,30000.0,30000,30000,3000.0,3000.0,1,10.0,Rawalpindi,Punjab,Gulistan Colony,House,3.0,3.0,rental
33.566321,73.133953,27500.0,30000.0,8000,35000,2478.57,2600.0,7,13.14,Rawalpindi,Punjab,Police Foundation Housing Scheme,Upper Portion,2.57,2.86,rental
33.566358,73.155298,38800.0,40000.0,12000,85000,2300.0,2250.0,5,17.0,Islamabad,Islamabad Capital,Soan Garden,Lower Portion,4.4,4.6,rental
33.56655029,73.1381911,7000.0,7000.0,7000,7000,7777.78,7777.78,1,0.9,Islamabad,Islamabad Capital,Pakistan Town,Flat,1.0,1.0,rental
33.566573,72.856436,21000.0,21000.0,20000,22000,2766.67,2766.67,2,8.0,Islamabad,Islamabad Capital,Dhok Chaudhrian,House,1.5,0.0,rental
33.566573,73.056579,33473.68,25000.0,20000,70000,4341.48,3666.67,38,8.88,Rawalpindi,Punjab,Lalazar,House,1.74,1.74,rental
33.566574,73.05658,16500.0,16500.0,16500,16500,3300.0,3300.0,1,5.0,Rawalpindi,Punjab,Lalazar,Upper Portion,2.0,2.0,rental
33.566646,73.116842,42500.0,42500.0,5000,100000,9762.7,9305.56,24,4.86,Rawalpindi,Punjab,Bahria Town Rawalpindi,Flat,0.92,1.71,rental
33.56701,73.15356,80000.0,80000.0,80000,80000,6666.67,6666.67,1,12.0,Islamabad,Islamabad Capital,Soan Garden,House,6.0,7.0,rental
33.567038,73.192499,55000.0,55000.0,55000,55000,1375.0,1375.0,2,40.0,Islamabad,Islamabad Capital,Naval Anchorage,Upper Portion,3.5,0.0,rental
33.56709287,73.1173556,50000.0,50000.0,50000,50000,12500.0,12500.0,1,4.0,Rawalpindi,Punjab,Bahria Town Rawalpindi,Flat,1.0,2.0,rental
33.567125,73.134901,26880.95,33500.0,9000,40000,4386.77,3333.33,21,8.53,Islamabad,Islamabad Capital,PWD Road,Flat,2.38,2.38,rental
33.56753813,73.0035935,10000.0,10000.0,10000,10000,2000.0,2000.0,1,5.0,Rawalpindi,Punjab,Girja Road,House,7.0,3.0,rental
33.567663,73.051529,25000.0,25000.0,25000,25000,6250.0,6250.0,1,4.0,Rawalpindi,Punjab,Tulsa,House,0.0,0.0,rental
33.567664,73.052858,28150.0,22500.0,13000,65000,3761.9,3000.0,20,8.18,Rawalpindi,Punjab,Tulsa Road,Upper Portion,2.0,0.95,rental
33.567665,73.05286,26000.0,26000.0,26000,26000,2600.0,2600.0,1,10.0,Rawalpindi,Punjab,Lalazar,Upper Portion,2.0,2.0,rental
33.56778123,73.06341425,55000.0,55000.0,55000,55000,11000.0,11000.0,1,5.0,Rawalpindi,Punjab,Askari 13,House,3.0,4.0,rental
33.567813,73.047253,23333.33,25000.0,20000,25000,2238.3,2083.33,3,10.5,Rawalpindi,Punjab,Aslam Shaheed Road,Upper Portion,2.0,1.67,rental
33.56786,73.149805,25533.33,28000.0,10000,43000,4858.48,3500.0,15,8.25,Islamabad,Islamabad Capital,Soan Garden,Lower Portion,2.07,1.8,rental
33.56795829,73.17396641,29000.0,29000.0,29000,29000,2042.25,2042.25,1,14.2,Islamabad,Islamabad Capital,FECHS,Upper Portion,3.0,3.0,rental
33.568218,73.178215,26000.0,25000.0,25000,30000,3955.17,3571.43,5,6.94,Islamabad,Islamabad Capital,FECHS,Lower Portion,1.4,1.4,rental
33.5682957,73.11092016,60000.0,60000.0,60000,60000,12000.0,12000.0,1,5.0,Rawalpindi,Punjab,Gulraiz Housing Scheme,House,4.0,6.0,rental
33.56850673,73.14868781,30000.0,30000.0,30000,30000,5000.0,5000.0,1,6.0,Islamabad,Islamabad Capital,Soan Garden,Lower Portion,2.0,3.0,rental
33.568707,73.12951,50000.0,50000.0,50000,50000,2500.0,2500.0,1,20.0,Rawalpindi,Punjab,Doctors Housing Society,Upper Portion,3.0,3.0,rental
33.568813,73.12398,28000.0,28000.0,28000,28000,2800.0,2800.0,1,10.0,Islamabad,Islamabad Capital,National Police Foundation O-9,Upper Portion,2.0,3.0,rental
33.56904,73.095295,28272.73,25000.0,20000,40000,3272.55,3571.43,11,9.36,Rawalpindi,Punjab,Gulistan Colony,House,2.55,2.09,rental
33.56904,73.0953,45000.0,45000.0,45000,45000,3879.31,3879.31,1,11.6,Rawalpindi,Punjab,Gulistan Colony,Upper Portion,3.0,4.0,rental
33.56917406,73.06411386,65000.0,65000.0,65000,65000,6500.0,6500.0,1,10.0,Rawalpindi,Punjab,Askari 13,House,5.0,5.0,rental
33.56918,73.127448,44666.67,43000.0,36000,55000,2133.33,2150.0,3,21.33,Rawalpindi,Punjab,Doctors Housing Society,Upper Portion,3.33,2.0,rental
33.56937027,73.20618439,40000.0,40000.0,40000,40000,2000.0,2000.0,1,20.0,Islamabad,Islamabad Capital,Naval Anchorage,Lower Portion,3.0,3.0,rental
33.569523,73.064679,63680.0,65000.0,35000,72000,6803.5,6500.0,25,9.67,Islamabad,Islamabad Capital,DHA Defence,House,3.88,3.84,rental
33.569523,73.06468,65000.0,65000.0,65000,65000,5416.67,5416.67,1,12.0,Rawalpindi,Punjab,Askari 13,House,5.0,5.0,rental
33.569648,73.151522,32285.71,26000.0,8000,60000,2943.18,2727.27,7,10.71,Islamabad,Islamabad Capital,Soan Garden,Upper Portion,4.71,5.0,rental
33.569648,73.190489,35833.33,37500.0,15000,45000,2023.81,2071.43,6,17.83,Islamabad,Islamabad Capital,Naval Anchorage,Upper Portion,2.83,1.83,rental
33.569794,73.137016,60000.0,60000.0,60000,60000,6000.0,6000.0,1,10.0,Islamabad,Islamabad Capital,PWD Road,House,6.0,6.0,rental
33.56996073,73.20670009,45000.0,45000.0,45000,45000,2250.0,2250.0,1,20.0,Islamabad,Islamabad Capital,Naval Anchorage,Lower Portion,3.0,3.0,rental
33.57022,73.116674,52272.73,48000.0,20000,100000,8468.77,8888.89,33,9.62,Rawalpindi,Punjab,Bahria Town Rawalpindi,Flat,1.94,2.33,rental
33.57024751,73.06336153,65000.0,65000.0,65000,65000,1805.56,1805.56,1,36.0,Rawalpindi,Punjab,Tulsa Road,Lower Portion,3.0,3.0,rental
33.570273,73.200443,45000.0,45000.0,45000,45000,2250.0,2250.0,1,20.0,Islamabad,Islamabad Capital,Naval Anchorage,House,3.0,3.0,rental
33.57035993,73.10729239,30000.0,30000.0,30000,30000,2307.69,2307.69,1,13.0,Rawalpindi,Punjab,Gulraiz Housing Scheme,Upper Portion,4.0,0.0,rental
33.570792,73.13251,36033.83,35000.0,7000,215000,3643.88,2800.0,133,11.59,Islamabad,Islamabad Capital,National Police Foundation O-9,Upper Portion,2.73,2.44,rental
33.570792,73.145256,35945.05,29000.0,5000,300000,3564.22,2900.0,364,10.91,Islamabad,Islamabad Capital,PWD Housing Scheme,Lower Portion,2.75,2.6,rental
33.570793,73.13251,30000.0,30000.0,30000,30000,3000.0,3000.0,1,10.0,Islamabad,Islamabad Capital,National Police Foundation O-9,Upper Portion,0.0,0.0,rental
33.570793,73.145256,22000.0,22500.0,7000,42000,2002.38,2150.0,6,11.5,Islamabad,Islamabad Capital,PWD Housing Scheme,Upper Portion,2.5,0.67,rental
33.57081,73.207288,27375.0,22000.0,20000,45000,5475.0,4400.0,8,5.0,Islamabad,Islamabad Capital,Naval Anchorage,House,2.62,3.0,rental
33.570881,73.145235,23000.0,14500.0,4000,75000,4283.13,4000.0,8,5.95,Rawalpindi,Punjab,PWD Colony,Flat,2.38,2.38,rental
33.571007,73.20374,40000.0,40000.0,40000,40000,2000.0,2000.0,1,20.0,Islamabad,Islamabad Capital,Naval Anchorage,House,4.0,4.0,rental
33.571007,73.203743,44608.7,40000.0,20000,95000,2584.37,2500.0,23,17.83,Islamabad,Islamabad Capital,Naval Anchorage,Upper Portion,3.35,2.78,rental
33.57148,73.17863,30000.0,30000.0,30000,30000,3000.0,3000.0,1,10.0,Islamabad,Islamabad Capital,FECHS,House,3.0,3.0,rental
33.57152511,73.04322481,25000.0,25000.0,25000,25000,3571.43,3571.43,1,7.0,Rawalpindi,Punjab,Tali Mori,House,2.0,2.0,rental
33.57173071,73.14168334,28000.0,28000.0,28000,28000,2333.33,2333.33,1,12.0,Islamabad,Islamabad Capital,PWD Housing Scheme,Upper Portion,3.0,4.0,rental
33.572008,73.174596,27545.45,25000.0,10000,120000,3229.85,2714.29,121,8.87,Islamabad,Islamabad Capital,FECHS,House,2.69,3.29,rental
33.572044,73.17508,23272.73,20000.0,15000,38000,2833.44,2714.29,11,8.87,Islamabad,Islamabad Capital,FECHS,House,2.45,2.82,rental
33.572044,73.175082,26108.11,20000.0,10000,90000,2987.13,2666.67,37,8.95,Islamabad,Islamabad Capital,FECHS,House,2.62,2.84,rental
33.57205923,73.08809448,20000.0,20000.0,20000,20000,2000.0,2000.0,1,10.0,Rawalpindi,Punjab,Gulistan Colony,Upper Portion,2.0,2.0,rental
33.572499,73.038762,20500.0,20500.0,18000,23000,3142.86,3142.86,2,6.5,Rawalpindi,Punjab,Bakra Mandi,House,2.0,2.0,rental
33.57258,73.03872,13583.33,13000.0,10000,18000,2794.44,2750.0,6,5.0,Rawalpindi,Punjab,Kalma Chowk,House,2.67,2.17,rental
33.573009,73.198628,67400.0,70000.0,38000,100000,2807.5,2125.0,10,26.0,Islamabad,Islamabad Capital,Naval Anchorage,Upper Portion,4.3,2.7,rental
33.573009,73.198629,41436.76,40000.0,10500,100000,3690.36,2500.0,34,15.41,Islamabad,Islamabad Capital,Naval Anchorage,Upper Portion,2.71,2.82,rental
33.57301,73.19863,35000.0,35000.0,35000,35000,1750.0,1750.0,1,20.0,Islamabad,Islamabad Capital,Naval Anchorage,Lower Portion,3.0,3.0,rental
33.573152,73.110881,50800.0,55000.0,5000,95000,6976.42,6122.45,55,9.35,Rawalpindi,Punjab,Bahria Town Rawalpindi,House,2.75,2.8,rental
33.573185,73.058828,100000.0,100000.0,100000,100000,10000.0,10000.0,1,10.0,Rawalpindi,Punjab,Riaz Qureshi Road,House,10.0,4.0,rental
33.57321461,73.20335269,40000.0,40000.0,40000,40000,2000.0,2000.0,1,20.0,Islamabad,Islamabad Capital,Naval Anchorage,Lower Portion,3.0,3.0,rental
33.57354535,73.05114269,15000.0,15000.0,15000,15000,37500.0,37500.0,1,0.4,Rawalpindi,Punjab,Dheri Hassanabad,Upper Portion,2.0,1.0,rental
33.57371743,73.17484885,16500.0,16500.0,16500,16500,2062.5,2062.5,1,8.0,Islamabad,Islamabad Capital,FECHS,Lower Portion,2.0,3.0,rental
33.57373307,73.11065555,100000.0,100000.0,100000,100000,11235.96,11235.96,1,8.9,Rawalpindi,Punjab,Bahria Town Rawalpindi,House,3.0,3.0,rental
33.57407275,73.1951344,40000.0,40000.0,40000,40000,2000.0,2000.0,1,20.0,Islamabad,Islamabad Capital,Naval Anchorage,Upper Portion,3.0,3.0,rental
33.574537,73.023752,10000.0,10000.0,10000,10000,3333.33,3333.33,1,3.0,Rawalpindi,Punjab,Ghaziabad,Lower Portion,3.0,1.0,rental
33.57459149,73.14087499,30000.0,30000.0,30000,30000,3000.0,3000.0,1,10.0,Islamabad,Islamabad Capital,Pakistan Town,Lower Portion,3.0,0.0,rental
33.57477669,73.11252639,40000.0,40000.0,40000,40000,10000.0,10000.0,1,4.0,Rawalpindi,Punjab,Bahria Town Rawalpindi,Flat,2.0,2.0,rental
33.57477893,73.11256528,27000.0,27000.0,27000,27000,6750.0,6750.0,1,4.0,Rawalpindi,Punjab,Bahria Town Rawalpindi,Flat,2.0,2.0,rental
33.57480128,73.11255455,48000.0,48000.0,48000,48000,6315.79,6315.79,1,7.6,Rawalpindi,Punjab,Bahria Town Rawalpindi,Flat,3.0,3.0,rental
33.57480575,73.11250091,35000.0,35000.0,35000,35000,4605.26,4605.26,1,7.6,Rawalpindi,Punjab,Bahria Town Rawalpindi,Flat,3.0,3.0,rental
33.57493089,73.20708632,46000.0,46000.0,46000,46000,2300.0,2300.0,1,20.0,Islamabad,Islamabad Capital,Naval Anchorage,Lower Portion,3.0,3.0,rental
33.57517224,73.11221123,45000.0,45000.0,45000,45000,12500.0,12500.0,1,3.6,Rawalpindi,Punjab,Bahria Town Rawalpindi,Flat,2.0,2.0,rental
33.57530714,73.14876037,40000.0,40000.0,40000,40000,2000.0,2000.0,1,20.0,Islamabad,Islamabad Capital,PWD Housing Scheme,Lower Portion,3.0,3.0,rental
33.575405,73.143325,27792.9,28000.0,10000,65000,3927.85,3225.81,169,8.42,Islamabad,Islamabad Capital,Pakistan Town,Upper Portion,2.46,1.89,rental
33.57550298,73.2088244,20000.0,20000.0,20000,20000,4000.0,4000.0,1,5.0,Islamabad,Islamabad Capital,Naval Anchorage,House,4.0,4.0,rental
33.575551,73.048811,10000.0,10000.0,10000,10000,2000.0,2000.0,1,5.0,Rawalpindi,Punjab,Kiyani Road,Lower Portion,3.0,2.0,rental
33.576048,73.044317,36777.78,27500.0,18000,100000,5074.6,4000.0,18,7.39,Rawalpindi,Punjab,Harley Street,House,1.17,1.11,rental
33.57626277,73.10135365,22000.0,22000.0,22000,22000,2200.0,2200.0,1,10.0,Rawalpindi,Punjab,Bostan Road,House,2.0,2.0,rental
33.576472,73.13221,33750.0,32500.0,25000,45000,2375.0,2375.0,4,15.0,Islamabad,Islamabad Capital,National Police Foundation O-9,Upper Portion,2.5,2.75,rental
33.577827,73.041019,20000.0,20000.0,10000,30000,7500.0,7500.0,2,3.5,Rawalpindi,Punjab,Chungi No. 22 Road,House,3.0,2.5,rental
33.57839408,73.11516032,60000.0,60000.0,60000,60000,6000.0,6000.0,1,10.0,Rawalpindi,Punjab,Bahria Town Rawalpindi,House,4.0,5.0,rental
33.578663,73.055352,35000.0,35000.0,35000,35000,3500.0,3500.0,1,10.0,Rawalpindi,Punjab,Sabzazar,House,5.0,0.0,rental
33.578933,73.15792,45000.0,45000.0,45000,45000,6428.57,6428.57,1,7.0,Islamabad,Islamabad Capital,Capital Enclave,House,6.0,6.0,rental
33.57898,73.112934,35000.0,35000.0,35000,35000,2500.0,2500.0,1,14.0,Rawalpindi,Punjab,Safari View Residencia,Lower Portion,2.0,3.0,rental
33.579034,73.139591,31176.47,28000.0,12000,62000,3815.62,2875.0,102,11.33,Islamabad,Islamabad Capital,Korang Town,Upper Portion,2.65,1.97,rental
33.579624,73.038372,12384.62,8000.0,6500,30000,4330.04,3250.0,13,3.85,Rawalpindi,Punjab,Faisal Colony,Room,1.69,1.62,rental
33.580696,73.1015,30909.09,27000.0,15000,70000,3386.02,3000.0,11,9.09,Rawalpindi,Punjab,Yousaf Colony,Upper Portion,3.18,2.0,rental
33.58107028,73.14556684,20000.0,20000.0,20000,20000,2500.0,2500.0,1,8.0,Islamabad,Islamabad Capital,Korang Town,Upper Portion,0.0,0.0,rental
33.581306,73.087962,38333.33,35000.0,32000,50000,4212.3,3500.0,15,9.77,Rawalpindi,Punjab,Askari 1,Flat,2.53,2.0,rental
33.581932,73.036329,13000.0,13000.0,13000,13000,3250.0,3250.0,1,4.0,Rawalpindi,Punjab,Tench Road,House,3.0,1.0,rental
33.582027,73.05822,50000.0,50000.0,50000,50000,2500.0,2500.0,1,20.0,Rawalpindi,Punjab,Lalkurti,Upper Portion,3.0,3.0,rental
33.582028,73.058222,35714.29,35000.0,22000,55000,3566.88,3500.0,7,10.86,Rawalpindi,Punjab,Lalkurti,House,2.86,2.29,rental
33.58216772,73.09409425,65000.0,65000.0,65000,65000,3250.0,3250.0,1,20.0,Rawalpindi,Punjab,Chaklala Scheme,Lower Portion,4.0,4.0,rental
33.582345,73.19367,33000.0,33000.0,33000,33000,2200.0,2200.0,1,15.0,Islamabad,Islamabad Capital,Naval Anchorage,Upper Portion,3.0,2.0,rental
33.582625,73.10109,20333.33,18000.0,16000,27000,2788.89,2700.0,3,7.33,Rawalpindi,Punjab,Ayub Colony,Upper Portion,2.67,2.67,rental
33.583344,73.151583,27000.0,25000.0,18000,40000,2805.74,2811.48,4,10.8,Islamabad,Islamabad Capital,Madina Town,Lower Portion,3.0,3.5,rental
33.584073,73.08662,73166.67,70500.0,68000,80000,6812.12,7050.0,6,10.83,Rawalpindi,Punjab,Askari 5,House,4.33,4.83,rental
33.584261,73.121663,18125.0,16250.0,14000,40000,3263.31,3200.0,16,5.49,Rawalpindi,Punjab,Airport Housing Society,Lower Portion,1.56,1.69,rental
33.584397,73.079805,45058.82,45000.0,37000,55000,4441.84,4500.0,17,10.14,Rawalpindi,Punjab,Askari 4,Flat,2.65,2.71,rental
33.58447,73.06143,60000.0,60000.0,60000,60000,6000.0,6000.0,1,10.0,Rawalpindi,Punjab,Firdosi Road,Upper Portion,4.0,0.0,rental
33.584545,73.09965,55000.0,55000.0,55000,55000,7857.14,7857.14,1,7.0,Rawalpindi,Punjab,Khayaban-e-Tanveer,House,4.0,4.0,rental
33.584546,73.099647,23571.43,25000.0,8000,47000,5285.71,4000.0,7,5.0,Rawalpindi,Punjab,Khayaban-e-Tanveer,Upper Portion,1.57,1.71,rental
33.584665,73.035436,23823.53,25000.0,10000,36000,5098.04,5000.0,17,5.04,Rawalpindi,Punjab,Tench Bhata,House,0.76,0.41,rental
33.585054,73.083517,45230.77,47000.0,35000,60000,4422.8,4485.98,13,10.32,Rawalpindi,Punjab,Askari 2,Flat,3.08,2.85,rental
33.58521892,73.12008619,16000.0,16000.0,16000,16000,2666.67,2666.67,1,6.0,Rawalpindi,Punjab,Airport Housing Society,Lower Portion,2.0,3.0,rental
33.58558939,73.08894441,25000.0,25000.0,25000,25000,8620.69,8620.69,1,2.9,Rawalpindi,Punjab,Chaklala Scheme,Flat,1.0,1.0,rental
33.58597388,73.10060631,30000.0,30000.0,30000,30000,3000.0,3000.0,1,10.0,Rawalpindi,Punjab,Chaklala Scheme,Upper Portion,3.0,3.0,rental
33.586109,73.088359,30000.0,30000.0,20000,45000,6899.39,6725.81,6,4.38,Rawalpindi,Punjab,Commercial Market,Flat,1.83,1.0,rental
33.58611,73.088356,19000.0,19000.0,19000,19000,4750.0,4750.0,1,4.0,Rawalpindi,Punjab,Commercial Market,Lower Portion,2.0,2.0,rental
33.58656,73.029488,13000.0,12000.0,11000,16000,3288.89,3200.0,3,4.0,Rawalpindi,Punjab,Azizabad,Lower Portion,2.0,1.33,rental
33.586989,73.077743,65888.89,65000.0,58000,75000,6303.44,6500.0,9,10.86,Rawalpindi,Punjab,Askari 10,House,3.67,4.0,rental
33.587014,73.131062,25333.33,26000.0,20000,30000,2388.89,2500.0,3,10.67,Rawalpindi,Punjab,Airport Housing Society,Lower Portion,3.0,3.0,rental
33.58731,73.068756,33000.0,33000.0,33000,33000,6600.0,6600.0,1,5.0,Rawalpindi,Punjab,Civil Lines,Upper Portion,2.0,0.0,rental
33.5874,73.081523,43333.33,45000.0,38000,47000,4147.98,4392.52,3,10.47,Rawalpindi,Punjab,Askari 3,Flat,2.0,2.33,rental
33.587435,73.012751,21000.0,20000.0,18000,25000,4394.44,3600.0,3,5.0,Rawalpindi,Punjab,Chanman Abad,House,2.67,2.33,rental
33.587707,73.086628,40000.0,40000.0,40000,40000,4000.0,4000.0,1,10.0,Rawalpindi,Punjab,Khayaban-e-Tanveer,Lower Portion,3.0,3.0,rental
33.58772548,73.01241016,16000.0,16000.0,16000,16000,3200.0,3200.0,1,5.0,Rawalpindi,Punjab,Chanman Abad,Lower Portion,2.0,2.0,rental
33.58794491,73.01358104,14500.0,14500.0,13000,16000,2900.0,2900.0,2,5.0,Rawalpindi,Punjab,Dhok Sayedan Road,Upper Portion,2.0,0.0,rental
33.587954,72.86725,80000.0,80000.0,80000,80000,11267.61,11267.61,1,7.1,Islamabad,Islamabad Capital,Top City 1,Flat,2.0,2.0,rental
33.58827811,73.13443635,45000.0,45000.0,45000,45000,2250.0,2250.0,1,20.0,Rawalpindi,Punjab,Airport Housing Society,Upper Portion,4.0,4.0,rental
33.58831134,73.03539276,48800.0,40000.0,20000,100000,8180.0,8000.0,5,6.0,Islamabad,Islamabad Capital,E-11,House,3.0,2.6,rental
33.588419,73.018459,47500.0,47500.0,45000,50000,12045.45,12045.45,2,4.25,Rawalpindi,Punjab,Allama Iqbal Colony,House,0.0,0.0,rental
33.58857,73.135339,28666.67,31000.0,18000,35000,1811.11,1675.0,6,16.83,Rawalpindi,Punjab,Airport Housing Society,Lower Portion,3.0,2.83,rental
33.589588,72.985815,18500.0,18500.0,15000,22000,3333.33,3333.33,2,5.5,Rawalpindi,Punjab,Chakra Road,House,2.0,3.0,rental
33.589638,73.193413,35000.0,35000.0,35000,35000,3500.0,3500.0,1,10.0,Islamabad,Islamabad Capital,Naval Anchorage,Upper Portion,2.0,2.0,rental
33.58973128,73.12927846,38000.0,38000.0,38000,38000,6909.09,6909.09,1,5.5,Rawalpindi,Punjab,Airport Housing Society,House,4.0,3.0,rental
33.59028092,73.13125089,60000.0,60000.0,60000,60000,6000.0,6000.0,1,10.0,Rawalpindi,Punjab,Airport Housing Society,House,7.0,6.0,rental
33.5906521,73.12720679,35000.0,35000.0,35000,35000,3500.0,3500.0,1,10.0,Rawalpindi,Punjab,Bahria Town Rawalpindi,Upper Portion,2.0,0.0,rental
33.5908138,73.07496071,18000.0,18000.0,18000,18000,6000.0,6000.0,1,3.0,Rawalpindi,Punjab,Jhanda Chichi,House,4.0,2.0,rental
33.59081855,73.12506773,23000.0,23000.0,23000,23000,3833.33,3833.33,1,6.0,Rawalpindi,Punjab,Airport Housing Society,Lower Portion,3.0,0.0,rental
33.590885,73.13353,25250.0,18500.0,14000,50000,2762.5,2775.0,4,9.5,Rawalpindi,Punjab,Airport Housing Society,Flat,3.25,1.75,rental
33.590885,73.133533,21437.78,18000.0,8000,80000,3547.68,3400.0,225,6.63,Rawalpindi,Punjab,Airport Housing Society,Lower Portion,1.91,1.82,rental
33.59088516,73.13352966,15000.0,15000.0,14000,16000,2733.33,2733.33,2,5.5,Rawalpindi,Punjab,Airport Housing Society,Lower Portion,2.0,2.0,rental
33.591046,73.02166,20000.0,20000.0,20000,20000,4000.0,4000.0,1,5.0,Rawalpindi,Punjab,Mohammadi Colony,House,3.0,3.0,rental
33.59126402,73.12177531,20000.0,20000.0,20000,20000,5000.0,5000.0,1,4.0,Rawalpindi,Punjab,Islamabad Highway,House,3.0,3.0,rental
33.59247,73.01495,12107.14,10000.0,6000,26000,3850.0,3225.0,14,3.36,Rawalpindi,Punjab,Dhoke Banaras Road,House,0.43,0.0,rental
33.59248952,73.04735005,45000.0,45000.0,45000,45000,4500.0,4500.0,1,10.0,Rawalpindi,Punjab,G. H. Q,Flat,4.0,0.0,rental
33.592548,73.045989,15000.0,15000.0,15000,15000,3000.0,3000.0,1,5.0,Rawalpindi,Punjab,T & T Colony,House,2.0,2.0,rental
33.5926,73.00541,17000.0,17000.0,17000,17000,2125.0,2125.0,1,8.0,Rawalpindi,Punjab,Dhok Sayedan Road,Upper Portion,0.0,0.0,rental
33.592961,73.06062,40000.0,40000.0,35000,45000,4000.0,4000.0,2,10.0,Rawalpindi,Punjab,Sarwar Road,Upper Portion,2.5,3.0,rental
33.593326,73.028933,23020.41,21000.0,11500,90000,4729.59,4500.0,49,4.82,Rawalpindi,Punjab,People Colony,House,0.16,0.16,rental
33.59355135,73.01574323,16000.0,16000.0,16000,16000,3200.0,3200.0,1,5.0,Rawalpindi,Punjab,Afshan Colony,Lower Portion,2.0,0.0,rental
33.594686,73.125371,25000.0,25000.0,25000,25000,2272.73,2272.73,1,11.0,Rawalpindi,Punjab,Nawaz Colony,Flat,2.0,2.0,rental
33.595245,73.02359,25000.0,25000.0,20000,30000,3977.27,3977.27,2,6.75,Rawalpindi,Punjab,Afshan Colony,House,2.5,3.0,rental
33.595247,73.023591,25731.34,22000.0,9000,65000,4417.8,3535.71,134,6.69,Rawalpindi,Punjab,Afshan Colony,House,0.94,0.85,rental
33.595407,73.212054,40000.0,40000.0,40000,40000,2000.0,2000.0,1,20.0,Islamabad,Islamabad Capital,Gulberg,Lower Portion,3.0,3.0,rental
33.595729,73.134502,43363.64,40000.0,20000,80000,3463.64,2100.0,11,15.91,Rawalpindi,Punjab,Judicial Colony,Upper Portion,3.18,3.45,rental
33.595783,73.076677,48000.0,48000.0,46000,50000,2892.86,2892.86,2,17.0,Rawalpindi,Punjab,Chaklala Scheme,House,2.5,2.5,rental
33.59606,73.127045,25000.0,25000.0,25000,25000,5000.0,5000.0,1,5.0,Rawalpindi,Punjab,Railway Scheme 9,House,3.0,4.0,rental
33.596104,73.05358,20000.0,20000.0,20000,20000,5000.0,5000.0,2,4.0,Rawalpindi,Punjab,Saddar,Lower Portion,1.5,1.0,rental
33.596104,73.053582,15166.67,18000.0,7500,20000,5616.67,3600.0,3,5.53,Rawalpindi,Punjab,Saddar,Flat,1.33,0.67,rental
33.596446,73.12485,16000.0,16000.0,16000,16000,3200.0,3200.0,3,5.0,Rawalpindi,Punjab,Ideal Homes Society,Lower Portion,0.0,0.0,rental
33.596452,73.130761,29750.0,34000.0,11000,40000,2956.25,2850.0,4,10.75,Rawalpindi,Punjab,Airport Housing Society,Upper Portion,2.25,2.75,rental
33.59706879,73.07629395,15000.0,15000.0,15000,15000,3000.0,3000.0,1,5.0,Rawalpindi,Punjab,Chaklala Scheme,Upper Portion,2.0,2.0,rental
33.59707,73.076291,48684.21,42000.0,22000,110000,3832.58,3500.0,19,13.21,Rawalpindi,Punjab,Chaklala Scheme,Upper Portion,3.32,2.58,rental
33.59707,73.076294,40000.0,40000.0,40000,40000,5000.0,5000.0,1,8.0,Rawalpindi,Punjab,Chaklala Scheme,Lower Portion,0.0,0.0,rental
33.597141,73.070945,15000.0,15000.0,15000,15000,5000.0,5000.0,1,3.0,Rawalpindi,Punjab,Dhok Chiragh Din,Upper Portion,2.0,1.0,rental
33.59725,73.04399,10000.0,10000.0,10000,10000,11111.11,11111.11,1,0.9,Rawalpindi,Punjab,Cantt,Flat,1.0,1.0,rental
33.597253,73.043993,22500.0,22500.0,17000,28000,2600.0,2600.0,2,9.0,Rawalpindi,Punjab,Cantt,House,2.0,2.5,rental
33.597539,73.08817,13250.0,14000.0,10000,15000,2729.17,2583.33,4,5.0,Rawalpindi,Punjab,Chaklala,House,2.75,1.25,rental
33.597548,73.014176,38611.51,42000.0,6000,70000,7079.27,8000.0,139,5.72,Rawalpindi,Punjab,Shalley Valley,Upper Portion,1.46,1.37,rental
33.59755,73.014175,41666.67,25000.0,25000,75000,4852.09,4166.67,3,8.0,Rawalpindi,Punjab,Shalley Valley,Upper Portion,4.0,4.0,rental
33.597588,73.080837,74750.0,72000.0,70000,85000,6412.5,7100.0,4,12.5,Rawalpindi,Punjab,Askari 12,House,3.25,3.5,rental
33.597749,73.386683,15000.0,15000.0,15000,15000,3750.0,3750.0,1,4.0,Rawalpindi,Punjab,Kahuta,House,6.0,3.0,rental
33.597838,72.838755,80000.0,80000.0,80000,80000,6666.67,6666.67,1,12.0,Islamabad,Islamabad Capital,PAF Tarnol,House,5.0,5.0,rental
33.59789503,73.01331744,20000.0,20000.0,20000,20000,4000.0,4000.0,1,5.0,Rawalpindi,Punjab,Shalley Valley,Lower Portion,2.0,2.0,rental
33.59820458,73.06031585,65000.0,65000.0,65000,65000,9285.71,9285.71,1,7.0,Rawalpindi,Punjab,Saddar,House,4.0,4.0,rental
33.5984,73.0441,23000.0,23000.0,23000,23000,2300.0,2300.0,1,10.0,Rawalpindi,Punjab,Others,House,3.0,3.0,rental
33.59859301,73.01800346,27132.81,25000.0,10000,65000,4247.28,3571.43,64,6.88,Rawalpindi,Punjab,Range Road,House,1.8,1.88,rental
33.59859467,73.01800537,35000.0,35000.0,35000,35000,3500.0,3500.0,1,10.0,Rawalpindi,Punjab,Range Road,Lower Portion,2.0,3.0,rental
33.598595,73.018005,15000.0,15000.0,10000,20000,3750.0,3750.0,2,5.0,Rawalpindi,Punjab,Range Road,Flat,1.5,1.5,rental
33.5988096,73.07789389,16500.0,16500.0,16500,16500,3300.0,3300.0,1,5.0,Rawalpindi,Punjab,Chaklala Scheme,Upper Portion,2.0,1.0,rental
33.599018,73.211968,35000.0,35000.0,35000,35000,9590.84,9590.84,2,3.65,Islamabad,Islamabad Capital,Gulberg,Flat,2.0,2.0,rental
33.599193,72.990881,15333.33,15000.0,15000,16000,2506.29,3000.0,3,6.77,Rawalpindi,Punjab,Dhok Gujran,Lower Portion,2.33,2.33,rental
33.599245,73.15485,31000.0,30000.0,26000,37000,12092.59,10277.78,3,3.3,Islamabad,Islamabad Capital,Gulberg,Flat,1.0,0.67,rental
33.59957156,73.01104736,17000.0,17000.0,17000,17000,3400.0,3400.0,1,5.0,Rawalpindi,Punjab,Shalley Valley,Lower Portion,1.0,0.0,rental
33.59978,73.151661,22000.0,22000.0,22000,22000,11000.0,11000.0,1,2.0,Islamabad,Islamabad Capital,Gulberg,Flat,1.0,1.0,rental
33.600018,73.207161,60000.0,60000.0,60000,60000,3000.0,3000.0,2,20.0,Islamabad,Islamabad Capital,Gulberg,Upper Portion,3.0,3.0,rental
33.60017057,72.84365773,100000.0,100000.0,100000,100000,4545.45,4545.45,1,22.0,Islamabad,Islamabad Capital,Tarnol,House,6.0,6.0,rental
33.600268,73.129443,25928.57,27500.0,10000,50000,4524.24,3194.44,14,6.46,Rawalpindi,Punjab,Islamabad Highway,House,2.86,2.5,rental
33.600327,73.091517,27500.0,27500.0,25000,30000,2613.64,2613.64,2,10.5,Rawalpindi,Punjab,Walait Homes,Upper Portion,3.0,1.5,rental
33.600376,73.130983,22302.08,17750.0,6000,60000,3908.74,3200.0,48,7.07,Rawalpindi,Punjab,Gulzar-e-Quaid Housing Society,Upper Portion,2.23,1.96,rental
33.600394,73.215451,40000.0,40000.0,40000,40000,2000.0,2000.0,1,20.0,Islamabad,Islamabad Capital,Gulberg,Lower Portion,4.0,4.0,rental
33.60051224,72.99803066,20466.67,15000.0,10000,60000,3264.16,3000.0,30,6.52,Rawalpindi,Punjab,Misryal Road,Upper Portion,1.63,1.4,rental
33.600669,73.152104,45000.0,45000.0,45000,45000,9574.47,9574.47,1,4.7,Islamabad,Islamabad Capital,Gulberg,Flat,2.0,2.0,rental
33.600716,73.033188,52500.0,52500.0,40000,65000,3020.83,3020.83,2,18.0,Rawalpindi,Punjab,Peshawar Road,House,7.5,4.5,rental
33.602038,73.141966,14250.0,13000.0,11000,20000,2767.05,2750.0,4,5.75,Islamabad,Islamabad Capital,Koral Town,Lower Portion,2.25,2.5,rental
33.60226526,73.00755814,65000.0,65000.0,65000,65000,5000.0,5000.0,1,13.0,Rawalpindi,Punjab,PIA Colony,House,0.0,0.0,rental
33.602483,73.005418,42666.67,35000.0,18000,75000,3708.33,3500.0,3,12.67,Rawalpindi,Punjab,Misryal Road,House,0.0,0.0,rental
33.602664,73.030196,31460.53,26000.0,13000,95000,3781.64,3416.67,76,8.95,Rawalpindi,Punjab,Peshawar Road,Upper Portion,1.68,1.68,rental
33.602665,73.0302,30600.0,33000.0,25000,35000,4070.0,2916.67,5,8.6,Rawalpindi,Punjab,Peshawar Road,House,2.2,2.0,rental
33.602871,73.002551,12000.0,12000.0,12000,12000,4000.0,4000.0,1,3.0,Rawalpindi,Punjab,Misryal Road,Upper Portion,2.0,1.0,rental
33.602968,73.117955,17333.33,20000.0,8000,24000,1956.39,1869.16,3,8.57,Rawalpindi,Punjab,Fazal Town,Upper Portion,2.67,2.33,rental
33.60345,73.01112,14000.0,14000.0,14000,14000,1866.67,1866.67,1,7.5,Rawalpindi,Punjab,PIA Colony,House,2.0,2.0,rental
33.603452,73.011125,21272.73,18000.0,14000,35000,3257.58,3000.0,11,7.64,Rawalpindi,Punjab,PIA Colony,Upper Portion,2.18,1.64,rental
33.603504,72.997584,15875.0,16000.0,15000,16500,3175.0,3200.0,4,5.0,Rawalpindi,Punjab,Friends Colony,House,2.25,1.5,rental
33.60397,73.11396,16000.0,16000.0,16000,16000,3200.0,3200.0,1,5.0,Rawalpindi,Punjab,Shah Khalid Colony,Lower Portion,2.0,0.0,rental
33.604142,73.075141,24000.0,22000.0,12000,38000,3242.86,3428.57,3,9.5,Rawalpindi,Punjab,Tipu Road,Upper Portion,2.0,2.0,rental
33.604308,73.059168,50000.0,50000.0,50000,50000,7142.86,7142.86,1,7.0,Rawalpindi,Punjab,Gawal Mandi,House,7.0,3.0,rental
33.60446881,73.01782966,36000.0,36000.0,36000,36000,3600.0,3600.0,1,10.0,Rawalpindi,Punjab,Peshawar Road,Upper Portion,4.0,4.0,rental
33.604677,73.005142,21000.0,21000.0,21000,21000,4200.0,4200.0,1,5.0,Rawalpindi,Punjab,Misryal Road,House,3.0,3.0,rental
33.604719,73.081055,42000.0,42000.0,42000,42000,2100.0,2100.0,1,20.0,Rawalpindi,Punjab,Chaklala Scheme,Upper Portion,3.0,3.0,rental
33.60472627,73.01702231,30000.0,30000.0,30000,30000,3750.0,3750.0,1,8.0,Rawalpindi,Punjab,Peshawar Road,Upper Portion,3.0,0.0,rental
33.604744,73.11497,18000.0,18000.0,18000,18000,2571.43,2571.43,1,7.0,Rawalpindi,Punjab,Fazal Town,Upper Portion,2.0,3.0,rental
33.604816,73.130286,26714.29,25000.0,12000,42000,5619.11,4000.0,7,4.97,Islamabad,Islamabad Capital,Koral Chowk,House,3.29,1.71,rental
33.604959,72.840171,50000.0,50000.0,50000,50000,13888.89,13888.89,1,3.6,Islamabad,Islamabad Capital,Central Avenue,Flat,2.0,2.0,rental
33.60534,73.097802,72500.0,72500.0,55000,90000,5000.0,5000.0,2,15.0,Rawalpindi,Punjab,Askari 9,House,4.0,1.5,rental
33.605505,73.095818,77166.67,90000.0,45000,95000,4606.82,4500.0,6,16.83,Rawalpindi,Punjab,Askari 8,House,3.67,3.17,rental
33.605559,72.846068,38333.33,40000.0,35000,40000,2305.56,2000.0,3,17.33,Islamabad,Islamabad Capital,PAF Tarnol,House,5.67,5.33,rental
33.60572,73.10912,30000.0,30000.0,30000,30000,3000.0,3000.0,1,10.0,Rawalpindi,Punjab,Fazal Town,Upper Portion,3.0,3.0,rental
33.60572,73.109121,17500.0,18000.0,15000,19500,2785.71,2785.71,3,6.33,Rawalpindi,Punjab,Fazal Town,House,2.0,2.0,rental
33.60576027,73.0192204,28000.0,28000.0,28000,28000,2800.0,2800.0,1,10.0,Rawalpindi,Punjab,Peshawar Road,House,3.0,3.0,rental
33.605863,72.96582,83333.33,60000.0,60000,130000,11944.44,7500.0,3,7.67,Islamabad,Islamabad Capital,I-14,House,5.33,5.67,rental
33.606256,73.068688,9000.0,9000.0,9000,9000,750.0,750.0,1,12.0,Rawalpindi,Punjab,Marir,Room,2.0,1.0,rental
33.60671167,72.96775818,50000.0,50000.0,50000,50000,8333.33,8333.33,1,6.0,Islamabad,Islamabad Capital,I-14,House,4.0,5.0,rental
33.607829,73.021817,65574.07,55000.0,25500,110000,4774.69,5000.0,27,14.46,Rawalpindi,Punjab,Westridge,House,1.7,1.3,rental
33.60783,73.02182,10000.0,10000.0,10000,10000,5000.0,5000.0,1,2.0,Rawalpindi,Punjab,Westridge,Flat,1.0,1.0,rental
33.6079606,73.01191007,45000.0,45000.0,45000,45000,2500.0,2500.0,1,18.0,Rawalpindi,Punjab,Peshawar Road,House,3.0,3.0,rental
33.608375,73.066684,32700.0,17000.0,10000,100000,5852.78,4250.0,5,6.5,Rawalpindi,Punjab,Aria Mohalla,Lower Portion,2.2,2.2,rental
33.608376,73.06668,10000.0,10000.0,10000,10000,3333.33,3333.33,1,3.0,Rawalpindi,Punjab,Aria Mohalla,Room,0.0,0.0,rental
33.608937,73.010579,24000.0,25000.0,15000,32000,4175.0,3125.0,3,6.0,Rawalpindi,Punjab,Chur Chowk,House,3.0,2.33,rental
33.609044,72.972085,38250.0,25000.0,18000,100000,5414.89,3214.29,8,7.19,Islamabad,Islamabad Capital,I-14,House,3.62,4.5,rental
33.60907147,73.00033092,20000.0,20000.0,20000,20000,4000.0,4000.0,1,5.0,Rawalpindi,Punjab,Range Road,House,3.0,3.0,rental
33.60925,73.131223,31000.0,31000.0,31000,31000,5961.54,5961.54,1,5.2,Islamabad,Islamabad Capital,Islamabad Expressway,Flat,2.0,2.0,rental
33.60959781,73.1063962,23000.0,25000.0,12000,30000,2648.68,2404.49,4,10.22,Rawalpindi,Punjab,Airport Road,Flat,1.75,1.5,rental
33.60983,73.170133,35200.0,31000.0,25000,50000,7524.96,6000.0,5,4.82,Islamabad,Islamabad Capital,Gulberg,Flat,1.6,1.8,rental
33.6099,72.967384,20000.0,20000.0,20000,20000,4000.0,4000.0,1,5.0,Islamabad,Islamabad Capital,I-14,Upper Portion,3.0,3.0,rental
33.60990143,72.96738434,22500.0,22500.0,20000,25000,3785.71,3785.71,2,6.0,Islamabad,Islamabad Capital,I-14,Lower Portion,1.5,1.5,rental
33.609902,72.967386,24142.86,25000.0,8000,40000,4556.67,3571.43,7,5.93,Islamabad,Islamabad Capital,I-14,House,2.71,3.0,rental
33.610152,73.121989,21000.0,21000.0,21000,21000,2625.0,2625.0,1,8.0,Rawalpindi,Punjab,Shaheen Town,Upper Portion,3.0,3.0,rental
33.610207,73.060715,45000.0,45000.0,45000,45000,2500.0,2500.0,1,18.0,Rawalpindi,Punjab,DAV College Road,House,4.0,4.0,rental
33.61021,73.12206,30000.0,30000.0,30000,30000,4166.67,4166.67,1,7.2,Islamabad,Islamabad Capital,Shaheen Town,Lower Portion,0.0,0.0,rental
33.610683,73.127286,19500.0,13750.0,10000,75000,4731.51,4833.33,12,4.08,Rawalpindi,Punjab,Islamabad Highway,Flat,1.92,0.5,rental
33.611346,72.857287,88714.29,60000.0,25000,180000,4517.86,3000.0,7,18.29,Islamabad,Islamabad Capital,Tarnol,House,3.86,4.0,rental
33.611724,73.068216,14846.15,15000.0,10000,18000,4663.0,5000.0,13,3.43,Rawalpindi,Punjab,Dhok Elahi Baksh,Lower Portion,2.31,0.54,rental
33.611843,73.11886,16000.0,16000.0,16000,16000,4324.32,4324.32,1,3.7,Rawalpindi,Punjab,Sangar Town,Lower Portion,2.0,2.0,rental
33.611903,72.987028,65000.0,65000.0,65000,65000,6500.0,6500.0,1,10.0,Rawalpindi,Punjab,Dhok Mustaqeem Road,House,8.0,4.0,rental
33.61223815,73.01804423,85000.0,85000.0,85000,85000,4250.0,4250.0,1,20.0,Rawalpindi,Punjab,Westridge,Lower Portion,3.0,3.0,rental
33.61230069,73.01799059,75000.0,75000.0,75000,75000,3750.0,3750.0,1,20.0,Rawalpindi,Punjab,Westridge,Upper Portion,4.0,4.0,rental
33.612564,72.960321,31666.67,32000.0,28000,35000,4966.67,5000.0,3,6.67,Islamabad,Islamabad Capital,I-14,House,3.33,3.33,rental
33.612609,73.129631,15000.0,15000.0,15000,15000,3000.0,3000.0,1,5.0,Islamabad,Islamabad Capital,Ghauri Town,House,2.0,3.0,rental
33.61267,73.11939,18000.0,18000.0,18000,18000,3600.0,3600.0,1,5.0,Rawalpindi,Punjab,Sangar Town,Upper Portion,2.0,3.0,rental
33.612671,73.119396,18000.0,18000.0,16000,20000,3466.67,3600.0,4,5.25,Rawalpindi,Punjab,Sangar Town,Lower Portion,1.75,1.25,rental
33.61307654,73.0655551,18333.33,22000.0,3000,30000,4888.89,5000.0,3,3.87,Rawalpindi,Punjab,Committee Chowk,House,3.0,2.0,rental
33.613117,73.130905,16000.0,16000.0,16000,16000,2666.67,2666.67,1,6.0,Islamabad,Islamabad Capital,Ghauri Town,House,2.0,0.0,rental
33.613118,73.130908,20857.14,18000.0,9000,55000,4506.24,3864.29,42,4.9,Islamabad,Islamabad Capital,Ghauri Town,Lower Portion,2.02,2.29,rental
33.613667,73.045885,22000.0,22000.0,22000,22000,3666.67,3666.67,1,6.0,Rawalpindi,Punjab,Dhoke Ratta,Upper Portion,3.0,0.0,rental
33.613702,73.118296,27666.67,24500.0,16000,40000,5191.67,3633.33,12,5.58,Rawalpindi,Punjab,Mangral Town,House,2.67,1.67,rental
33.614262,73.007731,30000.0,30000.0,20000,40000,2916.67,2916.67,2,10.0,Rawalpindi,Punjab,Allahabad Road,House,3.0,3.0,rental
33.61445,73.118411,25000.0,25000.0,25000,25000,3571.43,3571.43,1,7.0,Rawalpindi,Punjab,Azeem Town,Upper Portion,2.0,2.0,rental
33.61486639,73.13739013,15000.0,15000.0,15000,15000,3000.0,3000.0,1,5.0,Islamabad,Islamabad Capital,Ghauri Town,Upper Portion,2.0,2.0,rental
33.614905,73.02319,50125.0,48500.0,18000,100000,6623.55,4750.0,16,11.95,Rawalpindi,Punjab,Westridge,House,2.12,1.75,rental
33.61500237,73.11882857,22000.0,22000.0,22000,22000,2200.0,2200.0,1,10.0,Rawalpindi,Punjab,Azeem Town,Upper Portion,3.0,3.0,rental
33.61524696,72.99674917,32000.0,32000.0,32000,32000,2666.67,2666.67,1,12.0,Rawalpindi,Punjab,Peshawar Road,Upper Portion,3.0,3.0,rental
33.615274,73.077942,10000.0,10000.0,10000,10000,3333.33,3333.33,1,3.0,Rawalpindi,Punjab,Dhoke Khabba,Lower Portion,2.0,1.0,rental
33.615388,73.119838,52600.0,53000.0,45000,60000,7259.31,6741.57,5,7.58,Islamabad,Islamabad Capital,The Springs,Flat,3.4,3.4,rental
33.61623526,73.13833079,20000.0,20000.0,20000,20000,4000.0,4000.0,1,5.0,Islamabad,Islamabad Capital,Ghauri Town,House,2.0,3.0,rental
33.616253,73.10849,23000.0,23000.0,16000,30000,3100.0,3100.0,2,7.5,Rawalpindi,Punjab,KRL Road,House,2.5,1.0,rental
33.61625434,73.10848832,20840.0,20000.0,6000,60000,3981.61,3800.0,50,5.23,Rawalpindi,Punjab,KRL Road,Lower Portion,0.46,0.42,rental
33.61628984,73.13788174,15000.0,15000.0,15000,15000,3000.0,3000.0,1,5.0,Islamabad,Islamabad Capital,Ghauri Town,House,2.0,2.0,rental
33.616406,73.130665,33428.57,17000.0,15000,85000,4197.62,3400.0,7,6.86,Islamabad,Islamabad Capital,Ghauri Town,Upper Portion,3.71,4.0,rental
33.616728,73.065598,25000.0,25000.0,25000,25000,5000.0,5000.0,1,5.0,Rawalpindi,Punjab,Waris Khan,Lower Portion,0.0,0.0,rental
33.61700186,73.12876582,17000.0,17000.0,17000,17000,3207.55,3207.55,1,5.3,Islamabad,Islamabad Capital,Ghauri Town,Upper Portion,2.0,3.0,rental
33.617088,73.059762,15000.0,15000.0,15000,15000,3000.0,3000.0,1,5.0,Rawalpindi,Punjab,Sarafa Bazar,Flat,2.0,1.0,rental
33.617121,73.027053,37000.0,40000.0,18000,55000,4131.41,2875.0,10,14.3,Rawalpindi,Punjab,Westridge,Lower Portion,1.2,0.3,rental
33.61728051,73.13520098,30000.0,30000.0,30000,30000,4285.71,4285.71,1,7.0,Islamabad,Islamabad Capital,Ghauri Town,House,2.0,3.0,rental
33.617443,72.969296,24000.0,25000.0,15000,50000,4280.63,3750.0,11,10.33,Islamabad,Islamabad Capital,I-14,Upper Portion,2.73,2.45,rental
33.617907,73.01435,32125.0,26000.0,15000,60000,3859.15,3487.5,16,8.94,Rawalpindi,Punjab,Westridge,Lower Portion,2.31,2.62,rental
33.618157,73.109415,18000.0,18000.0,18000,18000,3600.0,3600.0,1,5.0,Rawalpindi,Punjab,Babar Colony,House,3.0,3.0,rental
33.61854935,73.13546753,13000.0,13000.0,13000,13000,3250.0,3250.0,1,4.0,Islamabad,Islamabad Capital,Ghauri Town,Upper Portion,3.0,2.0,rental
33.61855,73.13547,18000.0,18000.0,18000,18000,3000.0,3000.0,1,6.0,Islamabad,Islamabad Capital,Ghauri Town,House,2.0,3.0,rental
33.61855,73.135471,22702.7,20000.0,10500,52000,4245.43,3600.0,37,5.52,Islamabad,Islamabad Capital,Ghauri Town,House,2.3,2.7,rental
33.618783,73.115083,60000.0,60000.0,35000,85000,3526.36,3000.0,7,19.56,Rawalpindi,Punjab,Fazaia Colony,House,2.57,1.0,rental
33.619015,73.126452,25142.86,18000.0,14000,45000,2919.05,2800.0,7,9.57,Islamabad,Islamabad Capital,Ghauri Town,Lower Portion,2.0,1.86,rental
33.619087,72.997971,29000.0,29000.0,25000,33000,4000.0,4000.0,2,8.0,Islamabad,Islamabad Capital,I-13,Lower Portion,2.5,3.5,rental
33.61909485,73.11431122,75000.0,75000.0,75000,75000,3125.0,3125.0,1,24.0,Rawalpindi,Punjab,Fazaia Colony,Upper Portion,3.0,3.0,rental
33.619335,73.12531,23222.22,22000.0,16000,38000,4852.38,4000.0,9,4.89,Islamabad,Islamabad Capital,Ghauri Town,House,2.89,2.78,rental
33.61933517,73.12531281,19333.33,20000.0,13000,25000,3019.44,3125.0,3,6.33,Islamabad,Islamabad Capital,Ghauri Town,Flat,2.33,2.33,rental
33.619337,73.125315,22967.26,20000.0,6000,80000,4439.72,3600.0,168,5.39,Islamabad,Islamabad Capital,Ghauri Town,House,2.48,2.77,rental
33.61985511,73.11535122,110000.0,110000.0,110000,110000,4583.33,4583.33,1,24.0,Rawalpindi,Punjab,Fazaia Colony,House,7.0,7.0,rental
33.620141,72.994683,25000.0,25000.0,25000,25000,4166.67,4166.67,1,6.0,Rawalpindi,Punjab,Gulshan-e-Safeer,House,3.0,3.0,rental
33.620187,73.058126,10000.0,10000.0,10000,10000,3333.33,3333.33,1,3.0,Rawalpindi,Punjab,Jamia Masjid Road,Flat,1.0,1.0,rental
33.620748,73.073004,25500.0,25500.0,19000,32000,3175.0,3175.0,2,12.0,Rawalpindi,Punjab,Qasimabad,Lower Portion,1.5,1.5,rental
33.621213,72.995331,19666.67,16000.0,16000,27000,3933.33,3200.0,3,5.0,Islamabad,Islamabad Capital,I-13,House,2.33,2.33,rental
33.621557,73.062,35000.0,35000.0,35000,35000,7000.0,7000.0,1,5.0,Rawalpindi,Punjab,Banni Chowk,House,2.0,2.0,rental
33.62162286,73.13651569,14000.0,14000.0,14000,14000,4242.42,4242.42,1,3.3,Islamabad,Islamabad Capital,Ghauri Town,House,2.0,3.0,rental
33.62180254,73.04135799,16666.67,15000.0,15000,20000,4444.44,5000.0,3,4.0,Rawalpindi,Punjab,Dhok Mangtal,House,1.0,0.67,rental
33.62191,73.064306,17000.0,17000.0,17000,17000,5666.67,5666.67,1,3.0,Rawalpindi,Punjab,Kohati Bazar,Lower Portion,2.0,1.0,rental
33.622267,73.100574,34500.0,34000.0,15000,55000,10937.5,2625.0,4,11.62,Rawalpindi,Punjab,Air Force Housing Society,Upper Portion,2.25,2.25,rental
33.622472,73.071652,13666.67,14000.0,12000,15000,6733.33,2800.0,3,3.67,Rawalpindi,Punjab,Amarpura,Upper Portion,2.33,1.67,rental
33.622767,73.127074,16500.0,15000.0,9000,30000,3225.0,3000.0,8,5.12,Rawalpindi,Punjab,Ghauri Town,Upper Portion,2.25,2.0,rental
33.62277,73.127075,22500.0,22500.0,22000,23000,3476.19,3476.19,2,6.5,Rawalpindi,Punjab,Ghauri Town,Lower Portion,2.0,2.5,rental
33.622946,72.979603,25000.0,25000.0,25000,25000,8333.33,8333.33,1,3.0,Islamabad,Islamabad Capital,I-13,House,2.0,2.0,rental
33.623053,73.153403,12333.33,12000.0,10000,16000,2423.81,2300.0,6,5.1,Islamabad,Islamabad Capital,Ghauri Town,House,2.17,2.33,rental
33.623158,72.917804,37500.0,37500.0,25000,50000,2143.15,2250.0,4,18.1,Islamabad,Islamabad Capital,G-16,Lower Portion,4.25,4.0,rental
33.623169,73.108832,55000.0,55000.0,45000,65000,3791.67,3750.0,4,16.0,Rawalpindi,Punjab,Defence Colony,House,2.75,2.5,rental
33.623339,72.984667,35000.0,33000.0,20000,52000,3416.67,3250.0,3,10.67,Islamabad,Islamabad Capital,I-13,Lower Portion,2.33,3.0,rental
33.62363344,72.92315841,32000.0,32000.0,32000,32000,4000.0,4000.0,1,8.0,Islamabad,Islamabad Capital,G-15,Lower Portion,2.0,2.0,rental
33.623947,73.126588,17000.0,17000.0,10000,22000,2989.1,2820.51,5,5.96,Islamabad,Islamabad Capital,Ghauri Town,House,2.2,2.2,rental
33.624151,72.996002,40000.0,40000.0,40000,40000,3428.57,3428.57,2,12.0,Islamabad,Islamabad Capital,12th Avenue,Penthouse,2.0,2.0,rental
33.624658,72.943627,30928.57,25000.0,15000,70000,4568.71,3000.0,7,7.57,Islamabad,Islamabad Capital,Jhangi Syedan,House,4.43,4.43,rental
33.62501928,73.12091667,18000.0,18000.0,18000,18000,4500.0,4500.0,1,4.0,Islamabad,Islamabad Capital,Ghauri Town,Upper Portion,2.0,2.0,rental
33.625197,72.912827,51352.94,50000.0,12000,110000,3336.93,3166.67,17,15.79,Islamabad,Islamabad Capital,G-16,Lower Portion,3.35,3.41,rental
33.625269,72.91832,40000.0,35000.0,35000,50000,3996.42,2916.67,3,10.8,Islamabad,Islamabad Capital,G-16,Upper Portion,3.33,3.33,rental
33.625639,72.969872,40000.0,40000.0,20000,60000,3928.57,3928.57,2,9.5,Islamabad,Islamabad Capital,Golra Mor,House,5.5,6.0,rental
33.625787,73.09369,27000.0,23000.0,15000,50000,4061.11,3571.43,12,8.54,Rawalpindi,Punjab,Khurram Colony,House,1.08,0.83,rental
33.62604107,73.07647984,42000.0,42000.0,42000,42000,2100.0,2100.0,1,20.0,Rawalpindi,Punjab,Saddar,Upper Portion,3.0,0.0,rental
33.62643917,72.9265058,25000.0,25000.0,25000,25000,5000.0,5000.0,1,5.0,Islamabad,Islamabad Capital,G-15,Flat,3.0,3.0,rental
33.6264749,72.92034745,55000.0,55000.0,55000,55000,6875.0,6875.0,1,8.0,Islamabad,Islamabad Capital,G-15,House,5.0,5.0,rental
33.62648384,72.9223001,35000.0,35000.0,35000,35000,2916.67,2916.67,1,12.0,Islamabad,Islamabad Capital,G-15,House,3.0,3.0,rental
33.62648866,72.9244031,27000.0,27000.0,27000,27000,3375.0,3375.0,1,8.0,Islamabad,Islamabad Capital,G-15,House,2.0,3.0,rental
33.62649759,72.92424217,32000.0,32000.0,32000,32000,4000.0,4000.0,1,8.0,Islamabad,Islamabad Capital,G-15,House,3.0,3.0,rental
33.62649759,72.92428508,35000.0,35000.0,35000,35000,2464.79,2464.79,1,14.2,Islamabad,Islamabad Capital,G-15,House,3.0,3.0,rental
33.62656906,72.92434946,27000.0,27000.0,27000,27000,3375.0,3375.0,1,8.0,Islamabad,Islamabad Capital,G-15,House,2.0,3.0,rental
33.62660479,72.92433873,65000.0,65000.0,65000,65000,8125.0,8125.0,1,8.0,Islamabad,Islamabad Capital,G-15,House,5.0,5.0,rental
33.62661373,72.9244782,27000.0,27000.0,27000,27000,3375.0,3375.0,1,8.0,Islamabad,Islamabad Capital,G-15,House,3.0,3.0,rental
33.62662266,72.92433873,37000.0,37000.0,37000,37000,2605.63,2605.63,1,14.2,Islamabad,Islamabad Capital,G-15,House,3.0,3.0,rental
33.62664946,72.92436019,28000.0,28000.0,28000,28000,3500.0,3500.0,1,8.0,Islamabad,Islamabad Capital,G-15,House,2.0,2.0,rental
33.62666733,72.92389885,48000.0,48000.0,48000,48000,2400.0,2400.0,1,20.0,Islamabad,Islamabad Capital,G-15,House,4.0,4.0,rental
33.62667144,72.92427421,23000.0,23000.0,23000,23000,3285.71,3285.71,1,7.0,Islamabad,Islamabad Capital,G-15,Upper Portion,3.0,2.0,rental
33.6267388,72.92397395,65000.0,65000.0,65000,65000,8125.0,8125.0,1,8.0,Islamabad,Islamabad Capital,G-15,House,5.0,5.0,rental
33.62677864,72.92238593,49000.0,49000.0,49000,49000,7000.0,7000.0,1,7.0,Islamabad,Islamabad Capital,G-15,House,0.0,0.0,rental
33.626837,72.98273,23750.0,25000.0,12000,33000,11935.47,13055.56,4,2.7,Islamabad,Islamabad Capital,Gulshan-e-Khudadad,Room,1.25,1.25,rental
33.62683868,72.98272705,35000.0,35000.0,35000,35000,15909.09,15909.09,1,2.2,Islamabad,Islamabad Capital,Gulshan-e-Khudadad,Flat,1.0,1.0,rental
33.62686387,72.92407051,56000.0,56000.0,56000,56000,2333.33,2333.33,1,24.0,Islamabad,Islamabad Capital,G-15,House,4.0,4.0,rental
33.62691,72.92433,47000.0,47000.0,29000,65000,3696.43,3696.43,2,13.5,Islamabad,Islamabad Capital,G-15,House,4.0,4.0,rental
33.626913,72.924328,50868.22,40000.0,7000,300000,4545.79,3750.0,129,11.99,Islamabad,Islamabad Capital,G-15,Upper Portion,3.21,3.16,rental
33.6269264,72.92438164,27000.0,27000.0,27000,27000,3375.0,3375.0,1,8.0,Islamabad,Islamabad Capital,G-15,House,2.0,3.0,rental
33.62699751,73.095662,20000.0,20000.0,20000,20000,4000.0,4000.0,1,5.0,Rawalpindi,Punjab,Khurram Colony,Upper Portion,2.0,2.0,rental
33.62742185,72.92307258,24000.0,24000.0,24000,24000,3428.57,3428.57,1,7.0,Islamabad,Islamabad Capital,G-15,Lower Portion,2.0,3.0,rental
33.62745759,72.92487502,26000.0,26000.0,26000,26000,3714.29,3714.29,1,7.0,Islamabad,Islamabad Capital,G-15,Lower Portion,2.0,2.0,rental
33.62761839,72.9252398,23000.0,23000.0,23000,23000,3285.71,3285.71,1,7.0,Islamabad,Islamabad Capital,G-15,Lower Portion,0.0,0.0,rental
33.62763625,73.06057334,29555.56,30000.0,13000,45000,6143.65,5857.14,18,5.15,Rawalpindi,Punjab,Asghar Mall Road,Lower Portion,2.39,1.11,rental
33.627663,72.864547,22000.0,22000.0,22000,22000,2200.0,2200.0,1,10.0,Islamabad,Islamabad Capital,E-18,House,4.0,3.0,rental
33.628011,73.10756,27666.67,18000.0,15000,50000,4580.95,3600.0,3,5.67,Rawalpindi,Punjab,Al-Noor Colony,House,3.67,4.33,rental
33.628058,73.127508,12000.0,12000.0,12000,12000,2142.86,2142.86,1,5.6,Islamabad,Islamabad Capital,Qutbal Town,Flat,3.0,2.0,rental
33.628433,73.102067,16500.0,15000.0,11500,23000,3902.78,3833.33,3,4.33,Rawalpindi,Punjab,Khanna Road,Lower Portion,2.33,1.67,rental
33.62843356,72.92527467,45000.0,45000.0,45000,45000,3750.0,3750.0,1,12.0,Islamabad,Islamabad Capital,G-15,Upper Portion,3.0,4.0,rental
33.6285053,72.93124828,120000.0,120000.0,120000,120000,6000.0,6000.0,1,20.0,Islamabad,Islamabad Capital,G-15,House,6.0,6.0,rental
33.62861,73.092252,21985.07,18000.0,8000,50000,5742.11,4400.0,67,4.26,Rawalpindi,Punjab,Muslim Town,Upper Portion,0.43,0.37,rental
33.62861,73.092255,18000.0,18000.0,18000,18000,3600.0,3600.0,1,5.0,Rawalpindi,Punjab,Muslim Town,Upper Portion,2.0,2.0,rental
33.628883,73.000788,30000.0,30000.0,30000,30000,6000.0,6000.0,1,5.0,Islamabad,Islamabad Capital,Bokra Road,House,5.0,6.0,rental
33.62896006,73.1021582,23000.0,23000.0,23000,23000,2300.0,2300.0,1,10.0,Rawalpindi,Punjab,Khanna Road,House,2.0,3.0,rental
33.629271,72.877593,30750.0,25000.0,18000,55000,4301.79,3728.57,4,7.0,Islamabad,Islamabad Capital,F-17,Lower Portion,1.5,2.0,rental
33.629272,72.877594,100000.0,100000.0,100000,100000,5000.0,5000.0,1,20.0,Islamabad,Islamabad Capital,F-17,House,10.0,6.0,rental
33.629662,73.112268,17750.0,17500.0,9000,27000,4250.0,4500.0,4,4.25,Islamabad,Islamabad Capital,Khanna Pul,Lower Portion,1.5,1.75,rental
33.629898,72.977815,38333.33,45000.0,25000,45000,5668.09,6716.42,3,6.8,Islamabad,Islamabad Capital,H-13,House,3.67,4.0,rental
33.630057,72.927146,50076.92,31000.0,22500,180000,5718.18,7031.25,13,8.65,Islamabad,Islamabad Capital,G-15,House,3.23,3.31,rental
33.63077,73.159454,30000.0,30000.0,30000,30000,2142.86,2142.86,1,14.0,Rawalpindi,Punjab,Airport Housing Society,Lower Portion,0.0,0.0,rental
33.630792,73.138835,21750.0,20750.0,11500,48000,3428.21,3142.86,10,6.2,Islamabad,Islamabad Capital,Ghauri Town,House,2.7,2.8,rental
33.63135708,72.92141646,13000.0,13000.0,13000,13000,5909.09,5909.09,1,2.2,Islamabad,Islamabad Capital,G-15,Flat,2.0,2.0,rental
33.631451,72.854419,40000.0,40000.0,40000,40000,2000.0,2000.0,1,20.0,Islamabad,Islamabad Capital,E-18,Lower Portion,3.0,3.0,rental
33.63148499,72.92655945,62000.0,62000.0,62000,62000,8857.14,8857.14,1,7.0,Islamabad,Islamabad Capital,G-15,Upper Portion,7.0,7.0,rental
33.631485,72.92656,49000.0,49000.0,48000,50000,4073.53,4073.53,2,14.25,Islamabad,Islamabad Capital,G-15,Flat,3.5,3.5,rental
33.631486,72.926559,40150.88,34000.0,12000,160000,5007.97,4137.93,285,9.15,Islamabad,Islamabad Capital,G-15,House,2.58,2.75,rental
33.63154,73.072566,28750.0,30000.0,20000,35000,6187.5,6000.0,4,4.75,Rawalpindi,Punjab,Chandni Chowk,Lower Portion,1.75,1.5,rental
33.631594,73.08103,28500.0,30000.0,24000,30000,5200.0,5000.0,4,5.5,Rawalpindi,Punjab,Affandi Colony,Upper Portion,2.0,1.0,rental
33.6316026,72.92092681,11000.0,11000.0,11000,11000,12222.22,12222.22,1,0.9,Islamabad,Islamabad Capital,G-15,Flat,1.0,1.0,rental
33.63169098,72.93846893,10000.0,10000.0,10000,10000,5882.35,5882.35,1,1.7,Islamabad,Islamabad Capital,Motorway Chowk,Flat,1.0,1.0,rental
33.631691,72.938467,35000.0,35000.0,35000,35000,7000.0,7000.0,1,5.0,Islamabad,Islamabad Capital,Motorway Chowk,House,5.0,4.0,rental
33.631701,72.921395,19425.0,16000.0,9000,35000,6199.59,5833.33,20,3.57,Islamabad,Islamabad Capital,G-15,Flat,1.9,1.85,rental
33.631915,72.929034,45523.81,30000.0,28000,115000,5111.88,4285.71,21,9.64,Islamabad,Islamabad Capital,G-15,House,3.19,3.24,rental
33.631987,72.880297,28744.9,25000.0,12000,100000,3610.59,3214.29,49,8.44,Islamabad,Islamabad Capital,F-17,House,2.69,2.78,rental
33.63199,72.880295,37500.0,37500.0,25000,50000,3409.09,3409.09,2,11.0,Islamabad,Islamabad Capital,F-17,House,6.0,4.5,rental
33.632022,73.039205,10000.0,10000.0,10000,10000,3500.0,3500.0,2,3.5,Rawalpindi,Punjab,Pir Wadhai,Flat,1.0,1.0,rental
33.632156,73.074342,41636.36,40000.0,35000,68000,6619.91,7000.0,11,6.64,Rawalpindi,Punjab,Satellite Town,Lower Portion,2.18,0.0,rental
33.632166,73.111507,41357.14,31500.0,14000,164000,6605.17,5964.52,14,7.17,Islamabad,Islamabad Capital,Islamabad Expressway,Flat,2.21,2.21,rental
33.63232617,72.92216063,10000.0,10000.0,10000,10000,9090.91,9090.91,1,1.1,Islamabad,Islamabad Capital,G-15,Flat,1.0,1.0,rental
33.63238,73.080232,23500.0,23500.0,22000,25000,6166.67,6166.67,2,4.0,Rawalpindi,Punjab,Sadiqa Abad,House,2.0,2.0,rental
33.63239763,73.08073282,36214.29,37000.0,15000,50000,9080.07,7545.45,14,5.49,Rawalpindi,Punjab,Sadiqabad,House,2.79,1.36,rental
33.632428,72.922147,27000.0,27000.0,27000,27000,2523.36,2523.36,1,10.7,Islamabad,Islamabad Capital,G-15,Flat,4.0,4.0,rental
33.63246016,72.92101264,11000.0,11000.0,11000,11000,4230.77,4230.77,1,2.6,Islamabad,Islamabad Capital,G-15,Flat,1.0,1.0,rental
33.63278341,73.06892514,48000.0,48000.0,48000,48000,6857.14,6857.14,1,7.0,Rawalpindi,Punjab,Chandni Chowk,House,3.0,3.0,rental
33.633018,73.019991,24000.0,24000.0,20000,28000,5714.29,5714.29,2,4.2,Islamabad,Islamabad Capital,I-11,Flat,2.0,1.0,rental
33.63314355,72.9181449,52000.0,52000.0,52000,52000,6500.0,6500.0,1,8.0,Islamabad,Islamabad Capital,G-15,House,4.0,5.0,rental
33.63318821,72.91789813,55000.0,55000.0,55000,55000,6875.0,6875.0,1,8.0,Islamabad,Islamabad Capital,G-15,House,4.0,4.0,rental
33.633416,72.91822,49676.47,35000.0,15000,175000,4526.37,3732.14,34,11.39,Islamabad,Islamabad Capital,G-15,Lower Portion,3.41,3.44,rental
33.633452,73.09963,17500.0,15000.0,11000,30000,3974.66,3000.0,6,4.78,Rawalpindi,Punjab,Shakrial,House,2.5,2.33,rental
33.63345337,73.09963226,15000.0,15000.0,15000,15000,5000.0,5000.0,1,3.0,Rawalpindi,Punjab,Shakrial,Lower Portion,2.0,0.0,rental
33.633484,73.08767,16000.0,16000.0,16000,16000,5517.24,5517.24,1,2.9,Rawalpindi,Punjab,Transformer Chowk,Flat,2.0,2.0,rental
33.633484,73.087673,21000.0,21000.0,20000,22000,5533.33,5533.33,2,4.0,Rawalpindi,Punjab,Transformer Chowk,Flat,2.5,1.5,rental
33.63442,73.059167,30800.0,37000.0,11000,45000,7138.89,4500.0,5,6.18,Rawalpindi,Punjab,Holy Family Road,Lower Portion,2.2,2.6,rental
33.634559,72.883,26000.0,26000.0,24000,28000,2900.0,2900.0,2,9.0,Islamabad,Islamabad Capital,F-17,House,3.0,3.0,rental
33.63477375,72.98415184,19666.67,19000.0,16000,24000,5091.95,3800.0,3,4.3,Islamabad,Islamabad Capital,Abdullah Garden,Flat,2.0,2.33,rental
33.635047,73.07582,42255.32,36000.0,18000,95000,7489.69,7000.0,47,5.86,Rawalpindi,Punjab,Satellite Town,Upper Portion,2.49,0.68,rental
33.635399,73.032571,21333.33,17000.0,17000,30000,7078.25,6296.3,3,3.43,Islamabad,Islamabad Capital,IJP Road,Flat,2.0,1.33,rental
33.6358814,73.09079647,21533.33,21000.0,7000,35000,5431.01,4400.0,15,4.36,Rawalpindi,Punjab,Kurri Road,House,1.47,0.87,rental
33.636132,73.068559,44277.78,44000.0,9000,100000,7295.77,7000.0,153,6.22,Rawalpindi,Punjab,Satellite Town,Lower Portion,2.67,2.0,rental
33.636132,73.113921,15500.0,15500.0,15000,16000,3475.0,3475.0,2,4.5,Islamabad,Islamabad Capital,Garden Town,House,2.0,2.5,rental
33.636642,72.97745,36000.0,36000.0,36000,36000,7200.0,7200.0,1,5.0,Islamabad,Islamabad Capital,H-13,House,0.0,0.0,rental
33.636846,72.922769,58916.67,41000.0,25000,275000,3626.45,3214.29,12,14.7,Islamabad,Islamabad Capital,G-15,Upper Portion,3.25,3.33,rental
33.6369,72.929006,26000.0,26000.0,26000,26000,3714.29,3714.29,1,7.0,Islamabad,Islamabad Capital,GT Road,Lower Portion,0.0,0.0,rental
33.63712116,72.92654118,35000.0,35000.0,35000,35000,6363.64,6363.64,1,5.5,Islamabad,Islamabad Capital,G-15,Flat,2.0,2.0,rental
33.63739,73.076675,36142.86,32000.0,11000,90000,6387.89,6000.0,77,6.09,Rawalpindi,Punjab,Satellite Town,Upper Portion,2.26,0.88,rental
33.637407,72.927834,37133.33,35000.0,23000,51000,6399.01,6338.03,15,6.03,Islamabad,Islamabad Capital,G-15,Flat,2.07,2.0,rental
33.637489,72.972193,26646.15,20000.0,8000,125000,4923.92,4000.0,65,5.52,Islamabad,Islamabad Capital,H-13,Lower Portion,2.86,3.17,rental
33.63749,72.97219,24500.0,22500.0,12000,45000,4614.94,3500.0,6,5.47,Islamabad,Islamabad Capital,H-13,Flat,2.67,3.17,rental
33.638016,73.080731,30000.0,30000.0,30000,30000,5000.0,5000.0,1,6.0,Rawalpindi,Punjab,Magistrate Colony,House,3.0,2.0,rental
33.638123,72.984246,25000.0,25000.0,25000,25000,4166.67,4166.67,1,6.0,Islamabad,Islamabad Capital,H-13,Lower Portion,4.0,3.0,rental
33.63839141,73.0631268,31090.91,32000.0,15000,58000,6023.68,5172.41,11,5.85,Rawalpindi,Punjab,Saidpur Road,Upper Portion,2.09,1.73,rental
33.63843536,73.06959534,12500.0,12500.0,10000,15000,3500.0,3500.0,2,4.0,Rawalpindi,Punjab,Satellite Town,Flat,1.5,1.0,rental
33.638436,73.069593,39947.37,35000.0,13000,110000,7971.34,7142.86,19,5.21,Rawalpindi,Punjab,Satellite Town,Upper Portion,2.0,1.84,rental
33.63849,72.946808,25000.0,25000.0,25000,25000,6250.0,6250.0,1,4.0,Islamabad,Islamabad Capital,G-14,Upper Portion,2.0,2.0,rental
33.63857452,73.05638373,32000.0,32000.0,32000,32000,2909.09,2909.09,1,11.0,Rawalpindi,Punjab,Satellite Town,Lower Portion,3.0,2.0,rental
33.638718,73.056339,20666.67,19000.0,18000,25000,4839.51,5000.0,3,4.47,Rawalpindi,Punjab,Mohallah Raja Sultan,Upper Portion,2.33,1.67,rental
33.638775,73.01785,20500.0,20500.0,20500,20500,4659.09,4659.09,1,4.4,Islamabad,Islamabad Capital,I-11,Flat,2.0,2.0,rental
33.6388457,72.95292037,230000.0,230000.0,230000,230000,9583.33,9583.33,1,24.0,Islamabad,Islamabad Capital,G-14,House,10.0,12.0,rental
33.638847,73.048089,24547.95,20000.0,14000,85000,6146.76,5666.67,73,4.4,Rawalpindi,Punjab,Khayaban-e-Sir Syed,House,0.7,0.55,rental
33.639311,73.148646,27058.82,30000.0,8000,46000,4862.29,4500.0,17,5.82,Islamabad,Islamabad Capital,Lehtarar Road,Upper Portion,2.47,2.94,rental
33.63938,72.918106,50000.0,50000.0,50000,50000,2083.33,2083.33,1,24.0,Islamabad,Islamabad Capital,F-15,Upper Portion,4.0,4.0,rental
33.639383,72.918105,46857.14,43500.0,30000,120000,2976.18,2925.0,14,16.85,Islamabad,Islamabad Capital,F-15,Upper Portion,3.29,2.79,rental
33.639587,72.91799,50000.0,50000.0,50000,50000,2500.0,2500.0,1,20.0,Islamabad,Islamabad Capital,G-15,Upper Portion,4.0,4.0,rental
33.63973193,73.07021843,35000.0,35000.0,35000,35000,5833.33,5833.33,1,6.0,Rawalpindi,Punjab,Satellite Town,Lower Portion,2.0,2.0,rental
33.639853,73.079418,44980.0,45000.0,27000,63000,7380.23,6000.0,25,6.64,Rawalpindi,Punjab,Satellite Town,Upper Portion,2.68,1.24,rental
33.639854,73.079414,35000.0,35000.0,35000,35000,5000.0,5000.0,1,7.0,Rawalpindi,Punjab,Satellite Town,Lower Portion,3.0,0.0,rental
33.63990261,73.07048172,35000.0,35000.0,35000,35000,5833.33,5833.33,1,6.0,Rawalpindi,Punjab,Satellite Town,Upper Portion,2.0,2.0,rental
33.64007066,72.92328715,55000.0,55000.0,55000,55000,2750.0,2750.0,1,20.0,Islamabad,Islamabad Capital,G-15,Upper Portion,4.0,4.0,rental
33.64021,73.10073,12000.0,12000.0,12000,12000,2000.0,2000.0,1,6.0,Rawalpindi,Punjab,Shakrial,Upper Portion,2.0,1.0,rental
33.640232,73.10313229,15000.0,15000.0,15000,15000,5000.0,5000.0,1,3.0,Rawalpindi,Punjab,Shakrial,House,3.0,2.0,rental
33.640276,73.153925,35300.0,21500.0,12000,80000,3030.0,3500.0,10,18.3,Islamabad,Islamabad Capital,Tarlai,House,2.5,2.4,rental
33.64029676,73.07705518,40000.0,40000.0,40000,40000,5000.0,5000.0,1,8.0,Rawalpindi,Punjab,Murree Road,Lower Portion,5.0,3.0,rental
33.640419,73.110943,16000.0,16000.0,15000,17000,2450.0,2450.0,2,7.5,Islamabad,Islamabad Capital,New Shakrial,House,3.0,2.5,rental
33.640455,73.084095,23853.66,22000.0,5000,65000,5592.07,5000.0,41,4.66,Rawalpindi,Punjab,Dhok Paracha,Upper Portion,2.1,0.39,rental
33.6406599,72.98163291,15000.0,15000.0,15000,15000,1666.67,1666.67,1,9.0,Islamabad,Islamabad Capital,H-13,Lower Portion,2.0,2.0,rental
33.64073634,73.04565961,70000.0,70000.0,70000,70000,14000.0,14000.0,1,5.0,Rawalpindi,Punjab,Khayaban-e-Sir Syed,House,7.0,6.0,rental
33.64079416,72.91869521,42000.0,42000.0,42000,42000,3157.89,3157.89,1,13.3,Islamabad,Islamabad Capital,F-15,Upper Portion,3.0,3.0,rental
33.64079807,72.94940416,23000.0,23000.0,23000,23000,4600.0,4600.0,1,5.0,Islamabad,Islamabad Capital,G-14,Lower Portion,1.0,0.0,rental
33.641205,73.06577,48083.33,45000.0,15000,100000,6970.04,6428.57,48,6.91,Rawalpindi,Punjab,Satellite Town,Upper Portion,2.79,0.65,rental
33.641419,73.197355,5500.0,5500.0,5500,5500,3437.5,3437.5,1,1.6,Islamabad,Islamabad Capital,Al Huda Town,Room,1.0,1.0,rental
33.641421,72.981755,50000.0,50000.0,50000,50000,4901.96,4901.96,1,10.2,Islamabad,Islamabad Capital,H-13,Flat,3.0,4.0,rental
33.641747,73.217908,14500.0,16000.0,10000,16000,2900.0,3200.0,4,5.0,Islamabad,Islamabad Capital,Shaheen Town,House,0.0,0.0,rental
33.641781,72.981633,35000.0,35000.0,35000,35000,7000.0,7000.0,1,5.0,Islamabad,Islamabad Capital,H-12,Flat,2.0,2.0,rental
33.64191818,73.16572571,8000.0,8000.0,8000,8000,4000.0,4000.0,1,2.0,Islamabad,Islamabad Capital,Taramrri,House,2.0,1.0,rental
33.64191959,72.95167565,23000.0,23000.0,23000,23000,4107.14,4107.14,1,5.6,Islamabad,Islamabad Capital,G-14,Upper Portion,2.0,2.0,rental
33.64192,73.165727,15850.0,12500.0,6000,45000,4545.06,4250.0,10,3.76,Islamabad,Islamabad Capital,Taramrri,House,2.3,2.0,rental
33.641955,72.952859,52086.96,35000.0,10000,300000,4726.27,3931.82,46,15.15,Islamabad,Islamabad Capital,G-14,Lower Portion,3.13,2.91,rental
33.642138,73.216612,13500.0,13500.0,10000,17000,2700.0,2700.0,2,5.0,Islamabad,Islamabad Capital,Shaheen Town,Lower Portion,2.0,2.5,rental
33.64221156,73.19565944,9000.0,9000.0,9000,9000,2250.0,2250.0,1,4.0,Islamabad,Islamabad Capital,Al Huda Town,House,2.0,2.0,rental
33.642491,73.213663,10000.0,10000.0,10000,10000,3333.33,3333.33,1,3.0,Islamabad,Islamabad Capital,Arsalan Town,House,3.0,2.0,rental
33.64256287,73.03599548,27666.67,25000.0,22000,36000,4082.62,4464.29,3,6.77,Islamabad,Islamabad Capital,I-10,Lower Portion,2.67,1.33,rental
33.642563,73.035994,30812.5,25500.0,10000,100000,6478.06,5357.14,112,5.0,Islamabad,Islamabad Capital,I-10,Upper Portion,2.18,1.62,rental
33.642563,73.035995,32000.0,31000.0,22000,45000,5287.19,5767.86,8,6.29,Islamabad,Islamabad Capital,I-10,Upper Portion,2.25,1.75,rental
33.64258096,73.18652335,15000.0,15000.0,15000,15000,2678.57,2678.57,1,5.6,Islamabad,Islamabad Capital,Ali Pur,Lower Portion,3.0,3.0,rental
33.64296462,73.06841612,36600.0,37500.0,13000,60000,7802.56,6339.29,20,5.94,Rawalpindi,Punjab,Satellite Town,Upper Portion,2.45,2.3,rental
33.643,73.08328,20500.0,20500.0,18000,23000,5875.0,5875.0,2,3.5,Rawalpindi,Punjab,Dhok Kashmirian,Flat,2.5,2.0,rental
33.643,73.083284,22698.41,20000.0,8000,55000,5288.9,5000.0,63,4.42,Rawalpindi,Punjab,Dhok Kashmirian,Lower Portion,1.84,0.92,rental
33.64351839,73.07051897,22100.0,25500.0,4500,29000,3643.33,4416.67,5,7.2,Rawalpindi,Punjab,Pindora,Upper Portion,2.0,1.0,rental
33.643527,72.938311,28727.27,28000.0,18000,45000,5475.21,5000.0,11,5.49,Islamabad,Islamabad Capital,G-14,Upper Portion,0.0,0.0,rental
33.6435917,72.96024452,37000.0,37000.0,37000,37000,8409.09,8409.09,1,4.4,Islamabad,Islamabad Capital,G-13,House,5.0,3.0,rental
33.643635,73.125243,38857.14,22000.0,12000,80000,3654.76,4000.0,7,11.29,Islamabad,Islamabad Capital,Burma Town,House,3.29,2.86,rental
33.643982,73.20804,12000.0,12000.0,12000,12000,2400.0,2400.0,1,5.0,Islamabad,Islamabad Capital,Jhang Syedan,House,3.0,3.0,rental
33.643983,73.208041,19750.0,18500.0,17000,25000,2839.29,2464.29,4,7.25,Islamabad,Islamabad Capital,Jhang Syedan,Lower Portion,2.0,2.25,rental
33.644028,73.082916,1800.0,1800.0,1800,1800,1800.0,1800.0,1,1.0,Rawalpindi,Punjab,Data Ganj Bakhsh Road,Room,0.0,0.0,rental
33.644278,73.173237,15750.0,14000.0,10000,25000,3267.86,3142.86,4,5.05,Islamabad,Islamabad Capital,Ali Pur,House,1.25,1.25,rental
33.64437584,72.9603231,45000.0,45000.0,45000,45000,10227.27,10227.27,1,4.4,Islamabad,Islamabad Capital,G-13,House,4.0,5.0,rental
33.6444099,73.03462981,56000.0,56000.0,56000,56000,14000.0,14000.0,1,4.0,Islamabad,Islamabad Capital,I-10,House,4.0,3.0,rental
33.644455,72.9433,20000.0,20000.0,20000,20000,4000.0,4000.0,1,5.0,Islamabad,Islamabad Capital,G-14,Lower Portion,1.0,2.0,rental
33.644456,72.943296,54000.0,60000.0,20000,95000,4070.73,3669.72,29,15.06,Islamabad,Islamabad Capital,G-14,House,1.24,1.14,rental
33.64460806,72.9603231,65000.0,65000.0,65000,65000,8125.0,8125.0,1,8.0,Islamabad,Islamabad Capital,G-13,House,5.0,7.0,rental
33.64463066,72.96127573,48000.0,48000.0,48000,48000,10909.09,10909.09,1,4.4,Islamabad,Islamabad Capital,G-13,House,4.0,5.0,rental
33.64467952,72.96060205,24000.0,24000.0,24000,24000,5454.55,5454.55,1,4.4,Islamabad,Islamabad Capital,G-13,Lower Portion,2.0,3.0,rental
33.645128,72.924167,43000.0,43000.0,41000,45000,1791.67,1791.67,2,24.0,Islamabad,Islamabad Capital,F-15,Upper Portion,4.0,4.0,rental
33.64517969,72.96143889,50000.0,50000.0,50000,50000,3521.13,3521.13,1,14.2,Islamabad,Islamabad Capital,G-13,Lower Portion,3.0,4.0,rental
33.64538958,73.04927051,22000.0,22000.0,22000,22000,3666.67,3666.67,1,6.0,Islamabad,Islamabad Capital,I-10,Upper Portion,2.0,0.0,rental
33.64558634,72.96088413,28000.0,28000.0,28000,28000,6363.64,6363.64,1,4.4,Islamabad,Islamabad Capital,G-13,Lower Portion,2.0,3.0,rental
33.645742,73.059804,15000.0,15000.0,15000,15000,2830.19,2830.19,1,5.3,Rawalpindi,Punjab,New Katarian,Flat,3.0,1.0,rental
33.64579177,72.96123282,48000.0,48000.0,48000,48000,12000.0,12000.0,1,4.0,Islamabad,Islamabad Capital,G-13,House,4.0,5.0,rental
33.645957,72.962472,41148.06,42000.0,10000,200000,7281.12,5681.82,206,6.93,Islamabad,Islamabad Capital,G-13,Upper Portion,2.48,2.5,rental
33.64595795,72.96247101,28000.0,28000.0,28000,28000,7000.0,7000.0,1,4.0,Islamabad,Islamabad Capital,G-13,Lower Portion,2.0,2.0,rental
33.645958,72.96247,25000.0,25000.0,24000,26000,5954.55,5954.55,2,4.2,Islamabad,Islamabad Capital,G-13,Lower Portion,1.5,2.0,rental
33.646113,73.236695,21333.33,22000.0,17000,25000,3834.48,3793.1,3,5.53,Islamabad,Islamabad Capital,Royal City,Upper Portion,2.0,3.0,rental
33.646243,73.073072,17000.0,17000.0,14000,20000,3400.0,3400.0,2,5.0,Rawalpindi,Punjab,Pindora,House,2.0,1.0,rental
33.64641953,73.0452652,40000.0,40000.0,40000,40000,7142.86,7142.86,1,5.6,Islamabad,Islamabad Capital,I-10,Lower Portion,2.0,2.0,rental
33.64642,73.045265,38555.56,38000.0,25000,50000,5725.16,5970.15,9,6.71,Islamabad,Islamabad Capital,I-10,Upper Portion,2.22,2.0,rental
33.646421,73.045263,36250.0,35000.0,21000,56000,5843.35,5714.29,146,6.32,Islamabad,Islamabad Capital,I-10,Lower Portion,1.99,1.81,rental
33.646493,72.919521,64285.71,49000.0,32000,160000,3378.34,2345.83,14,19.33,Islamabad,Islamabad Capital,F-15,Upper Portion,3.79,4.0,rental
33.646551,73.086988,20312.5,16000.0,10000,48000,4671.13,4900.0,16,4.47,Rawalpindi,Punjab,Bilal Colony,Lower Portion,2.25,0.5,rental
33.64665,72.95524,40000.0,40000.0,40000,40000,2816.9,2816.9,1,14.2,Islamabad,Islamabad Capital,G-13,Upper Portion,3.0,3.0,rental
33.64669831,72.95976994,47000.0,47000.0,47000,47000,10681.82,10681.82,1,4.4,Islamabad,Islamabad Capital,G-13,House,4.0,4.0,rental
33.64674297,72.96458826,48000.0,48000.0,48000,48000,12000.0,12000.0,1,4.0,Islamabad,Islamabad Capital,G-13,House,4.0,5.0,rental
33.64674776,73.08989847,21423.31,22000.0,5500,31000,4914.71,4600.0,163,4.58,Rawalpindi,Punjab,Farooq-e-Azam Road,Flat,0.66,0.56,rental
33.646824,73.112588,20000.0,20000.0,20000,20000,4000.0,4000.0,2,5.0,Islamabad,Islamabad Capital,Al Qaim Town,House,3.0,4.0,rental
33.6470927,72.96487513,50000.0,50000.0,50000,50000,11363.64,11363.64,1,4.4,Islamabad,Islamabad Capital,G-13,House,5.0,5.0,rental
33.64711997,72.96437436,48000.0,48000.0,48000,48000,10909.09,10909.09,1,4.4,Islamabad,Islamabad Capital,G-13,House,5.0,5.0,rental
33.647328,73.037486,33250.0,28000.0,12000,62000,5205.56,2937.5,12,11.53,Islamabad,Islamabad Capital,Korang Road,Upper Portion,1.42,0.67,rental
33.64812268,72.96855593,46000.0,46000.0,46000,46000,11500.0,11500.0,1,4.0,Islamabad,Islamabad Capital,G-13,House,4.0,5.0,rental
33.648606,72.962353,18000.0,18000.0,18000,18000,4090.91,4090.91,1,4.4,Islamabad,Islamabad Capital,G-13,Lower Portion,2.0,2.0,rental
33.64863586,73.03993988,16500.0,16500.0,16500,16500,8250.0,8250.0,1,2.0,Islamabad,Islamabad Capital,I-10,Flat,1.0,1.0,rental
33.648636,73.039942,28000.0,26500.0,10000,48000,7290.95,5552.25,8,4.55,Islamabad,Islamabad Capital,I-10,Flat,1.75,1.25,rental
33.64881477,72.84582496,40000.0,40000.0,40000,40000,2000.0,2000.0,1,20.0,Islamabad,Islamabad Capital,D-18,Upper Portion,4.0,4.0,rental
33.64892197,73.03897095,18000.0,18000.0,18000,18000,3000.0,3000.0,1,6.0,Islamabad,Islamabad Capital,I-10,Upper Portion,2.0,1.0,rental
33.648922,73.038969,33154.55,32000.0,13000,120000,5920.22,5333.33,165,5.93,Islamabad,Islamabad Capital,I-10,Lower Portion,2.42,1.89,rental
33.648922,73.03897,63000.0,63000.0,36000,90000,7500.0,7500.0,2,8.0,Islamabad,Islamabad Capital,I-10,House,1.5,1.5,rental
33.648957,73.219124,84000.0,84000.0,18000,150000,4875.0,4875.0,2,14.0,Islamabad,Islamabad Capital,Thanda Pani,House,2.5,1.5,rental
33.64930068,72.95604732,115000.0,115000.0,115000,115000,8214.29,8214.29,1,14.0,Islamabad,Islamabad Capital,G-13,Penthouse,7.0,0.0,rental
33.649315,72.96839,50000.0,50000.0,50000,50000,4166.67,4166.67,1,12.0,Islamabad,Islamabad Capital,G-13,Upper Portion,3.0,0.0,rental
33.649315,72.968395,51707.01,44000.0,11000,250000,5871.25,5227.27,157,9.41,Islamabad,Islamabad Capital,G-13,Lower Portion,1.99,1.68,rental
33.64943995,72.97688305,16000.0,16000.0,16000,16000,8000.0,8000.0,1,2.0,Islamabad,Islamabad Capital,G-13,Flat,2.0,1.0,rental
33.649494,73.104401,46000.0,46000.0,46000,46000,3833.33,3833.33,1,12.0,Islamabad,Islamabad Capital,Sohan Valley,Lower Portion,3.0,3.0,rental
33.649779,73.029385,35854.84,30000.0,8000,80000,6144.03,5278.61,124,5.96,Islamabad,Islamabad Capital,I-10,Upper Portion,2.44,2.06,rental
33.64978,73.02939,38366.67,35000.0,20000,80000,6089.79,5522.39,15,6.39,Islamabad,Islamabad Capital,I-10,Upper Portion,2.53,2.53,rental
33.64978027,73.02938843,30500.0,30500.0,26000,35000,5238.1,5238.1,2,5.8,Islamabad,Islamabad Capital,I-10,Upper Portion,2.5,2.0,rental
33.64996718,72.96620721,100000.0,100000.0,100000,100000,10000.0,10000.0,1,10.0,Islamabad,Islamabad Capital,G-13,House,7.0,8.0,rental
33.650065,72.90699,18750.0,18750.0,7500,30000,2793.1,2793.1,2,6.45,Islamabad,Islamabad Capital,Tarnol,House,2.5,2.5,rental
33.650065,72.963681,60457.6,50000.0,54,235000,7363.66,6250.0,777,9.34,Islamabad,Islamabad Capital,G-13,House,2.98,2.64,rental
33.650066,72.963684,49285.71,50000.0,24000,95000,6675.05,6000.0,7,9.17,Islamabad,Islamabad Capital,G-13,House,3.57,3.86,rental
33.65006638,72.96368408,60750.0,50000.0,23000,120000,9669.49,9850.35,4,6.65,Islamabad,Islamabad Capital,G-13,House,4.0,4.0,rental
33.65030189,72.96901727,110000.0,110000.0,110000,110000,7638.89,7638.89,1,14.4,Islamabad,Islamabad Capital,G-13,House,7.0,7.0,rental
33.650351,73.063556,27000.0,27000.0,27000,27000,5400.0,5400.0,1,5.0,Rawalpindi,Punjab,Ghousia Colony,Upper Portion,2.0,2.0,rental
33.65041121,72.95674704,33000.0,33000.0,33000,33000,4714.29,4714.29,1,7.0,Islamabad,Islamabad Capital,G-13,Lower Portion,2.0,3.0,rental
33.6504443,72.9543601,40000.0,40000.0,40000,40000,5000.0,5000.0,1,8.0,Islamabad,Islamabad Capital,G-13,Upper Portion,3.0,3.0,rental
33.65045223,73.02628968,25000.0,25000.0,25000,25000,5000.0,5000.0,1,5.0,Islamabad,Islamabad Capital,I-10,Upper Portion,2.0,1.0,rental
33.650458,72.956636,55111.65,42000.0,25000,150000,6444.07,5000.0,103,9.05,Islamabad,Islamabad Capital,G-13,House,3.06,3.14,rental
33.65045929,72.95663452,40000.0,40000.0,40000,40000,4000.0,4000.0,1,10.0,Islamabad,Islamabad Capital,G-13,Upper Portion,4.0,4.0,rental
33.65046,72.956635,55000.0,55000.0,55000,55000,7857.14,7857.14,1,7.0,Islamabad,Islamabad Capital,G-13,Lower Portion,4.0,0.0,rental
33.65069,73.202934,9000.0,9000.0,6000,12000,5400.0,5400.0,2,1.75,Islamabad,Islamabad Capital,Alipur Farash,Room,1.5,1.5,rental
33.65075656,72.95860208,42000.0,42000.0,42000,42000,5250.0,5250.0,1,8.0,Islamabad,Islamabad Capital,G-13,Lower Portion,3.0,3.0,rental
33.65085552,72.95874102,85000.0,85000.0,85000,85000,10625.0,10625.0,1,8.0,Islamabad,Islamabad Capital,G-13,House,5.0,6.0,rental
33.650958,72.96303,57720.0,50000.0,15000,200000,6201.18,5428.57,25,9.59,Islamabad,Islamabad Capital,G-13,House,3.88,4.24,rental
33.651485,73.08069,28650.0,24500.0,15000,70000,5326.64,4483.33,20,6.04,Rawalpindi,Punjab,Shams Abad,House,3.0,1.45,rental
33.65161084,72.95796429,85000.0,85000.0,85000,85000,10625.0,10625.0,1,8.0,Islamabad,Islamabad Capital,G-13,House,5.0,6.0,rental
33.65163308,73.08048807,70000.0,70000.0,70000,70000,5384.62,5384.62,1,13.0,Rawalpindi,Punjab,Shams Abad,House,2.0,3.0,rental
33.6516995,73.06422114,32000.0,32000.0,32000,32000,11851.85,11851.85,1,2.7,Islamabad,Islamabad Capital,IJP Road,Flat,2.0,1.0,rental
33.65176445,72.9589754,80000.0,80000.0,80000,80000,10000.0,10000.0,1,8.0,Islamabad,Islamabad Capital,G-13,House,5.0,6.0,rental
33.651923,72.985343,39000.0,25000.0,22000,70000,3457.41,4400.0,3,27.33,Islamabad,Islamabad Capital,Kashmir Highway,Upper Portion,3.33,2.67,rental
33.652644,73.098387,25000.0,25000.0,25000,25000,5952.38,5952.38,1,4.2,Islamabad,Islamabad Capital,Victoria Heights,Flat,2.0,2.0,rental
33.653066,73.053846,29772.73,30000.0,16000,65000,7158.52,5200.0,22,5.47,Islamabad,Islamabad Capital,I-9,Lower Portion,1.95,1.68,rental
33.65308825,72.96421623,40000.0,40000.0,40000,40000,4000.0,4000.0,1,10.0,Islamabad,Islamabad Capital,G-13,Upper Portion,2.0,2.0,rental
33.653209,73.089802,14500.0,14000.0,5000,50000,7340.48,5000.0,14,2.64,Rawalpindi,Punjab,Dhok Kala Khan,Flat,1.57,0.71,rental
33.653316,72.839949,15000.0,15000.0,12000,18000,5333.33,5454.55,3,2.87,Islamabad,Islamabad Capital,D-18,Flat,1.67,0.0,rental
33.65347874,72.95608308,85000.0,85000.0,85000,85000,10625.0,10625.0,1,8.0,Islamabad,Islamabad Capital,G-13,House,5.0,6.0,rental
33.65386001,72.9637791,90000.0,90000.0,90000,90000,11250.0,11250.0,1,8.0,Islamabad,Islamabad Capital,G-13,House,6.0,7.0,rental
33.653923,73.039427,166000.0,166000.0,32000,300000,10700.0,10700.0,2,12.5,Islamabad,Islamabad Capital,I-10,Lower Portion,2.0,2.5,rental
33.653937,72.854618,19000.0,19000.0,18000,20000,2592.66,2592.66,2,7.35,Islamabad,Islamabad Capital,D-17,Flat,3.0,3.0,rental
33.654209,73.079503,19500.0,23000.0,8500,27000,2248.61,2700.0,3,18.67,Rawalpindi,Punjab,Gulshan Dadan,Upper Portion,1.33,1.33,rental
33.6543672,72.9657157,48000.0,48000.0,48000,48000,10909.09,10909.09,1,4.4,Islamabad,Islamabad Capital,G-13,House,5.0,5.0,rental
33.654459,72.852831,46000.0,46000.0,37000,55000,3881.99,3881.99,2,14.65,Islamabad,Islamabad Capital,D-17,House,3.5,4.5,rental
33.65485466,72.96218853,95000.0,95000.0,95000,95000,8715.6,8715.6,1,10.9,Islamabad,Islamabad Capital,G-13,House,6.0,7.0,rental
33.655924,72.842209,28666.67,23000.0,23000,40000,2259.26,2555.56,3,14.0,Islamabad,Islamabad Capital,Engineering Co-operative Housing (ECHS),Flat,2.67,2.67,rental
33.65601962,72.96430226,100000.0,100000.0,100000,100000,9174.31,9174.31,1,10.9,Islamabad,Islamabad Capital,G-13,House,6.0,6.0,rental
33.65609303,72.96356725,100000.0,100000.0,100000,100000,9174.31,9174.31,1,10.9,Islamabad,Islamabad Capital,G-13,House,6.0,6.0,rental
33.656495,73.058224,29416.67,26500.0,20000,50000,7953.72,6363.64,12,4.38,Islamabad,Islamabad Capital,I-9,Flat,2.33,1.67,rental
33.65661992,72.96455967,95000.0,95000.0,95000,95000,8715.6,8715.6,1,10.9,Islamabad,Islamabad Capital,G-13,House,6.0,6.0,rental
33.656924,73.143826,45139.46,40000.0,15000,110000,4234.97,3500.0,294,13.33,Rawalpindi,Punjab,Chaklala Scheme,House,2.88,2.23,rental
33.656925,73.14383,47000.0,50000.0,20000,65000,4050.0,4000.0,5,13.0,Rawalpindi,Punjab,Chaklala Scheme,House,2.2,2.2,rental
33.6569252,73.14382935,45000.0,45000.0,45000,45000,2250.0,2250.0,1,20.0,Rawalpindi,Punjab,Chaklala Scheme,Upper Portion,4.0,0.0,rental
33.656995,72.964962,64537.04,50000.0,18000,150000,6228.17,5000.0,54,10.71,Islamabad,Islamabad Capital,G-13,Upper Portion,3.69,3.24,rental
33.657388,72.852831,36181.82,27000.0,16000,95000,5543.69,4210.53,11,7.77,Islamabad,Islamabad Capital,D-17,Flat,4.09,4.18,rental
33.657424,73.062601,35000.0,30500.0,22000,55000,6100.7,4771.43,6,6.28,Islamabad,Islamabad Capital,I-9,Upper Portion,2.17,2.0,rental
33.657522,73.082898,21900.0,22500.0,7600,35000,6317.5,6875.0,4,4.0,Rawalpindi,Punjab,Murree Road,House,2.5,1.25,rental
33.657541,73.161258,23857.14,23000.0,12000,35000,7361.85,4600.0,7,4.96,Islamabad,Islamabad Capital,Royal Avenue,Lower Portion,2.71,2.86,rental
33.65835,73.14405,55000.0,55000.0,55000,55000,4583.33,4583.33,1,12.0,Islamabad,Islamabad Capital,Chak Shahzad,House,0.0,0.0,rental
33.658353,73.144054,99000.0,58000.0,10000,250000,4541.76,3750.0,17,42.23,Islamabad,Islamabad Capital,Chak Shahzad,House,2.82,2.59,rental
33.65878,73.05459,65000.0,65000.0,65000,65000,6500.0,6500.0,1,10.0,Islamabad,Islamabad Capital,I-9,House,3.0,3.0,rental
33.658781,73.05459,37000.0,35000.0,22000,80000,6482.79,5000.0,14,6.52,Islamabad,Islamabad Capital,I-9,House,2.14,1.79,rental
33.659174,73.150363,32400.0,28000.0,21000,45000,5620.0,5600.0,5,6.0,Islamabad,Islamabad Capital,Meherban Colony,House,3.2,4.4,rental
33.659496,72.981019,16333.33,12000.0,12000,25000,4333.33,4000.0,3,3.67,Islamabad,Islamabad Capital,G-12,Flat,2.33,1.67,rental
33.659744,72.860344,25000.0,25000.0,25000,25000,2688.17,2688.17,1,9.3,Islamabad,Islamabad Capital,D-17,Upper Portion,2.0,2.0,rental
33.65974426,72.86034393,10000.0,10000.0,8000,12000,3818.18,3818.18,2,2.65,Islamabad,Islamabad Capital,D-17,Flat,1.5,0.0,rental
33.659746,72.860341,28400.0,23500.0,9000,100000,3905.4,3298.69,30,7.89,Islamabad,Islamabad Capital,D-17,Flat,3.03,3.17,rental
33.6598575,73.27174097,50000.0,50000.0,50000,50000,2500.0,2500.0,1,20.0,Islamabad,Islamabad Capital,Lehtarar Road,House,5.0,5.0,rental
33.66021,73.070927,38846.15,40000.0,13000,75000,9245.65,6666.67,13,5.61,Islamabad,Islamabad Capital,I-8,Flat,2.31,1.92,rental
33.66021,73.07093,15000.0,15000.0,15000,15000,3000.0,3000.0,1,5.0,Islamabad,Islamabad Capital,I-8,Room,1.0,1.0,rental
33.660746,72.853518,15000.0,15000.0,15000,15000,3750.0,3750.0,1,4.0,Islamabad,Islamabad Capital,D-17,Flat,3.0,2.0,rental
33.660889,73.085904,30000.0,30000.0,30000,30000,4285.71,4285.71,2,7.0,Rawalpindi,Punjab,Jinnah Colony,Lower Portion,2.0,2.0,rental
33.66137204,73.08508663,35000.0,35000.0,35000,35000,3763.44,3763.44,1,9.3,Rawalpindi,Punjab,Faizabad,Flat,3.0,2.0,rental
33.662514,73.084356,18000.0,18000.0,18000,18000,18000.0,18000.0,1,1.0,Rawalpindi,Punjab,Faizabad,Room,1.0,1.0,rental
33.66278076,73.07778931,65000.0,65000.0,65000,65000,5241.94,5241.94,1,12.4,Islamabad,Islamabad Capital,I-8,Lower Portion,3.0,4.0,rental
33.662782,73.077793,77826.6,70000.0,10000,200000,5735.73,4929.58,421,14.48,Islamabad,Islamabad Capital,I-8,Upper Portion,2.43,1.69,rental
33.663818,72.99526,51741.07,42000.0,8000,130000,7165.83,5750.0,168,8.17,Islamabad,Islamabad Capital,G-11,Lower Portion,2.83,2.76,rental
33.66381836,72.99526215,55000.0,55000.0,45000,65000,5520.83,5520.83,2,10.0,Islamabad,Islamabad Capital,G-11,Lower Portion,2.5,3.0,rental
33.66382,72.99526,38000.0,38000.0,38000,38000,4750.0,4750.0,1,8.0,Islamabad,Islamabad Capital,G-11,Lower Portion,2.0,2.0,rental
33.664925,73.062354,17500.0,17500.0,10000,25000,1871.69,1871.69,2,8.9,Islamabad,Islamabad Capital,Agha Shahi Avenue,Flat,4.5,3.5,rental
33.66509429,72.99085404,35000.0,35000.0,35000,35000,4375.0,4375.0,1,8.0,Islamabad,Islamabad Capital,G-11,Upper Portion,2.0,2.0,rental
33.66527342,73.07430625,60000.0,60000.0,60000,60000,4285.71,4285.71,1,14.0,Islamabad,Islamabad Capital,I-8,Upper Portion,3.0,3.0,rental
33.66562738,72.99441003,30000.0,30000.0,30000,30000,6000.0,6000.0,1,5.0,Islamabad,Islamabad Capital,G-11,Upper Portion,2.0,1.0,rental
33.66647,73.15393,20000.0,20000.0,20000,20000,4000.0,4000.0,1,5.0,Islamabad,Islamabad Capital,Chatha Bakhtawar,House,2.0,0.0,rental
33.66647,73.153934,35976.19,24500.0,4000,150000,5748.71,4491.67,42,7.07,Islamabad,Islamabad Capital,Chatha Bakhtawar,Lower Portion,3.1,3.07,rental
33.6665813,73.15254595,26000.0,26000.0,26000,26000,5200.0,5200.0,1,5.0,Islamabad,Islamabad Capital,Green Avenue,Lower Portion,2.0,3.0,rental
33.66714528,72.98925517,40000.0,40000.0,40000,40000,5000.0,5000.0,1,8.0,Islamabad,Islamabad Capital,G-11,Lower Portion,2.0,2.0,rental
33.667211,73.075476,64300.0,57500.0,23000,250000,16295.56,15006.0,20,4.16,Islamabad,Islamabad Capital,I-8,Flat,1.6,1.65,rental
33.66755934,73.06246161,65000.0,65000.0,65000,65000,4642.86,4642.86,1,14.0,Islamabad,Islamabad Capital,I-8,Upper Portion,3.0,3.0,rental
33.66764,73.065948,79376.85,65000.0,20000,200000,6112.12,5416.67,337,13.13,Islamabad,Islamabad Capital,I-8,Lower Portion,2.37,1.69,rental
33.66764,73.06595,57000.0,57000.0,57000,57000,4384.62,4384.62,1,13.0,Islamabad,Islamabad Capital,I-8,Upper Portion,3.0,0.0,rental
33.66764069,73.06594849,65000.0,65000.0,65000,65000,4577.46,4577.46,1,14.2,Islamabad,Islamabad Capital,I-8,Lower Portion,3.0,3.0,rental
33.667854,73.003843,36957.14,32000.0,8000,190000,8111.63,8032.26,70,4.9,Islamabad,Islamabad Capital,G-11,Flat,2.04,1.8,rental
33.66788973,72.99349666,60000.0,60000.0,60000,60000,5000.0,5000.0,1,12.0,Islamabad,Islamabad Capital,G-11,Upper Portion,4.0,4.0,rental
33.66789,73.149333,87375.0,44000.0,18000,250000,5759.38,4800.0,8,14.0,Islamabad,Islamabad Capital,Park Road,House,4.38,3.38,rental
33.66796252,72.99227152,62000.0,62000.0,62000,62000,4366.2,4366.2,1,14.2,Islamabad,Islamabad Capital,G-11,Upper Portion,3.0,3.0,rental
33.6681201,73.10599923,35000.0,35000.0,35000,35000,4375.0,4375.0,1,8.0,Islamabad,Islamabad Capital,Margalla Town,Lower Portion,2.0,2.0,rental
33.668495,73.07416,55833.33,52500.0,45000,80000,4710.79,4833.33,6,12.03,Islamabad,Islamabad Capital,I-8,Upper Portion,2.5,2.5,rental
33.66849518,73.07415771,87000.0,75000.0,60000,160000,6412.99,5281.69,5,13.48,Islamabad,Islamabad Capital,I-8,Lower Portion,3.8,3.8,rental
33.668497,73.07416,74725.46,65000.0,7000,300000,5803.34,4647.89,601,15.0,Islamabad,Islamabad Capital,I-8,Upper Portion,3.12,1.61,rental
33.668604,73.106169,41062.5,40000.0,28000,65000,6740.7,5666.67,16,6.62,Islamabad,Islamabad Capital,Margalla Town,Lower Portion,2.38,2.31,rental
33.668606,73.10617,42000.0,42000.0,42000,42000,4200.0,4200.0,1,10.0,Islamabad,Islamabad Capital,Margalla Town,House,4.0,4.0,rental
33.668854,73.10611,35285.71,36000.0,23000,50000,5766.28,5353.23,14,6.45,Islamabad,Islamabad Capital,Margalla Town,Upper Portion,2.57,2.57,rental
33.668941,73.151413,43434.78,31000.0,22000,200000,5335.78,4600.0,46,8.85,Islamabad,Islamabad Capital,Green Avenue,Lower Portion,2.7,3.02,rental
33.6689415,73.15141296,50000.0,50000.0,50000,50000,2500.0,2500.0,1,20.0,Islamabad,Islamabad Capital,Green Avenue,Lower Portion,3.0,3.0,rental
33.669211,72.998693,46571.43,50000.0,12000,110000,5537.33,4166.67,7,9.74,Islamabad,Islamabad Capital,G-11,Upper Portion,2.29,2.14,rental
33.66953278,73.00007629,52000.0,50000.0,38000,70000,4828.86,4404.87,4,12.05,Islamabad,Islamabad Capital,G-11,House,2.75,3.0,rental
33.669533,73.000073,47039.81,40000.0,10000,250000,6907.25,6250.0,314,7.8,Islamabad,Islamabad Capital,G-11,Upper Portion,2.32,2.12,rental
33.669533,73.00008,43666.67,39500.0,25000,77000,4549.6,4035.71,6,10.77,Islamabad,Islamabad Capital,G-11,Upper Portion,2.0,1.33,rental
33.66964,72.923294,18000.0,18000.0,18000,18000,3600.0,3600.0,1,5.0,Islamabad,Islamabad Capital,E-14,Lower Portion,3.0,3.0,rental
33.66980949,73.0776751,60000.0,60000.0,60000,60000,5000.0,5000.0,1,12.0,Islamabad,Islamabad Capital,I-8,Upper Portion,3.0,3.0,rental
33.66997013,73.10734382,20000.0,20000.0,20000,20000,4000.0,4000.0,1,5.0,Islamabad,Islamabad Capital,Margalla Town,Lower Portion,2.0,2.0,rental
33.6709524,73.01141381,50000.0,50000.0,50000,50000,4587.16,4587.16,1,10.9,Islamabad,Islamabad Capital,G-10,Upper Portion,3.0,2.0,rental
33.67100904,72.9987568,37000.0,37000.0,37000,37000,7400.0,7400.0,1,5.0,Islamabad,Islamabad Capital,G-11,Lower Portion,4.0,0.0,rental
33.6710774,72.98813224,27000.0,27000.0,27000,27000,5400.0,5400.0,1,5.0,Islamabad,Islamabad Capital,G-11,Lower Portion,3.0,2.0,rental
33.67119341,73.14114704,39000.0,39000.0,39000,39000,3900.0,3900.0,1,10.0,Islamabad,Islamabad Capital,Shehzad Town,Upper Portion,2.0,2.0,rental
33.671497,73.16627,110000.0,110000.0,110000,110000,5500.0,5500.0,1,20.0,Islamabad,Islamabad Capital,Park Enclave,House,6.0,6.0,rental
33.67163849,72.99165344,25000.0,25000.0,25000,25000,4464.29,4464.29,1,5.6,Islamabad,Islamabad Capital,G-11,Lower Portion,2.0,2.0,rental
33.67164,72.99165,26000.0,26000.0,26000,26000,5200.0,5200.0,1,5.0,Islamabad,Islamabad Capital,G-11,Lower Portion,1.0,1.0,rental
33.67164,72.991655,44548.39,35000.0,10000,130000,6472.1,5833.33,155,7.49,Islamabad,Islamabad Capital,G-11,Lower Portion,2.39,2.3,rental
33.67187,73.14028,30000.0,30000.0,30000,30000,3750.0,3750.0,1,8.0,Islamabad,Islamabad Capital,Shehzad Town,House,2.0,2.0,rental
33.671872,73.140278,31800.0,30000.0,16000,75000,5065.42,4000.0,25,7.14,Islamabad,Islamabad Capital,Shehzad Town,House,2.0,2.16,rental
33.67189,73.01225,43000.0,43000.0,43000,43000,3583.33,3583.33,1,12.0,Islamabad,Islamabad Capital,G-10,Upper Portion,3.0,0.0,rental
33.67189,73.012254,45514.29,45000.0,12000,110000,6792.82,5714.29,35,7.77,Islamabad,Islamabad Capital,G-10,Lower Portion,2.29,1.86,rental
33.67195251,72.99454106,60000.0,60000.0,60000,60000,4285.71,4285.71,1,14.0,Islamabad,Islamabad Capital,G-11,Upper Portion,3.0,3.0,rental
33.6721165,73.01046666,55000.0,55000.0,55000,55000,9166.67,9166.67,1,6.0,Islamabad,Islamabad Capital,G-10,House,3.0,2.0,rental
33.672515,73.106276,36200.0,32000.0,14000,80000,5949.22,5671.64,25,6.14,Islamabad,Islamabad Capital,Margalla Town,House,2.72,2.76,rental
33.673782,73.0747,56666.67,60000.0,50000,60000,4722.22,5000.0,3,12.0,Islamabad,Islamabad Capital,I-8,Upper Portion,2.33,2.33,rental
33.67378235,73.0746994,46000.0,46000.0,32000,60000,5749.04,5749.04,2,9.3,Islamabad,Islamabad Capital,I-8,Flat,2.5,2.5,rental
33.673783,73.074703,75548.94,65000.0,16000,200000,5749.74,4929.58,470,14.26,Islamabad,Islamabad Capital,I-8,Upper Portion,2.82,1.64,rental
33.67414917,72.99928989,70000.0,70000.0,70000,70000,9859.15,9859.15,1,7.1,Islamabad,Islamabad Capital,G-11,Flat,2.0,0.0,rental
33.674432,73.025207,24000.0,24000.0,24000,24000,7741.94,7741.94,1,3.1,Islamabad,Islamabad Capital,Federal Government Employees Housing Foundation,Flat,2.0,3.0,rental
33.67449487,73.0027771,65000.0,65000.0,65000,65000,3250.0,3250.0,1,20.0,Islamabad,Islamabad Capital,G-11,Upper Portion,3.0,3.0,rental
33.674533,72.810173,18000.0,18000.0,18000,18000,2250.0,2250.0,1,8.0,Islamabad,Islamabad Capital,B-17,House,3.0,3.0,rental
33.674767,72.99846,52500.0,52500.0,50000,55000,7288.25,7288.25,2,7.2,Islamabad,Islamabad Capital,G-11,Flat,2.0,2.0,rental
33.674768,72.99846,69807.69,65000.0,50000,85000,9026.08,9027.78,26,7.7,Islamabad,Islamabad Capital,G-11,Flat,2.42,2.27,rental
33.67544345,72.99714418,24000.0,24000.0,24000,24000,6666.67,6666.67,1,3.6,Islamabad,Islamabad Capital,G-11,Upper Portion,2.0,1.0,rental
33.675604,73.000367,45024.1,35500.0,11000,260000,7183.11,6876.83,166,7.59,Islamabad,Islamabad Capital,G-11,Flat,2.37,2.18,rental
33.67560577,73.00036621,40000.0,40000.0,40000,40000,8163.27,8163.27,1,4.9,Islamabad,Islamabad Capital,G-11,Flat,3.0,2.0,rental
33.675606,73.00037,42000.0,32000.0,14000,80000,6403.34,6530.61,3,5.93,Islamabad,Islamabad Capital,G-11,Flat,1.33,0.67,rental
33.675619,73.214972,47833.33,45000.0,35000,100000,4783.33,4500.0,24,10.0,Islamabad,Islamabad Capital,Bahria Town,Upper Portion,2.75,2.67,rental
33.675716,73.175897,200000.0,200000.0,200000,200000,30769.23,30769.23,1,6.5,Islamabad,Islamabad Capital,Rawal Enclave,Flat,2.0,2.0,rental
33.67588034,73.01270996,26000.0,26000.0,26000,26000,6500.0,6500.0,1,4.0,Islamabad,Islamabad Capital,G-10,Flat,2.0,2.0,rental
33.676104,73.013842,73909.45,60000.0,9000,310000,6958.89,5671.64,127,11.68,Islamabad,Islamabad Capital,G-10,Upper Portion,2.83,2.58,rental
33.676104,73.016467,36600.0,28000.0,25000,60000,7343.97,7321.43,10,5.55,Islamabad,Islamabad Capital,G-10,Flat,2.2,1.6,rental
33.676105,73.01384,49750.0,59000.0,9000,72000,3937.65,4018.31,4,12.12,Islamabad,Islamabad Capital,G-10,Upper Portion,2.5,2.25,rental
33.67610534,72.99697716,40000.0,40000.0,40000,40000,5714.29,5714.29,1,7.0,Islamabad,Islamabad Capital,G-11,Upper Portion,3.0,0.0,rental
33.677052,73.002946,50000.0,50000.0,50000,50000,7462.69,7462.69,1,6.7,Islamabad,Islamabad Capital,G-11,Flat,3.0,3.0,rental
33.67742562,73.02144527,35000.0,35000.0,35000,35000,7000.0,7000.0,1,5.0,Islamabad,Islamabad Capital,G-10,Upper Portion,2.0,2.0,rental
33.67744323,72.98284761,40000.0,40000.0,40000,40000,11111.11,11111.11,1,3.6,Islamabad,Islamabad Capital,F-11,Flat,1.0,1.0,rental
33.67751211,73.00052706,25000.0,25000.0,25000,25000,6250.0,6250.0,1,4.0,Islamabad,Islamabad Capital,G-11,Flat,2.0,0.0,rental
33.67767859,72.99173176,50000.0,50000.0,50000,50000,2500.0,2500.0,1,20.0,Islamabad,Islamabad Capital,F-11,Lower Portion,3.0,3.0,rental
33.677901,72.956535,17000.0,17000.0,17000,17000,18888.89,18888.89,1,0.9,Islamabad,Islamabad Capital,Golra Road,Room,1.0,1.0,rental
33.67817,73.16216,18000.0,18000.0,18000,18000,3214.29,3214.29,1,5.6,Islamabad,Islamabad Capital,Kuri Road,Lower Portion,2.0,3.0,rental
33.678171,73.162161,17076.92,16000.0,10000,27000,10161.1,5000.0,13,3.19,Islamabad,Islamabad Capital,Kuri Road,Flat,2.0,1.77,rental
33.678711,73.021395,49698.72,40000.0,15500,160000,7403.83,5716.67,78,8.17,Islamabad,Islamabad Capital,G-10,Upper Portion,2.49,1.68,rental
33.67921,72.988785,120000.0,120000.0,120000,120000,6000.0,6000.0,1,20.0,Islamabad,Islamabad Capital,F-11,Lower Portion,3.0,0.0,rental
33.67921066,72.98878479,113333.33,85000.0,80000,175000,6969.37,8750.0,3,18.33,Islamabad,Islamabad Capital,F-11,Flat,4.0,4.33,rental
33.679211,72.988787,107837.21,95000.0,38000,275000,6650.1,5500.0,129,18.76,Islamabad,Islamabad Capital,F-11,Upper Portion,3.53,3.45,rental
33.67925936,73.02185997,37000.0,37000.0,37000,37000,7400.0,7400.0,1,5.0,Islamabad,Islamabad Capital,G-10,Lower Portion,2.0,2.0,rental
33.67964,73.068867,100000.0,100000.0,100000,100000,7142.86,7142.86,1,14.0,Islamabad,Islamabad Capital,H-8,House,6.0,7.0,rental
33.67989,73.01264,76875.0,70000.0,18000,250000,5844.16,4875.0,56,15.43,Islamabad,Islamabad Capital,G-10,Upper Portion,3.11,2.73,rental
33.679925,72.823906,34272.73,35000.0,25000,50000,4060.05,3048.78,11,10.36,Islamabad,Islamabad Capital,B-17,House,1.73,1.18,rental
33.679961,73.147874,173333.33,160000.0,160000,200000,4333.33,4000.0,3,40.0,Islamabad,Islamabad Capital,NIH Colony,House,6.33,6.0,rental
33.68021,72.816696,30000.0,30000.0,30000,30000,3000.0,3000.0,1,10.0,Islamabad,Islamabad Capital,B-17,House,3.0,3.0,rental
33.680211,72.816696,36625.0,38000.0,25000,60000,3447.65,2833.07,16,12.4,Islamabad,Islamabad Capital,B-17,Upper Portion,2.69,2.75,rental
33.680226,73.22201,53636.36,53000.0,33000,85000,8893.18,10600.0,11,6.36,Islamabad,Islamabad Capital,Bahria Town,House,2.73,1.64,rental
33.6805817,72.83494055,32000.0,32000.0,32000,32000,3200.0,3200.0,1,10.0,Islamabad,Islamabad Capital,B-17,Upper Portion,4.0,4.0,rental
33.68064,72.822189,28094.34,22000.0,10000,180000,4648.77,4772.73,53,7.53,Islamabad,Islamabad Capital,B-17,Flat,2.32,2.28,rental
33.68064,72.82219,36000.0,36000.0,36000,36000,3600.0,3600.0,1,10.0,Islamabad,Islamabad Capital,B-17,House,3.0,3.0,rental
33.68064117,72.82218933,36000.0,36000.0,36000,36000,3600.0,3600.0,1,10.0,Islamabad,Islamabad Capital,B-17,House,0.0,0.0,rental
33.68078257,72.99153328,35000.0,35000.0,35000,35000,6250.0,6250.0,1,5.6,Islamabad,Islamabad Capital,F-11,Flat,1.0,1.0,rental
33.680817,72.98933,110000.0,110000.0,110000,110000,7051.28,7051.28,1,15.6,Islamabad,Islamabad Capital,F-11,Flat,4.0,4.0,rental
33.680818,72.989323,61666.67,60000.0,55000,80000,9272.43,8955.22,9,6.74,Islamabad,Islamabad Capital,F-11,Flat,2.11,2.22,rental
33.68082721,73.02345157,60000.0,60000.0,60000,60000,4225.35,4225.35,1,14.2,Islamabad,Islamabad Capital,G-10,Lower Portion,3.0,2.0,rental
33.680923,72.99797,119000.0,119000.0,118000,120000,2975.0,2975.0,2,40.0,Islamabad,Islamabad Capital,F-11,Upper Portion,4.0,0.0,rental
33.680925,72.997971,164128.21,160000.0,50000,325000,6327.66,5750.0,39,27.08,Islamabad,Islamabad Capital,F-11,House,4.97,5.1,rental
33.68096113,73.02321553,60000.0,60000.0,60000,60000,4225.35,4225.35,1,14.2,Islamabad,Islamabad Capital,G-10,Upper Portion,5.0,3.0,rental
33.68108549,73.02392503,46000.0,46000.0,46000,46000,3538.46,3538.46,1,13.0,Islamabad,Islamabad Capital,G-10,Upper Portion,3.0,2.0,rental
33.68113867,72.98993914,105000.0,105000.0,105000,105000,7394.37,7394.37,1,14.2,Islamabad,Islamabad Capital,F-11,Flat,4.0,0.0,rental
33.68115972,73.01199412,65000.0,65000.0,65000,65000,4642.86,4642.86,1,14.0,Islamabad,Islamabad Capital,G-10,Lower Portion,3.0,3.0,rental
33.68118401,72.98818913,70000.0,70000.0,70000,70000,4929.58,4929.58,1,14.2,Islamabad,Islamabad Capital,F-11,Flat,3.0,3.0,rental
33.68124,72.98601,195000.0,195000.0,190000,200000,11271.68,11271.68,2,17.3,Islamabad,Islamabad Capital,F-11,Flat,4.0,4.0,rental
33.681241,72.986004,120000.0,120000.0,120000,120000,7100.59,7100.59,1,16.9,Islamabad,Islamabad Capital,F-11,Flat,3.0,3.0,rental
33.681293,73.081146,21000.0,21000.0,20000,22000,5666.67,5666.67,2,4.0,Rawalpindi,Punjab,Cricket Stadium Road,Lower Portion,2.0,2.0,rental
33.68131364,72.9885873,55000.0,55000.0,55000,55000,5851.06,5851.06,1,9.4,Islamabad,Islamabad Capital,F-11,Flat,2.0,2.0,rental
33.68148,72.99538,135000.0,135000.0,135000,135000,6750.0,6750.0,1,20.0,Islamabad,Islamabad Capital,F-11,House,5.0,4.0,rental
33.681537,72.903889,45000.0,45000.0,45000,45000,1125.0,1125.0,1,40.0,Islamabad,Islamabad Capital,C-14,Upper Portion,3.0,3.0,rental
33.681654,73.206131,225000.0,225000.0,225000,225000,11250.0,11250.0,1,20.0,Islamabad,Islamabad Capital,Bahria Town,House,10.0,10.0,rental
33.68180928,73.02248597,55000.0,55000.0,55000,55000,4583.33,4583.33,1,12.0,Islamabad,Islamabad Capital,G-10,Upper Portion,4.0,4.0,rental
33.681895,72.989729,58769.23,60000.0,16000,110000,8803.02,8064.52,13,7.25,Islamabad,Islamabad Capital,F-11,Flat,2.08,1.69,rental
33.681896,72.98973,70000.0,70000.0,70000,70000,9210.53,9210.53,1,7.6,Islamabad,Islamabad Capital,F-11,Flat,2.0,0.0,rental
33.68212629,73.01902651,80000.0,80000.0,80000,80000,4000.0,4000.0,1,20.0,Islamabad,Islamabad Capital,G-10,Upper Portion,3.0,3.0,rental
33.68230891,72.98776534,50000.0,50000.0,50000,50000,9433.96,9433.96,1,5.3,Islamabad,Islamabad Capital,F-11,Flat,2.0,2.0,rental
33.68237,72.98577,119000.0,119000.0,119000,119000,2975.0,2975.0,1,40.0,Islamabad,Islamabad Capital,F-11,Upper Portion,4.0,0.0,rental
33.68239488,72.98584163,24000.0,24000.0,24000,24000,2580.65,2580.65,1,9.3,Islamabad,Islamabad Capital,F-11,Upper Portion,1.0,0.0,rental
33.68241254,73.15931111,17000.0,17000.0,17000,17000,2125.0,2125.0,1,8.0,Islamabad,Islamabad Capital,Kuri Road,Flat,3.0,1.0,rental
33.68244091,72.98966613,145000.0,145000.0,145000,145000,7250.0,7250.0,1,20.0,Islamabad,Islamabad Capital,F-11,House,5.0,6.0,rental
33.68244282,72.98998085,40000.0,40000.0,40000,40000,7142.86,7142.86,1,5.6,Islamabad,Islamabad Capital,F-11,Flat,1.0,0.0,rental
33.682639,72.986272,106250.0,107500.0,85000,125000,8548.82,8373.37,4,12.35,Islamabad,Islamabad Capital,F-11,Flat,2.25,2.25,rental
33.68264,72.986275,125000.0,125000.0,125000,125000,9689.92,9689.92,1,12.9,Islamabad,Islamabad Capital,F-11,Flat,3.0,3.0,rental
33.68265928,72.98835094,85000.0,85000.0,85000,85000,4545.45,4545.45,1,18.7,Islamabad,Islamabad Capital,F-11,Flat,3.0,3.0,rental
33.682674,73.03024,50000.0,50000.0,50000,50000,4166.67,4166.67,1,12.0,Islamabad,Islamabad Capital,G-9,Upper Portion,3.0,3.0,rental
33.682675,73.030243,59310.61,51500.0,15000,130000,5995.67,5000.0,66,15.71,Islamabad,Islamabad Capital,G-9,Upper Portion,2.7,1.95,rental
33.68272,73.073384,28500.0,28500.0,17000,40000,7159.33,7159.33,2,4.45,Islamabad,Islamabad Capital,Islamabad Highway,Flat,1.5,1.0,rental
33.682755,73.02219,75000.0,75000.0,75000,75000,6250.0,6250.0,1,12.0,Islamabad,Islamabad Capital,G-10,Lower Portion,5.0,2.0,rental
33.6829961,73.15888032,20000.0,20000.0,20000,20000,4000.0,4000.0,1,5.0,Islamabad,Islamabad Capital,Kuri Road,Upper Portion,2.0,0.0,rental
33.683425,72.980804,98987.34,80000.0,16000,300000,7375.61,5000.0,79,17.13,Islamabad,Islamabad Capital,F-11,Upper Portion,3.43,3.39,rental
33.683532,72.99041,104424.39,85000.0,14000,300000,7520.1,6961.54,615,15.88,Islamabad,Islamabad Capital,F-11,Flat,3.24,3.13,rental
33.68353271,72.99040985,123750.0,80000.0,42000,300000,8479.44,7950.0,8,14.04,Islamabad,Islamabad Capital,F-11,Flat,3.38,3.88,rental
33.683533,72.99041,102333.33,100000.0,48000,220000,6688.0,6000.0,12,16.62,Islamabad,Islamabad Capital,F-11,Flat,2.92,2.67,rental
33.68365619,72.9909033,135000.0,135000.0,135000,135000,13500.0,13500.0,1,10.0,Islamabad,Islamabad Capital,F-11,House,5.0,5.0,rental
33.683661,72.989989,75000.0,75000.0,75000,75000,4437.87,4437.87,1,16.9,Islamabad,Islamabad Capital,F-11,Flat,3.0,3.0,rental
33.68373766,73.03870797,45000.0,45000.0,45000,45000,4090.91,4090.91,1,11.0,Islamabad,Islamabad Capital,G-9,Lower Portion,3.0,2.0,rental
33.6841592,72.99198121,153000.0,153000.0,153000,153000,7650.0,7650.0,1,20.0,Islamabad,Islamabad Capital,F-11,House,5.0,5.0,rental
33.68441615,73.02159816,55000.0,55000.0,55000,55000,6875.0,6875.0,1,8.0,Islamabad,Islamabad Capital,G-10,House,3.0,3.0,rental
33.68462316,72.9897942,98000.0,98000.0,98000,98000,4900.0,4900.0,1,20.0,Islamabad,Islamabad Capital,F-11,Lower Portion,3.0,0.0,rental
33.684626,72.826765,28000.0,28000.0,28000,28000,9032.26,9032.26,1,3.1,Islamabad,Islamabad Capital,B-17,Flat,2.0,2.0,rental
33.68469458,72.98726387,157000.0,157000.0,157000,157000,7850.0,7850.0,1,20.0,Islamabad,Islamabad Capital,F-11,House,5.0,5.0,rental
33.68478012,72.98638153,91833.33,39000.0,36500,200000,7950.36,6964.29,3,10.3,Islamabad,Islamabad Capital,F-11,Flat,2.67,2.67,rental
33.684782,72.986383,70868.69,65000.0,11000,200000,7314.02,6741.57,99,10.7,Islamabad,Islamabad Capital,F-11,Flat,2.24,2.31,rental
33.684864,73.00512,88000.0,88000.0,88000,88000,3666.67,3666.67,1,24.0,Islamabad,Islamabad Capital,F-10,Upper Portion,2.0,2.0,rental
33.68495933,72.98402444,80000.0,80000.0,80000,80000,4000.0,4000.0,1,20.0,Islamabad,Islamabad Capital,F-11,Upper Portion,3.0,0.0,rental
33.685404,73.226559,57000.0,62000.0,47000,62000,11400.0,12400.0,3,5.0,Islamabad,Islamabad Capital,Bahria Town,House,2.33,2.67,rental
33.685511,72.815123,48333.33,50000.0,30000,55000,6577.38,7008.93,6,7.33,Islamabad,Islamabad Capital,B-17,House,3.67,0.33,rental
33.686032,73.117268,21375.0,15000.0,12000,45000,6220.43,6000.0,8,4.16,Islamabad,Islamabad Capital,Rawal Town,Upper Portion,2.25,1.5,rental
33.68613815,73.01813507,49000.0,49000.0,38000,60000,3726.19,3726.19,2,13.0,Islamabad,Islamabad Capital,G-10,Upper Portion,2.5,2.5,rental
33.686139,73.018134,94571.43,80000.0,23000,200000,6925.2,5000.0,49,17.13,Islamabad,Islamabad Capital,G-10,House,3.67,2.94,rental
33.6863479,72.98170591,100000.0,100000.0,100000,100000,33333.33,33333.33,1,3.0,Islamabad,Islamabad Capital,F-11,Upper Portion,3.0,4.0,rental
33.686443,73.011948,42000.0,42000.0,42000,42000,5526.32,5526.32,1,7.6,Islamabad,Islamabad Capital,Nazim-ud-din Road,Flat,2.0,2.0,rental
33.686496,73.039076,46274.19,42000.0,15000,200000,6472.9,5666.67,62,8.26,Islamabad,Islamabad Capital,G-9,Upper Portion,2.19,1.58,rental
33.68649673,73.03907776,30000.0,30000.0,30000,30000,5000.0,5000.0,1,6.0,Islamabad,Islamabad Capital,G-9,Lower Portion,2.0,1.0,rental
33.686996,73.00372,85000.0,85000.0,85000,85000,4250.0,4250.0,1,20.0,Islamabad,Islamabad Capital,F-10,Upper Portion,2.0,0.0,rental
33.686996,73.003721,140562.5,150000.0,45000,325000,6726.4,7500.0,48,24.68,Islamabad,Islamabad Capital,F-10,House,4.56,4.56,rental
33.687232,72.837085,35000.0,35000.0,35000,35000,3500.0,3500.0,1,10.0,Islamabad,Islamabad Capital,B-17,Upper Portion,3.0,3.0,rental
33.6872757,73.00249446,155000.0,155000.0,155000,155000,7750.0,7750.0,1,20.0,Islamabad,Islamabad Capital,F-10,House,6.0,6.0,rental
33.687434,73.016574,39333.33,38000.0,35000,45000,6346.94,7142.86,3,7.93,Islamabad,Islamabad Capital,Ibn-e-Sina Road,Flat,3.0,2.33,rental
33.68744,73.004684,52000.0,52000.0,52000,52000,2600.0,2600.0,1,20.0,Islamabad,Islamabad Capital,F-10,Upper Portion,2.0,0.0,rental
33.68771,73.034227,90062.5,52500.0,16000,200000,12851.44,11825.4,8,10.8,Islamabad,Islamabad Capital,G-9,House,3.75,2.62,rental
33.68776474,73.0039975,58000.0,58000.0,58000,58000,2900.0,2900.0,1,20.0,Islamabad,Islamabad Capital,F-10,Upper Portion,3.0,0.0,rental
33.687809,73.045263,92500.0,52500.0,15000,275000,16238.1,9750.0,14,11.17,Islamabad,Islamabad Capital,9th Avenue,House,2.64,2.64,rental
33.68781,73.045265,10000.0,10000.0,10000,10000,833.33,833.33,1,12.0,Islamabad,Islamabad Capital,9th Avenue,Room,4.0,0.0,rental
33.68821,72.830601,55500.0,40500.0,25000,150000,3662.69,2968.05,18,15.59,Islamabad,Islamabad Capital,B-17,Upper Portion,3.72,3.39,rental
33.688248,72.976889,18000.0,18000.0,18000,18000,3214.29,3214.29,1,5.6,Islamabad,Islamabad Capital,E-11,Flat,2.0,2.0,rental
33.68898773,73.00570679,200000.0,200000.0,200000,200000,5000.0,5000.0,1,40.0,Islamabad,Islamabad Capital,F-10,House,5.0,5.0,rental
33.689236,73.21184,20000.0,20000.0,20000,20000,20000.0,20000.0,1,1.0,Islamabad,Islamabad Capital,Bahria Town,Flat,1.0,0.0,rental
33.68928,72.98896,110000.0,110000.0,110000,110000,4230.77,4230.77,1,26.0,Islamabad,Islamabad Capital,F-11,Upper Portion,5.0,0.0,rental
33.68928146,72.98896027,61750.0,56000.0,25000,110000,3400.0,2800.0,4,17.5,Islamabad,Islamabad Capital,F-11,Lower Portion,2.5,2.5,rental
33.689282,72.988958,105970.59,95000.0,16000,300000,7538.78,5500.0,102,17.44,Islamabad,Islamabad Capital,F-11,Upper Portion,3.57,3.39,rental
33.68946,73.031445,65578.95,55000.0,14000,200000,7556.39,6060.61,95,10.26,Islamabad,Islamabad Capital,G-9,Upper Portion,2.72,2.23,rental
33.68946,73.03145,47000.0,47000.0,47000,47000,9400.0,9400.0,1,5.0,Islamabad,Islamabad Capital,G-9,Lower Portion,0.0,0.0,rental
33.689546,73.219049,95741.94,89000.0,45000,275000,5150.0,4450.0,31,19.03,Islamabad,Islamabad Capital,Bahria Town,House,3.13,0.9,rental
33.689707,72.978911,34600.0,28000.0,12000,75000,8175.1,7352.94,5,5.8,Islamabad,Islamabad Capital,E-11,Flat,2.2,2.4,rental
33.68971,72.97891,44666.67,22000.0,22000,90000,4072.27,2471.91,3,10.23,Islamabad,Islamabad Capital,E-11,Room,2.0,0.67,rental
33.689756,72.9789,51666.67,45000.0,30000,90000,5423.82,5382.59,6,9.48,Islamabad,Islamabad Capital,E-11,Flat,2.33,2.33,rental
33.68981713,72.97846556,45000.0,45000.0,45000,45000,4411.76,4411.76,1,10.2,Islamabad,Islamabad Capital,E-11,Flat,3.0,3.0,rental
33.690103,73.027017,49142.86,50000.0,33000,110000,6079.77,5666.67,14,8.21,Islamabad,Islamabad Capital,G-9,Upper Portion,2.64,1.43,rental
33.69022749,73.00832592,85000.0,85000.0,85000,85000,4250.0,4250.0,1,20.0,Islamabad,Islamabad Capital,F-10,Upper Portion,3.0,0.0,rental
33.690281,72.957802,38000.0,38000.0,38000,38000,7169.81,7169.81,1,5.3,Islamabad,Islamabad Capital,E-12,Flat,3.0,3.0,rental
33.69033461,73.00829306,87000.0,87000.0,87000,87000,4350.0,4350.0,1,20.0,Islamabad,Islamabad Capital,F-10,Upper Portion,3.0,0.0,rental
33.690353,73.010414,247333.33,300000.0,142000,300000,7366.67,7500.0,3,33.33,Islamabad,Islamabad Capital,F-10,House,5.33,5.67,rental
33.690353,73.010416,155277.78,150000.0,21000,325000,6780.31,6812.5,72,23.16,Islamabad,Islamabad Capital,F-10,House,4.24,4.06,rental
33.69040631,73.00802886,78000.0,78000.0,78000,78000,3900.0,3900.0,1,20.0,Islamabad,Islamabad Capital,F-10,Upper Portion,3.0,0.0,rental
33.69046,73.00543,75000.0,75000.0,75000,75000,3750.0,3750.0,1,20.0,Islamabad,Islamabad Capital,F-10,Lower Portion,3.0,0.0,rental
33.6906,73.05075,30000.0,30000.0,30000,30000,1153.85,1153.85,1,26.0,Islamabad,Islamabad Capital,G-8,Upper Portion,2.0,2.0,rental
33.690603,73.050749,42086.96,37000.0,20000,120000,9724.08,6111.11,23,6.23,Islamabad,Islamabad Capital,G-8,Upper Portion,2.26,1.91,rental
33.69073688,73.03327281,16000.0,16000.0,16000,16000,1600.0,1600.0,1,10.0,Islamabad,Islamabad Capital,G-9,Room,1.0,1.0,rental
33.691065,73.016382,139302.33,130000.0,65000,250000,20497.08,18718.43,86,7.86,Islamabad,Islamabad Capital,F-10,Flat,1.92,1.05,rental
33.691067,73.01638,157333.33,155000.0,150000,167000,15952.98,15196.08,3,9.9,Islamabad,Islamabad Capital,F-10,Flat,3.0,0.0,rental
33.69107303,72.98038267,35000.0,35000.0,35000,35000,7000.0,7000.0,1,5.0,Islamabad,Islamabad Capital,E-11,Flat,2.0,2.0,rental
33.69108419,73.00469052,85000.0,85000.0,85000,85000,4250.0,4250.0,1,20.0,Islamabad,Islamabad Capital,F-10,Upper Portion,3.0,0.0,rental
33.691303,72.979362,22000.0,22000.0,22000,22000,20000.0,20000.0,1,1.1,Islamabad,Islamabad Capital,E-11,Flat,1.0,1.0,rental
33.691531,73.005431,163123.97,170000.0,18000,325000,9002.32,8750.0,605,20.2,Islamabad,Islamabad Capital,F-10,House,4.36,2.54,rental
33.691532,73.00543,165478.26,170000.0,65000,300000,7215.68,7500.0,23,23.64,Islamabad,Islamabad Capital,F-10,House,4.39,4.17,rental
33.69153214,73.00543213,71500.0,71500.0,48000,95000,7979.17,7979.17,2,14.0,Islamabad,Islamabad Capital,F-10,Lower Portion,3.0,3.0,rental
33.69162147,73.00949167,235000.0,235000.0,235000,235000,5875.0,5875.0,1,40.0,Islamabad,Islamabad Capital,F-10,House,6.0,7.0,rental
33.69178,73.00029,92000.0,85000.0,60000,175000,4144.66,4000.0,7,21.71,Islamabad,Islamabad Capital,F-10,Upper Portion,3.43,0.86,rental
33.69178009,73.00028992,250000.0,250000.0,250000,250000,6250.0,6250.0,1,40.0,Islamabad,Islamabad Capital,F-10,House,7.0,7.0,rental
33.691781,73.000288,125287.36,112000.0,20000,300000,7196.0,5600.0,87,19.89,Islamabad,Islamabad Capital,F-10,House,3.85,3.82,rental
33.69186947,73.00751086,95000.0,95000.0,95000,95000,4750.0,4750.0,1,20.0,Islamabad,Islamabad Capital,F-10,Upper Portion,3.0,0.0,rental
33.69187142,73.00820522,168000.0,168000.0,168000,168000,6461.54,6461.54,1,26.0,Islamabad,Islamabad Capital,F-10,House,4.0,4.0,rental
33.69187421,72.99967512,95000.0,95000.0,95000,95000,3958.33,3958.33,1,24.0,Islamabad,Islamabad Capital,F-10,Upper Portion,3.0,0.0,rental
33.691895,72.98346,50000.0,50000.0,50000,50000,7462.69,7462.69,1,6.7,Islamabad,Islamabad Capital,E-11,Flat,2.0,2.0,rental
33.691895,72.983462,66000.0,66000.0,66000,66000,8250.0,8250.0,1,8.0,Islamabad,Islamabad Capital,E-11,Flat,3.0,3.0,rental
33.692013,73.00837,80000.0,80000.0,80000,80000,4000.0,4000.0,1,20.0,Islamabad,Islamabad Capital,F-10,Upper Portion,3.0,0.0,rental
33.69204968,73.00734758,330000.0,330000.0,330000,330000,8250.0,8250.0,1,40.0,Islamabad,Islamabad Capital,F-10,House,7.0,8.0,rental
33.69222626,73.0087648,70000.0,70000.0,70000,70000,3500.0,3500.0,1,20.0,Islamabad,Islamabad Capital,F-10,Lower Portion,3.0,0.0,rental
33.692406,73.00812,95000.0,95000.0,95000,95000,4750.0,4750.0,1,20.0,Islamabad,Islamabad Capital,F-10,Upper Portion,3.0,0.0,rental
33.69247648,73.00669916,165000.0,165000.0,165000,165000,6346.15,6346.15,1,26.0,Islamabad,Islamabad Capital,F-10,House,5.0,6.0,rental
33.69250996,73.00864108,135000.0,135000.0,135000,135000,14516.13,14516.13,1,9.3,Islamabad,Islamabad Capital,F-10,Flat,3.0,0.0,rental
33.692638,73.218813,73615.38,65000.0,16000,220000,6944.67,5000.0,91,11.83,Islamabad,Islamabad Capital,Bahria Town,House,3.53,3.34,rental
33.69264,73.21881,28000.0,22000.0,22000,40000,10000.0,11000.0,3,3.0,Islamabad,Islamabad Capital,Bahria Town,Flat,1.33,2.0,rental
33.692654,73.008156,93000.0,93000.0,93000,93000,4227.27,4227.27,1,22.0,Islamabad,Islamabad Capital,F-10,Upper Portion,3.0,0.0,rental
33.69277999,73.00796047,141000.0,141000.0,141000,141000,6409.09,6409.09,1,22.0,Islamabad,Islamabad Capital,F-10,House,5.0,6.0,rental
33.693188,73.0122,165000.0,165000.0,165000,165000,17741.94,17741.94,1,9.3,Islamabad,Islamabad Capital,F-10,Flat,3.0,0.0,rental
33.6934786,72.9862897,48375.0,45000.0,40000,60000,4831.98,6674.08,8,24.84,Islamabad,Islamabad Capital,E-11,Flat,2.62,2.62,rental
33.693593,72.972862,137000.0,137000.0,34000,240000,10722.22,10722.22,2,11.8,Islamabad,Islamabad Capital,E-11,Flat,1.0,1.0,rental
33.69372565,73.00515521,100000.0,100000.0,100000,100000,5000.0,5000.0,1,20.0,Islamabad,Islamabad Capital,F-10,Upper Portion,3.0,0.0,rental
33.693798,73.06513,32333.33,40000.0,17000,40000,10038.25,6557.38,3,4.4,Islamabad,Islamabad Capital,Zero Point,Flat,2.0,1.67,rental
33.693816,72.977028,24500.0,22500.0,13000,40000,10856.85,10747.8,4,2.6,Islamabad,Islamabad Capital,E-11,Flat,1.0,1.0,rental
33.693817,72.97703,22000.0,22000.0,22000,22000,4400.0,4400.0,1,5.0,Islamabad,Islamabad Capital,E-11,Lower Portion,2.0,0.0,rental
33.69385,72.97059,137000.0,66000.0,45000,300000,9394.74,8684.21,3,12.53,Islamabad,Islamabad Capital,E-11,Flat,4.33,4.0,rental
33.693852,72.970591,63484.13,55000.0,7000,250000,6216.86,5000.0,63,12.9,Islamabad,Islamabad Capital,E-11,Lower Portion,2.78,2.9,rental
33.694104,72.983148,120000.0,120000.0,120000,120000,24000.0,24000.0,1,5.0,Islamabad,Islamabad Capital,E-11,House,5.0,3.0,rental
33.694138,73.0362,75000.0,80000.0,60000,85000,5595.24,5714.29,3,13.33,Islamabad,Islamabad Capital,G-9,Upper Portion,1.67,1.33,rental
33.694138,73.036201,71679.25,65000.0,20000,250000,6951.49,5714.29,53,10.99,Islamabad,Islamabad Capital,G-9,House,3.04,1.77,rental
33.694495,72.826653,45000.0,45000.0,45000,45000,2250.0,2250.0,1,20.0,Islamabad,Islamabad Capital,B-17,Upper Portion,3.0,3.0,rental
33.694866,73.204157,84909.09,87000.0,58000,96000,4509.09,4450.0,11,19.09,Islamabad,Islamabad Capital,Bahria Town,House,0.91,0.09,rental
33.694959,72.970419,63363.64,60000.0,20000,140000,7683.18,8250.0,11,9.49,Islamabad,Islamabad Capital,E-11,Flat,2.64,3.0,rental
33.69535,73.00698,135500.0,106000.0,80000,250000,6100.96,5182.69,4,25.0,Islamabad,Islamabad Capital,F-10,Upper Portion,3.0,1.75,rental
33.695352,73.006983,116571.43,95000.0,46000,300000,6664.07,5052.08,42,21.49,Islamabad,Islamabad Capital,F-10,Upper Portion,3.67,3.57,rental
33.695423,73.012562,77000.0,55000.0,10000,225000,11929.36,11428.57,29,7.4,Islamabad,Islamabad Capital,F-10,Flat,1.62,1.48,rental
33.69558152,73.00695665,75000.0,75000.0,75000,75000,3750.0,3750.0,1,20.0,Islamabad,Islamabad Capital,F-10,Upper Portion,3.0,0.0,rental
33.69596863,73.03653717,30000.0,30000.0,30000,30000,4285.71,4285.71,1,7.0,Islamabad,Islamabad Capital,G-9,Lower Portion,1.0,2.0,rental
33.695972,73.215614,120000.0,120000.0,120000,120000,12000.0,12000.0,1,10.0,Islamabad,Islamabad Capital,Bahria Town,House,6.0,6.0,rental
33.695973,73.215615,72336.63,80000.0,18000,180000,5751.05,4450.0,101,15.31,Islamabad,Islamabad Capital,Bahria Town,House,2.56,1.99,rental
33.696075,72.96854,75000.0,75000.0,75000,75000,9375.0,9375.0,1,8.0,Islamabad,Islamabad Capital,E-11,Flat,3.0,3.0,rental
33.69691,72.9692,35000.0,35000.0,35000,35000,12962.96,12962.96,1,2.7,Islamabad,Islamabad Capital,E-11,Flat,2.0,2.0,rental
33.696994,73.056757,50000.0,50000.0,50000,50000,13888.89,13888.89,1,3.6,Islamabad,Islamabad Capital,G-8,Flat,2.0,2.0,rental
33.69718918,72.9822948,17000.0,17000.0,17000,17000,5862.07,5862.07,1,2.9,Islamabad,Islamabad Capital,E-11,Flat,1.0,1.0,rental
33.69727081,72.9797852,50000.0,50000.0,50000,50000,15151.52,15151.52,1,3.3,Islamabad,Islamabad Capital,E-11,Flat,2.0,2.0,rental
33.69729759,72.97991395,40000.0,40000.0,40000,40000,12121.21,12121.21,1,3.3,Islamabad,Islamabad Capital,E-11,Flat,2.0,2.0,rental
33.697387,72.966213,127500.0,127500.0,80000,175000,7856.09,7856.09,2,16.45,Islamabad,Islamabad Capital,E-11,House,6.5,6.5,rental
33.697422,73.04955,42500.0,42500.0,10000,75000,3260.56,3260.56,2,13.15,Islamabad,Islamabad Capital,G-8,House,2.0,2.5,rental
33.697423,73.049555,44583.33,38500.0,13000,110000,7668.91,7083.33,24,5.95,Islamabad,Islamabad Capital,G-8,Flat,2.08,1.92,rental
33.69746,72.967233,50625.0,52500.0,40000,55000,7659.35,8969.3,8,11.61,Islamabad,Islamabad Capital,E-11,Flat,2.38,2.38,rental
33.697565,72.944241,88400.0,55000.0,15000,300000,7057.21,6500.0,15,11.57,Islamabad,Islamabad Capital,D-12,House,3.93,4.27,rental
33.697565,73.049634,46000.0,35000.0,35000,68000,7936.11,5833.33,3,6.33,Islamabad,Islamabad Capital,G-8,Upper Portion,2.67,1.67,rental
33.697815,73.22331,90000.0,90000.0,90000,90000,6428.57,6428.57,1,14.0,Lahore,Punjab,Wapda Town,House,5.0,4.0,sale_derived
33.698065,73.044612,47300.0,40000.0,8500,95000,7460.48,5833.33,15,6.75,Islamabad,Islamabad Capital,G-8,Upper Portion,2.4,2.13,rental
33.698067,73.04461,80000.0,80000.0,80000,80000,13333.33,13333.33,1,6.0,Islamabad,Islamabad Capital,G-8,House,3.0,2.0,rental
33.698135,72.97822,114000.0,100000.0,19000,300000,8701.19,7500.0,11,12.53,Islamabad,Islamabad Capital,E-11,Flat,2.82,2.09,rental
33.69813538,72.97821808,55250.0,35000.0,21000,130000,10650.74,11801.47,4,6.92,Islamabad,Islamabad Capital,E-11,Flat,1.75,2.0,rental
33.698137,72.978215,72995.65,56000.0,5000,325000,8553.78,7254.03,1264,10.85,Islamabad,Islamabad Capital,E-11,Flat,2.42,2.42,rental
33.69820869,72.98409555,35000.0,35000.0,35000,35000,4929.58,4929.58,1,7.1,Islamabad,Islamabad Capital,E-11,Flat,3.0,0.0,rental
33.69821698,72.97904491,21000.0,21000.0,21000,21000,5250.0,5250.0,1,4.0,Islamabad,Islamabad Capital,E-11,Flat,1.0,1.0,rental
33.698242,72.98424,60250.0,57500.0,26000,100000,7691.12,7132.24,4,7.68,Islamabad,Islamabad Capital,E-11,Flat,2.75,3.25,rental
33.698244,72.984238,72506.33,51000.0,12500,325000,7707.33,6666.67,158,12.13,Islamabad,Islamabad Capital,E-11,Flat,2.94,3.03,rental
33.69833,73.23291,51500.0,51500.0,35000,68000,6437.5,6437.5,2,8.0,Islamabad,Islamabad Capital,Bahria Town,House,1.5,1.5,rental
33.698472,73.223812,69170.21,70000.0,37000,96000,7474.01,7500.0,47,11.91,Islamabad,Islamabad Capital,Bahria Town,House,2.94,2.21,rental
33.69855618,72.96480775,80000.0,80000.0,80000,80000,4705.88,4705.88,1,17.0,Islamabad,Islamabad Capital,E-11,Upper Portion,4.0,4.0,rental
33.698779,72.969303,44200.0,30000.0,10000,115000,8459.6,9090.91,5,5.54,Islamabad,Islamabad Capital,E-11,Flat,2.4,2.4,rental
33.69879913,73.06276703,50000.0,50000.0,50000,50000,125000.0,125000.0,1,0.4,Islamabad,Islamabad Capital,Zero Point,Room,1.0,1.0,rental
33.69894,73.06305,55000.0,55000.0,55000,55000,9322.03,9322.03,1,5.9,Islamabad,Islamabad Capital,G-7,Flat,3.0,0.0,rental
33.69924794,73.01012635,16000.0,16000.0,16000,16000,1333.33,1333.33,1,12.0,Islamabad,Islamabad Capital,F-10,Room,5.0,5.0,rental
33.699314,73.057396,50000.0,50000.0,50000,50000,10000.0,10000.0,1,5.0,Islamabad,Islamabad Capital,G-8,Flat,3.0,2.0,rental
33.69937597,72.97419347,23000.0,23000.0,23000,23000,14375.0,14375.0,1,1.6,Islamabad,Islamabad Capital,E-11,Flat,1.0,1.0,rental
33.699413,72.97441,33000.0,33000.0,33000,33000,7857.14,7857.14,1,4.2,Islamabad,Islamabad Capital,E-11,Flat,2.0,2.0,rental
33.699422,73.067622,27500.0,27500.0,23000,32000,9572.73,9572.73,2,3.6,Islamabad,Islamabad Capital,G-7,Flat,1.0,0.5,rental
33.699651,73.221709,85000.0,85000.0,85000,85000,8500.0,8500.0,1,10.0,Islamabad,Islamabad Capital,Bahria Town,House,5.0,6.0,rental
33.699958,72.970119,63614.54,45000.0,12000,270000,8182.92,7575.76,227,9.44,Islamabad,Islamabad Capital,E-11,Flat,2.57,2.7,rental
33.6999588,72.97011566,29500.0,29500.0,29500,29500,14750.0,14750.0,1,2.0,Islamabad,Islamabad Capital,E-11,Flat,1.0,1.0,rental
33.69996,72.970116,31000.0,31000.0,20000,42000,8180.56,8180.56,2,4.9,Islamabad,Islamabad Capital,E-11,Flat,1.5,2.0,rental
33.70004681,72.96464682,6500.0,6500.0,6500,6500,16250.0,16250.0,1,0.4,Islamabad,Islamabad Capital,E-11,Room,2.0,2.0,rental
33.70009507,72.97411233,65000.0,65000.0,65000,65000,8333.33,8333.33,1,7.8,Islamabad,Islamabad Capital,E-11,Flat,3.0,2.0,rental
33.700462,72.981226,33315.79,32000.0,12000,85000,4159.43,3000.0,38,11.47,Islamabad,Islamabad Capital,National Police Foundation,Lower Portion,2.37,1.5,rental
33.700993,72.971492,80000.0,80000.0,35000,125000,31980.52,31980.52,2,3.55,Islamabad,Islamabad Capital,E-11,Flat,3.5,3.5,rental
33.701107,73.06383,55000.0,55000.0,55000,55000,9166.67,9166.67,1,6.0,Islamabad,Islamabad Capital,G-7,Flat,3.0,0.0,rental
33.701493,73.022861,250000.0,250000.0,250000,250000,27777.78,27777.78,1,9.0,Islamabad,Islamabad Capital,F-9,Flat,2.0,4.0,rental
33.701636,72.94733,51600.0,50000.0,22000,80000,5575.1,4527.03,10,15.94,Islamabad,Islamabad Capital,D-12,Upper Portion,1.7,1.7,rental
33.701636,72.948532,65814.52,60000.0,15000,210000,6075.64,4878.57,248,12.26,Islamabad,Islamabad Capital,D-12,Upper Portion,1.35,1.34,rental
33.701637,72.94853,60750.0,60000.0,48000,75000,11492.06,11555.56,4,6.62,Islamabad,Islamabad Capital,D-12,House,3.25,4.0,rental
33.701707,72.956686,58714.29,52500.0,25000,110000,8365.24,6500.0,14,8.35,Islamabad,Islamabad Capital,D-12,House,2.86,3.21,rental
33.70203,72.97247,119000.0,119000.0,119000,119000,5950.0,5950.0,1,20.0,Islamabad,Islamabad Capital,E-11,Upper Portion,4.0,0.0,rental
33.702421,72.941837,62909.09,55000.0,35000,90000,4435.77,3928.57,11,15.29,Islamabad,Islamabad Capital,D-12,Upper Portion,3.18,3.18,rental
33.703099,72.980032,112500.0,95000.0,35500,300000,8653.57,8875.0,7,13.29,Islamabad,Islamabad Capital,E-11,Upper Portion,3.71,3.57,rental
33.70309946,72.97332663,70000.0,70000.0,70000,70000,6140.35,6140.35,1,11.4,Islamabad,Islamabad Capital,E-11,Upper Portion,4.0,4.0,rental
33.7043303,72.94303391,45000.0,45000.0,45000,45000,4500.0,4500.0,1,10.0,Islamabad,Islamabad Capital,D-12,Upper Portion,3.0,0.0,rental
33.704597,72.9787,110000.0,110000.0,110000,110000,7857.14,7857.14,1,14.0,Islamabad,Islamabad Capital,E-11,Upper Portion,3.0,3.0,rental
33.704599,72.978702,101798.7,86500.0,15000,300000,7614.15,5816.18,154,16.4,Islamabad,Islamabad Capital,E-11,Upper Portion,3.32,3.66,rental
33.705313,73.067193,46000.0,22500.0,10000,165000,15451.39,16875.0,6,4.58,Islamabad,Islamabad Capital,G-7,Flat,3.0,2.67,rental
33.705456,73.077321,65000.0,65000.0,55000,75000,4753.38,4753.38,2,15.55,Islamabad,Islamabad Capital,G-7,Lower Portion,2.5,3.0,rental
33.70656204,72.95110321,25000.0,25000.0,25000,25000,5681.82,5681.82,2,4.4,Islamabad,Islamabad Capital,D-12,Lower Portion,2.5,2.0,rental
33.707384,73.036723,169292.68,170000.0,12000,300000,8819.49,8750.0,41,20.47,Islamabad,Islamabad Capital,F-8,House,3.49,3.37,rental
33.70796,73.02454,12000.0,12000.0,12000,12000,923.08,923.08,1,13.0,Islamabad,Islamabad Capital,G-11,Room,0.0,0.0,rental
33.70798,73.050476,85000.0,85000.0,80000,90000,26764.71,26764.71,2,3.2,Islamabad,Islamabad Capital,F-8,Flat,0.5,0.5,rental
33.707982,73.050476,177902.44,165000.0,50000,300000,24899.33,24444.44,123,7.73,Islamabad,Islamabad Capital,F-8,Flat,1.56,1.63,rental
33.708954,73.045042,163142.86,140000.0,23000,300000,9336.58,7500.0,21,30.28,Islamabad,Islamabad Capital,F-8,House,3.38,3.29,rental
33.70899,73.083158,80000.0,80000.0,40000,120000,25995.81,25995.81,2,4.0,Islamabad,Islamabad Capital,G-6,Upper Portion,2.5,2.5,rental
33.7114,73.060839,64125.0,60000.0,55000,85000,9780.44,9772.92,8,6.54,Islamabad,Islamabad Capital,F-11,Flat,2.12,2.12,rental
33.7114,73.06084,55000.0,55000.0,55000,55000,9821.43,9821.43,1,5.6,Islamabad,Islamabad Capital,F-11,Flat,2.0,2.0,rental
33.711489,73.040457,164500.0,155000.0,40000,300000,10105.94,10833.33,10,18.9,Islamabad,Islamabad Capital,F-8,House,3.7,3.9,rental
33.712667,73.071613,25500.0,25500.0,16000,35000,5100.0,5100.0,2,5.0,Islamabad,Islamabad Capital,G-7,House,2.0,1.5,rental
33.712738,73.092125,30000.0,30000.0,30000,30000,27272.73,27272.73,1,1.1,Islamabad,Islamabad Capital,G-6,Room,1.0,1.0,rental
33.712738,73.092127,147538.46,110000.0,18000,320000,7421.44,6250.0,13,23.25,Islamabad,Islamabad Capital,G-6,House,3.23,3.38,rental
33.71298838,72.92128086,22000.0,22000.0,22000,22000,2200.0,2200.0,1,10.0,Islamabad,Islamabad Capital,Shah Allah Ditta,Lower Portion,5.0,2.0,rental
33.71313,73.03838,228333.33,260000.0,120000,300000,9147.44,8557.69,6,25.33,Islamabad,Islamabad Capital,F-8,House,3.83,3.0,rental
33.713131,73.038383,201831.82,210000.0,9000,330000,9663.29,9000.0,440,24.86,Islamabad,Islamabad Capital,F-8,House,3.62,3.61,rental
33.713238,73.084788,84028.57,48000.0,20000,325000,9806.77,7000.0,35,21.73,Islamabad,Islamabad Capital,G-6,House,2.8,2.6,rental
33.713488,73.16268,50815.74,41000.0,7000,300000,3852.33,3400.0,502,15.26,Islamabad,Islamabad Capital,Bani Gala,House,2.45,2.36,rental
33.71348953,73.16268158,58333.33,45000.0,45000,85000,3121.35,3541.67,3,19.8,Islamabad,Islamabad Capital,Bani Gala,House,3.0,3.33,rental
33.71349,73.16268,52200.0,50000.0,26000,90000,4318.05,3947.37,5,12.48,Islamabad,Islamabad Capital,Bani Gala,House,3.2,2.2,rental
33.713524,73.033712,250000.0,250000.0,200000,300000,11500.0,12500.0,5,24.0,Islamabad,Islamabad Capital,F-8,House,5.0,4.0,rental
33.713845,73.06097,54000.0,70000.0,18000,100000,9616.67,10447.76,11,6.5,Islamabad,Islamabad Capital,Blue Area,Flat,2.09,1.27,rental
33.71395187,73.07891462,55000.0,55000.0,55000,55000,4583.33,4583.33,1,12.0,Islamabad,Islamabad Capital,7th Avenue,Lower Portion,2.0,2.0,rental
33.7144165,73.0816803,28000.0,28000.0,28000,28000,7000.0,7000.0,1,4.0,Islamabad,Islamabad Capital,G-6,Room,2.0,1.0,rental
33.71448898,73.06620789,25000.0,25000.0,25000,25000,5000.0,5000.0,1,5.0,Islamabad,Islamabad Capital,G-7,Upper Portion,2.0,1.0,rental
33.714845,73.238712,37500.0,37500.0,25000,50000,2142.86,2142.86,2,17.0,Islamabad,Islamabad Capital,Simly Dam Road,Lower Portion,3.5,3.5,rental
33.715207,73.097655,72500.0,72500.0,45000,100000,19870.69,19870.69,2,3.9,Islamabad,Islamabad Capital,G-5,Flat,1.5,2.0,rental
33.716273,73.056235,143137.93,80000.0,32000,300000,7533.54,6250.0,29,20.99,Islamabad,Islamabad Capital,F-7,House,3.0,2.97,rental
33.716484,73.05349,250000.0,250000.0,250000,250000,9615.38,9615.38,1,26.0,Islamabad,Islamabad Capital,F-7,House,4.0,4.0,rental
33.71654028,73.04121852,170000.0,170000.0,170000,170000,8500.0,8500.0,1,20.0,Islamabad,Islamabad Capital,F-8,House,4.0,4.0,rental
33.716594,73.080411,70000.0,65000.0,20000,165000,8942.13,6375.0,6,8.63,Islamabad,Islamabad Capital,G-6,Upper Portion,3.33,2.83,rental
33.71663,73.086119,110000.0,110000.0,110000,110000,15714.29,15714.29,1,7.0,Islamabad,Islamabad Capital,G-6,House,6.0,5.0,rental
33.716665,73.042209,199150.0,240000.0,38000,300000,9389.23,8593.75,20,21.7,Islamabad,Islamabad Capital,F-8,House,4.0,3.1,rental
33.71708019,73.16804945,75000.0,75000.0,75000,75000,1875.0,1875.0,1,40.0,Islamabad,Islamabad Capital,Bani Gala,Lower Portion,4.0,5.0,rental
33.71736751,73.08493471,30000.0,30000.0,30000,30000,4285.71,4285.71,1,7.0,Islamabad,Islamabad Capital,G-6,Upper Portion,2.0,1.0,rental
33.71750758,73.04642249,130000.0,130000.0,130000,130000,6500.0,6500.0,1,20.0,Islamabad,Islamabad Capital,Islamabad Expressway,House,3.0,3.0,rental
33.718646,73.070927,94983.87,65000.0,5000,300000,9520.08,6250.0,31,12.72,Islamabad,Islamabad Capital,7th Avenue,Room,2.32,2.29,rental
33.718647,73.07093048,16500.0,16500.0,16000,17000,3300.0,3300.0,2,5.0,Islamabad,Islamabad Capital,7th Avenue,Room,2.0,0.5,rental
33.720413,73.056493,208163.43,220000.0,1000,330000,9525.74,9090.91,361,24.56,Islamabad,Islamabad Capital,F-7,House,3.2,3.31,rental
33.720413,73.056496,300000.0,300000.0,300000,300000,9519.23,9519.23,2,33.0,Islamabad,Islamabad Capital,F-7,House,4.5,4.5,rental
33.720556,73.06499,202545.45,215000.0,51000,300000,9389.86,9423.08,22,23.55,Islamabad,Islamabad Capital,F-7,House,3.73,3.95,rental
33.720592,73.089466,134000.0,80000.0,22000,300000,7322.86,7096.77,3,17.7,Islamabad,Islamabad Capital,G-6,House,4.33,4.67,rental
33.721127,73.057008,240000.0,230000.0,190000,300000,10857.14,11500.0,3,24.67,Islamabad,Islamabad Capital,F-7,House,2.67,2.67,rental
33.721199,73.057387,300000.0,300000.0,300000,300000,37500.0,37500.0,1,8.0,Islamabad,Islamabad Capital,F-7,House,6.0,6.0,rental
33.721805,73.09792,129250.0,145000.0,45000,210000,24650.32,25559.7,12,5.12,Islamabad,Islamabad Capital,G-5,Flat,1.75,1.75,rental
33.722756,73.077663,25000.0,25000.0,25000,25000,5000.0,5000.0,1,5.0,Islamabad,Islamabad Capital,Akbar Town,House,4.0,4.0,rental
33.72322423,73.05113129,300000.0,300000.0,300000,300000,15000.0,15000.0,1,20.0,Islamabad,Islamabad Capital,F-7,House,9.0,5.0,rental
33.72334,73.051171,205500.0,240000.0,60000,330000,8946.04,8545.45,30,24.07,Islamabad,Islamabad Capital,F-7,House,3.53,3.53,rental
33.723976,73.04059,48000.0,48000.0,48000,48000,9600.0,9600.0,1,5.0,Islamabad,Islamabad Capital,9th Avenue,House,2.0,2.0,rental
33.724018,73.074524,163243.24,150000.0,30000,270000,13221.83,9500.0,37,17.52,Islamabad,Islamabad Capital,F-6,House,3.57,3.41,rental
33.724426,73.120331,210666.67,200500.0,140000,300000,25346.88,23286.29,24,8.62,Islamabad,Islamabad Capital,Karakoram Diplomatic Enclave,Flat,1.83,2.21,rental
33.72467708,73.06528732,33000.0,33000.0,33000,33000,6600.0,6600.0,1,5.0,Islamabad,Islamabad Capital,G-9,Lower Portion,2.0,2.0,rental
33.725143,73.09157,45000.0,45000.0,45000,45000,15000.0,15000.0,1,3.0,Islamabad,Islamabad Capital,Ataturk Avenue,Room,1.0,1.0,rental
33.72584171,73.1205086,237000.0,237000.0,237000,237000,17819.55,17819.55,1,13.3,Islamabad,Islamabad Capital,Diplomatic Enclave,Flat,3.0,4.0,rental
33.72599995,73.02810017,143000.0,143000.0,143000,143000,6500.0,6500.0,1,22.0,Islamabad,Islamabad Capital,F-10,House,6.0,6.0,rental
33.72633178,73.06673437,250000.0,250000.0,250000,250000,12500.0,12500.0,1,20.0,Islamabad,Islamabad Capital,F-6,House,5.0,6.0,rental
33.72647539,73.02810017,140000.0,140000.0,140000,140000,7000.0,7000.0,1,20.0,Islamabad,Islamabad Capital,F-10,House,6.0,6.0,rental
33.726994,73.11987,150000.0,150000.0,150000,150000,13513.51,13513.51,1,11.1,Islamabad,Islamabad Capital,Diplomatic Enclave,Flat,3.0,0.0,rental
33.727338,73.059754,203055.56,210000.0,35000,325000,7999.54,7678.57,18,36.56,Islamabad,Islamabad Capital,F-7,House,3.56,3.72,rental
33.727409,73.047581,215797.47,200000.0,65000,325000,9220.97,7954.55,79,27.09,Islamabad,Islamabad Capital,E-7,House,3.42,3.29,rental
33.727945,73.083236,200000.0,225000.0,75000,300000,10000.0,11250.0,6,20.0,Islamabad,Islamabad Capital,F-6,House,4.0,4.0,rental
33.728623,73.145914,20000.0,20000.0,20000,20000,6666.67,6666.67,1,3.0,Islamabad,Islamabad Capital,Malpur,Flat,2.0,0.0,rental
33.728873,73.119628,136769.23,135000.0,40000,300000,20595.65,20454.55,104,6.88,Islamabad,Islamabad Capital,Diplomatic Enclave,Flat,1.89,1.95,rental
33.728874,73.11963,150000.0,150000.0,150000,150000,16129.03,16129.03,1,9.3,Islamabad,Islamabad Capital,Diplomatic Enclave,Flat,2.0,2.0,rental
33.72887421,73.11962891,65000.0,65000.0,65000,65000,10483.87,10483.87,1,6.2,Islamabad,Islamabad Capital,Diplomatic Enclave,Flat,2.0,2.0,rental
33.72931708,73.0725313,185000.0,185000.0,185000,185000,10393.26,10393.26,1,17.8,Islamabad,Islamabad Capital,F-6,House,7.0,7.0,rental
33.7294,73.0931,290000.0,290000.0,290000,290000,4833.33,4833.33,1,60.0,Islamabad,Islamabad Capital,Others,House,6.0,7.0,rental
33.7296938,73.04432184,122000.0,122000.0,122000,122000,13118.28,13118.28,1,9.3,Islamabad,Islamabad Capital,F-10,Flat,3.0,0.0,rental
33.73005,73.076077,120000.0,120000.0,120000,120000,6000.0,6000.0,1,20.0,Islamabad,Islamabad Capital,F-6,Upper Portion,3.0,3.0,rental
33.730907,73.07443,186500.0,186500.0,125000,248000,7762.5,7762.5,2,30.0,Islamabad,Islamabad Capital,F-6,House,2.5,1.0,rental
33.730907,73.074431,189095.83,180000.0,23000,330000,9181.08,8426.97,240,22.15,Islamabad,Islamabad Capital,F-6,House,2.84,2.78,rental
33.73090744,73.07443237,150000.0,150000.0,150000,150000,3750.0,3750.0,1,40.0,Islamabad,Islamabad Capital,F-6,Lower Portion,2.0,2.0,rental
33.731335,73.068473,219000.0,275000.0,80000,300000,10813.64,13068.18,10,20.2,Islamabad,Islamabad Capital,F-6,House,4.7,4.3,rental
33.73235805,73.20236564,95000.0,95000.0,95000,95000,1583.33,1583.33,1,60.0,Islamabad,Islamabad Capital,Spring Valley,House,7.0,0.0,rental
33.732727,73.172035,25000.0,25000.0,25000,25000,5000.0,5000.0,1,5.0,Islamabad,Islamabad Capital,Azmat Town,House,2.0,3.0,rental
33.73478,73.195541,14000.0,14000.0,14000,14000,2333.33,2333.33,1,6.0,Islamabad,Islamabad Capital,Spring Valley,House,0.0,0.0,rental
33.735118,73.077486,229000.0,250000.0,120000,300000,10102.15,12500.0,15,24.4,Islamabad,Islamabad Capital,F-6,House,3.73,3.67,rental
33.73511887,73.07748413,150000.0,150000.0,150000,150000,22388.06,22388.06,1,6.7,Islamabad,Islamabad Capital,F-6,Lower Portion,1.0,1.0,rental
33.737402,73.179159,38629.63,29000.0,8000,150000,3937.67,3404.55,54,11.64,Islamabad,Islamabad Capital,Bhara kahu,House,3.81,2.96,rental
33.73740387,73.17916107,20000.0,20000.0,20000,20000,4000.0,4000.0,1,5.0,Islamabad,Islamabad Capital,Bhara kahu,House,3.0,3.0,rental
33.737404,73.17916,30333.33,35000.0,16000,40000,1916.67,2000.0,3,16.0,Islamabad,Islamabad Capital,Bhara kahu,Upper Portion,2.0,3.0,rental
33.73788452,73.17395782,6000.0,6000.0,6000,6000,6000.0,6000.0,1,1.0,Islamabad,Islamabad Capital,Bhara kahu,Room,1.0,1.0,rental
33.73995525,73.17063242,20000.0,20000.0,20000,20000,3076.92,3076.92,1,6.5,Islamabad,Islamabad Capital,Bhara kahu,Lower Portion,2.0,3.0,rental
33.73997561,73.16914245,42000.0,42000.0,42000,42000,7000.0,7000.0,1,6.0,Islamabad,Islamabad Capital,Bhara kahu,House,0.0,0.0,rental
33.74092271,73.1969251,140000.0,140000.0,140000,140000,4666.67,4666.67,1,30.0,Islamabad,Islamabad Capital,Bhara kahu,House,11.0,10.0,rental
33.742738,73.214865,57142.86,45000.0,20000,150000,3268.4,2250.0,7,18.29,Islamabad,Islamabad Capital,Shahpur,House,4.14,4.0,rental
33.74459332,73.1851083,20000.0,20000.0,20000,20000,2000.0,2000.0,1,10.0,Islamabad,Islamabad Capital,Bhara kahu,Upper Portion,3.0,3.0,rental
33.74618129,73.17461014,16500.0,16500.0,11000,22000,4125.0,4125.0,2,4.0,Islamabad,Islamabad Capital,Bhara kahu,House,4.0,3.5,rental
33.7464519,73.2009628,100000.0,100000.0,100000,100000,5000.0,5000.0,1,20.0,Islamabad,Islamabad Capital,Raja Akhtar Road,House,0.0,0.0,rental
33.74946419,73.06114197,55000.0,55000.0,40000,70000,8500.0,8500.0,2,7.0,Lahore,Punjab,Muslim Town,House,4.5,4.5,sale_derived
33.75018956,73.21279876,35000.0,35000.0,35000,35000,1750.0,1750.0,1,20.0,Islamabad,Islamabad Capital,Bhara kahu,Lower Portion,0.0,0.0,rental
33.76188,73.05168,142000.0,142000.0,142000,142000,7100.0,7100.0,1,20.0,Islamabad,Islamabad Capital,F-10,House,5.0,5.0,rental
33.76201,73.217792,25000.0,25000.0,20000,30000,1041.67,1041.67,2,24.0,Islamabad,Islamabad Capital,Murree Road,Upper Portion,2.5,2.5,rental
33.764378,73.241887,80000.0,80000.0,80000,80000,8000.0,8000.0,1,10.0,Islamabad,Islamabad Capital,Bahria Town,House,5.0,6.0,rental
33.779609,73.24023,29500.0,28500.0,21000,40000,4536.24,4244.9,4,6.62,Islamabad,Islamabad Capital,Chattar,Flat,2.5,2.5,rental
33.782748,73.235124,22000.0,22000.0,22000,22000,4400.0,4400.0,1,5.0,Islamabad,Islamabad Capital,Green Hills Housing Scheme,Lower Portion,2.0,4.0,rental
33.785817,73.283436,120000.0,120000.0,120000,120000,8571.43,8571.43,1,14.0,Islamabad,Islamabad Capital,Bahria Town,House,3.0,4.0,rental
33.787708,73.272972,46000.0,46000.0,42000,50000,3219.7,3219.7,2,19.4,Islamabad,Islamabad Capital,Islamabad - Murree Expressway,Flat,6.0,4.0,rental
33.793987,73.123398,300000.0,300000.0,300000,300000,15000.0,15000.0,1,20.0,Islamabad,Islamabad Capital,Pir Sohawa,House,5.0,7.0,rental
33.796411,73.249746,46500.0,46500.0,33000,60000,2325.0,2325.0,2,20.0,Islamabad,Islamabad Capital,Judicial Town,House,3.5,3.0,rental
33.806977,73.128156,95000.0,70000.0,55000,160000,14662.95,14893.62,3,6.3,Islamabad,Islamabad Capital,Pir Sohawa,Flat,2.0,2.0,rental
33.812891,73.315859,36000.0,36000.0,22000,50000,6574.07,6574.07,2,6.35,Islamabad,Islamabad Capital,Islamabad - Murree Expressway,Flat,1.5,1.5,rental
34.55036108,73.6515411,141000.0,141000.0,141000,141000,6409.09,6409.09,1,22.0,Islamabad,Islamabad Capital,F-10,House,6.0,6.0,rental
